
=== 2026-09-19T02:49:24.659Z  node thesisExperiment/scripts/run_dnet.js --skip-probe --concurrency 2

$ node index.js --config thesisExperiment/configs/phase2/Dnet_c_H_conspiracy.json

$ node index.js --config thesisExperiment/configs/phase2/Dnet_d_H_conspiracy.json
Loaded run config from: thesisExperiment/configs/phase2/Dnet_c_H_conspiracy.json

[Simulation] Experiment: Dnet_c_H_conspiracy_2026-09-19_02-49-25
[Simulation] Dir: /workspace/thesisExperiment/runs_phase2/Dnet_c_H_conspiracy_2026-09-19_02-49-25

Loaded run config from: thesisExperiment/configs/phase2/Dnet_d_H_conspiracy.json

[Simulation] === Propagating: scopex_2017 ===
[Simulation]   Tick 1/8
[Simulation]     user_chemtrails_hub (Geoengineering Conspiracy Believer (Debnath chemtrails cluster)): 1 message(s)
[Simulation]   Tick 2/8
[Simulation]     user_haarp_hub (Geoengineering Conspiracy Believer (Debnath chemtrails cluster)): 1 message(s)

[Simulation] Experiment: Dnet_d_H_conspiracy_2026-09-19_02-49-25
[Simulation] Dir: /workspace/thesisExperiment/runs_phase2/Dnet_d_H_conspiracy_2026-09-19_02-49-25


[Simulation] === Propagating: scopex_2017 ===
[Simulation]   Tick 1/8
[Simulation]     user_chemtrails_hub (Geoengineering Conspiracy Believer (Debnath chemtrails cluster)): 1 message(s)
[Simulation]     user_chemtrails_amp_1 (Geoengineering Conspiracy Believer (Debnath chemtrails cluster)): 1 message(s)
[Simulation]   Tick 2/8
[Simulation]     user_haarp_hub (Geoengineering Conspiracy Believer (Debnath chemtrails cluster)): 1 message(s)
[Simulation]     user_chemtrails_amp_1 (Geoengineering Conspiracy Believer (Debnath chemtrails cluster)): 1 message(s)
[Simulation]     user_haarp_amp_1 (Geoengineering Conspiracy Believer (Debnath chemtrails cluster)): 1 message(s)
[Simulation]     user_haarp_amp_1 (Geoengineering Conspiracy Believer (Debnath chemtrails cluster)): 1 message(s)
[Simulation]     user_geoengineering_hub (Geoengineering Conspiracy Believer (Debnath chemtrails cluster)): 1 message(s)
[Simulation]     user_geoengineering_hub (Geoengineering Conspiracy Believer (Debnath chemtrails cluster)): 1 message(s)
[Simulation]     user_geoengineering_amp_1 (Geoengineering Conspiracy Believer (Debnath chemtrails cluster)): 1 message(s)
[Simulation]     user_geoengineering_amp_1 (Geoengineering Conspiracy Believer (Debnath chemtrails cluster)): 1 message(s)
[Simulation]     user_srm_amp (Geoengineering Conspiracy Believer (Debnath chemtrails cluster)): 1 message(s)
[Simulation]     user_srm_amp (Geoengineering Conspiracy Believer (Debnath chemtrails cluster)): 1 message(s)
[Simulation]     user_srm_peri_1 (Geoengineering Conspiracy Believer (Debnath chemtrails cluster)): 1 message(s)
[Simulation]     user_srm_peri_1 (Geoengineering Conspiracy Believer (Debnath chemtrails cluster)): 1 message(s)
[Simulation]     user_sag_amp (Geoengineering Conspiracy Believer (Debnath chemtrails cluster)): 1 message(s)
[Simulation]     user_nexrad_amp (Geoengineering Conspiracy Believer (Debnath chemtrails cluster)): 1 message(s)
[Simulation]     user_sag_amp (Geoengineering Conspiracy Believer (Debnath chemtrails cluster)): 1 message(s)
[Simulation]     user_nexrad_amp (Geoengineering Conspiracy Believer (Debnath chemtrails cluster)): 1 message(s)
[Simulation]     user_nwo_amp (Geoengineering Conspiracy Believer (Debnath chemtrails cluster)): 1 message(s)
[Simulation]     user_nwo_amp (Geoengineering Conspiracy Believer (Debnath chemtrails cluster)): 1 message(s)
[Simulation]     user_nwo_peri_1 (Geoengineering Conspiracy Believer (Debnath chemtrails cluster)): 1 message(s)
[Simulation]     user_illuminati_amp (Geoengineering Conspiracy Believer (Debnath chemtrails cluster)): 1 message(s)
[Simulation]     user_nwo_peri_1 (Geoengineering Conspiracy Believer (Debnath chemtrails cluster)): 1 message(s)
[Simulation]     user_illuminati_amp (Geoengineering Conspiracy Believer (Debnath chemtrails cluster)): 1 message(s)
[Simulation]     user_gmo_amp (Geoengineering Conspiracy Believer (Debnath chemtrails cluster)): 1 message(s)
[Simulation]     user_gmo_amp (Geoengineering Conspiracy Believer (Debnath chemtrails cluster)): 1 message(s)
[Simulation]     user_weathermodification_amp (Geoengineering Conspiracy Believer (Debnath chemtrails cluster)): 1 message(s)
[Simulation]     user_weathermodification_peri_1 (Geoengineering Conspiracy Believer (Debnath chemtrails cluster)): 1 message(s)
[Simulation]     user_weatherwarfare_amp (Geoengineering Conspiracy Believer (Debnath chemtrails cluster)): 1 message(s)
[Simulation]     user_weathermodification_amp (Geoengineering Conspiracy Believer (Debnath chemtrails cluster)): 1 message(s)
[Simulation]     user_weathermodification_peri_1 (Geoengineering Conspiracy Believer (Debnath chemtrails cluster)): 1 message(s)
[Simulation]     user_deepstate_amp (Geoengineering Conspiracy Believer (Debnath chemtrails cluster)): 1 message(s)
[Simulation]     user_weatherwarfare_amp (Geoengineering Conspiracy Believer (Debnath chemtrails cluster)): 1 message(s)
[Simulation]     user_deepstate_amp (Geoengineering Conspiracy Believer (Debnath chemtrails cluster)): 1 message(s)
[Simulation]     user_maga_amp (Geoengineering Conspiracy Believer (Debnath chemtrails cluster)): 1 message(s)
[Simulation]     user_maga_amp (Geoengineering Conspiracy Believer (Debnath chemtrails cluster)): 1 message(s)
[Simulation]     user_greatawakening_amp (Geoengineering Conspiracy Believer (Debnath chemtrails cluster)): 1 message(s)
[Simulation]     user_greatawakening_amp (Geoengineering Conspiracy Believer (Debnath chemtrails cluster)): 1 message(s)
[Simulation]     user_depopulation_amp (Geoengineering Conspiracy Believer (Debnath chemtrails cluster)): 1 message(s)
[Simulation]     user_depopulation_amp (Geoengineering Conspiracy Believer (Debnath chemtrails cluster)): 1 message(s)
[Simulation]     user_stopspraying_amp (Geoengineering Conspiracy Believer (Debnath chemtrails cluster)): 1 message(s)
[Simulation]     user_stopspraying_amp (Geoengineering Conspiracy Believer (Debnath chemtrails cluster)): 1 message(s)
[Simulation]     user_stopspraying_peri_1 (Geoengineering Conspiracy Believer (Debnath chemtrails cluster)): 1 message(s)
[Simulation]     user_stopspraying_peri_1 (Geoengineering Conspiracy Believer (Debnath chemtrails cluster)): 1 message(s)
[Simulation]     user_monsanto_amp (Geoengineering Conspiracy Believer (Debnath chemtrails cluster)): 1 message(s)
[Simulation]     user_monsanto_amp (Geoengineering Conspiracy Believer (Debnath chemtrails cluster)): 1 message(s)
[Simulation]     user_climatejustice_hub (Geoengineering Conspiracy Believer (Debnath chemtrails cluster)): 1 message(s)
[Simulation]     user_climateaction_hub (Geoengineering Conspiracy Believer (Debnath chemtrails cluster)): 1 message(s)
[Simulation]     user_sweden_hub (Geoengineering Conspiracy Believer (Debnath chemtrails cluster)): 1 message(s)
[Simulation]     user_publichealth_amp (Geoengineering Conspiracy Believer (Debnath chemtrails cluster)): 1 message(s)
[Simulation]     user_climatejustice_hub (Geoengineering Conspiracy Believer (Debnath chemtrails cluster)): 1 message(s)
[Simulation]     user_climateaction_hub (Geoengineering Conspiracy Believer (Debnath chemtrails cluster)): 1 message(s)
[Simulation]     user_usa_amp (Geoengineering Conspiracy Believer (Debnath chemtrails cluster)): 1 message(s)
[Simulation]     user_uk_amp (Geoengineering Conspiracy Believer (Debnath chemtrails cluster)): 1 message(s)
[Simulation]     user_india_amp (Geoengineering Conspiracy Believer (Debnath chemtrails cluster)): 1 message(s)
[Simulation]     user_climateaction_piggyback_amp (Geoengineering Conspiracy Believer (Debnath chemtrails cluster)): 1 message(s)
[Simulation]     user_sweden_hub (Geoengineering Conspiracy Believer (Debnath chemtrails cluster)): 1 message(s)
[Simulation]     user_chemtrails_amp_2 (Geoengineering Conspiracy Believer (Debnath chemtrails cluster)): 1 message(s)
[Simulation]     user_publichealth_amp (Geoengineering Conspiracy Believer (Debnath chemtrails cluster)): 1 message(s)
[Simulation]     user_usa_amp (Geoengineering Conspiracy Believer (Debnath chemtrails cluster)): 1 message(s)
[Simulation]     user_uk_amp (Geoengineering Conspiracy Believer (Debnath chemtrails cluster)): 1 message(s)
[Simulation]     user_india_amp (Geoengineering Conspiracy Believer (Debnath chemtrails cluster)): 1 message(s)
[Simulation]     user_climateaction_piggyback_amp (Geoengineering Conspiracy Believer (Debnath chemtrails cluster)): 1 message(s)
[Simulation]     user_chemtrails_amp_2 (Geoengineering Conspiracy Believer (Debnath chemtrails cluster)): 1 message(s)
[Simulation]     user_chemtrails_peri_3 (Geoengineering Conspiracy Believer (Debnath chemtrails cluster)): 1 message(s)
[Simulation]     user_chemtrails_peri_3 (Geoengineering Conspiracy Believer (Debnath chemtrails cluster)): 1 message(s)
[Simulation]   Tick 3/8
[Simulation]     user_haarp_hub (Geoengineering Conspiracy Believer (Debnath chemtrails cluster)): 4 message(s)
[Simulation]     user_chemtrails_hub (Geoengineering Conspiracy Believer (Debnath chemtrails cluster)): 4 message(s)
[Simulation]     user_chemtrails_amp_1 (Geoengineering Conspiracy Believer (Debnath chemtrails cluster)): 1 message(s)
[Simulation]   Tick 3/8
[Simulation]     user_haarp_hub (Geoengineering Conspiracy Believer (Debnath chemtrails cluster)): 4 message(s)
[Simulation]     user_haarp_amp_1 (Geoengineering Conspiracy Believer (Debnath chemtrails cluster)): 2 message(s)
[Simulation]     user_geoengineering_hub (Geoengineering Conspiracy Believer (Debnath chemtrails cluster)): 3 message(s)
[Simulation]     user_chemtrails_hub (Geoengineering Conspiracy Believer (Debnath chemtrails cluster)): 4 message(s)
[Simulation]     user_geoengineering_amp_1 (Geoengineering Conspiracy Believer (Debnath chemtrails cluster)): 1 message(s)
[Simulation]     user_chemtrails_amp_1 (Geoengineering Conspiracy Believer (Debnath chemtrails cluster)): 1 message(s)
[Simulation]     user_haarp_amp_1 (Geoengineering Conspiracy Believer (Debnath chemtrails cluster)): 2 message(s)
[Simulation]     user_srm_amp (Geoengineering Conspiracy Believer (Debnath chemtrails cluster)): 3 message(s)
[Simulation]     user_geoengineering_hub (Geoengineering Conspiracy Believer (Debnath chemtrails cluster)): 4 message(s)
[Simulation]     user_srm_peri_1 (Geoengineering Conspiracy Believer (Debnath chemtrails cluster)): 2 message(s)
[Simulation]     user_sag_amp (Geoengineering Conspiracy Believer (Debnath chemtrails cluster)): 2 message(s)
[Simulation]     user_nexrad_amp (Geoengineering Conspiracy Believer (Debnath chemtrails cluster)): 2 message(s)
[Simulation]     user_nwo_amp (Geoengineering Conspiracy Believer (Debnath chemtrails cluster)): 3 message(s)
[Simulation]     user_geoengineering_amp_1 (Geoengineering Conspiracy Believer (Debnath chemtrails cluster)): 2 message(s)
[Simulation]     user_nwo_peri_1 (Geoengineering Conspiracy Believer (Debnath chemtrails cluster)): 1 message(s)
[Simulation]     user_srm_amp (Geoengineering Conspiracy Believer (Debnath chemtrails cluster)): 3 message(s)
[Simulation]     user_illuminati_amp (Geoengineering Conspiracy Believer (Debnath chemtrails cluster)): 2 message(s)
[Simulation]     user_gmo_amp (Geoengineering Conspiracy Believer (Debnath chemtrails cluster)): 3 message(s)
[Simulation]     user_srm_peri_1 (Geoengineering Conspiracy Believer (Debnath chemtrails cluster)): 2 message(s)
[Simulation]     user_weathermodification_amp (Geoengineering Conspiracy Believer (Debnath chemtrails cluster)): 2 message(s)
[Simulation]     user_weatherwarfare_amp (Geoengineering Conspiracy Believer (Debnath chemtrails cluster)): 3 message(s)
[Simulation]     user_sag_amp (Geoengineering Conspiracy Believer (Debnath chemtrails cluster)): 2 message(s)
[Simulation]     user_deepstate_amp (Geoengineering Conspiracy Believer (Debnath chemtrails cluster)): 4 message(s)
[Simulation]     user_nexrad_amp (Geoengineering Conspiracy Believer (Debnath chemtrails cluster)): 2 message(s)
[Simulation]     user_maga_amp (Geoengineering Conspiracy Believer (Debnath chemtrails cluster)): 3 message(s)
[Simulation]     user_greatawakening_amp (Geoengineering Conspiracy Believer (Debnath chemtrails cluster)): 2 message(s)
[Simulation]     user_nwo_amp (Geoengineering Conspiracy Believer (Debnath chemtrails cluster)): 3 message(s)
[Simulation]     user_depopulation_amp (Geoengineering Conspiracy Believer (Debnath chemtrails cluster)): 2 message(s)
[Simulation]     user_stopspraying_amp (Geoengineering Conspiracy Believer (Debnath chemtrails cluster)): 2 message(s)
[Simulation]     user_stopspraying_peri_1 (Geoengineering Conspiracy Believer (Debnath chemtrails cluster)): 2 message(s)
[Simulation]     user_monsanto_amp (Geoengineering Conspiracy Believer (Debnath chemtrails cluster)): 2 message(s)
[Simulation]     user_climatejustice_hub (Geoengineering Conspiracy Believer (Debnath chemtrails cluster)): 1 message(s)
[Simulation]     user_nwo_peri_1 (Geoengineering Conspiracy Believer (Debnath chemtrails cluster)): 2 message(s)
[Simulation]     user_climateaction_hub (Geoengineering Conspiracy Believer (Debnath chemtrails cluster)): 2 message(s)
[Simulation]     user_climateaction_amp_1 (Geoengineering Conspiracy Believer (Debnath chemtrails cluster)): 1 message(s)
[Simulation]     user_climatejustice_amp_1 (Geoengineering Conspiracy Believer (Debnath chemtrails cluster)): 1 message(s)
[Simulation]     user_sweden_hub (Geoengineering Conspiracy Believer (Debnath chemtrails cluster)): 1 message(s)
[Simulation]     user_sweden_peri_1 (Geoengineering Conspiracy Believer (Debnath chemtrails cluster)): 1 message(s)
[Simulation]     user_illuminati_amp (Geoengineering Conspiracy Believer (Debnath chemtrails cluster)): 2 message(s)
[Simulation]     user_scopex_hub (Geoengineering Conspiracy Believer (Debnath chemtrails cluster)): 1 message(s)
[Simulation]     user_wedonotconsent_hub (Geoengineering Conspiracy Believer (Debnath chemtrails cluster)): 1 message(s)
[Simulation]     user_fridaysforfuture_amp (Geoengineering Conspiracy Believer (Debnath chemtrails cluster)): 1 message(s)
[Simulation]     user_cop26_amp (Geoengineering Conspiracy Believer (Debnath chemtrails cluster)): 1 message(s)
[Simulation]     user_gmo_amp (Geoengineering Conspiracy Believer (Debnath chemtrails cluster)): 2 message(s)
[Simulation]     user_weathermodification_amp (Geoengineering Conspiracy Believer (Debnath chemtrails cluster)): 3 message(s)
[Simulation]     user_climate_amp (Geoengineering Conspiracy Believer (Debnath chemtrails cluster)): 1 message(s)
[Simulation]     user_actonclimate_amp (Geoengineering Conspiracy Believer (Debnath chemtrails cluster)): 1 message(s)
[Simulation]     user_weathermodification_peri_1 (Geoengineering Conspiracy Believer (Debnath chemtrails cluster)): 2 message(s)
[Simulation]     user_netzero_amp (Geoengineering Conspiracy Believer (Debnath chemtrails cluster)): 1 message(s)
[Simulation]     user_weatherwarfare_amp (Geoengineering Conspiracy Believer (Debnath chemtrails cluster)): 3 message(s)
[Simulation]     user_stratosphere_amp (Geoengineering Conspiracy Believer (Debnath chemtrails cluster)): 1 message(s)
[Simulation]     user_ozone_hub (Geoengineering Conspiracy Believer (Debnath chemtrails cluster)): 1 message(s)
[Simulation]     user_sai_amp (Geoengineering Conspiracy Believer (Debnath chemtrails cluster)): 1 message(s)
[Simulation]     user_airpollution_amp (Geoengineering Conspiracy Believer (Debnath chemtrails cluster)): 1 message(s)
[Simulation]     user_publichealth_peri_1 (Geoengineering Conspiracy Believer (Debnath chemtrails cluster)): 1 message(s)
[Simulation]     user_mitigation_amp (Geoengineering Conspiracy Believer (Debnath chemtrails cluster)): 1 message(s)
[Simulation]     user_usa_amp (Geoengineering Conspiracy Believer (Debnath chemtrails cluster)): 1 message(s)
[Simulation]     user_deepstate_amp (Geoengineering Conspiracy Believer (Debnath chemtrails cluster)): 4 message(s)
[Simulation]     user_uk_amp (Geoengineering Conspiracy Believer (Debnath chemtrails cluster)): 1 message(s)
[Simulation]     user_india_amp (Geoengineering Conspiracy Believer (Debnath chemtrails cluster)): 3 message(s)
[Simulation]     user_climateaction_piggyback_amp (Geoengineering Conspiracy Believer (Debnath chemtrails cluster)): 2 message(s)
[Simulation]     user_chemtrails_amp_2 (Geoengineering Conspiracy Believer (Debnath chemtrails cluster)): 1 message(s)
[Simulation]     user_maga_amp (Geoengineering Conspiracy Believer (Debnath chemtrails cluster)): 3 message(s)
[Simulation]     user_chemtrails_peri_3 (Geoengineering Conspiracy Believer (Debnath chemtrails cluster)): 2 message(s)
[Simulation]     user_greatawakening_amp (Geoengineering Conspiracy Believer (Debnath chemtrails cluster)): 2 message(s)
[Simulation]   Tick 4/8
[Simulation]     user_haarp_hub (Geoengineering Conspiracy Believer (Debnath chemtrails cluster)): 4 message(s)
[Simulation]     user_chemtrails_hub (Geoengineering Conspiracy Believer (Debnath chemtrails cluster)): 4 message(s)
[Simulation]     user_chemtrails_amp_1 (Geoengineering Conspiracy Believer (Debnath chemtrails cluster)): 4 message(s)
[Simulation]     user_depopulation_amp (Geoengineering Conspiracy Believer (Debnath chemtrails cluster)): 1 message(s)
[Simulation]     user_stopspraying_amp (Geoengineering Conspiracy Believer (Debnath chemtrails cluster)): 3 message(s)
[Simulation]     user_haarp_amp_1 (Geoengineering Conspiracy Believer (Debnath chemtrails cluster)): 4 message(s)
[Simulation]     user_geoengineering_hub (Geoengineering Conspiracy Believer (Debnath chemtrails cluster)): 4 message(s)
[Simulation]     user_stopspraying_peri_1 (Geoengineering Conspiracy Believer (Debnath chemtrails cluster)): 2 message(s)
[Simulation]     user_monsanto_amp (Geoengineering Conspiracy Believer (Debnath chemtrails cluster)): 2 message(s)
[Simulation]     user_climateaction_hub (Geoengineering Conspiracy Believer (Debnath chemtrails cluster)): 2 message(s)
[Simulation]     user_sweden_peri_1 (Geoengineering Conspiracy Believer (Debnath chemtrails cluster)): 1 message(s)
[Simulation]     user_scopex_hub (Geoengineering Conspiracy Believer (Debnath chemtrails cluster)): 1 message(s)
[Simulation]     user_wedonotconsent_hub (Geoengineering Conspiracy Believer (Debnath chemtrails cluster)): 1 message(s)
[Simulation]     user_actonclimate_amp (Geoengineering Conspiracy Believer (Debnath chemtrails cluster)): 1 message(s)
[Simulation]     user_stratosphere_amp (Geoengineering Conspiracy Believer (Debnath chemtrails cluster)): 1 message(s)
[Simulation]     user_geoengineering_amp_1 (Geoengineering Conspiracy Believer (Debnath chemtrails cluster)): 4 message(s)
[Simulation]     user_srm_amp (Geoengineering Conspiracy Believer (Debnath chemtrails cluster)): 4 message(s)
[Simulation]     user_ozone_hub (Geoengineering Conspiracy Believer (Debnath chemtrails cluster)): 1 message(s)
[Simulation]     user_sai_amp (Geoengineering Conspiracy Believer (Debnath chemtrails cluster)): 1 message(s)
[Simulation]     user_airpollution_amp (Geoengineering Conspiracy Believer (Debnath chemtrails cluster)): 1 message(s)
[Simulation]     user_publichealth_peri_1 (Geoengineering Conspiracy Believer (Debnath chemtrails cluster)): 1 message(s)
[Simulation]     user_srm_peri_1 (Geoengineering Conspiracy Believer (Debnath chemtrails cluster)): 4 message(s)
[Simulation]     user_usa_amp (Geoengineering Conspiracy Believer (Debnath chemtrails cluster)): 2 message(s)
[Simulation]     user_uk_amp (Geoengineering Conspiracy Believer (Debnath chemtrails cluster)): 2 message(s)
[Simulation]     user_sag_amp (Geoengineering Conspiracy Believer (Debnath chemtrails cluster)): 4 message(s)
[Simulation]     user_nexrad_amp (Geoengineering Conspiracy Believer (Debnath chemtrails cluster)): 4 message(s)
[Simulation]     user_india_amp (Geoengineering Conspiracy Believer (Debnath chemtrails cluster)): 3 message(s)
[Simulation]     user_nwo_amp (Geoengineering Conspiracy Believer (Debnath chemtrails cluster)): 4 message(s)
[Simulation]     user_climateaction_piggyback_amp (Geoengineering Conspiracy Believer (Debnath chemtrails cluster)): 1 message(s)
[Simulation]     user_nwo_peri_1 (Geoengineering Conspiracy Believer (Debnath chemtrails cluster)): 4 message(s)
[Simulation]     user_climateaction_piggyback_peri_1 (Geoengineering Conspiracy Believer (Debnath chemtrails cluster)): 1 message(s)
[Simulation]     user_chemtrails_amp_2 (Geoengineering Conspiracy Believer (Debnath chemtrails cluster)): 1 message(s)
[Simulation]     user_chemtrails_peri_3 (Geoengineering Conspiracy Believer (Debnath chemtrails cluster)): 2 message(s)
[Simulation]     user_illuminati_amp (Geoengineering Conspiracy Believer (Debnath chemtrails cluster)): 4 message(s)
[Simulation]   Tick 4/8
[Simulation]     user_haarp_hub (Geoengineering Conspiracy Believer (Debnath chemtrails cluster)): 4 message(s)
[Simulation]     user_gmo_amp (Geoengineering Conspiracy Believer (Debnath chemtrails cluster)): 4 message(s)
[Simulation]     user_chemtrails_hub (Geoengineering Conspiracy Believer (Debnath chemtrails cluster)): 4 message(s)
[Simulation]     user_weathermodification_amp (Geoengineering Conspiracy Believer (Debnath chemtrails cluster)): 4 message(s)
[Simulation]     user_weathermodification_peri_1 (Geoengineering Conspiracy Believer (Debnath chemtrails cluster)): 4 message(s)
[Simulation]     user_chemtrails_amp_1 (Geoengineering Conspiracy Believer (Debnath chemtrails cluster)): 4 message(s)
[Simulation]     user_weatherwarfare_amp (Geoengineering Conspiracy Believer (Debnath chemtrails cluster)): 4 message(s)
[Simulation]     user_haarp_amp_1 (Geoengineering Conspiracy Believer (Debnath chemtrails cluster)): 4 message(s)
[Simulation]     user_geoengineering_hub (Geoengineering Conspiracy Believer (Debnath chemtrails cluster)): 4 message(s)
[Simulation]     user_deepstate_amp (Geoengineering Conspiracy Believer (Debnath chemtrails cluster)): 4 message(s)
[Simulation]     user_geoengineering_amp_1 (Geoengineering Conspiracy Believer (Debnath chemtrails cluster)): 4 message(s)
[Simulation]     user_srm_amp (Geoengineering Conspiracy Believer (Debnath chemtrails cluster)): 4 message(s)
[Simulation]     user_maga_amp (Geoengineering Conspiracy Believer (Debnath chemtrails cluster)): 4 message(s)
[Simulation]     user_srm_peri_1 (Geoengineering Conspiracy Believer (Debnath chemtrails cluster)): 4 message(s)
[Simulation]     user_greatawakening_amp (Geoengineering Conspiracy Believer (Debnath chemtrails cluster)): 4 message(s)
[Simulation]     user_sag_amp (Geoengineering Conspiracy Believer (Debnath chemtrails cluster)): 4 message(s)
[Simulation]     user_depopulation_amp (Geoengineering Conspiracy Believer (Debnath chemtrails cluster)): 4 message(s)
[Simulation]     user_nexrad_amp (Geoengineering Conspiracy Believer (Debnath chemtrails cluster)): 4 message(s)
[Simulation]     user_nwo_amp (Geoengineering Conspiracy Believer (Debnath chemtrails cluster)): 4 message(s)
[Simulation]     user_nwo_peri_1 (Geoengineering Conspiracy Believer (Debnath chemtrails cluster)): 4 message(s)
[Simulation]     user_stopspraying_amp (Geoengineering Conspiracy Believer (Debnath chemtrails cluster)): 4 message(s)
[Simulation]     user_illuminati_amp (Geoengineering Conspiracy Believer (Debnath chemtrails cluster)): 4 message(s)
[Simulation]     user_stopspraying_peri_1 (Geoengineering Conspiracy Believer (Debnath chemtrails cluster)): 4 message(s)
[Simulation]     user_gmo_amp (Geoengineering Conspiracy Believer (Debnath chemtrails cluster)): 4 message(s)
[Simulation]     user_monsanto_amp (Geoengineering Conspiracy Believer (Debnath chemtrails cluster)): 4 message(s)
[Simulation]     user_weathermodification_amp (Geoengineering Conspiracy Believer (Debnath chemtrails cluster)): 4 message(s)
[Simulation]     user_climatejustice_hub (Geoengineering Conspiracy Believer (Debnath chemtrails cluster)): 4 message(s)
[Simulation]     user_weathermodification_peri_1 (Geoengineering Conspiracy Believer (Debnath chemtrails cluster)): 4 message(s)
[Simulation]     user_weatherwarfare_amp (Geoengineering Conspiracy Believer (Debnath chemtrails cluster)): 4 message(s)
[Simulation]     user_climateaction_hub (Geoengineering Conspiracy Believer (Debnath chemtrails cluster)): 4 message(s)
[Simulation]     user_deepstate_amp (Geoengineering Conspiracy Believer (Debnath chemtrails cluster)): 4 message(s)
[Simulation]     user_climateaction_amp_1 (Geoengineering Conspiracy Believer (Debnath chemtrails cluster)): 3 message(s)
[Simulation]     user_maga_amp (Geoengineering Conspiracy Believer (Debnath chemtrails cluster)): 4 message(s)
[Simulation]     user_climatejustice_amp_1 (Geoengineering Conspiracy Believer (Debnath chemtrails cluster)): 1 message(s)
[Simulation]     user_sweden_hub (Geoengineering Conspiracy Believer (Debnath chemtrails cluster)): 4 message(s)
[Simulation]     user_sweden_peri_1 (Geoengineering Conspiracy Believer (Debnath chemtrails cluster)): 1 message(s)
[Simulation]     user_greatawakening_amp (Geoengineering Conspiracy Believer (Debnath chemtrails cluster)): 4 message(s)
[Simulation]     user_scopex_hub (Geoengineering Conspiracy Believer (Debnath chemtrails cluster)): 3 message(s)
[Simulation]     user_depopulation_amp (Geoengineering Conspiracy Believer (Debnath chemtrails cluster)): 4 message(s)
[Simulation]     user_scopex_peri_1 (Geoengineering Conspiracy Believer (Debnath chemtrails cluster)): 2 message(s)
[Simulation]     user_wedonotconsent_hub (Geoengineering Conspiracy Believer (Debnath chemtrails cluster)): 3 message(s)
[Simulation]     user_wedonotconsent_amp_1 (Geoengineering Conspiracy Believer (Debnath chemtrails cluster)): 1 message(s)
[Simulation]     user_fridaysforfuture_amp (Geoengineering Conspiracy Believer (Debnath chemtrails cluster)): 3 message(s)
[Simulation]     user_stopspraying_amp (Geoengineering Conspiracy Believer (Debnath chemtrails cluster)): 4 message(s)
[Simulation]     user_cop26_amp (Geoengineering Conspiracy Believer (Debnath chemtrails cluster)): 4 message(s)
[Simulation]     user_stopspraying_peri_1 (Geoengineering Conspiracy Believer (Debnath chemtrails cluster)): 4 message(s)
[Simulation]     user_monsanto_amp (Geoengineering Conspiracy Believer (Debnath chemtrails cluster)): 4 message(s)
[Simulation]     user_climate_amp (Geoengineering Conspiracy Believer (Debnath chemtrails cluster)): 1 message(s)
[Simulation]     user_climatejustice_hub (Geoengineering Conspiracy Believer (Debnath chemtrails cluster)): 4 message(s)
[Simulation]     user_ipcc_amp (Geoengineering Conspiracy Believer (Debnath chemtrails cluster)): 3 message(s)
[Simulation]     user_actonclimate_amp (Geoengineering Conspiracy Believer (Debnath chemtrails cluster)): 4 message(s)
[Simulation]     user_climateaction_hub (Geoengineering Conspiracy Believer (Debnath chemtrails cluster)): 4 message(s)
[Simulation]     user_netzero_amp (Geoengineering Conspiracy Believer (Debnath chemtrails cluster)): 3 message(s)
[Simulation]     user_stratosphere_amp (Geoengineering Conspiracy Believer (Debnath chemtrails cluster)): 2 message(s)
[Simulation]     user_ozone_hub (Geoengineering Conspiracy Believer (Debnath chemtrails cluster)): 2 message(s)
[Simulation]     user_climateaction_amp_1 (Geoengineering Conspiracy Believer (Debnath chemtrails cluster)): 2 message(s)
[Simulation]     user_sweden_hub (Geoengineering Conspiracy Believer (Debnath chemtrails cluster)): 4 message(s)
[Simulation]     user_scopex_hub (Geoengineering Conspiracy Believer (Debnath chemtrails cluster)): 1 message(s)
[Simulation]     user_ozone_peri_1 (Geoengineering Conspiracy Believer (Debnath chemtrails cluster)): 1 message(s)
[Simulation]     user_sai_amp (Geoengineering Conspiracy Believer (Debnath chemtrails cluster)): 4 message(s)
[Simulation]     user_scopex_peri_1 (Geoengineering Conspiracy Believer (Debnath chemtrails cluster)): 1 message(s)
[Simulation]     user_wedonotconsent_hub (Geoengineering Conspiracy Believer (Debnath chemtrails cluster)): 1 message(s)
[Simulation]     user_wedonotconsent_amp_1 (Geoengineering Conspiracy Believer (Debnath chemtrails cluster)): 1 message(s)
[Simulation]     user_fridaysforfuture_amp (Geoengineering Conspiracy Believer (Debnath chemtrails cluster)): 2 message(s)
[Simulation]     user_cop26_amp (Geoengineering Conspiracy Believer (Debnath chemtrails cluster)): 2 message(s)
[Simulation]     user_actonclimate_amp (Geoengineering Conspiracy Believer (Debnath chemtrails cluster)): 4 message(s)
[Simulation]     user_biodiversity_hub (Geoengineering Conspiracy Believer (Debnath chemtrails cluster)): 1 message(s)
[Simulation]     user_netzero_amp (Geoengineering Conspiracy Believer (Debnath chemtrails cluster)): 3 message(s)
[Simulation]     user_publichealth_amp (Geoengineering Conspiracy Believer (Debnath chemtrails cluster)): 4 message(s)
[Simulation]     user_environment_amp (Geoengineering Conspiracy Believer (Debnath chemtrails cluster)): 1 message(s)
[Simulation]     user_stratosphere_amp (Geoengineering Conspiracy Believer (Debnath chemtrails cluster)): 2 message(s)
[Simulation]     user_mitigation_amp (Geoengineering Conspiracy Believer (Debnath chemtrails cluster)): 3 message(s)
[Simulation]     user_ozone_hub (Geoengineering Conspiracy Believer (Debnath chemtrails cluster)): 4 message(s)
[Simulation]     user_usa_amp (Geoengineering Conspiracy Believer (Debnath chemtrails cluster)): 4 message(s)
[Simulation]     user_ozone_peri_1 (Geoengineering Conspiracy Believer (Debnath chemtrails cluster)): 1 message(s)
[Simulation]     user_sai_amp (Geoengineering Conspiracy Believer (Debnath chemtrails cluster)): 4 message(s)
[Simulation]     user_uk_amp (Geoengineering Conspiracy Believer (Debnath chemtrails cluster)): 4 message(s)
[Simulation]     user_india_amp (Geoengineering Conspiracy Believer (Debnath chemtrails cluster)): 4 message(s)
[Simulation]     user_biodiversity_hub (Geoengineering Conspiracy Believer (Debnath chemtrails cluster)): 1 message(s)
[Simulation]     user_foodsecurity_amp (Geoengineering Conspiracy Believer (Debnath chemtrails cluster)): 1 message(s)
[Simulation]     user_publichealth_amp (Geoengineering Conspiracy Believer (Debnath chemtrails cluster)): 4 message(s)
[Simulation]     user_climateaction_piggyback_amp (Geoengineering Conspiracy Believer (Debnath chemtrails cluster)): 4 message(s)
[Simulation]     user_climateaction_piggyback_peri_1 (Geoengineering Conspiracy Believer (Debnath chemtrails cluster)): 1 message(s)
[Simulation]     user_chemtrails_amp_2 (Geoengineering Conspiracy Believer (Debnath chemtrails cluster)): 4 message(s)
[Simulation]     user_airpollution_peri_1 (Geoengineering Conspiracy Believer (Debnath chemtrails cluster)): 1 message(s)
[Simulation]     user_environment_amp (Geoengineering Conspiracy Believer (Debnath chemtrails cluster)): 1 message(s)
[Simulation]     user_mitigation_amp (Geoengineering Conspiracy Believer (Debnath chemtrails cluster)): 4 message(s)
[Simulation]     user_chemtrails_peri_3 (Geoengineering Conspiracy Believer (Debnath chemtrails cluster)): 4 message(s)
[Simulation]   Tick 5/8
[Simulation]     user_haarp_hub (Geoengineering Conspiracy Believer (Debnath chemtrails cluster)): 4 message(s)
[Simulation]     user_chemtrails_hub (Geoengineering Conspiracy Believer (Debnath chemtrails cluster)): 4 message(s)
[Simulation]     user_usa_amp (Geoengineering Conspiracy Believer (Debnath chemtrails cluster)): 4 message(s)
[Simulation]     user_uk_amp (Geoengineering Conspiracy Believer (Debnath chemtrails cluster)): 4 message(s)
[Simulation]     user_india_amp (Geoengineering Conspiracy Believer (Debnath chemtrails cluster)): 4 message(s)
[Simulation]     user_chemtrails_amp_1 (Geoengineering Conspiracy Believer (Debnath chemtrails cluster)): 4 message(s)
[Simulation]     user_haarp_amp_1 (Geoengineering Conspiracy Believer (Debnath chemtrails cluster)): 4 message(s)
[Simulation]     user_climateaction_piggyback_amp (Geoengineering Conspiracy Believer (Debnath chemtrails cluster)): 4 message(s)
[Simulation]     user_geoengineering_hub (Geoengineering Conspiracy Believer (Debnath chemtrails cluster)): 4 message(s)
[Simulation]     user_climateaction_piggyback_peri_1 (Geoengineering Conspiracy Believer (Debnath chemtrails cluster)): 1 message(s)
[Simulation]     user_chemtrails_amp_2 (Geoengineering Conspiracy Believer (Debnath chemtrails cluster)): 4 message(s)
[Simulation]     user_geoengineering_amp_1 (Geoengineering Conspiracy Believer (Debnath chemtrails cluster)): 4 message(s)
[Simulation]     user_srm_amp (Geoengineering Conspiracy Believer (Debnath chemtrails cluster)): 4 message(s)
[Simulation]     user_chemtrails_peri_3 (Geoengineering Conspiracy Believer (Debnath chemtrails cluster)): 4 message(s)
[Simulation]     user_srm_peri_1 (Geoengineering Conspiracy Believer (Debnath chemtrails cluster)): 4 message(s)
[Simulation]     user_sag_amp (Geoengineering Conspiracy Believer (Debnath chemtrails cluster)): 4 message(s)
[Simulation]   Tick 5/8
[Simulation]     user_haarp_hub (Geoengineering Conspiracy Believer (Debnath chemtrails cluster)): 4 message(s)
[Simulation]     user_nexrad_amp (Geoengineering Conspiracy Believer (Debnath chemtrails cluster)): 4 message(s)
[Simulation]     user_chemtrails_hub (Geoengineering Conspiracy Believer (Debnath chemtrails cluster)): 4 message(s)
[Simulation]     user_chemtrails_amp_1 (Geoengineering Conspiracy Believer (Debnath chemtrails cluster)): 4 message(s)
[Simulation]     user_nwo_amp (Geoengineering Conspiracy Believer (Debnath chemtrails cluster)): 4 message(s)
[Simulation]     user_haarp_amp_1 (Geoengineering Conspiracy Believer (Debnath chemtrails cluster)): 4 message(s)
[Simulation]     user_nwo_peri_1 (Geoengineering Conspiracy Believer (Debnath chemtrails cluster)): 4 message(s)
[Simulation]     user_geoengineering_hub (Geoengineering Conspiracy Believer (Debnath chemtrails cluster)): 4 message(s)
[Simulation]     user_illuminati_amp (Geoengineering Conspiracy Believer (Debnath chemtrails cluster)): 4 message(s)
[Simulation]     user_gmo_amp (Geoengineering Conspiracy Believer (Debnath chemtrails cluster)): 4 message(s)
[Simulation]     user_geoengineering_amp_1 (Geoengineering Conspiracy Believer (Debnath chemtrails cluster)): 4 message(s)
[Simulation]     user_weathermodification_amp (Geoengineering Conspiracy Believer (Debnath chemtrails cluster)): 4 message(s)
[Simulation]     user_srm_amp (Geoengineering Conspiracy Believer (Debnath chemtrails cluster)): 4 message(s)
[Simulation]     user_weathermodification_peri_1 (Geoengineering Conspiracy Believer (Debnath chemtrails cluster)): 4 message(s)
[Simulation]     user_srm_peri_1 (Geoengineering Conspiracy Believer (Debnath chemtrails cluster)): 4 message(s)
[Simulation]     user_sag_amp (Geoengineering Conspiracy Believer (Debnath chemtrails cluster)): 4 message(s)
[Simulation]     user_weatherwarfare_amp (Geoengineering Conspiracy Believer (Debnath chemtrails cluster)): 4 message(s)
[Simulation]     user_deepstate_amp (Geoengineering Conspiracy Believer (Debnath chemtrails cluster)): 4 message(s)
[Simulation]     user_nexrad_amp (Geoengineering Conspiracy Believer (Debnath chemtrails cluster)): 4 message(s)
[Simulation]     user_maga_amp (Geoengineering Conspiracy Believer (Debnath chemtrails cluster)): 4 message(s)
[Simulation]     user_nwo_amp (Geoengineering Conspiracy Believer (Debnath chemtrails cluster)): 4 message(s)
[Simulation]     user_nwo_peri_1 (Geoengineering Conspiracy Believer (Debnath chemtrails cluster)): 4 message(s)
[Simulation]     user_greatawakening_amp (Geoengineering Conspiracy Believer (Debnath chemtrails cluster)): 4 message(s)
[Simulation]     user_depopulation_amp (Geoengineering Conspiracy Believer (Debnath chemtrails cluster)): 4 message(s)
[Simulation]     user_illuminati_amp (Geoengineering Conspiracy Believer (Debnath chemtrails cluster)): 4 message(s)
[Simulation]     user_gmo_amp (Geoengineering Conspiracy Believer (Debnath chemtrails cluster)): 4 message(s)
[Simulation]     user_stopspraying_amp (Geoengineering Conspiracy Believer (Debnath chemtrails cluster)): 4 message(s)
[Simulation]     user_weathermodification_amp (Geoengineering Conspiracy Believer (Debnath chemtrails cluster)): 4 message(s)
[Simulation]     user_weathermodification_peri_1 (Geoengineering Conspiracy Believer (Debnath chemtrails cluster)): 4 message(s)
[Simulation]     user_stopspraying_peri_1 (Geoengineering Conspiracy Believer (Debnath chemtrails cluster)): 4 message(s)
[Simulation]     user_monsanto_amp (Geoengineering Conspiracy Believer (Debnath chemtrails cluster)): 4 message(s)
[Simulation]     user_weatherwarfare_amp (Geoengineering Conspiracy Believer (Debnath chemtrails cluster)): 4 message(s)
[Simulation]     user_deepstate_amp (Geoengineering Conspiracy Believer (Debnath chemtrails cluster)): 4 message(s)
[Simulation]     user_climatejustice_hub (Geoengineering Conspiracy Believer (Debnath chemtrails cluster)): 4 message(s)
[Simulation]     user_maga_amp (Geoengineering Conspiracy Believer (Debnath chemtrails cluster)): 4 message(s)
[Simulation]     user_climateaction_hub (Geoengineering Conspiracy Believer (Debnath chemtrails cluster)): 4 message(s)
[Simulation]     user_greatawakening_amp (Geoengineering Conspiracy Believer (Debnath chemtrails cluster)): 4 message(s)
[Simulation]     user_climateaction_amp_1 (Geoengineering Conspiracy Believer (Debnath chemtrails cluster)): 4 message(s)
[Simulation]     user_depopulation_amp (Geoengineering Conspiracy Believer (Debnath chemtrails cluster)): 4 message(s)
[Simulation]     user_stopspraying_amp (Geoengineering Conspiracy Believer (Debnath chemtrails cluster)): 4 message(s)
[Simulation]     user_climatejustice_amp_1 (Geoengineering Conspiracy Believer (Debnath chemtrails cluster)): 4 message(s)
[Simulation]     user_sweden_hub (Geoengineering Conspiracy Believer (Debnath chemtrails cluster)): 4 message(s)
[Simulation]     user_sweden_peri_1 (Geoengineering Conspiracy Believer (Debnath chemtrails cluster)): 4 message(s)
[Simulation]     user_scopex_hub (Geoengineering Conspiracy Believer (Debnath chemtrails cluster)): 4 message(s)
[Simulation]     user_stopspraying_peri_1 (Geoengineering Conspiracy Believer (Debnath chemtrails cluster)): 4 message(s)
[Simulation]     user_monsanto_amp (Geoengineering Conspiracy Believer (Debnath chemtrails cluster)): 4 message(s)
[Simulation]     user_scopex_peri_1 (Geoengineering Conspiracy Believer (Debnath chemtrails cluster)): 4 message(s)
[Simulation]     user_climatejustice_hub (Geoengineering Conspiracy Believer (Debnath chemtrails cluster)): 4 message(s)
[Simulation]     user_wedonotconsent_hub (Geoengineering Conspiracy Believer (Debnath chemtrails cluster)): 4 message(s)
[Simulation]     user_climateaction_hub (Geoengineering Conspiracy Believer (Debnath chemtrails cluster)): 4 message(s)
[Simulation]     user_wedonotconsent_amp_1 (Geoengineering Conspiracy Believer (Debnath chemtrails cluster)): 4 message(s)
[Simulation]     user_climateaction_amp_1 (Geoengineering Conspiracy Believer (Debnath chemtrails cluster)): 4 message(s)
[Simulation]     user_fridaysforfuture_amp (Geoengineering Conspiracy Believer (Debnath chemtrails cluster)): 4 message(s)
[Simulation]     user_climatejustice_amp_1 (Geoengineering Conspiracy Believer (Debnath chemtrails cluster)): 4 message(s)
[Simulation]     user_cop26_amp (Geoengineering Conspiracy Believer (Debnath chemtrails cluster)): 4 message(s)
[Simulation]     user_sweden_hub (Geoengineering Conspiracy Believer (Debnath chemtrails cluster)): 4 message(s)
[Simulation]     user_climate_amp (Geoengineering Conspiracy Believer (Debnath chemtrails cluster)): 4 message(s)
[Simulation]     user_sweden_peri_1 (Geoengineering Conspiracy Believer (Debnath chemtrails cluster)): 4 message(s)
[Simulation]     user_scopex_hub (Geoengineering Conspiracy Believer (Debnath chemtrails cluster)): 3 message(s)
[Simulation]     user_scopex_peri_1 (Geoengineering Conspiracy Believer (Debnath chemtrails cluster)): 1 message(s)
[Simulation]     user_wedonotconsent_hub (Geoengineering Conspiracy Believer (Debnath chemtrails cluster)): 4 message(s)
[Simulation]     user_ipcc_amp (Geoengineering Conspiracy Believer (Debnath chemtrails cluster)): 4 message(s)
[Simulation]     user_fridaysforfuture_amp (Geoengineering Conspiracy Believer (Debnath chemtrails cluster)): 3 message(s)
[Simulation]     user_actonclimate_amp (Geoengineering Conspiracy Believer (Debnath chemtrails cluster)): 4 message(s)
[Simulation]     user_netzero_amp (Geoengineering Conspiracy Believer (Debnath chemtrails cluster)): 4 message(s)
[Simulation]     user_cop26_amp (Geoengineering Conspiracy Believer (Debnath chemtrails cluster)): 3 message(s)
[Simulation]     user_stratosphere_amp (Geoengineering Conspiracy Believer (Debnath chemtrails cluster)): 4 message(s)
[Simulation]     user_climate_amp (Geoengineering Conspiracy Believer (Debnath chemtrails cluster)): 3 message(s)
[Simulation]     user_ipcc_amp (Geoengineering Conspiracy Believer (Debnath chemtrails cluster)): 2 message(s)
[Simulation]     user_actonclimate_amp (Geoengineering Conspiracy Believer (Debnath chemtrails cluster)): 4 message(s)
[Simulation]     user_ozone_hub (Geoengineering Conspiracy Believer (Debnath chemtrails cluster)): 4 message(s)
[Simulation]     user_ozone_peri_1 (Geoengineering Conspiracy Believer (Debnath chemtrails cluster)): 4 message(s)
[Simulation]     user_sai_amp (Geoengineering Conspiracy Believer (Debnath chemtrails cluster)): 4 message(s)
[Simulation]     user_netzero_amp (Geoengineering Conspiracy Believer (Debnath chemtrails cluster)): 4 message(s)
[Simulation]     user_ecology_amp (Geoengineering Conspiracy Believer (Debnath chemtrails cluster)): 1 message(s)
[Simulation]     user_biodiversity_hub (Geoengineering Conspiracy Believer (Debnath chemtrails cluster)): 2 message(s)
[Simulation]     user_biodiversity_peri_1 (Geoengineering Conspiracy Believer (Debnath chemtrails cluster)): 2 message(s)
[Simulation]     user_foodsecurity_amp (Geoengineering Conspiracy Believer (Debnath chemtrails cluster)): 1 message(s)
[Simulation]     user_publichealth_amp (Geoengineering Conspiracy Believer (Debnath chemtrails cluster)): 3 message(s)
[Simulation]     user_stratosphere_amp (Geoengineering Conspiracy Believer (Debnath chemtrails cluster)): 4 message(s)
[Simulation]     user_airpollution_amp (Geoengineering Conspiracy Believer (Debnath chemtrails cluster)): 4 message(s)
[Simulation]     user_ozone_hub (Geoengineering Conspiracy Believer (Debnath chemtrails cluster)): 4 message(s)
[Simulation]     user_publichealth_peri_1 (Geoengineering Conspiracy Believer (Debnath chemtrails cluster)): 4 message(s)
[Simulation]     user_environment_amp (Geoengineering Conspiracy Believer (Debnath chemtrails cluster)): 1 message(s)
[Simulation]     user_mitigation_amp (Geoengineering Conspiracy Believer (Debnath chemtrails cluster)): 4 message(s)
[Simulation]     user_ozone_peri_1 (Geoengineering Conspiracy Believer (Debnath chemtrails cluster)): 4 message(s)
[Simulation]     user_usa_amp (Geoengineering Conspiracy Believer (Debnath chemtrails cluster)): 4 message(s)
[Simulation]     user_sai_amp (Geoengineering Conspiracy Believer (Debnath chemtrails cluster)): 4 message(s)
[Simulation]     user_uk_amp (Geoengineering Conspiracy Believer (Debnath chemtrails cluster)): 4 message(s)
[Simulation]     user_ecology_amp (Geoengineering Conspiracy Believer (Debnath chemtrails cluster)): 2 message(s)
[Simulation]     user_biodiversity_hub (Geoengineering Conspiracy Believer (Debnath chemtrails cluster)): 4 message(s)
[Simulation]     user_biodiversity_peri_1 (Geoengineering Conspiracy Believer (Debnath chemtrails cluster)): 1 message(s)
[Simulation]     user_foodsecurity_amp (Geoengineering Conspiracy Believer (Debnath chemtrails cluster)): 1 message(s)
[Simulation]     user_india_amp (Geoengineering Conspiracy Believer (Debnath chemtrails cluster)): 4 message(s)
[Simulation]     user_publichealth_amp (Geoengineering Conspiracy Believer (Debnath chemtrails cluster)): 4 message(s)
[Simulation]     user_airpollution_amp (Geoengineering Conspiracy Believer (Debnath chemtrails cluster)): 4 message(s)
[Simulation]     user_climateaction_piggyback_amp (Geoengineering Conspiracy Believer (Debnath chemtrails cluster)): 4 message(s)
[Simulation]     user_publichealth_peri_1 (Geoengineering Conspiracy Believer (Debnath chemtrails cluster)): 4 message(s)
[Simulation]     user_climateaction_piggyback_peri_1 (Geoengineering Conspiracy Believer (Debnath chemtrails cluster)): 4 message(s)
[Simulation]     user_environment_amp (Geoengineering Conspiracy Believer (Debnath chemtrails cluster)): 4 message(s)
[Simulation]     user_mitigation_amp (Geoengineering Conspiracy Believer (Debnath chemtrails cluster)): 4 message(s)
[Simulation]     user_chemtrails_amp_2 (Geoengineering Conspiracy Believer (Debnath chemtrails cluster)): 4 message(s)
[Simulation]     user_usa_amp (Geoengineering Conspiracy Believer (Debnath chemtrails cluster)): 4 message(s)
[Simulation]     user_chemtrails_peri_3 (Geoengineering Conspiracy Believer (Debnath chemtrails cluster)): 4 message(s)
[Simulation]     user_uk_amp (Geoengineering Conspiracy Believer (Debnath chemtrails cluster)): 4 message(s)
[Simulation]   Tick 6/8
[Simulation]     user_haarp_hub (Geoengineering Conspiracy Believer (Debnath chemtrails cluster)): 4 message(s)
[Simulation]     user_india_amp (Geoengineering Conspiracy Believer (Debnath chemtrails cluster)): 4 message(s)
[Simulation]     user_climateaction_piggyback_amp (Geoengineering Conspiracy Believer (Debnath chemtrails cluster)): 4 message(s)
[Simulation]     user_chemtrails_hub (Geoengineering Conspiracy Believer (Debnath chemtrails cluster)): 4 message(s)
[Simulation]     user_chemtrails_amp_1 (Geoengineering Conspiracy Believer (Debnath chemtrails cluster)): 4 message(s)
[Simulation]     user_climateaction_piggyback_peri_1 (Geoengineering Conspiracy Believer (Debnath chemtrails cluster)): 3 message(s)
[Simulation]     user_chemtrails_amp_2 (Geoengineering Conspiracy Believer (Debnath chemtrails cluster)): 4 message(s)
[Simulation]     user_haarp_amp_1 (Geoengineering Conspiracy Believer (Debnath chemtrails cluster)): 4 message(s)
[Simulation]     user_geoengineering_hub (Geoengineering Conspiracy Believer (Debnath chemtrails cluster)): 4 message(s)
[Simulation]     user_chemtrails_peri_3 (Geoengineering Conspiracy Believer (Debnath chemtrails cluster)): 4 message(s)
[Simulation]     user_geoengineering_amp_1 (Geoengineering Conspiracy Believer (Debnath chemtrails cluster)): 4 message(s)
[Simulation]   Tick 6/8
[Simulation]     user_haarp_hub (Geoengineering Conspiracy Believer (Debnath chemtrails cluster)): 4 message(s)
[Simulation]     user_srm_amp (Geoengineering Conspiracy Believer (Debnath chemtrails cluster)): 4 message(s)
[Simulation]     user_chemtrails_hub (Geoengineering Conspiracy Believer (Debnath chemtrails cluster)): 4 message(s)
[Simulation]     user_chemtrails_amp_1 (Geoengineering Conspiracy Believer (Debnath chemtrails cluster)): 4 message(s)
[Simulation]     user_haarp_amp_1 (Geoengineering Conspiracy Believer (Debnath chemtrails cluster)): 4 message(s)
[Simulation]     user_geoengineering_hub (Geoengineering Conspiracy Believer (Debnath chemtrails cluster)): 4 message(s)
[Simulation]     user_srm_peri_1 (Geoengineering Conspiracy Believer (Debnath chemtrails cluster)): 4 message(s)
[Simulation]     user_geoengineering_amp_1 (Geoengineering Conspiracy Believer (Debnath chemtrails cluster)): 4 message(s)
[Simulation]     user_sag_amp (Geoengineering Conspiracy Believer (Debnath chemtrails cluster)): 4 message(s)
[Simulation]     user_srm_amp (Geoengineering Conspiracy Believer (Debnath chemtrails cluster)): 4 message(s)
[Simulation]     user_srm_peri_1 (Geoengineering Conspiracy Believer (Debnath chemtrails cluster)): 4 message(s)
[Simulation]     user_nexrad_amp (Geoengineering Conspiracy Believer (Debnath chemtrails cluster)): 4 message(s)
[Simulation]     user_nwo_amp (Geoengineering Conspiracy Believer (Debnath chemtrails cluster)): 4 message(s)
[Simulation]     user_nwo_peri_1 (Geoengineering Conspiracy Believer (Debnath chemtrails cluster)): 4 message(s)
[Simulation]     user_illuminati_amp (Geoengineering Conspiracy Believer (Debnath chemtrails cluster)): 4 message(s)
[Simulation]     user_sag_amp (Geoengineering Conspiracy Believer (Debnath chemtrails cluster)): 4 message(s)
[Simulation]     user_nexrad_amp (Geoengineering Conspiracy Believer (Debnath chemtrails cluster)): 4 message(s)
[Simulation]     user_gmo_amp (Geoengineering Conspiracy Believer (Debnath chemtrails cluster)): 4 message(s)
[Simulation]     user_weathermodification_amp (Geoengineering Conspiracy Believer (Debnath chemtrails cluster)): 4 message(s)
[Simulation]     user_nwo_amp (Geoengineering Conspiracy Believer (Debnath chemtrails cluster)): 4 message(s)
[Simulation]     user_nwo_peri_1 (Geoengineering Conspiracy Believer (Debnath chemtrails cluster)): 4 message(s)
[Simulation]     user_weathermodification_peri_1 (Geoengineering Conspiracy Believer (Debnath chemtrails cluster)): 4 message(s)
[Simulation]     user_illuminati_amp (Geoengineering Conspiracy Believer (Debnath chemtrails cluster)): 4 message(s)
[Simulation]     user_weatherwarfare_amp (Geoengineering Conspiracy Believer (Debnath chemtrails cluster)): 4 message(s)
[Simulation]     user_gmo_amp (Geoengineering Conspiracy Believer (Debnath chemtrails cluster)): 4 message(s)
[Simulation]     user_weathermodification_amp (Geoengineering Conspiracy Believer (Debnath chemtrails cluster)): 4 message(s)
[Simulation]     user_deepstate_amp (Geoengineering Conspiracy Believer (Debnath chemtrails cluster)): 4 message(s)
[Simulation]     user_maga_amp (Geoengineering Conspiracy Believer (Debnath chemtrails cluster)): 4 message(s)
[Simulation]     user_weathermodification_peri_1 (Geoengineering Conspiracy Believer (Debnath chemtrails cluster)): 4 message(s)
[Simulation]     user_greatawakening_amp (Geoengineering Conspiracy Believer (Debnath chemtrails cluster)): 4 message(s)
[Simulation]     user_depopulation_amp (Geoengineering Conspiracy Believer (Debnath chemtrails cluster)): 4 message(s)
[Simulation]     user_weatherwarfare_amp (Geoengineering Conspiracy Believer (Debnath chemtrails cluster)): 4 message(s)
[Simulation]     user_stopspraying_amp (Geoengineering Conspiracy Believer (Debnath chemtrails cluster)): 4 message(s)
[Simulation]     user_deepstate_amp (Geoengineering Conspiracy Believer (Debnath chemtrails cluster)): 4 message(s)
[Simulation]     user_maga_amp (Geoengineering Conspiracy Believer (Debnath chemtrails cluster)): 4 message(s)
[Simulation]     user_greatawakening_amp (Geoengineering Conspiracy Believer (Debnath chemtrails cluster)): 4 message(s)
[Simulation]     user_stopspraying_peri_1 (Geoengineering Conspiracy Believer (Debnath chemtrails cluster)): 4 message(s)
[Simulation]     user_monsanto_amp (Geoengineering Conspiracy Believer (Debnath chemtrails cluster)): 4 message(s)
[Simulation]     user_depopulation_amp (Geoengineering Conspiracy Believer (Debnath chemtrails cluster)): 4 message(s)
[Simulation]     user_climatejustice_hub (Geoengineering Conspiracy Believer (Debnath chemtrails cluster)): 4 message(s)
[Simulation]     user_stopspraying_amp (Geoengineering Conspiracy Believer (Debnath chemtrails cluster)): 4 message(s)
[Simulation]     user_stopspraying_peri_1 (Geoengineering Conspiracy Believer (Debnath chemtrails cluster)): 4 message(s)
[Simulation]     user_monsanto_amp (Geoengineering Conspiracy Believer (Debnath chemtrails cluster)): 4 message(s)
[Simulation]     user_climatejustice_hub (Geoengineering Conspiracy Believer (Debnath chemtrails cluster)): 4 message(s)
[Simulation]     user_climateaction_hub (Geoengineering Conspiracy Believer (Debnath chemtrails cluster)): 4 message(s)
[Simulation]     user_climateaction_hub (Geoengineering Conspiracy Believer (Debnath chemtrails cluster)): 4 message(s)
[Simulation]     user_climateaction_amp_1 (Geoengineering Conspiracy Believer (Debnath chemtrails cluster)): 4 message(s)
[Simulation]     user_climatejustice_amp_1 (Geoengineering Conspiracy Believer (Debnath chemtrails cluster)): 4 message(s)
[Simulation]     user_climateaction_amp_1 (Geoengineering Conspiracy Believer (Debnath chemtrails cluster)): 4 message(s)
[Simulation]     user_sweden_hub (Geoengineering Conspiracy Believer (Debnath chemtrails cluster)): 4 message(s)
[Simulation]     user_sweden_peri_1 (Geoengineering Conspiracy Believer (Debnath chemtrails cluster)): 4 message(s)
[Simulation]     user_scopex_hub (Geoengineering Conspiracy Believer (Debnath chemtrails cluster)): 4 message(s)
[Simulation]     user_climatejustice_amp_1 (Geoengineering Conspiracy Believer (Debnath chemtrails cluster)): 4 message(s)
[Simulation]     user_scopex_peri_1 (Geoengineering Conspiracy Believer (Debnath chemtrails cluster)): 4 message(s)
[Simulation]     user_sweden_hub (Geoengineering Conspiracy Believer (Debnath chemtrails cluster)): 4 message(s)
[Simulation]     user_wedonotconsent_hub (Geoengineering Conspiracy Believer (Debnath chemtrails cluster)): 4 message(s)
[Simulation]     user_wedonotconsent_amp_1 (Geoengineering Conspiracy Believer (Debnath chemtrails cluster)): 4 message(s)
[Simulation]     user_sweden_peri_1 (Geoengineering Conspiracy Believer (Debnath chemtrails cluster)): 4 message(s)
[Simulation]     user_fridaysforfuture_amp (Geoengineering Conspiracy Believer (Debnath chemtrails cluster)): 4 message(s)
[Simulation]     user_scopex_hub (Geoengineering Conspiracy Believer (Debnath chemtrails cluster)): 4 message(s)
[Simulation]     user_scopex_peri_1 (Geoengineering Conspiracy Believer (Debnath chemtrails cluster)): 4 message(s)
[Simulation]     user_cop26_amp (Geoengineering Conspiracy Believer (Debnath chemtrails cluster)): 4 message(s)
[Simulation]     user_wedonotconsent_hub (Geoengineering Conspiracy Believer (Debnath chemtrails cluster)): 4 message(s)
[Simulation]     user_climate_amp (Geoengineering Conspiracy Believer (Debnath chemtrails cluster)): 4 message(s)
[Simulation]     user_wedonotconsent_amp_1 (Geoengineering Conspiracy Believer (Debnath chemtrails cluster)): 4 message(s)
[Simulation]     user_ipcc_amp (Geoengineering Conspiracy Believer (Debnath chemtrails cluster)): 4 message(s)
[Simulation]     user_fridaysforfuture_amp (Geoengineering Conspiracy Believer (Debnath chemtrails cluster)): 4 message(s)
[Simulation]     user_actonclimate_amp (Geoengineering Conspiracy Believer (Debnath chemtrails cluster)): 4 message(s)
[Simulation]     user_cop26_amp (Geoengineering Conspiracy Believer (Debnath chemtrails cluster)): 4 message(s)
[Simulation]     user_netzero_amp (Geoengineering Conspiracy Believer (Debnath chemtrails cluster)): 4 message(s)
[Simulation]     user_climate_amp (Geoengineering Conspiracy Believer (Debnath chemtrails cluster)): 4 message(s)
[Simulation]     user_ipcc_amp (Geoengineering Conspiracy Believer (Debnath chemtrails cluster)): 4 message(s)
[Simulation]     user_stratosphere_amp (Geoengineering Conspiracy Believer (Debnath chemtrails cluster)): 4 message(s)
[Simulation]     user_actonclimate_amp (Geoengineering Conspiracy Believer (Debnath chemtrails cluster)): 4 message(s)
[Simulation]     user_netzero_amp (Geoengineering Conspiracy Believer (Debnath chemtrails cluster)): 4 message(s)
[Simulation]     user_ozone_hub (Geoengineering Conspiracy Believer (Debnath chemtrails cluster)): 4 message(s)
[Simulation]     user_stratosphere_amp (Geoengineering Conspiracy Believer (Debnath chemtrails cluster)): 4 message(s)
[Simulation]     user_ozone_peri_1 (Geoengineering Conspiracy Believer (Debnath chemtrails cluster)): 4 message(s)
[Simulation]     user_ozone_hub (Geoengineering Conspiracy Believer (Debnath chemtrails cluster)): 4 message(s)
[Simulation]     user_sai_amp (Geoengineering Conspiracy Believer (Debnath chemtrails cluster)): 4 message(s)
[Simulation]     user_ozone_peri_1 (Geoengineering Conspiracy Believer (Debnath chemtrails cluster)): 4 message(s)
[Simulation]     user_ecology_amp (Geoengineering Conspiracy Believer (Debnath chemtrails cluster)): 4 message(s)
[Simulation]     user_sai_amp (Geoengineering Conspiracy Believer (Debnath chemtrails cluster)): 4 message(s)
[Simulation]     user_ecology_amp (Geoengineering Conspiracy Believer (Debnath chemtrails cluster)): 2 message(s)
[Simulation]     user_biodiversity_hub (Geoengineering Conspiracy Believer (Debnath chemtrails cluster)): 4 message(s)
[Simulation]     user_biodiversity_hub (Geoengineering Conspiracy Believer (Debnath chemtrails cluster)): 4 message(s)
[Simulation]     user_biodiversity_peri_1 (Geoengineering Conspiracy Believer (Debnath chemtrails cluster)): 4 message(s)
[Simulation]     user_biodiversity_peri_1 (Geoengineering Conspiracy Believer (Debnath chemtrails cluster)): 4 message(s)
[Simulation]     user_foodsecurity_amp (Geoengineering Conspiracy Believer (Debnath chemtrails cluster)): 4 message(s)
[Simulation]     user_foodsecurity_amp (Geoengineering Conspiracy Believer (Debnath chemtrails cluster)): 4 message(s)
[Simulation]     user_publichealth_amp (Geoengineering Conspiracy Believer (Debnath chemtrails cluster)): 4 message(s)
[Simulation]     user_publichealth_amp (Geoengineering Conspiracy Believer (Debnath chemtrails cluster)): 4 message(s)
[Simulation]     user_airpollution_amp (Geoengineering Conspiracy Believer (Debnath chemtrails cluster)): 4 message(s)
[Simulation]     user_airpollution_peri_1 (Geoengineering Conspiracy Believer (Debnath chemtrails cluster)): 4 message(s)
[Simulation]     user_airpollution_amp (Geoengineering Conspiracy Believer (Debnath chemtrails cluster)): 4 message(s)
[Simulation]     user_airpollution_peri_1 (Geoengineering Conspiracy Believer (Debnath chemtrails cluster)): 4 message(s)
[Simulation]     user_publichealth_peri_1 (Geoengineering Conspiracy Believer (Debnath chemtrails cluster)): 4 message(s)
[Simulation]     user_environment_amp (Geoengineering Conspiracy Believer (Debnath chemtrails cluster)): 4 message(s)
[Simulation]     user_mitigation_amp (Geoengineering Conspiracy Believer (Debnath chemtrails cluster)): 4 message(s)
[Simulation]     user_publichealth_peri_1 (Geoengineering Conspiracy Believer (Debnath chemtrails cluster)): 4 message(s)
[Simulation]     user_usa_amp (Geoengineering Conspiracy Believer (Debnath chemtrails cluster)): 4 message(s)
[Simulation]     user_environment_amp (Geoengineering Conspiracy Believer (Debnath chemtrails cluster)): 4 message(s)
[Simulation]     user_mitigation_amp (Geoengineering Conspiracy Believer (Debnath chemtrails cluster)): 4 message(s)
[Simulation]     user_uk_amp (Geoengineering Conspiracy Believer (Debnath chemtrails cluster)): 4 message(s)
[Simulation]     user_india_amp (Geoengineering Conspiracy Believer (Debnath chemtrails cluster)): 4 message(s)
[Simulation]     user_usa_amp (Geoengineering Conspiracy Believer (Debnath chemtrails cluster)): 4 message(s)
[Simulation]     user_climateaction_piggyback_amp (Geoengineering Conspiracy Believer (Debnath chemtrails cluster)): 4 message(s)
[Simulation]     user_uk_amp (Geoengineering Conspiracy Believer (Debnath chemtrails cluster)): 4 message(s)
[Simulation]     user_climateaction_piggyback_peri_1 (Geoengineering Conspiracy Believer (Debnath chemtrails cluster)): 4 message(s)
[Simulation]     user_chemtrails_amp_2 (Geoengineering Conspiracy Believer (Debnath chemtrails cluster)): 4 message(s)
[Simulation]     user_india_amp (Geoengineering Conspiracy Believer (Debnath chemtrails cluster)): 4 message(s)
[Simulation]     user_chemtrails_peri_3 (Geoengineering Conspiracy Believer (Debnath chemtrails cluster)): 4 message(s)
[Simulation]   Tick 7/8
[Simulation]     user_haarp_hub (Geoengineering Conspiracy Believer (Debnath chemtrails cluster)): 4 message(s)
[Simulation]     user_climateaction_piggyback_amp (Geoengineering Conspiracy Believer (Debnath chemtrails cluster)): 4 message(s)
[Simulation]     user_chemtrails_hub (Geoengineering Conspiracy Believer (Debnath chemtrails cluster)): 4 message(s)
[Simulation]     user_chemtrails_amp_1 (Geoengineering Conspiracy Believer (Debnath chemtrails cluster)): 4 message(s)
[Simulation]     user_haarp_amp_1 (Geoengineering Conspiracy Believer (Debnath chemtrails cluster)): 4 message(s)
[Simulation]     user_climateaction_piggyback_peri_1 (Geoengineering Conspiracy Believer (Debnath chemtrails cluster)): 3 message(s)
[Simulation]     user_geoengineering_hub (Geoengineering Conspiracy Believer (Debnath chemtrails cluster)): 4 message(s)
[Simulation]     user_chemtrails_amp_2 (Geoengineering Conspiracy Believer (Debnath chemtrails cluster)): 4 message(s)
[Simulation]     user_chemtrails_peri_3 (Geoengineering Conspiracy Believer (Debnath chemtrails cluster)): 4 message(s)
[Simulation]     user_geoengineering_amp_1 (Geoengineering Conspiracy Believer (Debnath chemtrails cluster)): 4 message(s)
[Simulation]   Tick 7/8
[Simulation]     user_haarp_hub (Geoengineering Conspiracy Believer (Debnath chemtrails cluster)): 4 message(s)
[Simulation]     user_srm_amp (Geoengineering Conspiracy Believer (Debnath chemtrails cluster)): 4 message(s)
[Simulation]     user_chemtrails_hub (Geoengineering Conspiracy Believer (Debnath chemtrails cluster)): 4 message(s)
[Simulation]     user_srm_peri_1 (Geoengineering Conspiracy Believer (Debnath chemtrails cluster)): 4 message(s)
[Simulation]     user_sag_amp (Geoengineering Conspiracy Believer (Debnath chemtrails cluster)): 4 message(s)
[Simulation]     user_chemtrails_amp_1 (Geoengineering Conspiracy Believer (Debnath chemtrails cluster)): 4 message(s)
[Simulation]     user_haarp_amp_1 (Geoengineering Conspiracy Believer (Debnath chemtrails cluster)): 4 message(s)
[Simulation]     user_nexrad_amp (Geoengineering Conspiracy Believer (Debnath chemtrails cluster)): 4 message(s)
[Simulation]     user_nwo_amp (Geoengineering Conspiracy Believer (Debnath chemtrails cluster)): 4 message(s)
[Simulation]     user_geoengineering_hub (Geoengineering Conspiracy Believer (Debnath chemtrails cluster)): 4 message(s)
[Simulation]     user_geoengineering_amp_1 (Geoengineering Conspiracy Believer (Debnath chemtrails cluster)): 4 message(s)
[Simulation]     user_nwo_peri_1 (Geoengineering Conspiracy Believer (Debnath chemtrails cluster)): 4 message(s)
[Simulation]     user_srm_amp (Geoengineering Conspiracy Believer (Debnath chemtrails cluster)): 4 message(s)
[Simulation]     user_illuminati_amp (Geoengineering Conspiracy Believer (Debnath chemtrails cluster)): 4 message(s)
[Simulation]     user_gmo_amp (Geoengineering Conspiracy Believer (Debnath chemtrails cluster)): 4 message(s)
[Simulation]     user_srm_peri_1 (Geoengineering Conspiracy Believer (Debnath chemtrails cluster)): 4 message(s)
[Simulation]     user_sag_amp (Geoengineering Conspiracy Believer (Debnath chemtrails cluster)): 4 message(s)
[Simulation]     user_nexrad_amp (Geoengineering Conspiracy Believer (Debnath chemtrails cluster)): 4 message(s)
[Simulation]     user_weathermodification_amp (Geoengineering Conspiracy Believer (Debnath chemtrails cluster)): 4 message(s)
[Simulation]     user_nwo_amp (Geoengineering Conspiracy Believer (Debnath chemtrails cluster)): 4 message(s)
[Simulation]     user_nwo_peri_1 (Geoengineering Conspiracy Believer (Debnath chemtrails cluster)): 4 message(s)
[Simulation]     user_weathermodification_peri_1 (Geoengineering Conspiracy Believer (Debnath chemtrails cluster)): 4 message(s)
[Simulation]     user_illuminati_amp (Geoengineering Conspiracy Believer (Debnath chemtrails cluster)): 4 message(s)
[Simulation]     user_weatherwarfare_amp (Geoengineering Conspiracy Believer (Debnath chemtrails cluster)): 4 message(s)
[Simulation]     user_gmo_amp (Geoengineering Conspiracy Believer (Debnath chemtrails cluster)): 4 message(s)
[Simulation]     user_deepstate_amp (Geoengineering Conspiracy Believer (Debnath chemtrails cluster)): 4 message(s)
[Simulation]     user_maga_amp (Geoengineering Conspiracy Believer (Debnath chemtrails cluster)): 4 message(s)
[Simulation]     user_weathermodification_amp (Geoengineering Conspiracy Believer (Debnath chemtrails cluster)): 4 message(s)
[Simulation]     user_weathermodification_peri_1 (Geoengineering Conspiracy Believer (Debnath chemtrails cluster)): 4 message(s)
[Simulation]     user_greatawakening_amp (Geoengineering Conspiracy Believer (Debnath chemtrails cluster)): 4 message(s)
[Simulation]     user_weatherwarfare_amp (Geoengineering Conspiracy Believer (Debnath chemtrails cluster)): 4 message(s)
[Simulation]     user_depopulation_amp (Geoengineering Conspiracy Believer (Debnath chemtrails cluster)): 4 message(s)
[Simulation]     user_deepstate_amp (Geoengineering Conspiracy Believer (Debnath chemtrails cluster)): 4 message(s)
[Simulation]     user_stopspraying_amp (Geoengineering Conspiracy Believer (Debnath chemtrails cluster)): 4 message(s)
[Simulation]     user_maga_amp (Geoengineering Conspiracy Believer (Debnath chemtrails cluster)): 4 message(s)
[Simulation]     user_stopspraying_peri_1 (Geoengineering Conspiracy Believer (Debnath chemtrails cluster)): 4 message(s)
[Simulation]     user_monsanto_amp (Geoengineering Conspiracy Believer (Debnath chemtrails cluster)): 4 message(s)
[Simulation]     user_greatawakening_amp (Geoengineering Conspiracy Believer (Debnath chemtrails cluster)): 4 message(s)
[Simulation]     user_depopulation_amp (Geoengineering Conspiracy Believer (Debnath chemtrails cluster)): 4 message(s)
[Simulation]     user_climatejustice_hub (Geoengineering Conspiracy Believer (Debnath chemtrails cluster)): 4 message(s)
[Simulation]     user_stopspraying_amp (Geoengineering Conspiracy Believer (Debnath chemtrails cluster)): 4 message(s)
[Simulation]     user_climateaction_hub (Geoengineering Conspiracy Believer (Debnath chemtrails cluster)): 4 message(s)
[Simulation]     user_stopspraying_peri_1 (Geoengineering Conspiracy Believer (Debnath chemtrails cluster)): 4 message(s)
[Simulation]     user_climateaction_amp_1 (Geoengineering Conspiracy Believer (Debnath chemtrails cluster)): 4 message(s)
[Simulation]     user_monsanto_amp (Geoengineering Conspiracy Believer (Debnath chemtrails cluster)): 4 message(s)
[Simulation]     user_climatejustice_amp_1 (Geoengineering Conspiracy Believer (Debnath chemtrails cluster)): 4 message(s)
[Simulation]     user_climatejustice_hub (Geoengineering Conspiracy Believer (Debnath chemtrails cluster)): 4 message(s)
[Simulation]     user_sweden_hub (Geoengineering Conspiracy Believer (Debnath chemtrails cluster)): 4 message(s)
[Simulation]     user_climateaction_hub (Geoengineering Conspiracy Believer (Debnath chemtrails cluster)): 4 message(s)
[Simulation]     user_sweden_peri_1 (Geoengineering Conspiracy Believer (Debnath chemtrails cluster)): 4 message(s)
[Simulation]     user_scopex_hub (Geoengineering Conspiracy Believer (Debnath chemtrails cluster)): 4 message(s)
[Simulation]     user_scopex_peri_1 (Geoengineering Conspiracy Believer (Debnath chemtrails cluster)): 4 message(s)
[Simulation]     user_climateaction_amp_1 (Geoengineering Conspiracy Believer (Debnath chemtrails cluster)): 4 message(s)
[Simulation]     user_wedonotconsent_hub (Geoengineering Conspiracy Believer (Debnath chemtrails cluster)): 4 message(s)
[Simulation]     user_climatejustice_amp_1 (Geoengineering Conspiracy Believer (Debnath chemtrails cluster)): 4 message(s)
[Simulation]     user_wedonotconsent_amp_1 (Geoengineering Conspiracy Believer (Debnath chemtrails cluster)): 4 message(s)
[Simulation]     user_fridaysforfuture_amp (Geoengineering Conspiracy Believer (Debnath chemtrails cluster)): 4 message(s)
[Simulation]     user_sweden_hub (Geoengineering Conspiracy Believer (Debnath chemtrails cluster)): 4 message(s)
[Simulation]     user_cop26_amp (Geoengineering Conspiracy Believer (Debnath chemtrails cluster)): 4 message(s)
[Simulation]     user_climate_amp (Geoengineering Conspiracy Believer (Debnath chemtrails cluster)): 4 message(s)
[Simulation]     user_sweden_peri_1 (Geoengineering Conspiracy Believer (Debnath chemtrails cluster)): 4 message(s)
[Simulation]     user_scopex_hub (Geoengineering Conspiracy Believer (Debnath chemtrails cluster)): 4 message(s)
[Simulation]     user_ipcc_amp (Geoengineering Conspiracy Believer (Debnath chemtrails cluster)): 4 message(s)
[Simulation]     user_scopex_peri_1 (Geoengineering Conspiracy Believer (Debnath chemtrails cluster)): 3 message(s)
[Simulation]     user_wedonotconsent_hub (Geoengineering Conspiracy Believer (Debnath chemtrails cluster)): 4 message(s)
[Simulation]     user_wedonotconsent_amp_1 (Geoengineering Conspiracy Believer (Debnath chemtrails cluster)): 4 message(s)
[Simulation]     user_actonclimate_amp (Geoengineering Conspiracy Believer (Debnath chemtrails cluster)): 4 message(s)
[Simulation]     user_fridaysforfuture_amp (Geoengineering Conspiracy Believer (Debnath chemtrails cluster)): 4 message(s)
[Simulation]     user_netzero_amp (Geoengineering Conspiracy Believer (Debnath chemtrails cluster)): 4 message(s)
[Simulation]     user_cop26_amp (Geoengineering Conspiracy Believer (Debnath chemtrails cluster)): 4 message(s)
[Simulation]     user_stratosphere_amp (Geoengineering Conspiracy Believer (Debnath chemtrails cluster)): 4 message(s)
[Simulation]     user_climate_amp (Geoengineering Conspiracy Believer (Debnath chemtrails cluster)): 4 message(s)
[Simulation]     user_ozone_hub (Geoengineering Conspiracy Believer (Debnath chemtrails cluster)): 4 message(s)
[Simulation]     user_ozone_peri_1 (Geoengineering Conspiracy Believer (Debnath chemtrails cluster)): 4 message(s)
[Simulation]     user_ipcc_amp (Geoengineering Conspiracy Believer (Debnath chemtrails cluster)): 4 message(s)
[Simulation]     user_sai_amp (Geoengineering Conspiracy Believer (Debnath chemtrails cluster)): 4 message(s)
[Simulation]     user_actonclimate_amp (Geoengineering Conspiracy Believer (Debnath chemtrails cluster)): 4 message(s)
[Simulation]     user_ecology_amp (Geoengineering Conspiracy Believer (Debnath chemtrails cluster)): 4 message(s)
[Simulation]     user_biodiversity_hub (Geoengineering Conspiracy Believer (Debnath chemtrails cluster)): 4 message(s)
[Simulation]     user_biodiversity_peri_1 (Geoengineering Conspiracy Believer (Debnath chemtrails cluster)): 4 message(s)
[Simulation]     user_netzero_amp (Geoengineering Conspiracy Believer (Debnath chemtrails cluster)): 4 message(s)
[Simulation]     user_stratosphere_amp (Geoengineering Conspiracy Believer (Debnath chemtrails cluster)): 4 message(s)
[Simulation]     user_ozone_hub (Geoengineering Conspiracy Believer (Debnath chemtrails cluster)): 4 message(s)
[Simulation]     user_foodsecurity_amp (Geoengineering Conspiracy Believer (Debnath chemtrails cluster)): 4 message(s)
[Simulation]     user_ozone_peri_1 (Geoengineering Conspiracy Believer (Debnath chemtrails cluster)): 4 message(s)
[Simulation]     user_sai_amp (Geoengineering Conspiracy Believer (Debnath chemtrails cluster)): 4 message(s)
[Simulation]     user_publichealth_amp (Geoengineering Conspiracy Believer (Debnath chemtrails cluster)): 4 message(s)
[Simulation]     user_airpollution_amp (Geoengineering Conspiracy Believer (Debnath chemtrails cluster)): 4 message(s)
[Simulation]     user_airpollution_peri_1 (Geoengineering Conspiracy Believer (Debnath chemtrails cluster)): 4 message(s)
[Simulation]     user_ecology_amp (Geoengineering Conspiracy Believer (Debnath chemtrails cluster)): 4 message(s)
[Simulation]     user_biodiversity_hub (Geoengineering Conspiracy Believer (Debnath chemtrails cluster)): 4 message(s)
[Simulation]     user_publichealth_peri_1 (Geoengineering Conspiracy Believer (Debnath chemtrails cluster)): 4 message(s)
[Simulation]     user_biodiversity_peri_1 (Geoengineering Conspiracy Believer (Debnath chemtrails cluster)): 4 message(s)
[Simulation]     user_environment_amp (Geoengineering Conspiracy Believer (Debnath chemtrails cluster)): 4 message(s)
[Simulation]     user_foodsecurity_amp (Geoengineering Conspiracy Believer (Debnath chemtrails cluster)): 4 message(s)
[Simulation]     user_mitigation_amp (Geoengineering Conspiracy Believer (Debnath chemtrails cluster)): 4 message(s)
[Simulation]     user_publichealth_amp (Geoengineering Conspiracy Believer (Debnath chemtrails cluster)): 4 message(s)
[Simulation]     user_usa_amp (Geoengineering Conspiracy Believer (Debnath chemtrails cluster)): 4 message(s)
[Simulation]     user_airpollution_amp (Geoengineering Conspiracy Believer (Debnath chemtrails cluster)): 4 message(s)
[Simulation]     user_uk_amp (Geoengineering Conspiracy Believer (Debnath chemtrails cluster)): 4 message(s)
[Simulation]     user_airpollution_peri_1 (Geoengineering Conspiracy Believer (Debnath chemtrails cluster)): 4 message(s)
[Simulation]     user_india_amp (Geoengineering Conspiracy Believer (Debnath chemtrails cluster)): 4 message(s)
[Simulation]     user_publichealth_peri_1 (Geoengineering Conspiracy Believer (Debnath chemtrails cluster)): 4 message(s)
[Simulation]     user_climateaction_piggyback_amp (Geoengineering Conspiracy Believer (Debnath chemtrails cluster)): 4 message(s)
[Simulation]     user_environment_amp (Geoengineering Conspiracy Believer (Debnath chemtrails cluster)): 4 message(s)
[Simulation]     user_mitigation_amp (Geoengineering Conspiracy Believer (Debnath chemtrails cluster)): 4 message(s)
[Simulation]     user_climateaction_piggyback_peri_1 (Geoengineering Conspiracy Believer (Debnath chemtrails cluster)): 4 message(s)
[Simulation]     user_usa_amp (Geoengineering Conspiracy Believer (Debnath chemtrails cluster)): 4 message(s)
[Simulation]     user_chemtrails_amp_2 (Geoengineering Conspiracy Believer (Debnath chemtrails cluster)): 4 message(s)
[Simulation]     user_chemtrails_peri_3 (Geoengineering Conspiracy Believer (Debnath chemtrails cluster)): 4 message(s)
[Simulation]     user_uk_amp (Geoengineering Conspiracy Believer (Debnath chemtrails cluster)): 4 message(s)
[Simulation]   Tick 8/8
[Simulation]     user_haarp_hub (Geoengineering Conspiracy Believer (Debnath chemtrails cluster)): 4 message(s)
[Simulation]     user_india_amp (Geoengineering Conspiracy Believer (Debnath chemtrails cluster)): 4 message(s)
[Simulation]     user_chemtrails_hub (Geoengineering Conspiracy Believer (Debnath chemtrails cluster)): 4 message(s)
[Simulation]     user_chemtrails_amp_1 (Geoengineering Conspiracy Believer (Debnath chemtrails cluster)): 4 message(s)
[Simulation]     user_haarp_amp_1 (Geoengineering Conspiracy Believer (Debnath chemtrails cluster)): 4 message(s)
[Simulation]     user_climateaction_piggyback_amp (Geoengineering Conspiracy Believer (Debnath chemtrails cluster)): 4 message(s)
[Simulation]     user_geoengineering_hub (Geoengineering Conspiracy Believer (Debnath chemtrails cluster)): 4 message(s)
[Simulation]     user_climateaction_piggyback_peri_1 (Geoengineering Conspiracy Believer (Debnath chemtrails cluster)): 4 message(s)
[Simulation]     user_geoengineering_amp_1 (Geoengineering Conspiracy Believer (Debnath chemtrails cluster)): 4 message(s)
[Simulation]     user_srm_amp (Geoengineering Conspiracy Believer (Debnath chemtrails cluster)): 4 message(s)
[Simulation]     user_chemtrails_amp_2 (Geoengineering Conspiracy Believer (Debnath chemtrails cluster)): 4 message(s)
[Simulation]     user_srm_peri_1 (Geoengineering Conspiracy Believer (Debnath chemtrails cluster)): 4 message(s)
[Simulation]     user_chemtrails_peri_3 (Geoengineering Conspiracy Believer (Debnath chemtrails cluster)): 4 message(s)
[Simulation]     user_sag_amp (Geoengineering Conspiracy Believer (Debnath chemtrails cluster)): 4 message(s)
[Simulation]     user_nexrad_amp (Geoengineering Conspiracy Believer (Debnath chemtrails cluster)): 4 message(s)
[Simulation]   Tick 8/8
[Simulation]     user_haarp_hub (Geoengineering Conspiracy Believer (Debnath chemtrails cluster)): 4 message(s)
[Simulation]     user_nwo_amp (Geoengineering Conspiracy Believer (Debnath chemtrails cluster)): 4 message(s)
[Simulation]     user_chemtrails_hub (Geoengineering Conspiracy Believer (Debnath chemtrails cluster)): 4 message(s)
[Simulation]     user_nwo_peri_1 (Geoengineering Conspiracy Believer (Debnath chemtrails cluster)): 4 message(s)
[Simulation]     user_chemtrails_amp_1 (Geoengineering Conspiracy Believer (Debnath chemtrails cluster)): 4 message(s)
[Simulation]     user_illuminati_amp (Geoengineering Conspiracy Believer (Debnath chemtrails cluster)): 4 message(s)
[Simulation]     user_haarp_amp_1 (Geoengineering Conspiracy Believer (Debnath chemtrails cluster)): 4 message(s)
[Simulation]     user_geoengineering_hub (Geoengineering Conspiracy Believer (Debnath chemtrails cluster)): 4 message(s)
[Simulation]     user_gmo_amp (Geoengineering Conspiracy Believer (Debnath chemtrails cluster)): 4 message(s)
[Simulation]     user_weathermodification_amp (Geoengineering Conspiracy Believer (Debnath chemtrails cluster)): 4 message(s)
[Simulation]     user_geoengineering_amp_1 (Geoengineering Conspiracy Believer (Debnath chemtrails cluster)): 4 message(s)
[Simulation]     user_srm_amp (Geoengineering Conspiracy Believer (Debnath chemtrails cluster)): 4 message(s)
[Simulation]     user_srm_peri_1 (Geoengineering Conspiracy Believer (Debnath chemtrails cluster)): 4 message(s)
[Simulation]     user_weathermodification_peri_1 (Geoengineering Conspiracy Believer (Debnath chemtrails cluster)): 4 message(s)
[Simulation]     user_sag_amp (Geoengineering Conspiracy Believer (Debnath chemtrails cluster)): 4 message(s)
[Simulation]     user_weatherwarfare_amp (Geoengineering Conspiracy Believer (Debnath chemtrails cluster)): 4 message(s)
[Simulation]     user_deepstate_amp (Geoengineering Conspiracy Believer (Debnath chemtrails cluster)): 4 message(s)
[Simulation]     user_nexrad_amp (Geoengineering Conspiracy Believer (Debnath chemtrails cluster)): 4 message(s)
[Simulation]     user_nwo_amp (Geoengineering Conspiracy Believer (Debnath chemtrails cluster)): 4 message(s)
[Simulation]     user_maga_amp (Geoengineering Conspiracy Believer (Debnath chemtrails cluster)): 4 message(s)
[Simulation]     user_nwo_peri_1 (Geoengineering Conspiracy Believer (Debnath chemtrails cluster)): 4 message(s)
[Simulation]     user_illuminati_amp (Geoengineering Conspiracy Believer (Debnath chemtrails cluster)): 4 message(s)
[Simulation]     user_gmo_amp (Geoengineering Conspiracy Believer (Debnath chemtrails cluster)): 4 message(s)
[Simulation]     user_greatawakening_amp (Geoengineering Conspiracy Believer (Debnath chemtrails cluster)): 4 message(s)
[Simulation]     user_weathermodification_amp (Geoengineering Conspiracy Believer (Debnath chemtrails cluster)): 4 message(s)
[Simulation]     user_depopulation_amp (Geoengineering Conspiracy Believer (Debnath chemtrails cluster)): 4 message(s)
[Simulation]     user_stopspraying_amp (Geoengineering Conspiracy Believer (Debnath chemtrails cluster)): 4 message(s)
[Simulation]     user_stopspraying_peri_1 (Geoengineering Conspiracy Believer (Debnath chemtrails cluster)): 4 message(s)
[Simulation]     user_weathermodification_peri_1 (Geoengineering Conspiracy Believer (Debnath chemtrails cluster)): 4 message(s)
[Simulation]     user_weatherwarfare_amp (Geoengineering Conspiracy Believer (Debnath chemtrails cluster)): 4 message(s)
[Simulation]     user_deepstate_amp (Geoengineering Conspiracy Believer (Debnath chemtrails cluster)): 4 message(s)
[Simulation]     user_monsanto_amp (Geoengineering Conspiracy Believer (Debnath chemtrails cluster)): 4 message(s)
[Simulation]     user_climatejustice_hub (Geoengineering Conspiracy Believer (Debnath chemtrails cluster)): 4 message(s)
[Simulation]     user_maga_amp (Geoengineering Conspiracy Believer (Debnath chemtrails cluster)): 4 message(s)
[Simulation]     user_climateaction_hub (Geoengineering Conspiracy Believer (Debnath chemtrails cluster)): 4 message(s)
[Simulation]     user_greatawakening_amp (Geoengineering Conspiracy Believer (Debnath chemtrails cluster)): 4 message(s)
[Simulation]     user_depopulation_amp (Geoengineering Conspiracy Believer (Debnath chemtrails cluster)): 4 message(s)
[Simulation]     user_climateaction_amp_1 (Geoengineering Conspiracy Believer (Debnath chemtrails cluster)): 4 message(s)
[Simulation]     user_stopspraying_amp (Geoengineering Conspiracy Believer (Debnath chemtrails cluster)): 4 message(s)
[Simulation]     user_stopspraying_peri_1 (Geoengineering Conspiracy Believer (Debnath chemtrails cluster)): 4 message(s)
[Simulation]     user_climatejustice_amp_1 (Geoengineering Conspiracy Believer (Debnath chemtrails cluster)): 4 message(s)
[Simulation]     user_monsanto_amp (Geoengineering Conspiracy Believer (Debnath chemtrails cluster)): 4 message(s)
[Simulation]     user_sweden_hub (Geoengineering Conspiracy Believer (Debnath chemtrails cluster)): 4 message(s)
[Simulation]     user_climatejustice_hub (Geoengineering Conspiracy Believer (Debnath chemtrails cluster)): 4 message(s)
[Simulation]     user_climateaction_hub (Geoengineering Conspiracy Believer (Debnath chemtrails cluster)): 4 message(s)
[Simulation]     user_sweden_peri_1 (Geoengineering Conspiracy Believer (Debnath chemtrails cluster)): 4 message(s)
[Simulation]     user_climateaction_amp_1 (Geoengineering Conspiracy Believer (Debnath chemtrails cluster)): 4 message(s)
[Simulation]     user_climatejustice_amp_1 (Geoengineering Conspiracy Believer (Debnath chemtrails cluster)): 4 message(s)
[Simulation]     user_sweden_hub (Geoengineering Conspiracy Believer (Debnath chemtrails cluster)): 4 message(s)
[Simulation]     user_sweden_peri_1 (Geoengineering Conspiracy Believer (Debnath chemtrails cluster)): 4 message(s)
[Simulation]     user_scopex_hub (Geoengineering Conspiracy Believer (Debnath chemtrails cluster)): 4 message(s)
[Simulation]     user_scopex_peri_1 (Geoengineering Conspiracy Believer (Debnath chemtrails cluster)): 4 message(s)
[Simulation]     user_scopex_hub (Geoengineering Conspiracy Believer (Debnath chemtrails cluster)): 4 message(s)
[Simulation]     user_wedonotconsent_hub (Geoengineering Conspiracy Believer (Debnath chemtrails cluster)): 4 message(s)
[Simulation]     user_wedonotconsent_amp_1 (Geoengineering Conspiracy Believer (Debnath chemtrails cluster)): 4 message(s)
[Simulation]     user_scopex_peri_1 (Geoengineering Conspiracy Believer (Debnath chemtrails cluster)): 4 message(s)
[Simulation]     user_fridaysforfuture_amp (Geoengineering Conspiracy Believer (Debnath chemtrails cluster)): 4 message(s)
[Simulation]     user_wedonotconsent_hub (Geoengineering Conspiracy Believer (Debnath chemtrails cluster)): 4 message(s)
[Simulation]     user_wedonotconsent_amp_1 (Geoengineering Conspiracy Believer (Debnath chemtrails cluster)): 4 message(s)
[Simulation]     user_fridaysforfuture_amp (Geoengineering Conspiracy Believer (Debnath chemtrails cluster)): 4 message(s)
[Simulation]     user_cop26_amp (Geoengineering Conspiracy Believer (Debnath chemtrails cluster)): 4 message(s)
[Simulation]     user_cop26_amp (Geoengineering Conspiracy Believer (Debnath chemtrails cluster)): 4 message(s)
[Simulation]     user_climate_amp (Geoengineering Conspiracy Believer (Debnath chemtrails cluster)): 4 message(s)
[Simulation]     user_climate_amp (Geoengineering Conspiracy Believer (Debnath chemtrails cluster)): 4 message(s)
[Simulation]     user_ipcc_amp (Geoengineering Conspiracy Believer (Debnath chemtrails cluster)): 4 message(s)
[Simulation]     user_ipcc_amp (Geoengineering Conspiracy Believer (Debnath chemtrails cluster)): 4 message(s)
[Simulation]     user_actonclimate_amp (Geoengineering Conspiracy Believer (Debnath chemtrails cluster)): 4 message(s)
[Simulation]     user_actonclimate_amp (Geoengineering Conspiracy Believer (Debnath chemtrails cluster)): 4 message(s)
[Simulation]     user_netzero_amp (Geoengineering Conspiracy Believer (Debnath chemtrails cluster)): 4 message(s)
[Simulation]     user_stratosphere_amp (Geoengineering Conspiracy Believer (Debnath chemtrails cluster)): 4 message(s)
[Simulation]     user_netzero_amp (Geoengineering Conspiracy Believer (Debnath chemtrails cluster)): 4 message(s)
[Simulation]     user_ozone_hub (Geoengineering Conspiracy Believer (Debnath chemtrails cluster)): 4 message(s)
[Simulation]     user_stratosphere_amp (Geoengineering Conspiracy Believer (Debnath chemtrails cluster)): 4 message(s)
[Simulation]     user_ozone_peri_1 (Geoengineering Conspiracy Believer (Debnath chemtrails cluster)): 4 message(s)
[Simulation]     user_ozone_hub (Geoengineering Conspiracy Believer (Debnath chemtrails cluster)): 4 message(s)
[Simulation]     user_sai_amp (Geoengineering Conspiracy Believer (Debnath chemtrails cluster)): 4 message(s)
[Simulation]     user_ecology_amp (Geoengineering Conspiracy Believer (Debnath chemtrails cluster)): 4 message(s)
[Simulation]     user_biodiversity_hub (Geoengineering Conspiracy Believer (Debnath chemtrails cluster)): 4 message(s)
[Simulation]     user_biodiversity_peri_1 (Geoengineering Conspiracy Believer (Debnath chemtrails cluster)): 4 message(s)
[Simulation]     user_ozone_peri_1 (Geoengineering Conspiracy Believer (Debnath chemtrails cluster)): 4 message(s)
[Simulation]     user_sai_amp (Geoengineering Conspiracy Believer (Debnath chemtrails cluster)): 4 message(s)
[Simulation]     user_foodsecurity_amp (Geoengineering Conspiracy Believer (Debnath chemtrails cluster)): 4 message(s)
[Simulation]     user_ecology_amp (Geoengineering Conspiracy Believer (Debnath chemtrails cluster)): 4 message(s)
[Simulation]     user_publichealth_amp (Geoengineering Conspiracy Believer (Debnath chemtrails cluster)): 4 message(s)
[Simulation]     user_airpollution_amp (Geoengineering Conspiracy Believer (Debnath chemtrails cluster)): 4 message(s)
[Simulation]     user_airpollution_peri_1 (Geoengineering Conspiracy Believer (Debnath chemtrails cluster)): 4 message(s)
[Simulation]     user_biodiversity_hub (Geoengineering Conspiracy Believer (Debnath chemtrails cluster)): 4 message(s)
[Simulation]     user_publichealth_peri_1 (Geoengineering Conspiracy Believer (Debnath chemtrails cluster)): 4 message(s)
[Simulation]     user_environment_amp (Geoengineering Conspiracy Believer (Debnath chemtrails cluster)): 4 message(s)
[Simulation]     user_biodiversity_peri_1 (Geoengineering Conspiracy Believer (Debnath chemtrails cluster)): 4 message(s)
[Simulation]     user_foodsecurity_amp (Geoengineering Conspiracy Believer (Debnath chemtrails cluster)): 4 message(s)
[Simulation]     user_publichealth_amp (Geoengineering Conspiracy Believer (Debnath chemtrails cluster)): 4 message(s)
[Simulation]     user_mitigation_amp (Geoengineering Conspiracy Believer (Debnath chemtrails cluster)): 4 message(s)
[Simulation]     user_airpollution_amp (Geoengineering Conspiracy Believer (Debnath chemtrails cluster)): 4 message(s)
[Simulation]     user_usa_amp (Geoengineering Conspiracy Believer (Debnath chemtrails cluster)): 4 message(s)
[Simulation]     user_uk_amp (Geoengineering Conspiracy Believer (Debnath chemtrails cluster)): 4 message(s)
[Simulation]     user_airpollution_peri_1 (Geoengineering Conspiracy Believer (Debnath chemtrails cluster)): 4 message(s)
[Simulation]     user_publichealth_peri_1 (Geoengineering Conspiracy Believer (Debnath chemtrails cluster)): 4 message(s)
[Simulation]     user_india_amp (Geoengineering Conspiracy Believer (Debnath chemtrails cluster)): 4 message(s)
[Simulation]     user_climateaction_piggyback_amp (Geoengineering Conspiracy Believer (Debnath chemtrails cluster)): 4 message(s)
[Simulation]     user_environment_amp (Geoengineering Conspiracy Believer (Debnath chemtrails cluster)): 4 message(s)
[Simulation]     user_climateaction_piggyback_peri_1 (Geoengineering Conspiracy Believer (Debnath chemtrails cluster)): 4 message(s)
[Simulation]     user_mitigation_amp (Geoengineering Conspiracy Believer (Debnath chemtrails cluster)): 4 message(s)
[Simulation]     user_chemtrails_amp_2 (Geoengineering Conspiracy Believer (Debnath chemtrails cluster)): 4 message(s)
[Simulation]     user_usa_amp (Geoengineering Conspiracy Believer (Debnath chemtrails cluster)): 4 message(s)
[Simulation]     user_chemtrails_peri_3 (Geoengineering Conspiracy Believer (Debnath chemtrails cluster)): 4 message(s)
[Simulation]     user_uk_amp (Geoengineering Conspiracy Believer (Debnath chemtrails cluster)): 4 message(s)

[Simulation] === Propagating: chemtrails_gates_2018_2021 ===
[Simulation]   Tick 1/8
[Simulation]     user_chemtrails_hub (Geoengineering Conspiracy Believer (Debnath chemtrails cluster)): 1 message(s)
[Simulation]   Tick 2/8
[Simulation]     user_haarp_hub (Geoengineering Conspiracy Believer (Debnath chemtrails cluster)): 1 message(s)
[Simulation]     user_chemtrails_amp_1 (Geoengineering Conspiracy Believer (Debnath chemtrails cluster)): 1 message(s)
[Simulation]     user_india_amp (Geoengineering Conspiracy Believer (Debnath chemtrails cluster)): 4 message(s)
[Simulation]     user_climateaction_piggyback_amp (Geoengineering Conspiracy Believer (Debnath chemtrails cluster)): 4 message(s)
[Simulation]     user_haarp_amp_1 (Geoengineering Conspiracy Believer (Debnath chemtrails cluster)): 1 message(s)
[Simulation]     user_geoengineering_hub (Geoengineering Conspiracy Believer (Debnath chemtrails cluster)): 1 message(s)
[Simulation]     user_climateaction_piggyback_peri_1 (Geoengineering Conspiracy Believer (Debnath chemtrails cluster)): 2 message(s)
[Simulation]     user_geoengineering_amp_1 (Geoengineering Conspiracy Believer (Debnath chemtrails cluster)): 1 message(s)
[Simulation]     user_srm_amp (Geoengineering Conspiracy Believer (Debnath chemtrails cluster)): 1 message(s)
[Simulation]     user_srm_peri_1 (Geoengineering Conspiracy Believer (Debnath chemtrails cluster)): 1 message(s)
[Simulation]     user_chemtrails_amp_2 (Geoengineering Conspiracy Believer (Debnath chemtrails cluster)): 4 message(s)
[Simulation]     user_sag_amp (Geoengineering Conspiracy Believer (Debnath chemtrails cluster)): 1 message(s)
[Simulation]     user_nexrad_amp (Geoengineering Conspiracy Believer (Debnath chemtrails cluster)): 1 message(s)
[Simulation]     user_nwo_amp (Geoengineering Conspiracy Believer (Debnath chemtrails cluster)): 1 message(s)
[Simulation]     user_nwo_peri_1 (Geoengineering Conspiracy Believer (Debnath chemtrails cluster)): 1 message(s)
[Simulation]     user_chemtrails_peri_3 (Geoengineering Conspiracy Believer (Debnath chemtrails cluster)): 4 message(s)
[Simulation]     user_illuminati_amp (Geoengineering Conspiracy Believer (Debnath chemtrails cluster)): 1 message(s)
[Simulation]     user_gmo_amp (Geoengineering Conspiracy Believer (Debnath chemtrails cluster)): 1 message(s)
[Simulation]     user_weathermodification_amp (Geoengineering Conspiracy Believer (Debnath chemtrails cluster)): 1 message(s)
[Simulation]     user_weathermodification_peri_1 (Geoengineering Conspiracy Believer (Debnath chemtrails cluster)): 1 message(s)

[Simulation] === Propagating: chemtrails_gates_2018_2021 ===
[Simulation]   Tick 1/8
[Simulation]     user_chemtrails_hub (Geoengineering Conspiracy Believer (Debnath chemtrails cluster)): 1 message(s)
[Simulation]     user_weatherwarfare_amp (Geoengineering Conspiracy Believer (Debnath chemtrails cluster)): 1 message(s)
[Simulation]     user_deepstate_amp (Geoengineering Conspiracy Believer (Debnath chemtrails cluster)): 1 message(s)
[Simulation]     user_maga_amp (Geoengineering Conspiracy Believer (Debnath chemtrails cluster)): 1 message(s)
[Simulation]   Tick 2/8
[Simulation]     user_haarp_hub (Geoengineering Conspiracy Believer (Debnath chemtrails cluster)): 1 message(s)
[Simulation]     user_chemtrails_amp_1 (Geoengineering Conspiracy Believer (Debnath chemtrails cluster)): 1 message(s)
[Simulation]     user_haarp_amp_1 (Geoengineering Conspiracy Believer (Debnath chemtrails cluster)): 1 message(s)
[Simulation]     user_greatawakening_amp (Geoengineering Conspiracy Believer (Debnath chemtrails cluster)): 1 message(s)
[Simulation]     user_geoengineering_hub (Geoengineering Conspiracy Believer (Debnath chemtrails cluster)): 1 message(s)
[Simulation]     user_depopulation_amp (Geoengineering Conspiracy Believer (Debnath chemtrails cluster)): 1 message(s)
[Simulation]     user_geoengineering_amp_1 (Geoengineering Conspiracy Believer (Debnath chemtrails cluster)): 1 message(s)
[Simulation]     user_srm_amp (Geoengineering Conspiracy Believer (Debnath chemtrails cluster)): 1 message(s)
[Simulation]     user_srm_peri_1 (Geoengineering Conspiracy Believer (Debnath chemtrails cluster)): 1 message(s)
[Simulation]     user_sag_amp (Geoengineering Conspiracy Believer (Debnath chemtrails cluster)): 1 message(s)
[Simulation]     user_nexrad_amp (Geoengineering Conspiracy Believer (Debnath chemtrails cluster)): 1 message(s)
[Simulation]     user_stopspraying_amp (Geoengineering Conspiracy Believer (Debnath chemtrails cluster)): 1 message(s)
[Simulation]     user_nwo_amp (Geoengineering Conspiracy Believer (Debnath chemtrails cluster)): 1 message(s)
[Simulation]     user_stopspraying_peri_1 (Geoengineering Conspiracy Believer (Debnath chemtrails cluster)): 1 message(s)
[Simulation]     user_monsanto_amp (Geoengineering Conspiracy Believer (Debnath chemtrails cluster)): 1 message(s)
[Simulation]     user_nwo_peri_1 (Geoengineering Conspiracy Believer (Debnath chemtrails cluster)): 1 message(s)
[Simulation]     user_climatejustice_hub (Geoengineering Conspiracy Believer (Debnath chemtrails cluster)): 1 message(s)
[Simulation]     user_illuminati_amp (Geoengineering Conspiracy Believer (Debnath chemtrails cluster)): 1 message(s)
[Simulation]     user_climateaction_hub (Geoengineering Conspiracy Believer (Debnath chemtrails cluster)): 1 message(s)
[Simulation]     user_sweden_hub (Geoengineering Conspiracy Believer (Debnath chemtrails cluster)): 1 message(s)
[Simulation]     user_publichealth_amp (Geoengineering Conspiracy Believer (Debnath chemtrails cluster)): 1 message(s)
[Simulation]     user_usa_amp (Geoengineering Conspiracy Believer (Debnath chemtrails cluster)): 1 message(s)
[Simulation]     user_uk_amp (Geoengineering Conspiracy Believer (Debnath chemtrails cluster)): 1 message(s)
[Simulation]     user_gmo_amp (Geoengineering Conspiracy Believer (Debnath chemtrails cluster)): 1 message(s)
[Simulation]     user_weathermodification_amp (Geoengineering Conspiracy Believer (Debnath chemtrails cluster)): 1 message(s)
[Simulation]     user_india_amp (Geoengineering Conspiracy Believer (Debnath chemtrails cluster)): 1 message(s)
[Simulation]     user_climateaction_piggyback_amp (Geoengineering Conspiracy Believer (Debnath chemtrails cluster)): 1 message(s)
[Simulation]     user_weathermodification_peri_1 (Geoengineering Conspiracy Believer (Debnath chemtrails cluster)): 1 message(s)
[Simulation]     user_weatherwarfare_amp (Geoengineering Conspiracy Believer (Debnath chemtrails cluster)): 1 message(s)
[Simulation]     user_deepstate_amp (Geoengineering Conspiracy Believer (Debnath chemtrails cluster)): 1 message(s)
[Simulation]     user_chemtrails_amp_2 (Geoengineering Conspiracy Believer (Debnath chemtrails cluster)): 1 message(s)
[Simulation]     user_chemtrails_peri_3 (Geoengineering Conspiracy Believer (Debnath chemtrails cluster)): 1 message(s)
[Simulation]     user_maga_amp (Geoengineering Conspiracy Believer (Debnath chemtrails cluster)): 1 message(s)
[Simulation]     user_greatawakening_amp (Geoengineering Conspiracy Believer (Debnath chemtrails cluster)): 1 message(s)
[Simulation]     user_depopulation_amp (Geoengineering Conspiracy Believer (Debnath chemtrails cluster)): 1 message(s)
[Simulation]   Tick 3/8
[Simulation]     user_haarp_hub (Geoengineering Conspiracy Believer (Debnath chemtrails cluster)): 2 message(s)
[Simulation]     user_stopspraying_amp (Geoengineering Conspiracy Believer (Debnath chemtrails cluster)): 1 message(s)
[Simulation]     user_stopspraying_peri_1 (Geoengineering Conspiracy Believer (Debnath chemtrails cluster)): 1 message(s)
[Simulation]     user_monsanto_amp (Geoengineering Conspiracy Believer (Debnath chemtrails cluster)): 1 message(s)
[Simulation]     user_climatejustice_hub (Geoengineering Conspiracy Believer (Debnath chemtrails cluster)): 1 message(s)
[Simulation]     user_chemtrails_hub (Geoengineering Conspiracy Believer (Debnath chemtrails cluster)): 4 message(s)
[Simulation]     user_climateaction_hub (Geoengineering Conspiracy Believer (Debnath chemtrails cluster)): 1 message(s)
[Simulation]     user_sweden_hub (Geoengineering Conspiracy Believer (Debnath chemtrails cluster)): 1 message(s)
[Simulation]     user_publichealth_amp (Geoengineering Conspiracy Believer (Debnath chemtrails cluster)): 1 message(s)
[Simulation]     user_usa_amp (Geoengineering Conspiracy Believer (Debnath chemtrails cluster)): 1 message(s)
[Simulation]     user_uk_amp (Geoengineering Conspiracy Believer (Debnath chemtrails cluster)): 1 message(s)
[Simulation]     user_india_amp (Geoengineering Conspiracy Believer (Debnath chemtrails cluster)): 1 message(s)
[Simulation]     user_chemtrails_amp_1 (Geoengineering Conspiracy Believer (Debnath chemtrails cluster)): 1 message(s)
[Simulation]     user_haarp_amp_1 (Geoengineering Conspiracy Believer (Debnath chemtrails cluster)): 1 message(s)
[Simulation]     user_climateaction_piggyback_amp (Geoengineering Conspiracy Believer (Debnath chemtrails cluster)): 1 message(s)
[Simulation]     user_chemtrails_amp_2 (Geoengineering Conspiracy Believer (Debnath chemtrails cluster)): 1 message(s)
[Simulation]     user_chemtrails_peri_3 (Geoengineering Conspiracy Believer (Debnath chemtrails cluster)): 1 message(s)
[Simulation]   Tick 3/8
[Simulation]     user_haarp_hub (Geoengineering Conspiracy Believer (Debnath chemtrails cluster)): 4 message(s)
[Simulation]     user_geoengineering_hub (Geoengineering Conspiracy Believer (Debnath chemtrails cluster)): 3 message(s)
[Simulation]     user_chemtrails_hub (Geoengineering Conspiracy Believer (Debnath chemtrails cluster)): 4 message(s)
[Simulation]     user_geoengineering_amp_1 (Geoengineering Conspiracy Believer (Debnath chemtrails cluster)): 2 message(s)
[Simulation]     user_chemtrails_amp_1 (Geoengineering Conspiracy Believer (Debnath chemtrails cluster)): 1 message(s)
[Simulation]     user_haarp_amp_1 (Geoengineering Conspiracy Believer (Debnath chemtrails cluster)): 1 message(s)
[Simulation]     user_geoengineering_hub (Geoengineering Conspiracy Believer (Debnath chemtrails cluster)): 2 message(s)
[Simulation]     user_geoengineering_amp_1 (Geoengineering Conspiracy Believer (Debnath chemtrails cluster)): 2 message(s)
[Simulation]     user_srm_amp (Geoengineering Conspiracy Believer (Debnath chemtrails cluster)): 1 message(s)
[Simulation]     user_srm_amp (Geoengineering Conspiracy Believer (Debnath chemtrails cluster)): 3 message(s)
[Simulation]     user_sag_amp (Geoengineering Conspiracy Believer (Debnath chemtrails cluster)): 1 message(s)
[Simulation]     user_nexrad_amp (Geoengineering Conspiracy Believer (Debnath chemtrails cluster)): 2 message(s)
[Simulation]     user_nwo_amp (Geoengineering Conspiracy Believer (Debnath chemtrails cluster)): 2 message(s)
[Simulation]     user_nwo_peri_1 (Geoengineering Conspiracy Believer (Debnath chemtrails cluster)): 1 message(s)
[Simulation]     user_illuminati_amp (Geoengineering Conspiracy Believer (Debnath chemtrails cluster)): 2 message(s)
[Simulation]     user_srm_peri_1 (Geoengineering Conspiracy Believer (Debnath chemtrails cluster)): 2 message(s)
[Simulation]     user_gmo_amp (Geoengineering Conspiracy Believer (Debnath chemtrails cluster)): 3 message(s)
[Simulation]     user_sag_amp (Geoengineering Conspiracy Believer (Debnath chemtrails cluster)): 2 message(s)
[Simulation]     user_nexrad_amp (Geoengineering Conspiracy Believer (Debnath chemtrails cluster)): 2 message(s)
[Simulation]     user_weathermodification_amp (Geoengineering Conspiracy Believer (Debnath chemtrails cluster)): 1 message(s)
[Simulation]     user_nwo_amp (Geoengineering Conspiracy Believer (Debnath chemtrails cluster)): 3 message(s)
[Simulation]     user_nwo_peri_1 (Geoengineering Conspiracy Believer (Debnath chemtrails cluster)): 2 message(s)
[Simulation]     user_weathermodification_peri_1 (Geoengineering Conspiracy Believer (Debnath chemtrails cluster)): 1 message(s)
[Simulation]     user_illuminati_amp (Geoengineering Conspiracy Believer (Debnath chemtrails cluster)): 2 message(s)
[Simulation]     user_weatherwarfare_amp (Geoengineering Conspiracy Believer (Debnath chemtrails cluster)): 3 message(s)
[Simulation]     user_gmo_amp (Geoengineering Conspiracy Believer (Debnath chemtrails cluster)): 2 message(s)
[Simulation]     user_deepstate_amp (Geoengineering Conspiracy Believer (Debnath chemtrails cluster)): 3 message(s)
[Simulation]     user_maga_amp (Geoengineering Conspiracy Believer (Debnath chemtrails cluster)): 3 message(s)
[Simulation]     user_weathermodification_amp (Geoengineering Conspiracy Believer (Debnath chemtrails cluster)): 3 message(s)
[Simulation]     user_greatawakening_amp (Geoengineering Conspiracy Believer (Debnath chemtrails cluster)): 1 message(s)
[Simulation]     user_depopulation_amp (Geoengineering Conspiracy Believer (Debnath chemtrails cluster)): 2 message(s)
[Simulation]     user_weathermodification_peri_1 (Geoengineering Conspiracy Believer (Debnath chemtrails cluster)): 1 message(s)
[Simulation]     user_weatherwarfare_amp (Geoengineering Conspiracy Believer (Debnath chemtrails cluster)): 2 message(s)
[Simulation]     user_deepstate_amp (Geoengineering Conspiracy Believer (Debnath chemtrails cluster)): 4 message(s)
[Simulation]     user_maga_amp (Geoengineering Conspiracy Believer (Debnath chemtrails cluster)): 3 message(s)
[Simulation]     user_stopspraying_amp (Geoengineering Conspiracy Believer (Debnath chemtrails cluster)): 2 message(s)
[Simulation]     user_monsanto_amp (Geoengineering Conspiracy Believer (Debnath chemtrails cluster)): 2 message(s)
[Simulation]     user_greatawakening_amp (Geoengineering Conspiracy Believer (Debnath chemtrails cluster)): 2 message(s)
[Simulation]     user_stopspraying_amp (Geoengineering Conspiracy Believer (Debnath chemtrails cluster)): 2 message(s)
[Simulation]     user_climatejustice_hub (Geoengineering Conspiracy Believer (Debnath chemtrails cluster)): 1 message(s)
[Simulation]     user_climateaction_hub (Geoengineering Conspiracy Believer (Debnath chemtrails cluster)): 3 message(s)
[Simulation]     user_climateaction_amp_1 (Geoengineering Conspiracy Believer (Debnath chemtrails cluster)): 1 message(s)
[Simulation]     user_climatejustice_amp_1 (Geoengineering Conspiracy Believer (Debnath chemtrails cluster)): 1 message(s)
[Simulation]     user_sweden_hub (Geoengineering Conspiracy Believer (Debnath chemtrails cluster)): 1 message(s)
[Simulation]     user_sweden_peri_1 (Geoengineering Conspiracy Believer (Debnath chemtrails cluster)): 1 message(s)
[Simulation]     user_stopspraying_peri_1 (Geoengineering Conspiracy Believer (Debnath chemtrails cluster)): 2 message(s)
[Simulation]     user_scopex_hub (Geoengineering Conspiracy Believer (Debnath chemtrails cluster)): 1 message(s)
[Simulation]     user_wedonotconsent_hub (Geoengineering Conspiracy Believer (Debnath chemtrails cluster)): 1 message(s)
[Simulation]     user_monsanto_amp (Geoengineering Conspiracy Believer (Debnath chemtrails cluster)): 1 message(s)
[Simulation]     user_climatejustice_hub (Geoengineering Conspiracy Believer (Debnath chemtrails cluster)): 1 message(s)
[Simulation]     user_climateaction_hub (Geoengineering Conspiracy Believer (Debnath chemtrails cluster)): 2 message(s)
[Simulation]     user_fridaysforfuture_amp (Geoengineering Conspiracy Believer (Debnath chemtrails cluster)): 1 message(s)
[Simulation]     user_climateaction_amp_1 (Geoengineering Conspiracy Believer (Debnath chemtrails cluster)): 1 message(s)
[Simulation]     user_climatejustice_amp_1 (Geoengineering Conspiracy Believer (Debnath chemtrails cluster)): 1 message(s)
[Simulation]     user_sweden_hub (Geoengineering Conspiracy Believer (Debnath chemtrails cluster)): 1 message(s)
[Simulation]     user_cop26_amp (Geoengineering Conspiracy Believer (Debnath chemtrails cluster)): 1 message(s)
[Simulation]     user_fridaysforfuture_amp (Geoengineering Conspiracy Believer (Debnath chemtrails cluster)): 1 message(s)
[Simulation]     user_climate_amp (Geoengineering Conspiracy Believer (Debnath chemtrails cluster)): 1 message(s)
[Simulation]     user_cop26_amp (Geoengineering Conspiracy Believer (Debnath chemtrails cluster)): 1 message(s)
[Simulation]     user_actonclimate_amp (Geoengineering Conspiracy Believer (Debnath chemtrails cluster)): 1 message(s)
[Simulation]     user_climate_amp (Geoengineering Conspiracy Believer (Debnath chemtrails cluster)): 1 message(s)
[Simulation]     user_actonclimate_amp (Geoengineering Conspiracy Believer (Debnath chemtrails cluster)): 1 message(s)
[Simulation]     user_netzero_amp (Geoengineering Conspiracy Believer (Debnath chemtrails cluster)): 1 message(s)
[Simulation]     user_mitigation_amp (Geoengineering Conspiracy Believer (Debnath chemtrails cluster)): 1 message(s)
[Simulation]     user_netzero_amp (Geoengineering Conspiracy Believer (Debnath chemtrails cluster)): 1 message(s)
[Simulation]     user_usa_amp (Geoengineering Conspiracy Believer (Debnath chemtrails cluster)): 2 message(s)
[Simulation]     user_stratosphere_amp (Geoengineering Conspiracy Believer (Debnath chemtrails cluster)): 1 message(s)
[Simulation]     user_uk_amp (Geoengineering Conspiracy Believer (Debnath chemtrails cluster)): 2 message(s)
[Simulation]     user_india_amp (Geoengineering Conspiracy Believer (Debnath chemtrails cluster)): 2 message(s)
[Simulation]     user_ozone_hub (Geoengineering Conspiracy Believer (Debnath chemtrails cluster)): 1 message(s)
[Simulation]     user_sai_amp (Geoengineering Conspiracy Believer (Debnath chemtrails cluster)): 1 message(s)
[Simulation]     user_airpollution_amp (Geoengineering Conspiracy Believer (Debnath chemtrails cluster)): 1 message(s)
[Simulation]     user_publichealth_peri_1 (Geoengineering Conspiracy Believer (Debnath chemtrails cluster)): 1 message(s)
[Simulation]     user_climateaction_piggyback_amp (Geoengineering Conspiracy Believer (Debnath chemtrails cluster)): 1 message(s)
[Simulation]     user_mitigation_amp (Geoengineering Conspiracy Believer (Debnath chemtrails cluster)): 1 message(s)
[Simulation]     user_usa_amp (Geoengineering Conspiracy Believer (Debnath chemtrails cluster)): 1 message(s)
[Simulation]     user_climateaction_piggyback_peri_1 (Geoengineering Conspiracy Believer (Debnath chemtrails cluster)): 1 message(s)
[Simulation]     user_chemtrails_peri_3 (Geoengineering Conspiracy Believer (Debnath chemtrails cluster)): 1 message(s)
[Simulation]     user_uk_amp (Geoengineering Conspiracy Believer (Debnath chemtrails cluster)): 1 message(s)
[Simulation]   Tick 4/8
[Simulation]     user_haarp_hub (Geoengineering Conspiracy Believer (Debnath chemtrails cluster)): 4 message(s)
[Simulation]     user_india_amp (Geoengineering Conspiracy Believer (Debnath chemtrails cluster)): 3 message(s)
[Simulation]     user_climateaction_piggyback_amp (Geoengineering Conspiracy Believer (Debnath chemtrails cluster)): 2 message(s)
[Simulation]     user_climateaction_piggyback_peri_1 (Geoengineering Conspiracy Believer (Debnath chemtrails cluster)): 1 message(s)
[Simulation]     user_chemtrails_amp_2 (Geoengineering Conspiracy Believer (Debnath chemtrails cluster)): 1 message(s)
[Simulation]     user_chemtrails_peri_3 (Geoengineering Conspiracy Believer (Debnath chemtrails cluster)): 1 message(s)
[Simulation]   Tick 4/8
[Simulation]     user_haarp_hub (Geoengineering Conspiracy Believer (Debnath chemtrails cluster)): 4 message(s)
[Simulation]     user_chemtrails_hub (Geoengineering Conspiracy Believer (Debnath chemtrails cluster)): 4 message(s)
[Simulation]     user_chemtrails_amp_1 (Geoengineering Conspiracy Believer (Debnath chemtrails cluster)): 4 message(s)
[Simulation]     user_haarp_amp_1 (Geoengineering Conspiracy Believer (Debnath chemtrails cluster)): 4 message(s)
[Simulation]     user_chemtrails_hub (Geoengineering Conspiracy Believer (Debnath chemtrails cluster)): 4 message(s)
[Simulation]     user_chemtrails_amp_1 (Geoengineering Conspiracy Believer (Debnath chemtrails cluster)): 4 message(s)
[Simulation]     user_geoengineering_hub (Geoengineering Conspiracy Believer (Debnath chemtrails cluster)): 4 message(s)
[Simulation]     user_geoengineering_amp_1 (Geoengineering Conspiracy Believer (Debnath chemtrails cluster)): 4 message(s)
[Simulation]     user_haarp_amp_1 (Geoengineering Conspiracy Believer (Debnath chemtrails cluster)): 4 message(s)
[Simulation]     user_srm_amp (Geoengineering Conspiracy Believer (Debnath chemtrails cluster)): 4 message(s)
[Simulation]     user_geoengineering_hub (Geoengineering Conspiracy Believer (Debnath chemtrails cluster)): 4 message(s)
[Simulation]     user_srm_peri_1 (Geoengineering Conspiracy Believer (Debnath chemtrails cluster)): 4 message(s)
[Simulation]     user_geoengineering_amp_1 (Geoengineering Conspiracy Believer (Debnath chemtrails cluster)): 4 message(s)
[Simulation]     user_srm_amp (Geoengineering Conspiracy Believer (Debnath chemtrails cluster)): 4 message(s)
[Simulation]     user_sag_amp (Geoengineering Conspiracy Believer (Debnath chemtrails cluster)): 4 message(s)
[Simulation]     user_srm_peri_1 (Geoengineering Conspiracy Believer (Debnath chemtrails cluster)): 4 message(s)
[Simulation]     user_sag_amp (Geoengineering Conspiracy Believer (Debnath chemtrails cluster)): 4 message(s)
[Simulation]     user_nexrad_amp (Geoengineering Conspiracy Believer (Debnath chemtrails cluster)): 4 message(s)
[Simulation]     user_nwo_amp (Geoengineering Conspiracy Believer (Debnath chemtrails cluster)): 4 message(s)
[Simulation]     user_nexrad_amp (Geoengineering Conspiracy Believer (Debnath chemtrails cluster)): 4 message(s)
[Simulation]     user_nwo_peri_1 (Geoengineering Conspiracy Believer (Debnath chemtrails cluster)): 4 message(s)
[Simulation]     user_illuminati_amp (Geoengineering Conspiracy Believer (Debnath chemtrails cluster)): 4 message(s)
[Simulation]     user_nwo_amp (Geoengineering Conspiracy Believer (Debnath chemtrails cluster)): 4 message(s)
[Simulation]     user_gmo_amp (Geoengineering Conspiracy Believer (Debnath chemtrails cluster)): 4 message(s)
[Simulation]     user_nwo_peri_1 (Geoengineering Conspiracy Believer (Debnath chemtrails cluster)): 4 message(s)
[Simulation]     user_illuminati_amp (Geoengineering Conspiracy Believer (Debnath chemtrails cluster)): 4 message(s)
[Simulation]     user_weathermodification_amp (Geoengineering Conspiracy Believer (Debnath chemtrails cluster)): 4 message(s)
[Simulation]     user_gmo_amp (Geoengineering Conspiracy Believer (Debnath chemtrails cluster)): 4 message(s)
[Simulation]     user_weathermodification_amp (Geoengineering Conspiracy Believer (Debnath chemtrails cluster)): 4 message(s)
[Simulation]     user_weathermodification_peri_1 (Geoengineering Conspiracy Believer (Debnath chemtrails cluster)): 4 message(s)
[Simulation]     user_weathermodification_peri_1 (Geoengineering Conspiracy Believer (Debnath chemtrails cluster)): 4 message(s)
[Simulation]     user_weatherwarfare_amp (Geoengineering Conspiracy Believer (Debnath chemtrails cluster)): 4 message(s)
[Simulation]     user_weatherwarfare_amp (Geoengineering Conspiracy Believer (Debnath chemtrails cluster)): 4 message(s)
[Simulation]     user_deepstate_amp (Geoengineering Conspiracy Believer (Debnath chemtrails cluster)): 4 message(s)
[Simulation]     user_deepstate_amp (Geoengineering Conspiracy Believer (Debnath chemtrails cluster)): 4 message(s)
[Simulation]     user_maga_amp (Geoengineering Conspiracy Believer (Debnath chemtrails cluster)): 4 message(s)
[Simulation]     user_maga_amp (Geoengineering Conspiracy Believer (Debnath chemtrails cluster)): 4 message(s)
[Simulation]     user_greatawakening_amp (Geoengineering Conspiracy Believer (Debnath chemtrails cluster)): 4 message(s)
[Simulation]     user_greatawakening_amp (Geoengineering Conspiracy Believer (Debnath chemtrails cluster)): 4 message(s)
[Simulation]     user_depopulation_amp (Geoengineering Conspiracy Believer (Debnath chemtrails cluster)): 4 message(s)
[Simulation]     user_depopulation_amp (Geoengineering Conspiracy Believer (Debnath chemtrails cluster)): 4 message(s)
[Simulation]     user_stopspraying_amp (Geoengineering Conspiracy Believer (Debnath chemtrails cluster)): 4 message(s)
[Simulation]     user_stopspraying_amp (Geoengineering Conspiracy Believer (Debnath chemtrails cluster)): 4 message(s)
[Simulation]     user_stopspraying_peri_1 (Geoengineering Conspiracy Believer (Debnath chemtrails cluster)): 4 message(s)
[Simulation]     user_stopspraying_peri_1 (Geoengineering Conspiracy Believer (Debnath chemtrails cluster)): 4 message(s)
[Simulation]     user_monsanto_amp (Geoengineering Conspiracy Believer (Debnath chemtrails cluster)): 4 message(s)
[Simulation]     user_monsanto_amp (Geoengineering Conspiracy Believer (Debnath chemtrails cluster)): 4 message(s)
[Simulation]     user_climatejustice_hub (Geoengineering Conspiracy Believer (Debnath chemtrails cluster)): 4 message(s)
[Simulation]     user_climatejustice_hub (Geoengineering Conspiracy Believer (Debnath chemtrails cluster)): 4 message(s)
[Simulation]     user_climateaction_hub (Geoengineering Conspiracy Believer (Debnath chemtrails cluster)): 4 message(s)
[Simulation]     user_climateaction_hub (Geoengineering Conspiracy Believer (Debnath chemtrails cluster)): 4 message(s)
[Simulation]     user_climateaction_amp_1 (Geoengineering Conspiracy Believer (Debnath chemtrails cluster)): 1 message(s)
[Simulation]     user_climatejustice_amp_1 (Geoengineering Conspiracy Believer (Debnath chemtrails cluster)): 1 message(s)
[Simulation]     user_sweden_hub (Geoengineering Conspiracy Believer (Debnath chemtrails cluster)): 4 message(s)
[Simulation]     user_climateaction_amp_1 (Geoengineering Conspiracy Believer (Debnath chemtrails cluster)): 2 message(s)
[Simulation]     user_sweden_peri_1 (Geoengineering Conspiracy Believer (Debnath chemtrails cluster)): 1 message(s)
[Simulation]     user_scopex_hub (Geoengineering Conspiracy Believer (Debnath chemtrails cluster)): 3 message(s)
[Simulation]     user_scopex_peri_1 (Geoengineering Conspiracy Believer (Debnath chemtrails cluster)): 2 message(s)
[Simulation]     user_wedonotconsent_hub (Geoengineering Conspiracy Believer (Debnath chemtrails cluster)): 3 message(s)
[Simulation]     user_climatejustice_amp_1 (Geoengineering Conspiracy Believer (Debnath chemtrails cluster)): 2 message(s)
[Simulation]     user_sweden_hub (Geoengineering Conspiracy Believer (Debnath chemtrails cluster)): 4 message(s)
[Simulation]     user_wedonotconsent_amp_1 (Geoengineering Conspiracy Believer (Debnath chemtrails cluster)): 1 message(s)
[Simulation]     user_sweden_peri_1 (Geoengineering Conspiracy Believer (Debnath chemtrails cluster)): 1 message(s)
[Simulation]     user_fridaysforfuture_amp (Geoengineering Conspiracy Believer (Debnath chemtrails cluster)): 2 message(s)
[Simulation]     user_cop26_amp (Geoengineering Conspiracy Believer (Debnath chemtrails cluster)): 3 message(s)
[Simulation]     user_scopex_hub (Geoengineering Conspiracy Believer (Debnath chemtrails cluster)): 1 message(s)
[Simulation]     user_wedonotconsent_hub (Geoengineering Conspiracy Believer (Debnath chemtrails cluster)): 2 message(s)
[Simulation]     user_fridaysforfuture_amp (Geoengineering Conspiracy Believer (Debnath chemtrails cluster)): 3 message(s)
[Simulation]     user_climate_amp (Geoengineering Conspiracy Believer (Debnath chemtrails cluster)): 1 message(s)
[Simulation]     user_ipcc_amp (Geoengineering Conspiracy Believer (Debnath chemtrails cluster)): 3 message(s)
[Simulation]     user_actonclimate_amp (Geoengineering Conspiracy Believer (Debnath chemtrails cluster)): 2 message(s)
[Simulation]     user_netzero_amp (Geoengineering Conspiracy Believer (Debnath chemtrails cluster)): 2 message(s)
[Simulation]     user_ozone_hub (Geoengineering Conspiracy Believer (Debnath chemtrails cluster)): 4 message(s)
[Simulation]     user_cop26_amp (Geoengineering Conspiracy Believer (Debnath chemtrails cluster)): 3 message(s)
[Simulation]     user_ozone_peri_1 (Geoengineering Conspiracy Believer (Debnath chemtrails cluster)): 1 message(s)
[Simulation]     user_climate_amp (Geoengineering Conspiracy Believer (Debnath chemtrails cluster)): 2 message(s)
[Simulation]     user_sai_amp (Geoengineering Conspiracy Believer (Debnath chemtrails cluster)): 1 message(s)
[Simulation]     user_ipcc_amp (Geoengineering Conspiracy Believer (Debnath chemtrails cluster)): 3 message(s)
[Simulation]     user_publichealth_amp (Geoengineering Conspiracy Believer (Debnath chemtrails cluster)): 3 message(s)
[Simulation]     user_mitigation_amp (Geoengineering Conspiracy Believer (Debnath chemtrails cluster)): 1 message(s)
[Simulation]     user_actonclimate_amp (Geoengineering Conspiracy Believer (Debnath chemtrails cluster)): 3 message(s)
[Simulation]     user_usa_amp (Geoengineering Conspiracy Believer (Debnath chemtrails cluster)): 4 message(s)
[Simulation]     user_netzero_amp (Geoengineering Conspiracy Believer (Debnath chemtrails cluster)): 2 message(s)
[Simulation]     user_stratosphere_amp (Geoengineering Conspiracy Believer (Debnath chemtrails cluster)): 2 message(s)
[Simulation]     user_uk_amp (Geoengineering Conspiracy Believer (Debnath chemtrails cluster)): 4 message(s)
[Simulation]     user_ozone_hub (Geoengineering Conspiracy Believer (Debnath chemtrails cluster)): 4 message(s)
[Simulation]     user_india_amp (Geoengineering Conspiracy Believer (Debnath chemtrails cluster)): 4 message(s)
[Simulation]     user_ozone_peri_1 (Geoengineering Conspiracy Believer (Debnath chemtrails cluster)): 2 message(s)
[Simulation]     user_climateaction_piggyback_amp (Geoengineering Conspiracy Believer (Debnath chemtrails cluster)): 4 message(s)
[Simulation]     user_climateaction_piggyback_peri_1 (Geoengineering Conspiracy Believer (Debnath chemtrails cluster)): 1 message(s)
[Simulation]     user_chemtrails_amp_2 (Geoengineering Conspiracy Believer (Debnath chemtrails cluster)): 4 message(s)
[Simulation]     user_sai_amp (Geoengineering Conspiracy Believer (Debnath chemtrails cluster)): 4 message(s)
[Simulation]     user_biodiversity_hub (Geoengineering Conspiracy Believer (Debnath chemtrails cluster)): 1 message(s)
[Simulation]     user_chemtrails_peri_3 (Geoengineering Conspiracy Believer (Debnath chemtrails cluster)): 4 message(s)
[Simulation]     user_publichealth_amp (Geoengineering Conspiracy Believer (Debnath chemtrails cluster)): 3 message(s)
[Simulation]   Tick 5/8
[Simulation]     user_haarp_hub (Geoengineering Conspiracy Believer (Debnath chemtrails cluster)): 4 message(s)
[Simulation]     user_environment_amp (Geoengineering Conspiracy Believer (Debnath chemtrails cluster)): 1 message(s)
[Simulation]     user_mitigation_amp (Geoengineering Conspiracy Believer (Debnath chemtrails cluster)): 3 message(s)
[Simulation]     user_usa_amp (Geoengineering Conspiracy Believer (Debnath chemtrails cluster)): 4 message(s)
[Simulation]     user_chemtrails_hub (Geoengineering Conspiracy Believer (Debnath chemtrails cluster)): 4 message(s)
[Simulation]     user_uk_amp (Geoengineering Conspiracy Believer (Debnath chemtrails cluster)): 4 message(s)
[Simulation]     user_chemtrails_amp_1 (Geoengineering Conspiracy Believer (Debnath chemtrails cluster)): 4 message(s)
[Simulation]     user_india_amp (Geoengineering Conspiracy Believer (Debnath chemtrails cluster)): 4 message(s)
[Simulation]     user_haarp_amp_1 (Geoengineering Conspiracy Believer (Debnath chemtrails cluster)): 4 message(s)
[Simulation]     user_climateaction_piggyback_amp (Geoengineering Conspiracy Believer (Debnath chemtrails cluster)): 4 message(s)
[Simulation]     user_geoengineering_hub (Geoengineering Conspiracy Believer (Debnath chemtrails cluster)): 4 message(s)
[Simulation]     user_geoengineering_amp_1 (Geoengineering Conspiracy Believer (Debnath chemtrails cluster)): 4 message(s)
[Simulation]     user_climateaction_piggyback_peri_1 (Geoengineering Conspiracy Believer (Debnath chemtrails cluster)): 1 message(s)
[Simulation]     user_chemtrails_amp_2 (Geoengineering Conspiracy Believer (Debnath chemtrails cluster)): 4 message(s)
[Simulation]     user_srm_amp (Geoengineering Conspiracy Believer (Debnath chemtrails cluster)): 4 message(s)
[Simulation]     user_chemtrails_peri_3 (Geoengineering Conspiracy Believer (Debnath chemtrails cluster)): 4 message(s)
[Simulation]     user_srm_peri_1 (Geoengineering Conspiracy Believer (Debnath chemtrails cluster)): 4 message(s)
[Simulation]   Tick 5/8
[Simulation]     user_haarp_hub (Geoengineering Conspiracy Believer (Debnath chemtrails cluster)): 4 message(s)
[Simulation]     user_chemtrails_hub (Geoengineering Conspiracy Believer (Debnath chemtrails cluster)): 4 message(s)
[Simulation]     user_sag_amp (Geoengineering Conspiracy Believer (Debnath chemtrails cluster)): 4 message(s)
[Simulation]     user_chemtrails_amp_1 (Geoengineering Conspiracy Believer (Debnath chemtrails cluster)): 4 message(s)
[Simulation]     user_nexrad_amp (Geoengineering Conspiracy Believer (Debnath chemtrails cluster)): 4 message(s)
[Simulation]     user_nwo_amp (Geoengineering Conspiracy Believer (Debnath chemtrails cluster)): 4 message(s)
[Simulation]     user_haarp_amp_1 (Geoengineering Conspiracy Believer (Debnath chemtrails cluster)): 4 message(s)
[Simulation]     user_nwo_peri_1 (Geoengineering Conspiracy Believer (Debnath chemtrails cluster)): 4 message(s)
[Simulation]     user_geoengineering_hub (Geoengineering Conspiracy Believer (Debnath chemtrails cluster)): 4 message(s)
[Simulation]     user_illuminati_amp (Geoengineering Conspiracy Believer (Debnath chemtrails cluster)): 4 message(s)
[Simulation]     user_geoengineering_amp_1 (Geoengineering Conspiracy Believer (Debnath chemtrails cluster)): 4 message(s)
[Simulation]     user_gmo_amp (Geoengineering Conspiracy Believer (Debnath chemtrails cluster)): 4 message(s)
[Simulation]     user_weathermodification_amp (Geoengineering Conspiracy Believer (Debnath chemtrails cluster)): 4 message(s)
[Simulation]     user_srm_amp (Geoengineering Conspiracy Believer (Debnath chemtrails cluster)): 4 message(s)
[Simulation]     user_srm_peri_1 (Geoengineering Conspiracy Believer (Debnath chemtrails cluster)): 4 message(s)
[Simulation]     user_weathermodification_peri_1 (Geoengineering Conspiracy Believer (Debnath chemtrails cluster)): 4 message(s)
[Simulation]     user_weatherwarfare_amp (Geoengineering Conspiracy Believer (Debnath chemtrails cluster)): 4 message(s)
[Simulation]     user_deepstate_amp (Geoengineering Conspiracy Believer (Debnath chemtrails cluster)): 4 message(s)
[Simulation]     user_maga_amp (Geoengineering Conspiracy Believer (Debnath chemtrails cluster)): 4 message(s)
[Simulation]     user_sag_amp (Geoengineering Conspiracy Believer (Debnath chemtrails cluster)): 4 message(s)
[Simulation]     user_greatawakening_amp (Geoengineering Conspiracy Believer (Debnath chemtrails cluster)): 4 message(s)
[Simulation]     user_nexrad_amp (Geoengineering Conspiracy Believer (Debnath chemtrails cluster)): 4 message(s)
[Simulation]     user_depopulation_amp (Geoengineering Conspiracy Believer (Debnath chemtrails cluster)): 4 message(s)
[Simulation]     user_nwo_amp (Geoengineering Conspiracy Believer (Debnath chemtrails cluster)): 4 message(s)
[Simulation]     user_stopspraying_amp (Geoengineering Conspiracy Believer (Debnath chemtrails cluster)): 4 message(s)
[Simulation]     user_nwo_peri_1 (Geoengineering Conspiracy Believer (Debnath chemtrails cluster)): 4 message(s)
[Simulation]     user_stopspraying_peri_1 (Geoengineering Conspiracy Believer (Debnath chemtrails cluster)): 4 message(s)
[Simulation]     user_monsanto_amp (Geoengineering Conspiracy Believer (Debnath chemtrails cluster)): 4 message(s)
[Simulation]     user_illuminati_amp (Geoengineering Conspiracy Believer (Debnath chemtrails cluster)): 4 message(s)
[Simulation]     user_gmo_amp (Geoengineering Conspiracy Believer (Debnath chemtrails cluster)): 4 message(s)
[Simulation]     user_climatejustice_hub (Geoengineering Conspiracy Believer (Debnath chemtrails cluster)): 4 message(s)
[Simulation]     user_climateaction_hub (Geoengineering Conspiracy Believer (Debnath chemtrails cluster)): 4 message(s)
[Simulation]     user_weathermodification_amp (Geoengineering Conspiracy Believer (Debnath chemtrails cluster)): 4 message(s)
[Simulation]     user_weathermodification_peri_1 (Geoengineering Conspiracy Believer (Debnath chemtrails cluster)): 4 message(s)
[Simulation]     user_weatherwarfare_amp (Geoengineering Conspiracy Believer (Debnath chemtrails cluster)): 4 message(s)
[Simulation]     user_deepstate_amp (Geoengineering Conspiracy Believer (Debnath chemtrails cluster)): 4 message(s)
[Simulation]     user_climateaction_amp_1 (Geoengineering Conspiracy Believer (Debnath chemtrails cluster)): 4 message(s)
[Simulation]     user_maga_amp (Geoengineering Conspiracy Believer (Debnath chemtrails cluster)): 4 message(s)
[Simulation]     user_greatawakening_amp (Geoengineering Conspiracy Believer (Debnath chemtrails cluster)): 4 message(s)
[Simulation]     user_depopulation_amp (Geoengineering Conspiracy Believer (Debnath chemtrails cluster)): 4 message(s)
[Simulation]     user_climatejustice_amp_1 (Geoengineering Conspiracy Believer (Debnath chemtrails cluster)): 4 message(s)
[Simulation]     user_sweden_hub (Geoengineering Conspiracy Believer (Debnath chemtrails cluster)): 4 message(s)
[Simulation]     user_stopspraying_amp (Geoengineering Conspiracy Believer (Debnath chemtrails cluster)): 4 message(s)
[Simulation]     user_sweden_peri_1 (Geoengineering Conspiracy Believer (Debnath chemtrails cluster)): 4 message(s)
[Simulation]     user_scopex_hub (Geoengineering Conspiracy Believer (Debnath chemtrails cluster)): 4 message(s)
[Simulation]     user_scopex_peri_1 (Geoengineering Conspiracy Believer (Debnath chemtrails cluster)): 3 message(s)
[Simulation]     user_stopspraying_peri_1 (Geoengineering Conspiracy Believer (Debnath chemtrails cluster)): 4 message(s)
[Simulation]     user_wedonotconsent_hub (Geoengineering Conspiracy Believer (Debnath chemtrails cluster)): 4 message(s)
[Simulation]     user_wedonotconsent_amp_1 (Geoengineering Conspiracy Believer (Debnath chemtrails cluster)): 4 message(s)
[Simulation]     user_fridaysforfuture_amp (Geoengineering Conspiracy Believer (Debnath chemtrails cluster)): 4 message(s)
[Simulation]     user_monsanto_amp (Geoengineering Conspiracy Believer (Debnath chemtrails cluster)): 4 message(s)
[Simulation]     user_cop26_amp (Geoengineering Conspiracy Believer (Debnath chemtrails cluster)): 4 message(s)
[Simulation]     user_climatejustice_hub (Geoengineering Conspiracy Believer (Debnath chemtrails cluster)): 4 message(s)
[Simulation]     user_climate_amp (Geoengineering Conspiracy Believer (Debnath chemtrails cluster)): 4 message(s)
[Simulation]     user_climateaction_hub (Geoengineering Conspiracy Believer (Debnath chemtrails cluster)): 4 message(s)
[Simulation]     user_climateaction_amp_1 (Geoengineering Conspiracy Believer (Debnath chemtrails cluster)): 4 message(s)
[Simulation]     user_ipcc_amp (Geoengineering Conspiracy Believer (Debnath chemtrails cluster)): 3 message(s)
[Simulation]     user_actonclimate_amp (Geoengineering Conspiracy Believer (Debnath chemtrails cluster)): 4 message(s)
[Simulation]     user_climatejustice_amp_1 (Geoengineering Conspiracy Believer (Debnath chemtrails cluster)): 4 message(s)
[Simulation]     user_netzero_amp (Geoengineering Conspiracy Believer (Debnath chemtrails cluster)): 4 message(s)
[Simulation]     user_sweden_hub (Geoengineering Conspiracy Believer (Debnath chemtrails cluster)): 4 message(s)
[Simulation]     user_sweden_peri_1 (Geoengineering Conspiracy Believer (Debnath chemtrails cluster)): 2 message(s)
[Simulation]     user_scopex_hub (Geoengineering Conspiracy Believer (Debnath chemtrails cluster)): 4 message(s)
[Simulation]     user_scopex_peri_1 (Geoengineering Conspiracy Believer (Debnath chemtrails cluster)): 2 message(s)
[Simulation]     user_wedonotconsent_hub (Geoengineering Conspiracy Believer (Debnath chemtrails cluster)): 4 message(s)
[Simulation]     user_stratosphere_amp (Geoengineering Conspiracy Believer (Debnath chemtrails cluster)): 4 message(s)
[Simulation]     user_wedonotconsent_amp_1 (Geoengineering Conspiracy Believer (Debnath chemtrails cluster)): 3 message(s)
[Simulation]     user_ozone_hub (Geoengineering Conspiracy Believer (Debnath chemtrails cluster)): 4 message(s)
[Simulation]     user_fridaysforfuture_amp (Geoengineering Conspiracy Believer (Debnath chemtrails cluster)): 4 message(s)
[Simulation]     user_cop26_amp (Geoengineering Conspiracy Believer (Debnath chemtrails cluster)): 4 message(s)
[Simulation]     user_ozone_peri_1 (Geoengineering Conspiracy Believer (Debnath chemtrails cluster)): 4 message(s)
[Simulation]     user_climate_amp (Geoengineering Conspiracy Believer (Debnath chemtrails cluster)): 4 message(s)
[Simulation]     user_sai_amp (Geoengineering Conspiracy Believer (Debnath chemtrails cluster)): 4 message(s)
[Simulation]     user_ipcc_amp (Geoengineering Conspiracy Believer (Debnath chemtrails cluster)): 4 message(s)
[Simulation]     user_biodiversity_hub (Geoengineering Conspiracy Believer (Debnath chemtrails cluster)): 4 message(s)
[Simulation]     user_actonclimate_amp (Geoengineering Conspiracy Believer (Debnath chemtrails cluster)): 4 message(s)
[Simulation]     user_biodiversity_peri_1 (Geoengineering Conspiracy Believer (Debnath chemtrails cluster)): 1 message(s)
[Simulation]     user_publichealth_amp (Geoengineering Conspiracy Believer (Debnath chemtrails cluster)): 3 message(s)
[Simulation]     user_netzero_amp (Geoengineering Conspiracy Believer (Debnath chemtrails cluster)): 4 message(s)
[Simulation]     user_airpollution_amp (Geoengineering Conspiracy Believer (Debnath chemtrails cluster)): 2 message(s)
[Simulation]     user_publichealth_peri_1 (Geoengineering Conspiracy Believer (Debnath chemtrails cluster)): 2 message(s)
[Simulation]     user_stratosphere_amp (Geoengineering Conspiracy Believer (Debnath chemtrails cluster)): 4 message(s)
[Simulation]     user_environment_amp (Geoengineering Conspiracy Believer (Debnath chemtrails cluster)): 3 message(s)
[Simulation]     user_mitigation_amp (Geoengineering Conspiracy Believer (Debnath chemtrails cluster)): 4 message(s)
[Simulation]     user_ozone_hub (Geoengineering Conspiracy Believer (Debnath chemtrails cluster)): 4 message(s)
[Simulation]     user_usa_amp (Geoengineering Conspiracy Believer (Debnath chemtrails cluster)): 4 message(s)
[Simulation]     user_ozone_peri_1 (Geoengineering Conspiracy Believer (Debnath chemtrails cluster)): 4 message(s)
[Simulation]     user_uk_amp (Geoengineering Conspiracy Believer (Debnath chemtrails cluster)): 4 message(s)
[Simulation]     user_sai_amp (Geoengineering Conspiracy Believer (Debnath chemtrails cluster)): 4 message(s)
[Simulation]     user_india_amp (Geoengineering Conspiracy Believer (Debnath chemtrails cluster)): 4 message(s)
[Simulation]     user_ecology_amp (Geoengineering Conspiracy Believer (Debnath chemtrails cluster)): 1 message(s)
[Simulation]     user_climateaction_piggyback_amp (Geoengineering Conspiracy Believer (Debnath chemtrails cluster)): 4 message(s)
[Simulation]     user_biodiversity_hub (Geoengineering Conspiracy Believer (Debnath chemtrails cluster)): 4 message(s)
[Simulation]     user_climateaction_piggyback_peri_1 (Geoengineering Conspiracy Believer (Debnath chemtrails cluster)): 4 message(s)
[Simulation]     user_biodiversity_peri_1 (Geoengineering Conspiracy Believer (Debnath chemtrails cluster)): 3 message(s)
[Simulation]     user_chemtrails_amp_2 (Geoengineering Conspiracy Believer (Debnath chemtrails cluster)): 4 message(s)
[Simulation]     user_foodsecurity_amp (Geoengineering Conspiracy Believer (Debnath chemtrails cluster)): 1 message(s)
[Simulation]     user_publichealth_amp (Geoengineering Conspiracy Believer (Debnath chemtrails cluster)): 4 message(s)
[Simulation]     user_airpollution_amp (Geoengineering Conspiracy Believer (Debnath chemtrails cluster)): 3 message(s)
[Simulation]     user_chemtrails_peri_3 (Geoengineering Conspiracy Believer (Debnath chemtrails cluster)): 4 message(s)
[Simulation]   Tick 6/8
[Simulation]     user_haarp_hub (Geoengineering Conspiracy Believer (Debnath chemtrails cluster)): 4 message(s)
[Simulation]     user_publichealth_peri_1 (Geoengineering Conspiracy Believer (Debnath chemtrails cluster)): 3 message(s)
[Simulation]     user_environment_amp (Geoengineering Conspiracy Believer (Debnath chemtrails cluster)): 3 message(s)
[Simulation]     user_mitigation_amp (Geoengineering Conspiracy Believer (Debnath chemtrails cluster)): 4 message(s)
[Simulation]     user_chemtrails_hub (Geoengineering Conspiracy Believer (Debnath chemtrails cluster)): 4 message(s)
[Simulation]     user_chemtrails_amp_1 (Geoengineering Conspiracy Believer (Debnath chemtrails cluster)): 4 message(s)
[Simulation]     user_usa_amp (Geoengineering Conspiracy Believer (Debnath chemtrails cluster)): 4 message(s)
[Simulation]     user_uk_amp (Geoengineering Conspiracy Believer (Debnath chemtrails cluster)): 4 message(s)
[Simulation]     user_haarp_amp_1 (Geoengineering Conspiracy Believer (Debnath chemtrails cluster)): 4 message(s)
[Simulation]     user_india_amp (Geoengineering Conspiracy Believer (Debnath chemtrails cluster)): 4 message(s)
[Simulation]     user_climateaction_piggyback_amp (Geoengineering Conspiracy Believer (Debnath chemtrails cluster)): 4 message(s)
[Simulation]     user_climateaction_piggyback_peri_1 (Geoengineering Conspiracy Believer (Debnath chemtrails cluster)): 4 message(s)
[Simulation]     user_chemtrails_amp_2 (Geoengineering Conspiracy Believer (Debnath chemtrails cluster)): 4 message(s)
[Simulation]     user_geoengineering_hub (Geoengineering Conspiracy Believer (Debnath chemtrails cluster)): 4 message(s)
[Simulation]     user_geoengineering_amp_1 (Geoengineering Conspiracy Believer (Debnath chemtrails cluster)): 4 message(s)
[Simulation]     user_chemtrails_peri_3 (Geoengineering Conspiracy Believer (Debnath chemtrails cluster)): 4 message(s)
[Simulation]     user_srm_amp (Geoengineering Conspiracy Believer (Debnath chemtrails cluster)): 4 message(s)
[Simulation]   Tick 6/8
[Simulation]     user_haarp_hub (Geoengineering Conspiracy Believer (Debnath chemtrails cluster)): 4 message(s)
[Simulation]     user_srm_peri_1 (Geoengineering Conspiracy Believer (Debnath chemtrails cluster)): 4 message(s)
[Simulation]     user_sag_amp (Geoengineering Conspiracy Believer (Debnath chemtrails cluster)): 4 message(s)
[Simulation]     user_chemtrails_hub (Geoengineering Conspiracy Believer (Debnath chemtrails cluster)): 4 message(s)
[Simulation]     user_nexrad_amp (Geoengineering Conspiracy Believer (Debnath chemtrails cluster)): 4 message(s)
[Simulation]     user_chemtrails_amp_1 (Geoengineering Conspiracy Believer (Debnath chemtrails cluster)): 4 message(s)
[Simulation]     user_nwo_amp (Geoengineering Conspiracy Believer (Debnath chemtrails cluster)): 4 message(s)
[Simulation]     user_nwo_peri_1 (Geoengineering Conspiracy Believer (Debnath chemtrails cluster)): 4 message(s)
[Simulation]     user_haarp_amp_1 (Geoengineering Conspiracy Believer (Debnath chemtrails cluster)): 4 message(s)
[Simulation]     user_illuminati_amp (Geoengineering Conspiracy Believer (Debnath chemtrails cluster)): 4 message(s)
[Simulation]     user_gmo_amp (Geoengineering Conspiracy Believer (Debnath chemtrails cluster)): 4 message(s)
[Simulation]     user_geoengineering_hub (Geoengineering Conspiracy Believer (Debnath chemtrails cluster)): 4 message(s)
[Simulation]     user_weathermodification_amp (Geoengineering Conspiracy Believer (Debnath chemtrails cluster)): 4 message(s)
[Simulation]     user_geoengineering_amp_1 (Geoengineering Conspiracy Believer (Debnath chemtrails cluster)): 4 message(s)
[Simulation]     user_weathermodification_peri_1 (Geoengineering Conspiracy Believer (Debnath chemtrails cluster)): 4 message(s)
[Simulation]     user_weatherwarfare_amp (Geoengineering Conspiracy Believer (Debnath chemtrails cluster)): 4 message(s)
[Simulation]     user_srm_amp (Geoengineering Conspiracy Believer (Debnath chemtrails cluster)): 4 message(s)
[Simulation]     user_srm_peri_1 (Geoengineering Conspiracy Believer (Debnath chemtrails cluster)): 4 message(s)
[Simulation]     user_deepstate_amp (Geoengineering Conspiracy Believer (Debnath chemtrails cluster)): 4 message(s)
[Simulation]     user_sag_amp (Geoengineering Conspiracy Believer (Debnath chemtrails cluster)): 4 message(s)
[Simulation]     user_maga_amp (Geoengineering Conspiracy Believer (Debnath chemtrails cluster)): 4 message(s)
[Simulation]     user_nexrad_amp (Geoengineering Conspiracy Believer (Debnath chemtrails cluster)): 4 message(s)
[Simulation]     user_greatawakening_amp (Geoengineering Conspiracy Believer (Debnath chemtrails cluster)): 4 message(s)
[Simulation]     user_nwo_amp (Geoengineering Conspiracy Believer (Debnath chemtrails cluster)): 4 message(s)
[Simulation]     user_depopulation_amp (Geoengineering Conspiracy Believer (Debnath chemtrails cluster)): 4 message(s)
[Simulation]     user_stopspraying_amp (Geoengineering Conspiracy Believer (Debnath chemtrails cluster)): 4 message(s)
[Simulation]     user_stopspraying_peri_1 (Geoengineering Conspiracy Believer (Debnath chemtrails cluster)): 4 message(s)
[Simulation]     user_nwo_peri_1 (Geoengineering Conspiracy Believer (Debnath chemtrails cluster)): 4 message(s)
[Simulation]     user_monsanto_amp (Geoengineering Conspiracy Believer (Debnath chemtrails cluster)): 4 message(s)
[Simulation]     user_illuminati_amp (Geoengineering Conspiracy Believer (Debnath chemtrails cluster)): 4 message(s)
[Simulation]     user_climatejustice_hub (Geoengineering Conspiracy Believer (Debnath chemtrails cluster)): 4 message(s)
[Simulation]     user_gmo_amp (Geoengineering Conspiracy Believer (Debnath chemtrails cluster)): 4 message(s)
[Simulation]     user_climateaction_hub (Geoengineering Conspiracy Believer (Debnath chemtrails cluster)): 4 message(s)
[Simulation]     user_weathermodification_amp (Geoengineering Conspiracy Believer (Debnath chemtrails cluster)): 4 message(s)
[Simulation]     user_weathermodification_peri_1 (Geoengineering Conspiracy Believer (Debnath chemtrails cluster)): 4 message(s)
[Simulation]     user_climateaction_amp_1 (Geoengineering Conspiracy Believer (Debnath chemtrails cluster)): 4 message(s)
[Simulation]     user_weatherwarfare_amp (Geoengineering Conspiracy Believer (Debnath chemtrails cluster)): 4 message(s)
[Simulation]     user_climatejustice_amp_1 (Geoengineering Conspiracy Believer (Debnath chemtrails cluster)): 4 message(s)
[Simulation]     user_deepstate_amp (Geoengineering Conspiracy Believer (Debnath chemtrails cluster)): 4 message(s)
[Simulation]     user_maga_amp (Geoengineering Conspiracy Believer (Debnath chemtrails cluster)): 4 message(s)
[Simulation]     user_sweden_hub (Geoengineering Conspiracy Believer (Debnath chemtrails cluster)): 4 message(s)
[Simulation]     user_greatawakening_amp (Geoengineering Conspiracy Believer (Debnath chemtrails cluster)): 4 message(s)
[Simulation]     user_sweden_peri_1 (Geoengineering Conspiracy Believer (Debnath chemtrails cluster)): 4 message(s)
[Simulation]     user_depopulation_amp (Geoengineering Conspiracy Believer (Debnath chemtrails cluster)): 4 message(s)
[Simulation]     user_stopspraying_amp (Geoengineering Conspiracy Believer (Debnath chemtrails cluster)): 4 message(s)
[Simulation]     user_scopex_hub (Geoengineering Conspiracy Believer (Debnath chemtrails cluster)): 4 message(s)
[Simulation]     user_stopspraying_peri_1 (Geoengineering Conspiracy Believer (Debnath chemtrails cluster)): 4 message(s)
[Simulation]     user_scopex_peri_1 (Geoengineering Conspiracy Believer (Debnath chemtrails cluster)): 4 message(s)
[Simulation]     user_wedonotconsent_hub (Geoengineering Conspiracy Believer (Debnath chemtrails cluster)): 4 message(s)
[Simulation]     user_monsanto_amp (Geoengineering Conspiracy Believer (Debnath chemtrails cluster)): 4 message(s)
[Simulation]     user_wedonotconsent_amp_1 (Geoengineering Conspiracy Believer (Debnath chemtrails cluster)): 4 message(s)
[Simulation]     user_climatejustice_hub (Geoengineering Conspiracy Believer (Debnath chemtrails cluster)): 4 message(s)
[Simulation]     user_climateaction_hub (Geoengineering Conspiracy Believer (Debnath chemtrails cluster)): 4 message(s)
[Simulation]     user_fridaysforfuture_amp (Geoengineering Conspiracy Believer (Debnath chemtrails cluster)): 4 message(s)
[Simulation]     user_cop26_amp (Geoengineering Conspiracy Believer (Debnath chemtrails cluster)): 4 message(s)
[Simulation]     user_climateaction_amp_1 (Geoengineering Conspiracy Believer (Debnath chemtrails cluster)): 4 message(s)
[Simulation]     user_climatejustice_amp_1 (Geoengineering Conspiracy Believer (Debnath chemtrails cluster)): 4 message(s)
[Simulation]     user_climate_amp (Geoengineering Conspiracy Believer (Debnath chemtrails cluster)): 4 message(s)
[Simulation]     user_sweden_hub (Geoengineering Conspiracy Believer (Debnath chemtrails cluster)): 4 message(s)
[Simulation]     user_ipcc_amp (Geoengineering Conspiracy Believer (Debnath chemtrails cluster)): 4 message(s)
[Simulation]     user_actonclimate_amp (Geoengineering Conspiracy Believer (Debnath chemtrails cluster)): 4 message(s)
[Simulation]     user_sweden_peri_1 (Geoengineering Conspiracy Believer (Debnath chemtrails cluster)): 4 message(s)
[Simulation]     user_netzero_amp (Geoengineering Conspiracy Believer (Debnath chemtrails cluster)): 4 message(s)
[Simulation]     user_stratosphere_amp (Geoengineering Conspiracy Believer (Debnath chemtrails cluster)): 4 message(s)
[Simulation]     user_scopex_hub (Geoengineering Conspiracy Believer (Debnath chemtrails cluster)): 4 message(s)
[Simulation]     user_scopex_peri_1 (Geoengineering Conspiracy Believer (Debnath chemtrails cluster)): 4 message(s)
[Simulation]     user_ozone_hub (Geoengineering Conspiracy Believer (Debnath chemtrails cluster)): 4 message(s)
[Simulation]     user_wedonotconsent_hub (Geoengineering Conspiracy Believer (Debnath chemtrails cluster)): 4 message(s)
[Simulation]     user_ozone_peri_1 (Geoengineering Conspiracy Believer (Debnath chemtrails cluster)): 4 message(s)
[Simulation]     user_wedonotconsent_amp_1 (Geoengineering Conspiracy Believer (Debnath chemtrails cluster)): 4 message(s)
[Simulation]     user_sai_amp (Geoengineering Conspiracy Believer (Debnath chemtrails cluster)): 4 message(s)
[Simulation]     user_ecology_amp (Geoengineering Conspiracy Believer (Debnath chemtrails cluster)): 3 message(s)
[Simulation]     user_biodiversity_hub (Geoengineering Conspiracy Believer (Debnath chemtrails cluster)): 4 message(s)
[Simulation]     user_fridaysforfuture_amp (Geoengineering Conspiracy Believer (Debnath chemtrails cluster)): 4 message(s)
[Simulation]     user_biodiversity_peri_1 (Geoengineering Conspiracy Believer (Debnath chemtrails cluster)): 4 message(s)
[Simulation]     user_cop26_amp (Geoengineering Conspiracy Believer (Debnath chemtrails cluster)): 4 message(s)
[Simulation]     user_foodsecurity_amp (Geoengineering Conspiracy Believer (Debnath chemtrails cluster)): 4 message(s)
[Simulation]     user_climate_amp (Geoengineering Conspiracy Believer (Debnath chemtrails cluster)): 4 message(s)
[Simulation]     user_publichealth_amp (Geoengineering Conspiracy Believer (Debnath chemtrails cluster)): 4 message(s)
[Simulation]     user_ipcc_amp (Geoengineering Conspiracy Believer (Debnath chemtrails cluster)): 4 message(s)
[Simulation]     user_actonclimate_amp (Geoengineering Conspiracy Believer (Debnath chemtrails cluster)): 4 message(s)
[Simulation]     user_airpollution_amp (Geoengineering Conspiracy Believer (Debnath chemtrails cluster)): 4 message(s)
[Simulation]     user_airpollution_peri_1 (Geoengineering Conspiracy Believer (Debnath chemtrails cluster)): 3 message(s)
[Simulation]     user_netzero_amp (Geoengineering Conspiracy Believer (Debnath chemtrails cluster)): 4 message(s)
[Simulation]     user_stratosphere_amp (Geoengineering Conspiracy Believer (Debnath chemtrails cluster)): 4 message(s)
[Simulation]     user_publichealth_peri_1 (Geoengineering Conspiracy Believer (Debnath chemtrails cluster)): 4 message(s)
[Simulation]     user_ozone_hub (Geoengineering Conspiracy Believer (Debnath chemtrails cluster)): 4 message(s)
[Simulation]     user_environment_amp (Geoengineering Conspiracy Believer (Debnath chemtrails cluster)): 4 message(s)
[Simulation]     user_mitigation_amp (Geoengineering Conspiracy Believer (Debnath chemtrails cluster)): 4 message(s)
[Simulation]     user_ozone_peri_1 (Geoengineering Conspiracy Believer (Debnath chemtrails cluster)): 4 message(s)
[Simulation]     user_sai_amp (Geoengineering Conspiracy Believer (Debnath chemtrails cluster)): 4 message(s)
[Simulation]     user_usa_amp (Geoengineering Conspiracy Believer (Debnath chemtrails cluster)): 4 message(s)
[Simulation]     user_uk_amp (Geoengineering Conspiracy Believer (Debnath chemtrails cluster)): 4 message(s)
[Simulation]     user_ecology_amp (Geoengineering Conspiracy Believer (Debnath chemtrails cluster)): 4 message(s)
[Simulation]     user_india_amp (Geoengineering Conspiracy Believer (Debnath chemtrails cluster)): 4 message(s)
[Simulation]     user_biodiversity_hub (Geoengineering Conspiracy Believer (Debnath chemtrails cluster)): 4 message(s)
[Simulation]     user_biodiversity_peri_1 (Geoengineering Conspiracy Believer (Debnath chemtrails cluster)): 4 message(s)
[Simulation]     user_climateaction_piggyback_amp (Geoengineering Conspiracy Believer (Debnath chemtrails cluster)): 4 message(s)
[Simulation]     user_foodsecurity_amp (Geoengineering Conspiracy Believer (Debnath chemtrails cluster)): 4 message(s)
[Simulation]     user_climateaction_piggyback_peri_1 (Geoengineering Conspiracy Believer (Debnath chemtrails cluster)): 1 message(s)
[Simulation]     user_chemtrails_amp_2 (Geoengineering Conspiracy Believer (Debnath chemtrails cluster)): 4 message(s)
[Simulation]     user_publichealth_amp (Geoengineering Conspiracy Believer (Debnath chemtrails cluster)): 4 message(s)
[Simulation]     user_chemtrails_peri_3 (Geoengineering Conspiracy Believer (Debnath chemtrails cluster)): 4 message(s)
[Simulation]   Tick 7/8
[Simulation]     user_haarp_hub (Geoengineering Conspiracy Believer (Debnath chemtrails cluster)): 4 message(s)
[Simulation]     user_airpollution_amp (Geoengineering Conspiracy Believer (Debnath chemtrails cluster)): 4 message(s)
[Simulation]     user_airpollution_peri_1 (Geoengineering Conspiracy Believer (Debnath chemtrails cluster)): 4 message(s)
[Simulation]     user_chemtrails_hub (Geoengineering Conspiracy Believer (Debnath chemtrails cluster)): 4 message(s)
[Simulation]     user_publichealth_peri_1 (Geoengineering Conspiracy Believer (Debnath chemtrails cluster)): 4 message(s)
[Simulation]     user_chemtrails_amp_1 (Geoengineering Conspiracy Believer (Debnath chemtrails cluster)): 4 message(s)
[Simulation]     user_environment_amp (Geoengineering Conspiracy Believer (Debnath chemtrails cluster)): 3 message(s)
[Simulation]     user_haarp_amp_1 (Geoengineering Conspiracy Believer (Debnath chemtrails cluster)): 4 message(s)
[Simulation]     user_geoengineering_hub (Geoengineering Conspiracy Believer (Debnath chemtrails cluster)): 4 message(s)
[Simulation]     user_mitigation_amp (Geoengineering Conspiracy Believer (Debnath chemtrails cluster)): 4 message(s)
[Simulation]     user_usa_amp (Geoengineering Conspiracy Believer (Debnath chemtrails cluster)): 4 message(s)
[Simulation]     user_geoengineering_amp_1 (Geoengineering Conspiracy Believer (Debnath chemtrails cluster)): 4 message(s)
[Simulation]     user_srm_amp (Geoengineering Conspiracy Believer (Debnath chemtrails cluster)): 4 message(s)
[Simulation]     user_uk_amp (Geoengineering Conspiracy Believer (Debnath chemtrails cluster)): 4 message(s)
[Simulation]     user_india_amp (Geoengineering Conspiracy Believer (Debnath chemtrails cluster)): 4 message(s)
[Simulation]     user_srm_peri_1 (Geoengineering Conspiracy Believer (Debnath chemtrails cluster)): 4 message(s)
[Simulation]     user_climateaction_piggyback_amp (Geoengineering Conspiracy Believer (Debnath chemtrails cluster)): 4 message(s)
[Simulation]     user_sag_amp (Geoengineering Conspiracy Believer (Debnath chemtrails cluster)): 4 message(s)
[Simulation]     user_climateaction_piggyback_peri_1 (Geoengineering Conspiracy Believer (Debnath chemtrails cluster)): 3 message(s)
[Simulation]     user_chemtrails_amp_2 (Geoengineering Conspiracy Believer (Debnath chemtrails cluster)): 4 message(s)
[Simulation]     user_nexrad_amp (Geoengineering Conspiracy Believer (Debnath chemtrails cluster)): 4 message(s)
[Simulation]     user_chemtrails_peri_3 (Geoengineering Conspiracy Believer (Debnath chemtrails cluster)): 4 message(s)
[Simulation]     user_nwo_amp (Geoengineering Conspiracy Believer (Debnath chemtrails cluster)): 4 message(s)
[Simulation]   Tick 7/8
[Simulation]     user_haarp_hub (Geoengineering Conspiracy Believer (Debnath chemtrails cluster)): 4 message(s)
[Simulation]     user_nwo_peri_1 (Geoengineering Conspiracy Believer (Debnath chemtrails cluster)): 4 message(s)
[Simulation]     user_chemtrails_hub (Geoengineering Conspiracy Believer (Debnath chemtrails cluster)): 4 message(s)
[Simulation]     user_chemtrails_amp_1 (Geoengineering Conspiracy Believer (Debnath chemtrails cluster)): 4 message(s)
[Simulation]     user_illuminati_amp (Geoengineering Conspiracy Believer (Debnath chemtrails cluster)): 4 message(s)
[Simulation]     user_haarp_amp_1 (Geoengineering Conspiracy Believer (Debnath chemtrails cluster)): 4 message(s)
[Simulation]     user_gmo_amp (Geoengineering Conspiracy Believer (Debnath chemtrails cluster)): 4 message(s)
[Simulation]     user_geoengineering_hub (Geoengineering Conspiracy Believer (Debnath chemtrails cluster)): 4 message(s)
[Simulation]     user_weathermodification_amp (Geoengineering Conspiracy Believer (Debnath chemtrails cluster)): 4 message(s)
[Simulation]     user_geoengineering_amp_1 (Geoengineering Conspiracy Believer (Debnath chemtrails cluster)): 4 message(s)
[Simulation]     user_weathermodification_peri_1 (Geoengineering Conspiracy Believer (Debnath chemtrails cluster)): 4 message(s)
[Simulation]     user_weatherwarfare_amp (Geoengineering Conspiracy Believer (Debnath chemtrails cluster)): 4 message(s)
[Simulation]     user_srm_amp (Geoengineering Conspiracy Believer (Debnath chemtrails cluster)): 4 message(s)
[Simulation]     user_deepstate_amp (Geoengineering Conspiracy Believer (Debnath chemtrails cluster)): 4 message(s)
[Simulation]     user_maga_amp (Geoengineering Conspiracy Believer (Debnath chemtrails cluster)): 4 message(s)
[Simulation]     user_greatawakening_amp (Geoengineering Conspiracy Believer (Debnath chemtrails cluster)): 4 message(s)
[Simulation]     user_depopulation_amp (Geoengineering Conspiracy Believer (Debnath chemtrails cluster)): 4 message(s)
[Simulation]     user_srm_peri_1 (Geoengineering Conspiracy Believer (Debnath chemtrails cluster)): 4 message(s)
[Simulation]     user_sag_amp (Geoengineering Conspiracy Believer (Debnath chemtrails cluster)): 4 message(s)
[Simulation]     user_stopspraying_amp (Geoengineering Conspiracy Believer (Debnath chemtrails cluster)): 4 message(s)
[Simulation]     user_stopspraying_peri_1 (Geoengineering Conspiracy Believer (Debnath chemtrails cluster)): 4 message(s)
[Simulation]     user_nexrad_amp (Geoengineering Conspiracy Believer (Debnath chemtrails cluster)): 4 message(s)
[Simulation]     user_monsanto_amp (Geoengineering Conspiracy Believer (Debnath chemtrails cluster)): 4 message(s)
[Simulation]     user_nwo_amp (Geoengineering Conspiracy Believer (Debnath chemtrails cluster)): 4 message(s)
[Simulation]     user_climatejustice_hub (Geoengineering Conspiracy Believer (Debnath chemtrails cluster)): 4 message(s)
[Simulation]     user_climateaction_hub (Geoengineering Conspiracy Believer (Debnath chemtrails cluster)): 4 message(s)
[Simulation]     user_climateaction_amp_1 (Geoengineering Conspiracy Believer (Debnath chemtrails cluster)): 4 message(s)
[Simulation]     user_climatejustice_amp_1 (Geoengineering Conspiracy Believer (Debnath chemtrails cluster)): 4 message(s)
[Simulation]     user_nwo_peri_1 (Geoengineering Conspiracy Believer (Debnath chemtrails cluster)): 4 message(s)
[Simulation]     user_sweden_hub (Geoengineering Conspiracy Believer (Debnath chemtrails cluster)): 4 message(s)
[Simulation]     user_illuminati_amp (Geoengineering Conspiracy Believer (Debnath chemtrails cluster)): 4 message(s)
[Simulation]     user_sweden_peri_1 (Geoengineering Conspiracy Believer (Debnath chemtrails cluster)): 4 message(s)
[Simulation]     user_gmo_amp (Geoengineering Conspiracy Believer (Debnath chemtrails cluster)): 4 message(s)
[Simulation]     user_scopex_hub (Geoengineering Conspiracy Believer (Debnath chemtrails cluster)): 4 message(s)
[Simulation]     user_weathermodification_amp (Geoengineering Conspiracy Believer (Debnath chemtrails cluster)): 4 message(s)
[Simulation]     user_scopex_peri_1 (Geoengineering Conspiracy Believer (Debnath chemtrails cluster)): 4 message(s)
[Simulation]     user_weathermodification_peri_1 (Geoengineering Conspiracy Believer (Debnath chemtrails cluster)): 4 message(s)
[Simulation]     user_wedonotconsent_hub (Geoengineering Conspiracy Believer (Debnath chemtrails cluster)): 4 message(s)
[Simulation]     user_weatherwarfare_amp (Geoengineering Conspiracy Believer (Debnath chemtrails cluster)): 4 message(s)
[Simulation]     user_wedonotconsent_amp_1 (Geoengineering Conspiracy Believer (Debnath chemtrails cluster)): 4 message(s)
[Simulation]     user_deepstate_amp (Geoengineering Conspiracy Believer (Debnath chemtrails cluster)): 4 message(s)
[Simulation]     user_maga_amp (Geoengineering Conspiracy Believer (Debnath chemtrails cluster)): 4 message(s)
[Simulation]     user_fridaysforfuture_amp (Geoengineering Conspiracy Believer (Debnath chemtrails cluster)): 4 message(s)
[Simulation]     user_greatawakening_amp (Geoengineering Conspiracy Believer (Debnath chemtrails cluster)): 4 message(s)
[Simulation]     user_cop26_amp (Geoengineering Conspiracy Believer (Debnath chemtrails cluster)): 4 message(s)
[Simulation]     user_depopulation_amp (Geoengineering Conspiracy Believer (Debnath chemtrails cluster)): 4 message(s)
[Simulation]     user_climate_amp (Geoengineering Conspiracy Believer (Debnath chemtrails cluster)): 4 message(s)
[Simulation]     user_ipcc_amp (Geoengineering Conspiracy Believer (Debnath chemtrails cluster)): 4 message(s)
[Simulation]     user_actonclimate_amp (Geoengineering Conspiracy Believer (Debnath chemtrails cluster)): 4 message(s)
[Simulation]     user_stopspraying_amp (Geoengineering Conspiracy Believer (Debnath chemtrails cluster)): 4 message(s)
[Simulation]     user_stopspraying_peri_1 (Geoengineering Conspiracy Believer (Debnath chemtrails cluster)): 4 message(s)
[Simulation]     user_netzero_amp (Geoengineering Conspiracy Believer (Debnath chemtrails cluster)): 4 message(s)
[Simulation]     user_stratosphere_amp (Geoengineering Conspiracy Believer (Debnath chemtrails cluster)): 4 message(s)
[Simulation]     user_ozone_hub (Geoengineering Conspiracy Believer (Debnath chemtrails cluster)): 4 message(s)
[Simulation]     user_monsanto_amp (Geoengineering Conspiracy Believer (Debnath chemtrails cluster)): 4 message(s)
[Simulation]     user_ozone_peri_1 (Geoengineering Conspiracy Believer (Debnath chemtrails cluster)): 4 message(s)
[Simulation]     user_climatejustice_hub (Geoengineering Conspiracy Believer (Debnath chemtrails cluster)): 4 message(s)
[Simulation]     user_sai_amp (Geoengineering Conspiracy Believer (Debnath chemtrails cluster)): 4 message(s)
[Simulation]     user_ecology_amp (Geoengineering Conspiracy Believer (Debnath chemtrails cluster)): 4 message(s)
[Simulation]     user_climateaction_hub (Geoengineering Conspiracy Believer (Debnath chemtrails cluster)): 4 message(s)
[Simulation]     user_climateaction_amp_1 (Geoengineering Conspiracy Believer (Debnath chemtrails cluster)): 4 message(s)
[Simulation]     user_biodiversity_hub (Geoengineering Conspiracy Believer (Debnath chemtrails cluster)): 4 message(s)
[Simulation]     user_climatejustice_amp_1 (Geoengineering Conspiracy Believer (Debnath chemtrails cluster)): 4 message(s)
[Simulation]     user_sweden_hub (Geoengineering Conspiracy Believer (Debnath chemtrails cluster)): 4 message(s)
[Simulation]     user_biodiversity_peri_1 (Geoengineering Conspiracy Believer (Debnath chemtrails cluster)): 4 message(s)
[Simulation]     user_sweden_peri_1 (Geoengineering Conspiracy Believer (Debnath chemtrails cluster)): 4 message(s)
[Simulation]     user_foodsecurity_amp (Geoengineering Conspiracy Believer (Debnath chemtrails cluster)): 4 message(s)
[Simulation]     user_publichealth_amp (Geoengineering Conspiracy Believer (Debnath chemtrails cluster)): 4 message(s)
[Simulation]     user_scopex_hub (Geoengineering Conspiracy Believer (Debnath chemtrails cluster)): 4 message(s)
[Simulation]     user_airpollution_amp (Geoengineering Conspiracy Believer (Debnath chemtrails cluster)): 4 message(s)
[Simulation]     user_airpollution_peri_1 (Geoengineering Conspiracy Believer (Debnath chemtrails cluster)): 4 message(s)
[Simulation]     user_publichealth_peri_1 (Geoengineering Conspiracy Believer (Debnath chemtrails cluster)): 4 message(s)
[Simulation]     user_environment_amp (Geoengineering Conspiracy Believer (Debnath chemtrails cluster)): 4 message(s)
[Simulation]     user_scopex_peri_1 (Geoengineering Conspiracy Believer (Debnath chemtrails cluster)): 4 message(s)
[Simulation]     user_mitigation_amp (Geoengineering Conspiracy Believer (Debnath chemtrails cluster)): 4 message(s)
[Simulation]     user_wedonotconsent_hub (Geoengineering Conspiracy Believer (Debnath chemtrails cluster)): 4 message(s)
[Simulation]     user_wedonotconsent_amp_1 (Geoengineering Conspiracy Believer (Debnath chemtrails cluster)): 4 message(s)
[Simulation]     user_usa_amp (Geoengineering Conspiracy Believer (Debnath chemtrails cluster)): 4 message(s)
[Simulation]     user_fridaysforfuture_amp (Geoengineering Conspiracy Believer (Debnath chemtrails cluster)): 4 message(s)
[Simulation]     user_cop26_amp (Geoengineering Conspiracy Believer (Debnath chemtrails cluster)): 4 message(s)
[Simulation]     user_climate_amp (Geoengineering Conspiracy Believer (Debnath chemtrails cluster)): 4 message(s)
[Simulation]     user_uk_amp (Geoengineering Conspiracy Believer (Debnath chemtrails cluster)): 4 message(s)
[Simulation]     user_india_amp (Geoengineering Conspiracy Believer (Debnath chemtrails cluster)): 4 message(s)
[Simulation]     user_ipcc_amp (Geoengineering Conspiracy Believer (Debnath chemtrails cluster)): 4 message(s)
[Simulation]     user_actonclimate_amp (Geoengineering Conspiracy Believer (Debnath chemtrails cluster)): 4 message(s)
[Simulation]     user_climateaction_piggyback_amp (Geoengineering Conspiracy Believer (Debnath chemtrails cluster)): 4 message(s)
[Simulation]     user_climateaction_piggyback_peri_1 (Geoengineering Conspiracy Believer (Debnath chemtrails cluster)): 4 message(s)
[Simulation]     user_chemtrails_amp_2 (Geoengineering Conspiracy Believer (Debnath chemtrails cluster)): 4 message(s)
[Simulation]     user_netzero_amp (Geoengineering Conspiracy Believer (Debnath chemtrails cluster)): 4 message(s)
[Simulation]     user_chemtrails_peri_3 (Geoengineering Conspiracy Believer (Debnath chemtrails cluster)): 4 message(s)
[Simulation]     user_stratosphere_amp (Geoengineering Conspiracy Believer (Debnath chemtrails cluster)): 4 message(s)
[Simulation]     user_ozone_hub (Geoengineering Conspiracy Believer (Debnath chemtrails cluster)): 4 message(s)
[Simulation]   Tick 8/8
[Simulation]     user_haarp_hub (Geoengineering Conspiracy Believer (Debnath chemtrails cluster)): 4 message(s)
[Simulation]     user_chemtrails_hub (Geoengineering Conspiracy Believer (Debnath chemtrails cluster)): 4 message(s)
[Simulation]     user_ozone_peri_1 (Geoengineering Conspiracy Believer (Debnath chemtrails cluster)): 4 message(s)
[Simulation]     user_chemtrails_amp_1 (Geoengineering Conspiracy Believer (Debnath chemtrails cluster)): 4 message(s)
[Simulation]     user_sai_amp (Geoengineering Conspiracy Believer (Debnath chemtrails cluster)): 4 message(s)
[Simulation]     user_haarp_amp_1 (Geoengineering Conspiracy Believer (Debnath chemtrails cluster)): 4 message(s)
[Simulation]     user_ecology_amp (Geoengineering Conspiracy Believer (Debnath chemtrails cluster)): 4 message(s)
[Simulation]     user_biodiversity_hub (Geoengineering Conspiracy Believer (Debnath chemtrails cluster)): 4 message(s)
[Simulation]     user_geoengineering_hub (Geoengineering Conspiracy Believer (Debnath chemtrails cluster)): 4 message(s)
[Simulation]     user_biodiversity_peri_1 (Geoengineering Conspiracy Believer (Debnath chemtrails cluster)): 4 message(s)
[Simulation]     user_foodsecurity_amp (Geoengineering Conspiracy Believer (Debnath chemtrails cluster)): 4 message(s)
[Simulation]     user_geoengineering_amp_1 (Geoengineering Conspiracy Believer (Debnath chemtrails cluster)): 4 message(s)
[Simulation]     user_publichealth_amp (Geoengineering Conspiracy Believer (Debnath chemtrails cluster)): 4 message(s)
[Simulation]     user_srm_amp (Geoengineering Conspiracy Believer (Debnath chemtrails cluster)): 4 message(s)
[Simulation]     user_srm_peri_1 (Geoengineering Conspiracy Believer (Debnath chemtrails cluster)): 4 message(s)
[Simulation]     user_sag_amp (Geoengineering Conspiracy Believer (Debnath chemtrails cluster)): 4 message(s)
[Simulation]     user_airpollution_amp (Geoengineering Conspiracy Believer (Debnath chemtrails cluster)): 4 message(s)
[Simulation]     user_nexrad_amp (Geoengineering Conspiracy Believer (Debnath chemtrails cluster)): 4 message(s)
[Simulation]     user_airpollution_peri_1 (Geoengineering Conspiracy Believer (Debnath chemtrails cluster)): 4 message(s)
[Simulation]     user_nwo_amp (Geoengineering Conspiracy Believer (Debnath chemtrails cluster)): 4 message(s)
[Simulation]     user_nwo_peri_1 (Geoengineering Conspiracy Believer (Debnath chemtrails cluster)): 4 message(s)
[Simulation]     user_publichealth_peri_1 (Geoengineering Conspiracy Believer (Debnath chemtrails cluster)): 4 message(s)
[Simulation]     user_illuminati_amp (Geoengineering Conspiracy Believer (Debnath chemtrails cluster)): 4 message(s)
[Simulation]     user_gmo_amp (Geoengineering Conspiracy Believer (Debnath chemtrails cluster)): 4 message(s)
[Simulation]     user_environment_amp (Geoengineering Conspiracy Believer (Debnath chemtrails cluster)): 4 message(s)
[Simulation]     user_weathermodification_amp (Geoengineering Conspiracy Believer (Debnath chemtrails cluster)): 4 message(s)
[Simulation]     user_mitigation_amp (Geoengineering Conspiracy Believer (Debnath chemtrails cluster)): 4 message(s)
[Simulation]     user_usa_amp (Geoengineering Conspiracy Believer (Debnath chemtrails cluster)): 4 message(s)
[Simulation]     user_weathermodification_peri_1 (Geoengineering Conspiracy Believer (Debnath chemtrails cluster)): 4 message(s)
[Simulation]     user_uk_amp (Geoengineering Conspiracy Believer (Debnath chemtrails cluster)): 4 message(s)
[Simulation]     user_weatherwarfare_amp (Geoengineering Conspiracy Believer (Debnath chemtrails cluster)): 4 message(s)
[Simulation]     user_deepstate_amp (Geoengineering Conspiracy Believer (Debnath chemtrails cluster)): 4 message(s)
[Simulation]     user_india_amp (Geoengineering Conspiracy Believer (Debnath chemtrails cluster)): 4 message(s)
[Simulation]     user_climateaction_piggyback_amp (Geoengineering Conspiracy Believer (Debnath chemtrails cluster)): 4 message(s)
[Simulation]     user_climateaction_piggyback_peri_1 (Geoengineering Conspiracy Believer (Debnath chemtrails cluster)): 4 message(s)
[Simulation]     user_maga_amp (Geoengineering Conspiracy Believer (Debnath chemtrails cluster)): 4 message(s)
[Simulation]     user_chemtrails_amp_2 (Geoengineering Conspiracy Believer (Debnath chemtrails cluster)): 4 message(s)
[Simulation]     user_greatawakening_amp (Geoengineering Conspiracy Believer (Debnath chemtrails cluster)): 4 message(s)
[Simulation]     user_chemtrails_peri_3 (Geoengineering Conspiracy Believer (Debnath chemtrails cluster)): 4 message(s)
[Simulation]   Tick 8/8
[Simulation]     user_haarp_hub (Geoengineering Conspiracy Believer (Debnath chemtrails cluster)): 4 message(s)
[Simulation]     user_depopulation_amp (Geoengineering Conspiracy Believer (Debnath chemtrails cluster)): 4 message(s)
[Simulation]     user_chemtrails_hub (Geoengineering Conspiracy Believer (Debnath chemtrails cluster)): 4 message(s)
[Simulation]     user_stopspraying_amp (Geoengineering Conspiracy Believer (Debnath chemtrails cluster)): 4 message(s)
[Simulation]     user_chemtrails_amp_1 (Geoengineering Conspiracy Believer (Debnath chemtrails cluster)): 4 message(s)
[Simulation]     user_stopspraying_peri_1 (Geoengineering Conspiracy Believer (Debnath chemtrails cluster)): 4 message(s)
[Simulation]     user_haarp_amp_1 (Geoengineering Conspiracy Believer (Debnath chemtrails cluster)): 4 message(s)
[Simulation]     user_monsanto_amp (Geoengineering Conspiracy Believer (Debnath chemtrails cluster)): 4 message(s)
[Simulation]     user_geoengineering_hub (Geoengineering Conspiracy Believer (Debnath chemtrails cluster)): 4 message(s)
[Simulation]     user_climatejustice_hub (Geoengineering Conspiracy Believer (Debnath chemtrails cluster)): 4 message(s)
[Simulation]     user_geoengineering_amp_1 (Geoengineering Conspiracy Believer (Debnath chemtrails cluster)): 4 message(s)
[Simulation]     user_climateaction_hub (Geoengineering Conspiracy Believer (Debnath chemtrails cluster)): 4 message(s)
[Simulation]     user_srm_amp (Geoengineering Conspiracy Believer (Debnath chemtrails cluster)): 4 message(s)
[Simulation]     user_srm_peri_1 (Geoengineering Conspiracy Believer (Debnath chemtrails cluster)): 4 message(s)
[Simulation]     user_climateaction_amp_1 (Geoengineering Conspiracy Believer (Debnath chemtrails cluster)): 4 message(s)
[Simulation]     user_sag_amp (Geoengineering Conspiracy Believer (Debnath chemtrails cluster)): 4 message(s)
[Simulation]     user_climatejustice_amp_1 (Geoengineering Conspiracy Believer (Debnath chemtrails cluster)): 4 message(s)
[Simulation]     user_nexrad_amp (Geoengineering Conspiracy Believer (Debnath chemtrails cluster)): 4 message(s)
[Simulation]     user_sweden_hub (Geoengineering Conspiracy Believer (Debnath chemtrails cluster)): 4 message(s)
[Simulation]     user_nwo_amp (Geoengineering Conspiracy Believer (Debnath chemtrails cluster)): 4 message(s)
[Simulation]     user_sweden_peri_1 (Geoengineering Conspiracy Believer (Debnath chemtrails cluster)): 4 message(s)
[Simulation]     user_nwo_peri_1 (Geoengineering Conspiracy Believer (Debnath chemtrails cluster)): 4 message(s)
[Simulation]     user_scopex_hub (Geoengineering Conspiracy Believer (Debnath chemtrails cluster)): 4 message(s)
[Simulation]     user_illuminati_amp (Geoengineering Conspiracy Believer (Debnath chemtrails cluster)): 4 message(s)
[Simulation]     user_scopex_peri_1 (Geoengineering Conspiracy Believer (Debnath chemtrails cluster)): 4 message(s)
[Simulation]     user_gmo_amp (Geoengineering Conspiracy Believer (Debnath chemtrails cluster)): 4 message(s)
[Simulation]     user_weathermodification_amp (Geoengineering Conspiracy Believer (Debnath chemtrails cluster)): 4 message(s)
[Simulation]     user_wedonotconsent_hub (Geoengineering Conspiracy Believer (Debnath chemtrails cluster)): 4 message(s)
[Simulation]     user_wedonotconsent_amp_1 (Geoengineering Conspiracy Believer (Debnath chemtrails cluster)): 4 message(s)
[Simulation]     user_weathermodification_peri_1 (Geoengineering Conspiracy Believer (Debnath chemtrails cluster)): 4 message(s)
[Simulation]     user_fridaysforfuture_amp (Geoengineering Conspiracy Believer (Debnath chemtrails cluster)): 4 message(s)
[Simulation]     user_weatherwarfare_amp (Geoengineering Conspiracy Believer (Debnath chemtrails cluster)): 4 message(s)
[Simulation]     user_cop26_amp (Geoengineering Conspiracy Believer (Debnath chemtrails cluster)): 4 message(s)
[Simulation]     user_deepstate_amp (Geoengineering Conspiracy Believer (Debnath chemtrails cluster)): 4 message(s)
[Simulation]     user_maga_amp (Geoengineering Conspiracy Believer (Debnath chemtrails cluster)): 4 message(s)
[Simulation]     user_climate_amp (Geoengineering Conspiracy Believer (Debnath chemtrails cluster)): 4 message(s)
[Simulation]     user_greatawakening_amp (Geoengineering Conspiracy Believer (Debnath chemtrails cluster)): 4 message(s)
[Simulation]     user_ipcc_amp (Geoengineering Conspiracy Believer (Debnath chemtrails cluster)): 4 message(s)
[Simulation]     user_actonclimate_amp (Geoengineering Conspiracy Believer (Debnath chemtrails cluster)): 4 message(s)
[Simulation]     user_depopulation_amp (Geoengineering Conspiracy Believer (Debnath chemtrails cluster)): 4 message(s)
[Simulation]     user_netzero_amp (Geoengineering Conspiracy Believer (Debnath chemtrails cluster)): 4 message(s)
[Simulation]     user_stopspraying_amp (Geoengineering Conspiracy Believer (Debnath chemtrails cluster)): 4 message(s)
[Simulation]     user_stopspraying_peri_1 (Geoengineering Conspiracy Believer (Debnath chemtrails cluster)): 4 message(s)
[Simulation]     user_monsanto_amp (Geoengineering Conspiracy Believer (Debnath chemtrails cluster)): 4 message(s)
[Simulation]     user_stratosphere_amp (Geoengineering Conspiracy Believer (Debnath chemtrails cluster)): 4 message(s)
[Simulation]     user_ozone_hub (Geoengineering Conspiracy Believer (Debnath chemtrails cluster)): 4 message(s)
[Simulation]     user_climatejustice_hub (Geoengineering Conspiracy Believer (Debnath chemtrails cluster)): 4 message(s)
[Simulation]     user_ozone_peri_1 (Geoengineering Conspiracy Believer (Debnath chemtrails cluster)): 4 message(s)
[Simulation]     user_climateaction_hub (Geoengineering Conspiracy Believer (Debnath chemtrails cluster)): 4 message(s)
[Simulation]     user_climateaction_amp_1 (Geoengineering Conspiracy Believer (Debnath chemtrails cluster)): 4 message(s)
[Simulation]     user_sai_amp (Geoengineering Conspiracy Believer (Debnath chemtrails cluster)): 4 message(s)
[Simulation]     user_climatejustice_amp_1 (Geoengineering Conspiracy Believer (Debnath chemtrails cluster)): 4 message(s)
[Simulation]     user_ecology_amp (Geoengineering Conspiracy Believer (Debnath chemtrails cluster)): 4 message(s)
[Simulation]     user_biodiversity_hub (Geoengineering Conspiracy Believer (Debnath chemtrails cluster)): 4 message(s)
[Simulation]     user_biodiversity_peri_1 (Geoengineering Conspiracy Believer (Debnath chemtrails cluster)): 4 message(s)
[Simulation]     user_foodsecurity_amp (Geoengineering Conspiracy Believer (Debnath chemtrails cluster)): 4 message(s)
[Simulation]     user_sweden_hub (Geoengineering Conspiracy Believer (Debnath chemtrails cluster)): 4 message(s)
[Simulation]     user_publichealth_amp (Geoengineering Conspiracy Believer (Debnath chemtrails cluster)): 4 message(s)
[Simulation]     user_airpollution_amp (Geoengineering Conspiracy Believer (Debnath chemtrails cluster)): 4 message(s)
[Simulation]     user_sweden_peri_1 (Geoengineering Conspiracy Believer (Debnath chemtrails cluster)): 4 message(s)
[Simulation]     user_airpollution_peri_1 (Geoengineering Conspiracy Believer (Debnath chemtrails cluster)): 4 message(s)
[Simulation]     user_scopex_hub (Geoengineering Conspiracy Believer (Debnath chemtrails cluster)): 4 message(s)
[Simulation]     user_publichealth_peri_1 (Geoengineering Conspiracy Believer (Debnath chemtrails cluster)): 4 message(s)
[Simulation]     user_scopex_peri_1 (Geoengineering Conspiracy Believer (Debnath chemtrails cluster)): 4 message(s)
[Simulation]     user_environment_amp (Geoengineering Conspiracy Believer (Debnath chemtrails cluster)): 4 message(s)
[Simulation]     user_wedonotconsent_hub (Geoengineering Conspiracy Believer (Debnath chemtrails cluster)): 4 message(s)
[Simulation]     user_mitigation_amp (Geoengineering Conspiracy Believer (Debnath chemtrails cluster)): 4 message(s)
[Simulation]     user_wedonotconsent_amp_1 (Geoengineering Conspiracy Believer (Debnath chemtrails cluster)): 4 message(s)
[Simulation]     user_usa_amp (Geoengineering Conspiracy Believer (Debnath chemtrails cluster)): 4 message(s)
[Simulation]     user_uk_amp (Geoengineering Conspiracy Believer (Debnath chemtrails cluster)): 4 message(s)
[Simulation]     user_india_amp (Geoengineering Conspiracy Believer (Debnath chemtrails cluster)): 4 message(s)
[Simulation]     user_fridaysforfuture_amp (Geoengineering Conspiracy Believer (Debnath chemtrails cluster)): 4 message(s)
[Simulation]     user_cop26_amp (Geoengineering Conspiracy Believer (Debnath chemtrails cluster)): 4 message(s)
[Simulation]     user_climateaction_piggyback_amp (Geoengineering Conspiracy Believer (Debnath chemtrails cluster)): 4 message(s)
[Simulation]     user_climateaction_piggyback_peri_1 (Geoengineering Conspiracy Believer (Debnath chemtrails cluster)): 3 message(s)
[Simulation]     user_climate_amp (Geoengineering Conspiracy Believer (Debnath chemtrails cluster)): 4 message(s)
[Simulation]     user_chemtrails_amp_2 (Geoengineering Conspiracy Believer (Debnath chemtrails cluster)): 4 message(s)
[Simulation]     user_ipcc_amp (Geoengineering Conspiracy Believer (Debnath chemtrails cluster)): 4 message(s)
[Simulation]     user_chemtrails_peri_3 (Geoengineering Conspiracy Believer (Debnath chemtrails cluster)): 4 message(s)

[Simulation] === Auditing: scopex_2017 ===
[Simulation]   Scoring user_haarp_hub
[Simulation]     user_actonclimate_amp (Geoengineering Conspiracy Believer (Debnath chemtrails cluster)): 4 message(s)
[Simulation]     user_netzero_amp (Geoengineering Conspiracy Believer (Debnath chemtrails cluster)): 4 message(s)
[Simulation]     user_stratosphere_amp (Geoengineering Conspiracy Believer (Debnath chemtrails cluster)): 4 message(s)
[Simulation]     user_ozone_hub (Geoengineering Conspiracy Believer (Debnath chemtrails cluster)): 4 message(s)
[Simulation]   Scoring user_chemtrails_hub
[Simulation]     user_ozone_peri_1 (Geoengineering Conspiracy Believer (Debnath chemtrails cluster)): 4 message(s)
[Simulation]     user_sai_amp (Geoengineering Conspiracy Believer (Debnath chemtrails cluster)): 4 message(s)
[Simulation]   Scoring user_chemtrails_amp_1
[Simulation]     user_ecology_amp (Geoengineering Conspiracy Believer (Debnath chemtrails cluster)): 4 message(s)
[Simulation]     user_biodiversity_hub (Geoengineering Conspiracy Believer (Debnath chemtrails cluster)): 4 message(s)
[Simulation]     user_biodiversity_peri_1 (Geoengineering Conspiracy Believer (Debnath chemtrails cluster)): 4 message(s)
[Simulation]   Scoring user_haarp_amp_1
[Simulation]     user_foodsecurity_amp (Geoengineering Conspiracy Believer (Debnath chemtrails cluster)): 4 message(s)
[Simulation]     user_publichealth_amp (Geoengineering Conspiracy Believer (Debnath chemtrails cluster)): 4 message(s)
[Simulation]     user_airpollution_amp (Geoengineering Conspiracy Believer (Debnath chemtrails cluster)): 4 message(s)
[Simulation]     user_airpollution_peri_1 (Geoengineering Conspiracy Believer (Debnath chemtrails cluster)): 4 message(s)
[Simulation]   Scoring user_geoengineering_hub
[Simulation]     user_publichealth_peri_1 (Geoengineering Conspiracy Believer (Debnath chemtrails cluster)): 4 message(s)
[Simulation]     user_environment_amp (Geoengineering Conspiracy Believer (Debnath chemtrails cluster)): 4 message(s)
[Simulation]     user_mitigation_amp (Geoengineering Conspiracy Believer (Debnath chemtrails cluster)): 4 message(s)
[Simulation]     user_usa_amp (Geoengineering Conspiracy Believer (Debnath chemtrails cluster)): 4 message(s)
[Simulation]   Scoring user_geoengineering_amp_1
[Simulation]     user_uk_amp (Geoengineering Conspiracy Believer (Debnath chemtrails cluster)): 4 message(s)
[Simulation]     user_india_amp (Geoengineering Conspiracy Believer (Debnath chemtrails cluster)): 4 message(s)
[Simulation]     user_climateaction_piggyback_amp (Geoengineering Conspiracy Believer (Debnath chemtrails cluster)): 4 message(s)
[Simulation]     user_climateaction_piggyback_peri_1 (Geoengineering Conspiracy Believer (Debnath chemtrails cluster)): 3 message(s)
[Simulation]   Scoring user_srm_amp
[Simulation]     user_chemtrails_amp_2 (Geoengineering Conspiracy Believer (Debnath chemtrails cluster)): 4 message(s)
[Simulation]     user_chemtrails_peri_3 (Geoengineering Conspiracy Believer (Debnath chemtrails cluster)): 4 message(s)

[Simulation] === Auditing: scopex_2017 ===
[Simulation]   Scoring user_haarp_hub
[Simulation]   Scoring user_srm_peri_1
[Simulation]   Scoring user_sag_amp
[Simulation]   Scoring user_chemtrails_hub
[Simulation]   Scoring user_nexrad_amp
[Simulation]   Scoring user_chemtrails_amp_1
[Simulation]   Scoring user_nwo_amp
[Simulation]   Scoring user_haarp_amp_1
[Simulation]   Scoring user_nwo_peri_1
[Simulation]   Scoring user_geoengineering_hub
[Simulation]   Scoring user_illuminati_amp
[Simulation]   Scoring user_geoengineering_amp_1
[Simulation]   Scoring user_gmo_amp
[Simulation]   Scoring user_srm_amp
[Simulation]   Scoring user_weathermodification_amp
[Simulation]   Scoring user_srm_peri_1
[Simulation]   Scoring user_weathermodification_peri_1
[Simulation]   Scoring user_sag_amp
[Simulation]   Scoring user_weatherwarfare_amp
[Simulation]   Scoring user_nexrad_amp
[Simulation]   Scoring user_deepstate_amp
[Simulation]   Scoring user_nwo_amp
[Simulation]   Scoring user_maga_amp
[Simulation]   Scoring user_nwo_peri_1
[Simulation]   Scoring user_greatawakening_amp
[Simulation]   Scoring user_depopulation_amp
[Simulation]   Scoring user_illuminati_amp
[Simulation]   Scoring user_stopspraying_amp
[Simulation]   Scoring user_gmo_amp
[Simulation]   Scoring user_stopspraying_peri_1
[Simulation]   Scoring user_weathermodification_amp
[Simulation]   Scoring user_monsanto_amp
[user_weathermodification_amp] Edge to user_haarp_hub deleted (trust collapsed)
[Simulation]   Scoring user_weathermodification_peri_1
[Simulation]   Scoring user_climatejustice_hub
[Simulation]   Scoring user_weatherwarfare_amp
[Simulation]   Scoring user_climateaction_hub
[Simulation]   Scoring user_deepstate_amp
[Simulation]   Scoring user_climateaction_amp_1
[Simulation]   Scoring user_maga_amp
[Simulation]   Scoring user_climatejustice_amp_1
[Simulation]   Scoring user_sweden_hub
[Simulation]   Scoring user_greatawakening_amp
[Simulation]   Scoring user_sweden_peri_1
[Simulation]   Scoring user_depopulation_amp
[Simulation]   Scoring user_scopex_hub
[Simulation]   Scoring user_scopex_peri_1
[Simulation]   Scoring user_stopspraying_amp
[Simulation]   Scoring user_wedonotconsent_hub
[Simulation]   Scoring user_stopspraying_peri_1
[Simulation]   Scoring user_wedonotconsent_amp_1
[Simulation]   Scoring user_monsanto_amp
[Simulation]   Scoring user_fridaysforfuture_amp
[Simulation]   Scoring user_climatejustice_hub
[Simulation]   Scoring user_cop26_amp
[user_climatejustice_hub] Edge to user_chemtrails_hub deleted (trust collapsed)
[Simulation]   Scoring user_climateaction_hub
[Simulation]   Scoring user_climate_amp
[user_climateaction_hub] Edge to user_chemtrails_hub deleted (trust collapsed)
[Simulation]   Scoring user_climateaction_amp_1
[Simulation]   Scoring user_ipcc_amp
[Simulation]   Scoring user_climatejustice_amp_1
[Simulation]   Scoring user_actonclimate_amp
[Simulation]   Scoring user_sweden_hub
[Simulation]   Scoring user_netzero_amp
[user_sweden_hub] Edge to user_chemtrails_hub deleted (trust collapsed)
[Simulation]   Scoring user_sweden_peri_1
[Simulation]   Scoring user_stratosphere_amp
[Simulation]   Scoring user_scopex_hub
[Simulation]   Scoring user_ozone_hub
[Simulation]   Scoring user_scopex_peri_1
[Simulation]   Scoring user_ozone_peri_1
[Simulation]   Scoring user_wedonotconsent_hub
[Simulation]   Scoring user_sai_amp
[Simulation]   Scoring user_wedonotconsent_amp_1
[Simulation]   Scoring user_fridaysforfuture_amp
[Simulation]   Scoring user_ecology_amp
[Simulation]   Scoring user_biodiversity_hub
[Simulation]   Scoring user_cop26_amp
[Simulation]   Scoring user_biodiversity_peri_1
[Simulation]   Scoring user_climate_amp
[Simulation]   Scoring user_foodsecurity_amp
[Simulation]   Scoring user_ipcc_amp
[Simulation]   Scoring user_publichealth_amp
[Simulation]   Scoring user_actonclimate_amp
[user_actonclimate_amp] Edge to user_geoengineering_hub deleted (trust collapsed)
[Simulation]   Scoring user_airpollution_amp
[Simulation]   Scoring user_netzero_amp
[Simulation]   Scoring user_airpollution_peri_1
[Simulation]   Scoring user_publichealth_peri_1
[Simulation]   Scoring user_stratosphere_amp
[Simulation]   Scoring user_environment_amp
[Simulation]   Scoring user_ozone_hub
[Simulation]   Scoring user_mitigation_amp
[user_ozone_hub] Edge to user_haarp_hub deleted (trust collapsed)
[Simulation]   Scoring user_usa_amp
[Simulation]   Scoring user_ozone_peri_1
[Simulation]   Scoring user_sai_amp
[Simulation]   Scoring user_uk_amp
[user_sai_amp] Edge to user_srm_amp deleted (trust collapsed)
[Simulation]   Scoring user_ecology_amp
[Simulation]   Scoring user_india_amp
[Simulation]   Scoring user_biodiversity_hub
[Simulation]   Scoring user_biodiversity_peri_1
[Simulation]   Scoring user_climateaction_piggyback_amp
[Simulation]   Scoring user_foodsecurity_amp
[Simulation]   Scoring user_publichealth_amp
[Simulation]   Scoring user_climateaction_piggyback_peri_1
[user_publichealth_amp] Edge to user_chemtrails_hub deleted (trust collapsed)
[Simulation]   Scoring user_chemtrails_amp_2
[Simulation]   Scoring user_airpollution_amp
[Simulation]   Scoring user_chemtrails_peri_3
[Simulation]   Scoring user_airpollution_peri_1
[Simulation]   Scoring user_publichealth_peri_1
[Simulation]   Scoring user_climate_scientist_hub
[Simulation]   Scoring user_science_journalist_hub

[Simulation] === Auditing: chemtrails_gates_2018_2021 ===
[Simulation]   Scoring user_haarp_hub
[Simulation]   Scoring user_environment_amp
[Simulation]   Scoring user_chemtrails_hub
[Simulation]   Scoring user_mitigation_amp
[user_mitigation_amp] Edge to user_climateaction_hub deleted (trust collapsed)
[Simulation]   Scoring user_chemtrails_amp_1
[Simulation]   Scoring user_usa_amp
[Simulation]   Scoring user_uk_amp
[Simulation]   Scoring user_haarp_amp_1
[user_uk_amp] Edge to user_chemtrails_hub deleted (trust collapsed)
[Simulation]   Scoring user_geoengineering_hub
[Simulation]   Scoring user_india_amp
[user_india_amp] Edge to user_chemtrails_hub deleted (trust collapsed)
[Simulation]   Scoring user_geoengineering_amp_1
[Simulation]   Scoring user_climateaction_piggyback_amp
[Simulation]   Scoring user_srm_amp
[Simulation]   Scoring user_climateaction_piggyback_peri_1
[Simulation]   Scoring user_chemtrails_amp_2
[Simulation]   Scoring user_srm_peri_1
[Simulation]   Scoring user_chemtrails_peri_3
[Simulation]   Scoring user_sag_amp
[Simulation]   Scoring user_nexrad_amp
[Simulation]   Scoring user_climate_scientist_hub
[Simulation]   Scoring user_science_journalist_hub

[Simulation] === Auditing: chemtrails_gates_2018_2021 ===
[Simulation]   Scoring user_haarp_hub
[Simulation]   Scoring user_nwo_amp
[Simulation]   Scoring user_chemtrails_hub
[user_chemtrails_hub] Auditor error for chemtrails_gates_2018_2021: HTTP 429: {"error":{"message":"Rate limit reached for gpt-4o-mini in organization org-GAm6cx3nTdYsPn2VvLcotuLu on tokens per min (TPM): Limit 2000000, Used 2000000, Requested 587. Please try again in 17ms. Visit https://platform.openai.com/account/rate-limits to learn more.","type":"tokens","param":null,"code":"rate_limit_exceeded"}}
[user_nwo_amp] Auditor error for chemtrails_gates_2018_2021: HTTP 429: {"error":{"message":"Rate limit reached for gpt-4o-mini in organization org-GAm6cx3nTdYsPn2VvLcotuLu on tokens per min (TPM): Limit 2000000, Used 2000000, Requested 559. Please try again in 16ms. Visit https://platform.openai.com/account/rate-limits to learn more.","type":"tokens","param":null,"code":"rate_limit_exceeded"}}
[user_chemtrails_hub] Auditor error for chemtrails_gates_2018_2021: HTTP 429: {"error":{"message":"Rate limit reached for gpt-4o-mini in organization org-GAm6cx3nTdYsPn2VvLcotuLu on tokens per min (TPM): Limit 2000000, Used 2000000, Requested 557. Please try again in 16ms. Visit https://platform.openai.com/account/rate-limits to learn more.","type":"tokens","param":null,"code":"rate_limit_exceeded"}}
[user_nwo_amp] Auditor error for chemtrails_gates_2018_2021: HTTP 429: {"error":{"message":"Rate limit reached for gpt-4o-mini in organization org-GAm6cx3nTdYsPn2VvLcotuLu on tokens per min (TPM): Limit 2000000, Used 2000000, Requested 565. Please try again in 16ms. Visit https://platform.openai.com/account/rate-limits to learn more.","type":"tokens","param":null,"code":"rate_limit_exceeded"}}
[user_chemtrails_hub] Auditor error for chemtrails_gates_2018_2021: HTTP 429: {"error":{"message":"Rate limit reached for gpt-4o-mini in organization org-GAm6cx3nTdYsPn2VvLcotuLu on tokens per min (TPM): Limit 2000000, Used 2000000, Requested 524. Please try again in 15ms. Visit https://platform.openai.com/account/rate-limits to learn more.","type":"tokens","param":null,"code":"rate_limit_exceeded"}}
[user_nwo_amp] Auditor error for chemtrails_gates_2018_2021: HTTP 429: {"error":{"message":"Rate limit reached for gpt-4o-mini in organization org-GAm6cx3nTdYsPn2VvLcotuLu on tokens per min (TPM): Limit 2000000, Used 2000000, Requested 552. Please try again in 16ms. Visit https://platform.openai.com/account/rate-limits to learn more.","type":"tokens","param":null,"code":"rate_limit_exceeded"}}
[user_chemtrails_hub] Auditor error for chemtrails_gates_2018_2021: HTTP 429: {"error":{"message":"Rate limit reached for gpt-4o-mini in organization org-GAm6cx3nTdYsPn2VvLcotuLu on tokens per min (TPM): Limit 2000000, Used 1999791, Requested 566. Please try again in 10ms. Visit https://platform.openai.com/account/rate-limits to learn more.","type":"tokens","param":null,"code":"rate_limit_exceeded"}}
[user_nwo_amp] Auditor error for chemtrails_gates_2018_2021: HTTP 429: {"error":{"message":"Rate limit reached for gpt-4o-mini in organization org-GAm6cx3nTdYsPn2VvLcotuLu on tokens per min (TPM): Limit 2000000, Used 2000000, Requested 559. Please try again in 16ms. Visit https://platform.openai.com/account/rate-limits to learn more.","type":"tokens","param":null,"code":"rate_limit_exceeded"}}
[user_chemtrails_hub] Auditor error for chemtrails_gates_2018_2021: HTTP 429: {"error":{"message":"Rate limit reached for gpt-4o-mini in organization org-GAm6cx3nTdYsPn2VvLcotuLu on tokens per min (TPM): Limit 2000000, Used 2000000, Requested 540. Please try again in 16ms. Visit https://platform.openai.com/account/rate-limits to learn more.","type":"tokens","param":null,"code":"rate_limit_exceeded"}}
[user_chemtrails_hub] Auditor error for chemtrails_gates_2018_2021: HTTP 429: {"error":{"message":"Rate limit reached for gpt-4o-mini in organization org-GAm6cx3nTdYsPn2VvLcotuLu on tokens per min (TPM): Limit 2000000, Used 2000000, Requested 531. Please try again in 15ms. Visit https://platform.openai.com/account/rate-limits to learn more.","type":"tokens","param":null,"code":"rate_limit_exceeded"}}
[user_chemtrails_hub] Auditor error for chemtrails_gates_2018_2021: HTTP 429: {"error":{"message":"Rate limit reached for gpt-4o-mini in organization org-GAm6cx3nTdYsPn2VvLcotuLu on tokens per min (TPM): Limit 2000000, Used 1999683, Requested 572. Please try again in 7ms. Visit https://platform.openai.com/account/rate-limits to learn more.","type":"tokens","param":null,"code":"rate_limit_exceeded"}}
[user_chemtrails_hub] Auditor error for chemtrails_gates_2018_2021: HTTP 429: {"error":{"message":"Rate limit reached for gpt-4o-mini in organization org-GAm6cx3nTdYsPn2VvLcotuLu on tokens per min (TPM): Limit 2000000, Used 2000000, Requested 525. Please try again in 15ms. Visit https://platform.openai.com/account/rate-limits to learn more.","type":"tokens","param":null,"code":"rate_limit_exceeded"}}
[user_chemtrails_hub] Auditor error for chemtrails_gates_2018_2021: HTTP 429: {"error":{"message":"Rate limit reached for gpt-4o-mini in organization org-GAm6cx3nTdYsPn2VvLcotuLu on tokens per min (TPM): Limit 2000000, Used 1999672, Requested 575. Please try again in 7ms. Visit https://platform.openai.com/account/rate-limits to learn more.","type":"tokens","param":null,"code":"rate_limit_exceeded"}}
[user_nwo_amp] Auditor error for chemtrails_gates_2018_2021: HTTP 429: {"error":{"message":"Rate limit reached for gpt-4o-mini in organization org-GAm6cx3nTdYsPn2VvLcotuLu on tokens per min (TPM): Limit 2000000, Used 2000000, Requested 541. Please try again in 16ms. Visit https://platform.openai.com/account/rate-limits to learn more.","type":"tokens","param":null,"code":"rate_limit_exceeded"}}
[user_nwo_amp] Auditor error for chemtrails_gates_2018_2021: HTTP 429: {"error":{"message":"Rate limit reached for gpt-4o-mini in organization org-GAm6cx3nTdYsPn2VvLcotuLu on tokens per min (TPM): Limit 2000000, Used 2000000, Requested 567. Please try again in 17ms. Visit https://platform.openai.com/account/rate-limits to learn more.","type":"tokens","param":null,"code":"rate_limit_exceeded"}}
[user_nwo_amp] Auditor error for chemtrails_gates_2018_2021: HTTP 429: {"error":{"message":"Rate limit reached for gpt-4o-mini in organization org-GAm6cx3nTdYsPn2VvLcotuLu on tokens per min (TPM): Limit 2000000, Used 1999918, Requested 564. Please try again in 14ms. Visit https://platform.openai.com/account/rate-limits to learn more.","type":"tokens","param":null,"code":"rate_limit_exceeded"}}
[user_nwo_amp] Auditor error for chemtrails_gates_2018_2021: HTTP 429: {"error":{"message":"Rate limit reached for gpt-4o-mini in organization org-GAm6cx3nTdYsPn2VvLcotuLu on tokens per min (TPM): Limit 2000000, Used 2000000, Requested 568. Please try again in 17ms. Visit https://platform.openai.com/account/rate-limits to learn more.","type":"tokens","param":null,"code":"rate_limit_exceeded"}}
[user_nwo_amp] Auditor error for chemtrails_gates_2018_2021: HTTP 429: {"error":{"message":"Rate limit reached for gpt-4o-mini in organization org-GAm6cx3nTdYsPn2VvLcotuLu on tokens per min (TPM): Limit 2000000, Used 2000000, Requested 565. Please try again in 16ms. Visit https://platform.openai.com/account/rate-limits to learn more.","type":"tokens","param":null,"code":"rate_limit_exceeded"}}
[user_chemtrails_hub] Auditor error for chemtrails_gates_2018_2021: HTTP 429: {"error":{"message":"Rate limit reached for gpt-4o-mini in organization org-GAm6cx3nTdYsPn2VvLcotuLu on tokens per min (TPM): Limit 2000000, Used 1999775, Requested 542. Please try again in 9ms. Visit https://platform.openai.com/account/rate-limits to learn more.","type":"tokens","param":null,"code":"rate_limit_exceeded"}}
[user_nwo_amp] Auditor error for chemtrails_gates_2018_2021: HTTP 429: {"error":{"message":"Rate limit reached for gpt-4o-mini in organization org-GAm6cx3nTdYsPn2VvLcotuLu on tokens per min (TPM): Limit 2000000, Used 2000000, Requested 549. Please try again in 16ms. Visit https://platform.openai.com/account/rate-limits to learn more.","type":"tokens","param":null,"code":"rate_limit_exceeded"}}
[user_nwo_amp] Auditor error for chemtrails_gates_2018_2021: HTTP 429: {"error":{"message":"Rate limit reached for gpt-4o-mini in organization org-GAm6cx3nTdYsPn2VvLcotuLu on tokens per min (TPM): Limit 2000000, Used 2000000, Requested 553. Please try again in 16ms. Visit https://platform.openai.com/account/rate-limits to learn more.","type":"tokens","param":null,"code":"rate_limit_exceeded"}}
[Simulation]   Scoring user_nwo_peri_1
[user_chemtrails_hub] Auditor error for chemtrails_gates_2018_2021: HTTP 429: {"error":{"message":"Rate limit reached for gpt-4o-mini in organization org-GAm6cx3nTdYsPn2VvLcotuLu on tokens per min (TPM): Limit 2000000, Used 2000000, Requested 534. Please try again in 16ms. Visit https://platform.openai.com/account/rate-limits to learn more.","type":"tokens","param":null,"code":"rate_limit_exceeded"}}
[user_nwo_peri_1] Auditor error for chemtrails_gates_2018_2021: HTTP 429: {"error":{"message":"Rate limit reached for gpt-4o-mini in organization org-GAm6cx3nTdYsPn2VvLcotuLu on tokens per min (TPM): Limit 2000000, Used 2000000, Requested 541. Please try again in 16ms. Visit https://platform.openai.com/account/rate-limits to learn more.","type":"tokens","param":null,"code":"rate_limit_exceeded"}}
[user_chemtrails_hub] Auditor error for chemtrails_gates_2018_2021: HTTP 429: {"error":{"message":"Rate limit reached for gpt-4o-mini in organization org-GAm6cx3nTdYsPn2VvLcotuLu on tokens per min (TPM): Limit 2000000, Used 2000000, Requested 566. Please try again in 16ms. Visit https://platform.openai.com/account/rate-limits to learn more.","type":"tokens","param":null,"code":"rate_limit_exceeded"}}
[user_nwo_peri_1] Auditor error for chemtrails_gates_2018_2021: HTTP 429: {"error":{"message":"Rate limit reached for gpt-4o-mini in organization org-GAm6cx3nTdYsPn2VvLcotuLu on tokens per min (TPM): Limit 2000000, Used 1999684, Requested 575. Please try again in 7ms. Visit https://platform.openai.com/account/rate-limits to learn more.","type":"tokens","param":null,"code":"rate_limit_exceeded"}}
[user_chemtrails_hub] Auditor error for chemtrails_gates_2018_2021: HTTP 429: {"error":{"message":"Rate limit reached for gpt-4o-mini in organization org-GAm6cx3nTdYsPn2VvLcotuLu on tokens per min (TPM): Limit 2000000, Used 2000000, Requested 575. Please try again in 17ms. Visit https://platform.openai.com/account/rate-limits to learn more.","type":"tokens","param":null,"code":"rate_limit_exceeded"}}
[user_nwo_peri_1] Auditor error for chemtrails_gates_2018_2021: HTTP 429: {"error":{"message":"Rate limit reached for gpt-4o-mini in organization org-GAm6cx3nTdYsPn2VvLcotuLu on tokens per min (TPM): Limit 2000000, Used 2000000, Requested 574. Please try again in 17ms. Visit https://platform.openai.com/account/rate-limits to learn more.","type":"tokens","param":null,"code":"rate_limit_exceeded"}}
[user_chemtrails_hub] Auditor error for chemtrails_gates_2018_2021: HTTP 429: {"error":{"message":"Rate limit reached for gpt-4o-mini in organization org-GAm6cx3nTdYsPn2VvLcotuLu on tokens per min (TPM): Limit 2000000, Used 2000000, Requested 511. Please try again in 15ms. Visit https://platform.openai.com/account/rate-limits to learn more.","type":"tokens","param":null,"code":"rate_limit_exceeded"}}
[Simulation]   Scoring user_chemtrails_amp_1
[user_chemtrails_amp_1] Auditor error for chemtrails_gates_2018_2021: HTTP 429: {"error":{"message":"Rate limit reached for gpt-4o-mini in organization org-GAm6cx3nTdYsPn2VvLcotuLu on tokens per min (TPM): Limit 2000000, Used 2000000, Requested 575. Please try again in 17ms. Visit https://platform.openai.com/account/rate-limits to learn more.","type":"tokens","param":null,"code":"rate_limit_exceeded"}}
[user_nwo_peri_1] Auditor error for chemtrails_gates_2018_2021: HTTP 429: {"error":{"message":"Rate limit reached for gpt-4o-mini in organization org-GAm6cx3nTdYsPn2VvLcotuLu on tokens per min (TPM): Limit 2000000, Used 2000000, Requested 557. Please try again in 16ms. Visit https://platform.openai.com/account/rate-limits to learn more.","type":"tokens","param":null,"code":"rate_limit_exceeded"}}
[user_chemtrails_amp_1] Auditor error for chemtrails_gates_2018_2021: HTTP 429: {"error":{"message":"Rate limit reached for gpt-4o-mini in organization org-GAm6cx3nTdYsPn2VvLcotuLu on tokens per min (TPM): Limit 2000000, Used 2000000, Requested 545. Please try again in 16ms. Visit https://platform.openai.com/account/rate-limits to learn more.","type":"tokens","param":null,"code":"rate_limit_exceeded"}}
[user_chemtrails_amp_1] Auditor error for chemtrails_gates_2018_2021: HTTP 429: {"error":{"message":"Rate limit reached for gpt-4o-mini in organization org-GAm6cx3nTdYsPn2VvLcotuLu on tokens per min (TPM): Limit 2000000, Used 2000000, Requested 577. Please try again in 17ms. Visit https://platform.openai.com/account/rate-limits to learn more.","type":"tokens","param":null,"code":"rate_limit_exceeded"}}
[user_nwo_peri_1] Auditor error for chemtrails_gates_2018_2021: HTTP 429: {"error":{"message":"Rate limit reached for gpt-4o-mini in organization org-GAm6cx3nTdYsPn2VvLcotuLu on tokens per min (TPM): Limit 2000000, Used 2000000, Requested 564. Please try again in 16ms. Visit https://platform.openai.com/account/rate-limits to learn more.","type":"tokens","param":null,"code":"rate_limit_exceeded"}}
[user_chemtrails_amp_1] Auditor error for chemtrails_gates_2018_2021: HTTP 429: {"error":{"message":"Rate limit reached for gpt-4o-mini in organization org-GAm6cx3nTdYsPn2VvLcotuLu on tokens per min (TPM): Limit 2000000, Used 2000000, Requested 504. Please try again in 15ms. Visit https://platform.openai.com/account/rate-limits to learn more.","type":"tokens","param":null,"code":"rate_limit_exceeded"}}
[user_nwo_peri_1] Auditor error for chemtrails_gates_2018_2021: HTTP 429: {"error":{"message":"Rate limit reached for gpt-4o-mini in organization org-GAm6cx3nTdYsPn2VvLcotuLu on tokens per min (TPM): Limit 2000000, Used 2000000, Requested 557. Please try again in 16ms. Visit https://platform.openai.com/account/rate-limits to learn more.","type":"tokens","param":null,"code":"rate_limit_exceeded"}}
[user_chemtrails_amp_1] Auditor error for chemtrails_gates_2018_2021: HTTP 429: {"error":{"message":"Rate limit reached for gpt-4o-mini in organization org-GAm6cx3nTdYsPn2VvLcotuLu on tokens per min (TPM): Limit 2000000, Used 2000000, Requested 511. Please try again in 15ms. Visit https://platform.openai.com/account/rate-limits to learn more.","type":"tokens","param":null,"code":"rate_limit_exceeded"}}
[user_nwo_peri_1] Auditor error for chemtrails_gates_2018_2021: HTTP 429: {"error":{"message":"Rate limit reached for gpt-4o-mini in organization org-GAm6cx3nTdYsPn2VvLcotuLu on tokens per min (TPM): Limit 2000000, Used 2000000, Requested 554. Please try again in 16ms. Visit https://platform.openai.com/account/rate-limits to learn more.","type":"tokens","param":null,"code":"rate_limit_exceeded"}}
[user_chemtrails_amp_1] Auditor error for chemtrails_gates_2018_2021: HTTP 429: {"error":{"message":"Rate limit reached for gpt-4o-mini in organization org-GAm6cx3nTdYsPn2VvLcotuLu on tokens per min (TPM): Limit 2000000, Used 2000000, Requested 557. Please try again in 16ms. Visit https://platform.openai.com/account/rate-limits to learn more.","type":"tokens","param":null,"code":"rate_limit_exceeded"}}
[user_nwo_peri_1] Auditor error for chemtrails_gates_2018_2021: HTTP 429: {"error":{"message":"Rate limit reached for gpt-4o-mini in organization org-GAm6cx3nTdYsPn2VvLcotuLu on tokens per min (TPM): Limit 2000000, Used 2000000, Requested 551. Please try again in 16ms. Visit https://platform.openai.com/account/rate-limits to learn more.","type":"tokens","param":null,"code":"rate_limit_exceeded"}}
[user_chemtrails_amp_1] Auditor error for chemtrails_gates_2018_2021: HTTP 429: {"error":{"message":"Rate limit reached for gpt-4o-mini in organization org-GAm6cx3nTdYsPn2VvLcotuLu on tokens per min (TPM): Limit 2000000, Used 2000000, Requested 567. Please try again in 17ms. Visit https://platform.openai.com/account/rate-limits to learn more.","type":"tokens","param":null,"code":"rate_limit_exceeded"}}
[user_nwo_peri_1] Auditor error for chemtrails_gates_2018_2021: HTTP 429: {"error":{"message":"Rate limit reached for gpt-4o-mini in organization org-GAm6cx3nTdYsPn2VvLcotuLu on tokens per min (TPM): Limit 2000000, Used 2000000, Requested 564. Please try again in 16ms. Visit https://platform.openai.com/account/rate-limits to learn more.","type":"tokens","param":null,"code":"rate_limit_exceeded"}}
[user_chemtrails_amp_1] Auditor error for chemtrails_gates_2018_2021: HTTP 429: {"error":{"message":"Rate limit reached for gpt-4o-mini in organization org-GAm6cx3nTdYsPn2VvLcotuLu on tokens per min (TPM): Limit 2000000, Used 2000000, Requested 522. Please try again in 15ms. Visit https://platform.openai.com/account/rate-limits to learn more.","type":"tokens","param":null,"code":"rate_limit_exceeded"}}
[user_nwo_peri_1] Auditor error for chemtrails_gates_2018_2021: HTTP 429: {"error":{"message":"Rate limit reached for gpt-4o-mini in organization org-GAm6cx3nTdYsPn2VvLcotuLu on tokens per min (TPM): Limit 2000000, Used 2000000, Requested 565. Please try again in 16ms. Visit https://platform.openai.com/account/rate-limits to learn more.","type":"tokens","param":null,"code":"rate_limit_exceeded"}}
[user_chemtrails_amp_1] Auditor error for chemtrails_gates_2018_2021: HTTP 429: {"error":{"message":"Rate limit reached for gpt-4o-mini in organization org-GAm6cx3nTdYsPn2VvLcotuLu on tokens per min (TPM): Limit 2000000, Used 2000000, Requested 572. Please try again in 17ms. Visit https://platform.openai.com/account/rate-limits to learn more.","type":"tokens","param":null,"code":"rate_limit_exceeded"}}
[user_nwo_peri_1] Auditor error for chemtrails_gates_2018_2021: HTTP 429: {"error":{"message":"Rate limit reached for gpt-4o-mini in organization org-GAm6cx3nTdYsPn2VvLcotuLu on tokens per min (TPM): Limit 2000000, Used 2000000, Requested 552. Please try again in 16ms. Visit https://platform.openai.com/account/rate-limits to learn more.","type":"tokens","param":null,"code":"rate_limit_exceeded"}}
[user_chemtrails_amp_1] Auditor error for chemtrails_gates_2018_2021: HTTP 429: {"error":{"message":"Rate limit reached for gpt-4o-mini in organization org-GAm6cx3nTdYsPn2VvLcotuLu on tokens per min (TPM): Limit 2000000, Used 2000000, Requested 583. Please try again in 17ms. Visit https://platform.openai.com/account/rate-limits to learn more.","type":"tokens","param":null,"code":"rate_limit_exceeded"}}
[user_nwo_peri_1] Auditor error for chemtrails_gates_2018_2021: HTTP 429: {"error":{"message":"Rate limit reached for gpt-4o-mini in organization org-GAm6cx3nTdYsPn2VvLcotuLu on tokens per min (TPM): Limit 2000000, Used 2000000, Requested 559. Please try again in 16ms. Visit https://platform.openai.com/account/rate-limits to learn more.","type":"tokens","param":null,"code":"rate_limit_exceeded"}}
[user_chemtrails_amp_1] Auditor error for chemtrails_gates_2018_2021: HTTP 429: {"error":{"message":"Rate limit reached for gpt-4o-mini in organization org-GAm6cx3nTdYsPn2VvLcotuLu on tokens per min (TPM): Limit 2000000, Used 2000000, Requested 575. Please try again in 17ms. Visit https://platform.openai.com/account/rate-limits to learn more.","type":"tokens","param":null,"code":"rate_limit_exceeded"}}
[user_nwo_peri_1] Auditor error for chemtrails_gates_2018_2021: HTTP 429: {"error":{"message":"Rate limit reached for gpt-4o-mini in organization org-GAm6cx3nTdYsPn2VvLcotuLu on tokens per min (TPM): Limit 2000000, Used 2000000, Requested 565. Please try again in 16ms. Visit https://platform.openai.com/account/rate-limits to learn more.","type":"tokens","param":null,"code":"rate_limit_exceeded"}}
[user_chemtrails_amp_1] Auditor error for chemtrails_gates_2018_2021: HTTP 429: {"error":{"message":"Rate limit reached for gpt-4o-mini in organization org-GAm6cx3nTdYsPn2VvLcotuLu on tokens per min (TPM): Limit 2000000, Used 2000000, Requested 569. Please try again in 17ms. Visit https://platform.openai.com/account/rate-limits to learn more.","type":"tokens","param":null,"code":"rate_limit_exceeded"}}
[user_chemtrails_amp_1] Auditor error for chemtrails_gates_2018_2021: HTTP 429: {"error":{"message":"Rate limit reached for gpt-4o-mini in organization org-GAm6cx3nTdYsPn2VvLcotuLu on tokens per min (TPM): Limit 2000000, Used 2000000, Requested 524. Please try again in 15ms. Visit https://platform.openai.com/account/rate-limits to learn more.","type":"tokens","param":null,"code":"rate_limit_exceeded"}}
[user_nwo_peri_1] Auditor error for chemtrails_gates_2018_2021: HTTP 429: {"error":{"message":"Rate limit reached for gpt-4o-mini in organization org-GAm6cx3nTdYsPn2VvLcotuLu on tokens per min (TPM): Limit 2000000, Used 2000000, Requested 553. Please try again in 16ms. Visit https://platform.openai.com/account/rate-limits to learn more.","type":"tokens","param":null,"code":"rate_limit_exceeded"}}
[user_chemtrails_amp_1] Auditor error for chemtrails_gates_2018_2021: HTTP 429: {"error":{"message":"Rate limit reached for gpt-4o-mini in organization org-GAm6cx3nTdYsPn2VvLcotuLu on tokens per min (TPM): Limit 2000000, Used 2000000, Requested 523. Please try again in 15ms. Visit https://platform.openai.com/account/rate-limits to learn more.","type":"tokens","param":null,"code":"rate_limit_exceeded"}}
[user_nwo_peri_1] Auditor error for chemtrails_gates_2018_2021: HTTP 429: {"error":{"message":"Rate limit reached for gpt-4o-mini in organization org-GAm6cx3nTdYsPn2VvLcotuLu on tokens per min (TPM): Limit 2000000, Used 2000000, Requested 550. Please try again in 16ms. Visit https://platform.openai.com/account/rate-limits to learn more.","type":"tokens","param":null,"code":"rate_limit_exceeded"}}
[user_chemtrails_amp_1] Auditor error for chemtrails_gates_2018_2021: HTTP 429: {"error":{"message":"Rate limit reached for gpt-4o-mini in organization org-GAm6cx3nTdYsPn2VvLcotuLu on tokens per min (TPM): Limit 2000000, Used 2000000, Requested 575. Please try again in 17ms. Visit https://platform.openai.com/account/rate-limits to learn more.","type":"tokens","param":null,"code":"rate_limit_exceeded"}}
[user_nwo_peri_1] Auditor error for chemtrails_gates_2018_2021: HTTP 429: {"error":{"message":"Rate limit reached for gpt-4o-mini in organization org-GAm6cx3nTdYsPn2VvLcotuLu on tokens per min (TPM): Limit 2000000, Used 2000000, Requested 564. Please try again in 16ms. Visit https://platform.openai.com/account/rate-limits to learn more.","type":"tokens","param":null,"code":"rate_limit_exceeded"}}
[user_chemtrails_amp_1] Auditor error for chemtrails_gates_2018_2021: HTTP 429: {"error":{"message":"Rate limit reached for gpt-4o-mini in organization org-GAm6cx3nTdYsPn2VvLcotuLu on tokens per min (TPM): Limit 2000000, Used 2000000, Requested 540. Please try again in 16ms. Visit https://platform.openai.com/account/rate-limits to learn more.","type":"tokens","param":null,"code":"rate_limit_exceeded"}}
[user_chemtrails_amp_1] Auditor error for chemtrails_gates_2018_2021: HTTP 429: {"error":{"message":"Rate limit reached for gpt-4o-mini in organization org-GAm6cx3nTdYsPn2VvLcotuLu on tokens per min (TPM): Limit 2000000, Used 1999886, Requested 558. Please try again in 13ms. Visit https://platform.openai.com/account/rate-limits to learn more.","type":"tokens","param":null,"code":"rate_limit_exceeded"}}
[user_nwo_peri_1] Auditor error for chemtrails_gates_2018_2021: HTTP 429: {"error":{"message":"Rate limit reached for gpt-4o-mini in organization org-GAm6cx3nTdYsPn2VvLcotuLu on tokens per min (TPM): Limit 2000000, Used 2000000, Requested 549. Please try again in 16ms. Visit https://platform.openai.com/account/rate-limits to learn more.","type":"tokens","param":null,"code":"rate_limit_exceeded"}}
[user_nwo_peri_1] Auditor error for chemtrails_gates_2018_2021: HTTP 429: {"error":{"message":"Rate limit reached for gpt-4o-mini in organization org-GAm6cx3nTdYsPn2VvLcotuLu on tokens per min (TPM): Limit 2000000, Used 2000000, Requested 554. Please try again in 16ms. Visit https://platform.openai.com/account/rate-limits to learn more.","type":"tokens","param":null,"code":"rate_limit_exceeded"}}
[user_nwo_peri_1] Auditor error for chemtrails_gates_2018_2021: HTTP 429: {"error":{"message":"Rate limit reached for gpt-4o-mini in organization org-GAm6cx3nTdYsPn2VvLcotuLu on tokens per min (TPM): Limit 2000000, Used 2000000, Requested 553. Please try again in 16ms. Visit https://platform.openai.com/account/rate-limits to learn more.","type":"tokens","param":null,"code":"rate_limit_exceeded"}}
[Simulation]   Scoring user_illuminati_amp
[user_illuminati_amp] Auditor error for chemtrails_gates_2018_2021: HTTP 429: {"error":{"message":"Rate limit reached for gpt-4o-mini in organization org-GAm6cx3nTdYsPn2VvLcotuLu on tokens per min (TPM): Limit 2000000, Used 2000000, Requested 557. Please try again in 16ms. Visit https://platform.openai.com/account/rate-limits to learn more.","type":"tokens","param":null,"code":"rate_limit_exceeded"}}
[user_chemtrails_amp_1] Auditor error for chemtrails_gates_2018_2021: HTTP 429: {"error":{"message":"Rate limit reached for gpt-4o-mini in organization org-GAm6cx3nTdYsPn2VvLcotuLu on tokens per min (TPM): Limit 2000000, Used 2000000, Requested 583. Please try again in 17ms. Visit https://platform.openai.com/account/rate-limits to learn more.","type":"tokens","param":null,"code":"rate_limit_exceeded"}}
[user_illuminati_amp] Auditor error for chemtrails_gates_2018_2021: HTTP 429: {"error":{"message":"Rate limit reached for gpt-4o-mini in organization org-GAm6cx3nTdYsPn2VvLcotuLu on tokens per min (TPM): Limit 2000000, Used 2000000, Requested 567. Please try again in 17ms. Visit https://platform.openai.com/account/rate-limits to learn more.","type":"tokens","param":null,"code":"rate_limit_exceeded"}}
[user_chemtrails_amp_1] Auditor error for chemtrails_gates_2018_2021: HTTP 429: {"error":{"message":"Rate limit reached for gpt-4o-mini in organization org-GAm6cx3nTdYsPn2VvLcotuLu on tokens per min (TPM): Limit 2000000, Used 2000000, Requested 575. Please try again in 17ms. Visit https://platform.openai.com/account/rate-limits to learn more.","type":"tokens","param":null,"code":"rate_limit_exceeded"}}
[user_illuminati_amp] Auditor error for chemtrails_gates_2018_2021: HTTP 429: {"error":{"message":"Rate limit reached for gpt-4o-mini in organization org-GAm6cx3nTdYsPn2VvLcotuLu on tokens per min (TPM): Limit 2000000, Used 2000000, Requested 534. Please try again in 16ms. Visit https://platform.openai.com/account/rate-limits to learn more.","type":"tokens","param":null,"code":"rate_limit_exceeded"}}
[user_chemtrails_amp_1] Auditor error for chemtrails_gates_2018_2021: HTTP 429: {"error":{"message":"Rate limit reached for gpt-4o-mini in organization org-GAm6cx3nTdYsPn2VvLcotuLu on tokens per min (TPM): Limit 2000000, Used 2000000, Requested 525. Please try again in 15ms. Visit https://platform.openai.com/account/rate-limits to learn more.","type":"tokens","param":null,"code":"rate_limit_exceeded"}}
[Simulation]   Scoring user_haarp_amp_1
[user_illuminati_amp] Auditor error for chemtrails_gates_2018_2021: HTTP 429: {"error":{"message":"Rate limit reached for gpt-4o-mini in organization org-GAm6cx3nTdYsPn2VvLcotuLu on tokens per min (TPM): Limit 2000000, Used 2000000, Requested 557. Please try again in 16ms. Visit https://platform.openai.com/account/rate-limits to learn more.","type":"tokens","param":null,"code":"rate_limit_exceeded"}}
[user_haarp_amp_1] Auditor error for chemtrails_gates_2018_2021: HTTP 429: {"error":{"message":"Rate limit reached for gpt-4o-mini in organization org-GAm6cx3nTdYsPn2VvLcotuLu on tokens per min (TPM): Limit 2000000, Used 2000000, Requested 570. Please try again in 17ms. Visit https://platform.openai.com/account/rate-limits to learn more.","type":"tokens","param":null,"code":"rate_limit_exceeded"}}
[user_illuminati_amp] Auditor error for chemtrails_gates_2018_2021: HTTP 429: {"error":{"message":"Rate limit reached for gpt-4o-mini in organization org-GAm6cx3nTdYsPn2VvLcotuLu on tokens per min (TPM): Limit 2000000, Used 2000000, Requested 564. Please try again in 16ms. Visit https://platform.openai.com/account/rate-limits to learn more.","type":"tokens","param":null,"code":"rate_limit_exceeded"}}
[user_haarp_amp_1] Auditor error for chemtrails_gates_2018_2021: HTTP 429: {"error":{"message":"Rate limit reached for gpt-4o-mini in organization org-GAm6cx3nTdYsPn2VvLcotuLu on tokens per min (TPM): Limit 2000000, Used 2000000, Requested 557. Please try again in 16ms. Visit https://platform.openai.com/account/rate-limits to learn more.","type":"tokens","param":null,"code":"rate_limit_exceeded"}}
[user_illuminati_amp] Auditor error for chemtrails_gates_2018_2021: HTTP 429: {"error":{"message":"Rate limit reached for gpt-4o-mini in organization org-GAm6cx3nTdYsPn2VvLcotuLu on tokens per min (TPM): Limit 2000000, Used 2000000, Requested 557. Please try again in 16ms. Visit https://platform.openai.com/account/rate-limits to learn more.","type":"tokens","param":null,"code":"rate_limit_exceeded"}}
[user_haarp_amp_1] Auditor error for chemtrails_gates_2018_2021: HTTP 429: {"error":{"message":"Rate limit reached for gpt-4o-mini in organization org-GAm6cx3nTdYsPn2VvLcotuLu on tokens per min (TPM): Limit 2000000, Used 2000000, Requested 533. Please try again in 15ms. Visit https://platform.openai.com/account/rate-limits to learn more.","type":"tokens","param":null,"code":"rate_limit_exceeded"}}
[user_illuminati_amp] Auditor error for chemtrails_gates_2018_2021: HTTP 429: {"error":{"message":"Rate limit reached for gpt-4o-mini in organization org-GAm6cx3nTdYsPn2VvLcotuLu on tokens per min (TPM): Limit 2000000, Used 2000000, Requested 564. Please try again in 16ms. Visit https://platform.openai.com/account/rate-limits to learn more.","type":"tokens","param":null,"code":"rate_limit_exceeded"}}
[user_haarp_amp_1] Auditor error for chemtrails_gates_2018_2021: HTTP 429: {"error":{"message":"Rate limit reached for gpt-4o-mini in organization org-GAm6cx3nTdYsPn2VvLcotuLu on tokens per min (TPM): Limit 2000000, Used 2000000, Requested 567. Please try again in 17ms. Visit https://platform.openai.com/account/rate-limits to learn more.","type":"tokens","param":null,"code":"rate_limit_exceeded"}}
[user_haarp_amp_1] Auditor error for chemtrails_gates_2018_2021: HTTP 429: {"error":{"message":"Rate limit reached for gpt-4o-mini in organization org-GAm6cx3nTdYsPn2VvLcotuLu on tokens per min (TPM): Limit 2000000, Used 2000000, Requested 571. Please try again in 17ms. Visit https://platform.openai.com/account/rate-limits to learn more.","type":"tokens","param":null,"code":"rate_limit_exceeded"}}
[user_illuminati_amp] Auditor error for chemtrails_gates_2018_2021: HTTP 429: {"error":{"message":"Rate limit reached for gpt-4o-mini in organization org-GAm6cx3nTdYsPn2VvLcotuLu on tokens per min (TPM): Limit 2000000, Used 2000000, Requested 557. Please try again in 16ms. Visit https://platform.openai.com/account/rate-limits to learn more.","type":"tokens","param":null,"code":"rate_limit_exceeded"}}
[user_haarp_amp_1] Auditor error for chemtrails_gates_2018_2021: HTTP 429: {"error":{"message":"Rate limit reached for gpt-4o-mini in organization org-GAm6cx3nTdYsPn2VvLcotuLu on tokens per min (TPM): Limit 2000000, Used 2000000, Requested 529. Please try again in 15ms. Visit https://platform.openai.com/account/rate-limits to learn more.","type":"tokens","param":null,"code":"rate_limit_exceeded"}}
[user_illuminati_amp] Auditor error for chemtrails_gates_2018_2021: HTTP 429: {"error":{"message":"Rate limit reached for gpt-4o-mini in organization org-GAm6cx3nTdYsPn2VvLcotuLu on tokens per min (TPM): Limit 2000000, Used 2000000, Requested 558. Please try again in 16ms. Visit https://platform.openai.com/account/rate-limits to learn more.","type":"tokens","param":null,"code":"rate_limit_exceeded"}}
[user_illuminati_amp] Auditor error for chemtrails_gates_2018_2021: HTTP 429: {"error":{"message":"Rate limit reached for gpt-4o-mini in organization org-GAm6cx3nTdYsPn2VvLcotuLu on tokens per min (TPM): Limit 2000000, Used 2000000, Requested 553. Please try again in 16ms. Visit https://platform.openai.com/account/rate-limits to learn more.","type":"tokens","param":null,"code":"rate_limit_exceeded"}}
[user_haarp_amp_1] Auditor error for chemtrails_gates_2018_2021: HTTP 429: {"error":{"message":"Rate limit reached for gpt-4o-mini in organization org-GAm6cx3nTdYsPn2VvLcotuLu on tokens per min (TPM): Limit 2000000, Used 2000000, Requested 566. Please try again in 16ms. Visit https://platform.openai.com/account/rate-limits to learn more.","type":"tokens","param":null,"code":"rate_limit_exceeded"}}
[user_haarp_amp_1] Auditor error for chemtrails_gates_2018_2021: HTTP 429: {"error":{"message":"Rate limit reached for gpt-4o-mini in organization org-GAm6cx3nTdYsPn2VvLcotuLu on tokens per min (TPM): Limit 2000000, Used 2000000, Requested 566. Please try again in 16ms. Visit https://platform.openai.com/account/rate-limits to learn more.","type":"tokens","param":null,"code":"rate_limit_exceeded"}}
[user_haarp_amp_1] Auditor error for chemtrails_gates_2018_2021: HTTP 429: {"error":{"message":"Rate limit reached for gpt-4o-mini in organization org-GAm6cx3nTdYsPn2VvLcotuLu on tokens per min (TPM): Limit 2000000, Used 2000000, Requested 524. Please try again in 15ms. Visit https://platform.openai.com/account/rate-limits to learn more.","type":"tokens","param":null,"code":"rate_limit_exceeded"}}
[user_haarp_amp_1] Auditor error for chemtrails_gates_2018_2021: HTTP 429: {"error":{"message":"Rate limit reached for gpt-4o-mini in organization org-GAm6cx3nTdYsPn2VvLcotuLu on tokens per min (TPM): Limit 2000000, Used 2000000, Requested 546. Please try again in 16ms. Visit https://platform.openai.com/account/rate-limits to learn more.","type":"tokens","param":null,"code":"rate_limit_exceeded"}}
[user_haarp_amp_1] Auditor error for chemtrails_gates_2018_2021: HTTP 429: {"error":{"message":"Rate limit reached for gpt-4o-mini in organization org-GAm6cx3nTdYsPn2VvLcotuLu on tokens per min (TPM): Limit 2000000, Used 2000000, Requested 566. Please try again in 16ms. Visit https://platform.openai.com/account/rate-limits to learn more.","type":"tokens","param":null,"code":"rate_limit_exceeded"}}
[user_haarp_amp_1] Auditor error for chemtrails_gates_2018_2021: HTTP 429: {"error":{"message":"Rate limit reached for gpt-4o-mini in organization org-GAm6cx3nTdYsPn2VvLcotuLu on tokens per min (TPM): Limit 2000000, Used 2000000, Requested 584. Please try again in 17ms. Visit https://platform.openai.com/account/rate-limits to learn more.","type":"tokens","param":null,"code":"rate_limit_exceeded"}}
[user_haarp_amp_1] Auditor error for chemtrails_gates_2018_2021: HTTP 429: {"error":{"message":"Rate limit reached for gpt-4o-mini in organization org-GAm6cx3nTdYsPn2VvLcotuLu on tokens per min (TPM): Limit 2000000, Used 2000000, Requested 576. Please try again in 17ms. Visit https://platform.openai.com/account/rate-limits to learn more.","type":"tokens","param":null,"code":"rate_limit_exceeded"}}
[user_haarp_amp_1] Auditor error for chemtrails_gates_2018_2021: HTTP 429: {"error":{"message":"Rate limit reached for gpt-4o-mini in organization org-GAm6cx3nTdYsPn2VvLcotuLu on tokens per min (TPM): Limit 2000000, Used 2000000, Requested 580. Please try again in 17ms. Visit https://platform.openai.com/account/rate-limits to learn more.","type":"tokens","param":null,"code":"rate_limit_exceeded"}}
[user_haarp_amp_1] Auditor error for chemtrails_gates_2018_2021: HTTP 429: {"error":{"message":"Rate limit reached for gpt-4o-mini in organization org-GAm6cx3nTdYsPn2VvLcotuLu on tokens per min (TPM): Limit 2000000, Used 2000000, Requested 569. Please try again in 17ms. Visit https://platform.openai.com/account/rate-limits to learn more.","type":"tokens","param":null,"code":"rate_limit_exceeded"}}
[user_haarp_amp_1] Auditor error for chemtrails_gates_2018_2021: HTTP 429: {"error":{"message":"Rate limit reached for gpt-4o-mini in organization org-GAm6cx3nTdYsPn2VvLcotuLu on tokens per min (TPM): Limit 2000000, Used 2000000, Requested 525. Please try again in 15ms. Visit https://platform.openai.com/account/rate-limits to learn more.","type":"tokens","param":null,"code":"rate_limit_exceeded"}}
[user_haarp_amp_1] Auditor error for chemtrails_gates_2018_2021: HTTP 429: {"error":{"message":"Rate limit reached for gpt-4o-mini in organization org-GAm6cx3nTdYsPn2VvLcotuLu on tokens per min (TPM): Limit 2000000, Used 2000000, Requested 515. Please try again in 15ms. Visit https://platform.openai.com/account/rate-limits to learn more.","type":"tokens","param":null,"code":"rate_limit_exceeded"}}
[user_illuminati_amp] Auditor error for chemtrails_gates_2018_2021: HTTP 429: {"error":{"message":"Rate limit reached for gpt-4o-mini in organization org-GAm6cx3nTdYsPn2VvLcotuLu on tokens per min (TPM): Limit 2000000, Used 2000000, Requested 552. Please try again in 16ms. Visit https://platform.openai.com/account/rate-limits to learn more.","type":"tokens","param":null,"code":"rate_limit_exceeded"}}
[user_illuminati_amp] Auditor error for chemtrails_gates_2018_2021: HTTP 429: {"error":{"message":"Rate limit reached for gpt-4o-mini in organization org-GAm6cx3nTdYsPn2VvLcotuLu on tokens per min (TPM): Limit 2000000, Used 2000000, Requested 551. Please try again in 16ms. Visit https://platform.openai.com/account/rate-limits to learn more.","type":"tokens","param":null,"code":"rate_limit_exceeded"}}
[user_haarp_amp_1] Auditor error for chemtrails_gates_2018_2021: HTTP 429: {"error":{"message":"Rate limit reached for gpt-4o-mini in organization org-GAm6cx3nTdYsPn2VvLcotuLu on tokens per min (TPM): Limit 2000000, Used 2000000, Requested 513. Please try again in 15ms. Visit https://platform.openai.com/account/rate-limits to learn more.","type":"tokens","param":null,"code":"rate_limit_exceeded"}}
[user_illuminati_amp] Auditor error for chemtrails_gates_2018_2021: HTTP 429: {"error":{"message":"Rate limit reached for gpt-4o-mini in organization org-GAm6cx3nTdYsPn2VvLcotuLu on tokens per min (TPM): Limit 2000000, Used 2000000, Requested 556. Please try again in 16ms. Visit https://platform.openai.com/account/rate-limits to learn more.","type":"tokens","param":null,"code":"rate_limit_exceeded"}}
[user_haarp_amp_1] Auditor error for chemtrails_gates_2018_2021: HTTP 429: {"error":{"message":"Rate limit reached for gpt-4o-mini in organization org-GAm6cx3nTdYsPn2VvLcotuLu on tokens per min (TPM): Limit 2000000, Used 2000000, Requested 533. Please try again in 15ms. Visit https://platform.openai.com/account/rate-limits to learn more.","type":"tokens","param":null,"code":"rate_limit_exceeded"}}
[user_illuminati_amp] Auditor error for chemtrails_gates_2018_2021: HTTP 429: {"error":{"message":"Rate limit reached for gpt-4o-mini in organization org-GAm6cx3nTdYsPn2VvLcotuLu on tokens per min (TPM): Limit 2000000, Used 2000000, Requested 552. Please try again in 16ms. Visit https://platform.openai.com/account/rate-limits to learn more.","type":"tokens","param":null,"code":"rate_limit_exceeded"}}
[user_haarp_amp_1] Auditor error for chemtrails_gates_2018_2021: HTTP 429: {"error":{"message":"Rate limit reached for gpt-4o-mini in organization org-GAm6cx3nTdYsPn2VvLcotuLu on tokens per min (TPM): Limit 2000000, Used 2000000, Requested 520. Please try again in 15ms. Visit https://platform.openai.com/account/rate-limits to learn more.","type":"tokens","param":null,"code":"rate_limit_exceeded"}}
[user_illuminati_amp] Auditor error for chemtrails_gates_2018_2021: HTTP 429: {"error":{"message":"Rate limit reached for gpt-4o-mini in organization org-GAm6cx3nTdYsPn2VvLcotuLu on tokens per min (TPM): Limit 2000000, Used 2000000, Requested 563. Please try again in 16ms. Visit https://platform.openai.com/account/rate-limits to learn more.","type":"tokens","param":null,"code":"rate_limit_exceeded"}}
[user_haarp_amp_1] Auditor error for chemtrails_gates_2018_2021: HTTP 429: {"error":{"message":"Rate limit reached for gpt-4o-mini in organization org-GAm6cx3nTdYsPn2VvLcotuLu on tokens per min (TPM): Limit 2000000, Used 2000000, Requested 552. Please try again in 16ms. Visit https://platform.openai.com/account/rate-limits to learn more.","type":"tokens","param":null,"code":"rate_limit_exceeded"}}
[Simulation]   Scoring user_geoengineering_hub
[user_illuminati_amp] Auditor error for chemtrails_gates_2018_2021: HTTP 429: {"error":{"message":"Rate limit reached for gpt-4o-mini in organization org-GAm6cx3nTdYsPn2VvLcotuLu on tokens per min (TPM): Limit 2000000, Used 2000000, Requested 564. Please try again in 16ms. Visit https://platform.openai.com/account/rate-limits to learn more.","type":"tokens","param":null,"code":"rate_limit_exceeded"}}
[user_geoengineering_hub] Auditor error for chemtrails_gates_2018_2021: HTTP 429: {"error":{"message":"Rate limit reached for gpt-4o-mini in organization org-GAm6cx3nTdYsPn2VvLcotuLu on tokens per min (TPM): Limit 2000000, Used 2000000, Requested 557. Please try again in 16ms. Visit https://platform.openai.com/account/rate-limits to learn more.","type":"tokens","param":null,"code":"rate_limit_exceeded"}}
[user_illuminati_amp] Auditor error for chemtrails_gates_2018_2021: HTTP 429: {"error":{"message":"Rate limit reached for gpt-4o-mini in organization org-GAm6cx3nTdYsPn2VvLcotuLu on tokens per min (TPM): Limit 2000000, Used 2000000, Requested 565. Please try again in 16ms. Visit https://platform.openai.com/account/rate-limits to learn more.","type":"tokens","param":null,"code":"rate_limit_exceeded"}}
[user_geoengineering_hub] Auditor error for chemtrails_gates_2018_2021: HTTP 429: {"error":{"message":"Rate limit reached for gpt-4o-mini in organization org-GAm6cx3nTdYsPn2VvLcotuLu on tokens per min (TPM): Limit 2000000, Used 2000000, Requested 555. Please try again in 16ms. Visit https://platform.openai.com/account/rate-limits to learn more.","type":"tokens","param":null,"code":"rate_limit_exceeded"}}
[user_illuminati_amp] Auditor error for chemtrails_gates_2018_2021: HTTP 429: {"error":{"message":"Rate limit reached for gpt-4o-mini in organization org-GAm6cx3nTdYsPn2VvLcotuLu on tokens per min (TPM): Limit 2000000, Used 2000000, Requested 565. Please try again in 16ms. Visit https://platform.openai.com/account/rate-limits to learn more.","type":"tokens","param":null,"code":"rate_limit_exceeded"}}
[user_geoengineering_hub] Auditor error for chemtrails_gates_2018_2021: HTTP 429: {"error":{"message":"Rate limit reached for gpt-4o-mini in organization org-GAm6cx3nTdYsPn2VvLcotuLu on tokens per min (TPM): Limit 2000000, Used 2000000, Requested 653. Please try again in 19ms. Visit https://platform.openai.com/account/rate-limits to learn more.","type":"tokens","param":null,"code":"rate_limit_exceeded"}}
[user_illuminati_amp] Auditor error for chemtrails_gates_2018_2021: HTTP 429: {"error":{"message":"Rate limit reached for gpt-4o-mini in organization org-GAm6cx3nTdYsPn2VvLcotuLu on tokens per min (TPM): Limit 2000000, Used 2000000, Requested 559. Please try again in 16ms. Visit https://platform.openai.com/account/rate-limits to learn more.","type":"tokens","param":null,"code":"rate_limit_exceeded"}}
[user_geoengineering_hub] Auditor error for chemtrails_gates_2018_2021: HTTP 429: {"error":{"message":"Rate limit reached for gpt-4o-mini in organization org-GAm6cx3nTdYsPn2VvLcotuLu on tokens per min (TPM): Limit 2000000, Used 2000000, Requested 571. Please try again in 17ms. Visit https://platform.openai.com/account/rate-limits to learn more.","type":"tokens","param":null,"code":"rate_limit_exceeded"}}
[user_geoengineering_hub] Auditor error for chemtrails_gates_2018_2021: HTTP 429: {"error":{"message":"Rate limit reached for gpt-4o-mini in organization org-GAm6cx3nTdYsPn2VvLcotuLu on tokens per min (TPM): Limit 2000000, Used 1999606, Requested 546. Please try again in 4ms. Visit https://platform.openai.com/account/rate-limits to learn more.","type":"tokens","param":null,"code":"rate_limit_exceeded"}}
[Simulation]   Scoring user_gmo_amp
[user_geoengineering_hub] Auditor error for chemtrails_gates_2018_2021: HTTP 429: {"error":{"message":"Rate limit reached for gpt-4o-mini in organization org-GAm6cx3nTdYsPn2VvLcotuLu on tokens per min (TPM): Limit 2000000, Used 2000000, Requested 531. Please try again in 15ms. Visit https://platform.openai.com/account/rate-limits to learn more.","type":"tokens","param":null,"code":"rate_limit_exceeded"}}
[user_geoengineering_hub] Auditor error for chemtrails_gates_2018_2021: HTTP 429: {"error":{"message":"Rate limit reached for gpt-4o-mini in organization org-GAm6cx3nTdYsPn2VvLcotuLu on tokens per min (TPM): Limit 2000000, Used 2000000, Requested 579. Please try again in 17ms. Visit https://platform.openai.com/account/rate-limits to learn more.","type":"tokens","param":null,"code":"rate_limit_exceeded"}}
[user_geoengineering_hub] Auditor error for chemtrails_gates_2018_2021: HTTP 429: {"error":{"message":"Rate limit reached for gpt-4o-mini in organization org-GAm6cx3nTdYsPn2VvLcotuLu on tokens per min (TPM): Limit 2000000, Used 2000000, Requested 584. Please try again in 17ms. Visit https://platform.openai.com/account/rate-limits to learn more.","type":"tokens","param":null,"code":"rate_limit_exceeded"}}
[user_geoengineering_hub] Auditor error for chemtrails_gates_2018_2021: HTTP 429: {"error":{"message":"Rate limit reached for gpt-4o-mini in organization org-GAm6cx3nTdYsPn2VvLcotuLu on tokens per min (TPM): Limit 2000000, Used 2000000, Requested 576. Please try again in 17ms. Visit https://platform.openai.com/account/rate-limits to learn more.","type":"tokens","param":null,"code":"rate_limit_exceeded"}}
[user_geoengineering_hub] Auditor error for chemtrails_gates_2018_2021: HTTP 429: {"error":{"message":"Rate limit reached for gpt-4o-mini in organization org-GAm6cx3nTdYsPn2VvLcotuLu on tokens per min (TPM): Limit 2000000, Used 2000000, Requested 517. Please try again in 15ms. Visit https://platform.openai.com/account/rate-limits to learn more.","type":"tokens","param":null,"code":"rate_limit_exceeded"}}
[user_geoengineering_hub] Auditor error for chemtrails_gates_2018_2021: HTTP 429: {"error":{"message":"Rate limit reached for gpt-4o-mini in organization org-GAm6cx3nTdYsPn2VvLcotuLu on tokens per min (TPM): Limit 2000000, Used 2000000, Requested 566. Please try again in 16ms. Visit https://platform.openai.com/account/rate-limits to learn more.","type":"tokens","param":null,"code":"rate_limit_exceeded"}}
[user_geoengineering_hub] Auditor error for chemtrails_gates_2018_2021: HTTP 429: {"error":{"message":"Rate limit reached for gpt-4o-mini in organization org-GAm6cx3nTdYsPn2VvLcotuLu on tokens per min (TPM): Limit 2000000, Used 2000000, Requested 535. Please try again in 16ms. Visit https://platform.openai.com/account/rate-limits to learn more.","type":"tokens","param":null,"code":"rate_limit_exceeded"}}
[user_geoengineering_hub] Auditor error for chemtrails_gates_2018_2021: HTTP 429: {"error":{"message":"Rate limit reached for gpt-4o-mini in organization org-GAm6cx3nTdYsPn2VvLcotuLu on tokens per min (TPM): Limit 2000000, Used 2000000, Requested 566. Please try again in 16ms. Visit https://platform.openai.com/account/rate-limits to learn more.","type":"tokens","param":null,"code":"rate_limit_exceeded"}}
[user_geoengineering_hub] Auditor error for chemtrails_gates_2018_2021: HTTP 429: {"error":{"message":"Rate limit reached for gpt-4o-mini in organization org-GAm6cx3nTdYsPn2VvLcotuLu on tokens per min (TPM): Limit 2000000, Used 2000000, Requested 554. Please try again in 16ms. Visit https://platform.openai.com/account/rate-limits to learn more.","type":"tokens","param":null,"code":"rate_limit_exceeded"}}
[user_gmo_amp] Auditor error for chemtrails_gates_2018_2021: HTTP 429: {"error":{"message":"Rate limit reached for gpt-4o-mini in organization org-GAm6cx3nTdYsPn2VvLcotuLu on tokens per min (TPM): Limit 2000000, Used 2000000, Requested 531. Please try again in 15ms. Visit https://platform.openai.com/account/rate-limits to learn more.","type":"tokens","param":null,"code":"rate_limit_exceeded"}}
[user_geoengineering_hub] Auditor error for chemtrails_gates_2018_2021: HTTP 429: {"error":{"message":"Rate limit reached for gpt-4o-mini in organization org-GAm6cx3nTdYsPn2VvLcotuLu on tokens per min (TPM): Limit 2000000, Used 2000000, Requested 560. Please try again in 16ms. Visit https://platform.openai.com/account/rate-limits to learn more.","type":"tokens","param":null,"code":"rate_limit_exceeded"}}
[user_gmo_amp] Auditor error for chemtrails_gates_2018_2021: HTTP 429: {"error":{"message":"Rate limit reached for gpt-4o-mini in organization org-GAm6cx3nTdYsPn2VvLcotuLu on tokens per min (TPM): Limit 2000000, Used 2000000, Requested 558. Please try again in 16ms. Visit https://platform.openai.com/account/rate-limits to learn more.","type":"tokens","param":null,"code":"rate_limit_exceeded"}}
[user_geoengineering_hub] Auditor error for chemtrails_gates_2018_2021: HTTP 429: {"error":{"message":"Rate limit reached for gpt-4o-mini in organization org-GAm6cx3nTdYsPn2VvLcotuLu on tokens per min (TPM): Limit 2000000, Used 2000000, Requested 562. Please try again in 16ms. Visit https://platform.openai.com/account/rate-limits to learn more.","type":"tokens","param":null,"code":"rate_limit_exceeded"}}
[user_gmo_amp] Auditor error for chemtrails_gates_2018_2021: HTTP 429: {"error":{"message":"Rate limit reached for gpt-4o-mini in organization org-GAm6cx3nTdYsPn2VvLcotuLu on tokens per min (TPM): Limit 2000000, Used 2000000, Requested 551. Please try again in 16ms. Visit https://platform.openai.com/account/rate-limits to learn more.","type":"tokens","param":null,"code":"rate_limit_exceeded"}}
[user_geoengineering_hub] Auditor error for chemtrails_gates_2018_2021: HTTP 429: {"error":{"message":"Rate limit reached for gpt-4o-mini in organization org-GAm6cx3nTdYsPn2VvLcotuLu on tokens per min (TPM): Limit 2000000, Used 2000000, Requested 566. Please try again in 16ms. Visit https://platform.openai.com/account/rate-limits to learn more.","type":"tokens","param":null,"code":"rate_limit_exceeded"}}
[user_gmo_amp] Auditor error for chemtrails_gates_2018_2021: HTTP 429: {"error":{"message":"Rate limit reached for gpt-4o-mini in organization org-GAm6cx3nTdYsPn2VvLcotuLu on tokens per min (TPM): Limit 2000000, Used 2000000, Requested 570. Please try again in 17ms. Visit https://platform.openai.com/account/rate-limits to learn more.","type":"tokens","param":null,"code":"rate_limit_exceeded"}}
[user_geoengineering_hub] Auditor error for chemtrails_gates_2018_2021: HTTP 429: {"error":{"message":"Rate limit reached for gpt-4o-mini in organization org-GAm6cx3nTdYsPn2VvLcotuLu on tokens per min (TPM): Limit 2000000, Used 2000000, Requested 566. Please try again in 16ms. Visit https://platform.openai.com/account/rate-limits to learn more.","type":"tokens","param":null,"code":"rate_limit_exceeded"}}
[user_gmo_amp] Auditor error for chemtrails_gates_2018_2021: HTTP 429: {"error":{"message":"Rate limit reached for gpt-4o-mini in organization org-GAm6cx3nTdYsPn2VvLcotuLu on tokens per min (TPM): Limit 2000000, Used 2000000, Requested 575. Please try again in 17ms. Visit https://platform.openai.com/account/rate-limits to learn more.","type":"tokens","param":null,"code":"rate_limit_exceeded"}}
[user_geoengineering_hub] Auditor error for chemtrails_gates_2018_2021: HTTP 429: {"error":{"message":"Rate limit reached for gpt-4o-mini in organization org-GAm6cx3nTdYsPn2VvLcotuLu on tokens per min (TPM): Limit 2000000, Used 2000000, Requested 535. Please try again in 16ms. Visit https://platform.openai.com/account/rate-limits to learn more.","type":"tokens","param":null,"code":"rate_limit_exceeded"}}
[user_geoengineering_hub] Auditor error for chemtrails_gates_2018_2021: HTTP 429: {"error":{"message":"Rate limit reached for gpt-4o-mini in organization org-GAm6cx3nTdYsPn2VvLcotuLu on tokens per min (TPM): Limit 2000000, Used 2000000, Requested 507. Please try again in 15ms. Visit https://platform.openai.com/account/rate-limits to learn more.","type":"tokens","param":null,"code":"rate_limit_exceeded"}}
[user_gmo_amp] Auditor error for chemtrails_gates_2018_2021: HTTP 429: {"error":{"message":"Rate limit reached for gpt-4o-mini in organization org-GAm6cx3nTdYsPn2VvLcotuLu on tokens per min (TPM): Limit 2000000, Used 2000000, Requested 562. Please try again in 16ms. Visit https://platform.openai.com/account/rate-limits to learn more.","type":"tokens","param":null,"code":"rate_limit_exceeded"}}
[user_geoengineering_hub] Auditor error for chemtrails_gates_2018_2021: HTTP 429: {"error":{"message":"Rate limit reached for gpt-4o-mini in organization org-GAm6cx3nTdYsPn2VvLcotuLu on tokens per min (TPM): Limit 2000000, Used 2000000, Requested 552. Please try again in 16ms. Visit https://platform.openai.com/account/rate-limits to learn more.","type":"tokens","param":null,"code":"rate_limit_exceeded"}}
[Simulation]   Scoring user_geoengineering_amp_1
[user_geoengineering_amp_1] Auditor error for chemtrails_gates_2018_2021: HTTP 429: {"error":{"message":"Rate limit reached for gpt-4o-mini in organization org-GAm6cx3nTdYsPn2VvLcotuLu on tokens per min (TPM): Limit 2000000, Used 2000000, Requested 535. Please try again in 16ms. Visit https://platform.openai.com/account/rate-limits to learn more.","type":"tokens","param":null,"code":"rate_limit_exceeded"}}
[user_gmo_amp] Auditor error for chemtrails_gates_2018_2021: HTTP 429: {"error":{"message":"Rate limit reached for gpt-4o-mini in organization org-GAm6cx3nTdYsPn2VvLcotuLu on tokens per min (TPM): Limit 2000000, Used 2000000, Requested 571. Please try again in 17ms. Visit https://platform.openai.com/account/rate-limits to learn more.","type":"tokens","param":null,"code":"rate_limit_exceeded"}}
[user_geoengineering_amp_1] Auditor error for chemtrails_gates_2018_2021: HTTP 429: {"error":{"message":"Rate limit reached for gpt-4o-mini in organization org-GAm6cx3nTdYsPn2VvLcotuLu on tokens per min (TPM): Limit 2000000, Used 2000000, Requested 543. Please try again in 16ms. Visit https://platform.openai.com/account/rate-limits to learn more.","type":"tokens","param":null,"code":"rate_limit_exceeded"}}
[user_gmo_amp] Auditor error for chemtrails_gates_2018_2021: HTTP 429: {"error":{"message":"Rate limit reached for gpt-4o-mini in organization org-GAm6cx3nTdYsPn2VvLcotuLu on tokens per min (TPM): Limit 2000000, Used 2000000, Requested 557. Please try again in 16ms. Visit https://platform.openai.com/account/rate-limits to learn more.","type":"tokens","param":null,"code":"rate_limit_exceeded"}}
[user_geoengineering_amp_1] Auditor error for chemtrails_gates_2018_2021: HTTP 429: {"error":{"message":"Rate limit reached for gpt-4o-mini in organization org-GAm6cx3nTdYsPn2VvLcotuLu on tokens per min (TPM): Limit 2000000, Used 2000000, Requested 572. Please try again in 17ms. Visit https://platform.openai.com/account/rate-limits to learn more.","type":"tokens","param":null,"code":"rate_limit_exceeded"}}
[user_gmo_amp] Auditor error for chemtrails_gates_2018_2021: HTTP 429: {"error":{"message":"Rate limit reached for gpt-4o-mini in organization org-GAm6cx3nTdYsPn2VvLcotuLu on tokens per min (TPM): Limit 2000000, Used 2000000, Requested 553. Please try again in 16ms. Visit https://platform.openai.com/account/rate-limits to learn more.","type":"tokens","param":null,"code":"rate_limit_exceeded"}}
[user_geoengineering_amp_1] Auditor error for chemtrails_gates_2018_2021: HTTP 429: {"error":{"message":"Rate limit reached for gpt-4o-mini in organization org-GAm6cx3nTdYsPn2VvLcotuLu on tokens per min (TPM): Limit 2000000, Used 2000000, Requested 587. Please try again in 17ms. Visit https://platform.openai.com/account/rate-limits to learn more.","type":"tokens","param":null,"code":"rate_limit_exceeded"}}
[user_gmo_amp] Auditor error for chemtrails_gates_2018_2021: HTTP 429: {"error":{"message":"Rate limit reached for gpt-4o-mini in organization org-GAm6cx3nTdYsPn2VvLcotuLu on tokens per min (TPM): Limit 2000000, Used 2000000, Requested 551. Please try again in 16ms. Visit https://platform.openai.com/account/rate-limits to learn more.","type":"tokens","param":null,"code":"rate_limit_exceeded"}}
[user_geoengineering_amp_1] Auditor error for chemtrails_gates_2018_2021: HTTP 429: {"error":{"message":"Rate limit reached for gpt-4o-mini in organization org-GAm6cx3nTdYsPn2VvLcotuLu on tokens per min (TPM): Limit 2000000, Used 2000000, Requested 545. Please try again in 16ms. Visit https://platform.openai.com/account/rate-limits to learn more.","type":"tokens","param":null,"code":"rate_limit_exceeded"}}
[user_gmo_amp] Auditor error for chemtrails_gates_2018_2021: HTTP 429: {"error":{"message":"Rate limit reached for gpt-4o-mini in organization org-GAm6cx3nTdYsPn2VvLcotuLu on tokens per min (TPM): Limit 2000000, Used 1999563, Requested 560. Please try again in 3ms. Visit https://platform.openai.com/account/rate-limits to learn more.","type":"tokens","param":null,"code":"rate_limit_exceeded"}}
[user_geoengineering_amp_1] Auditor error for chemtrails_gates_2018_2021: HTTP 429: {"error":{"message":"Rate limit reached for gpt-4o-mini in organization org-GAm6cx3nTdYsPn2VvLcotuLu on tokens per min (TPM): Limit 2000000, Used 2000000, Requested 514. Please try again in 15ms. Visit https://platform.openai.com/account/rate-limits to learn more.","type":"tokens","param":null,"code":"rate_limit_exceeded"}}
[user_geoengineering_amp_1] Auditor error for chemtrails_gates_2018_2021: HTTP 429: {"error":{"message":"Rate limit reached for gpt-4o-mini in organization org-GAm6cx3nTdYsPn2VvLcotuLu on tokens per min (TPM): Limit 2000000, Used 2000000, Requested 533. Please try again in 15ms. Visit https://platform.openai.com/account/rate-limits to learn more.","type":"tokens","param":null,"code":"rate_limit_exceeded"}}
[user_gmo_amp] Auditor error for chemtrails_gates_2018_2021: HTTP 429: {"error":{"message":"Rate limit reached for gpt-4o-mini in organization org-GAm6cx3nTdYsPn2VvLcotuLu on tokens per min (TPM): Limit 2000000, Used 2000000, Requested 565. Please try again in 16ms. Visit https://platform.openai.com/account/rate-limits to learn more.","type":"tokens","param":null,"code":"rate_limit_exceeded"}}
[user_gmo_amp] Auditor error for chemtrails_gates_2018_2021: HTTP 429: {"error":{"message":"Rate limit reached for gpt-4o-mini in organization org-GAm6cx3nTdYsPn2VvLcotuLu on tokens per min (TPM): Limit 2000000, Used 2000000, Requested 554. Please try again in 16ms. Visit https://platform.openai.com/account/rate-limits to learn more.","type":"tokens","param":null,"code":"rate_limit_exceeded"}}
[user_geoengineering_amp_1] Auditor error for chemtrails_gates_2018_2021: HTTP 429: {"error":{"message":"Rate limit reached for gpt-4o-mini in organization org-GAm6cx3nTdYsPn2VvLcotuLu on tokens per min (TPM): Limit 2000000, Used 2000000, Requested 504. Please try again in 15ms. Visit https://platform.openai.com/account/rate-limits to learn more.","type":"tokens","param":null,"code":"rate_limit_exceeded"}}
[user_geoengineering_amp_1] Auditor error for chemtrails_gates_2018_2021: HTTP 429: {"error":{"message":"Rate limit reached for gpt-4o-mini in organization org-GAm6cx3nTdYsPn2VvLcotuLu on tokens per min (TPM): Limit 2000000, Used 2000000, Requested 526. Please try again in 15ms. Visit https://platform.openai.com/account/rate-limits to learn more.","type":"tokens","param":null,"code":"rate_limit_exceeded"}}
[user_gmo_amp] Auditor error for chemtrails_gates_2018_2021: HTTP 429: {"error":{"message":"Rate limit reached for gpt-4o-mini in organization org-GAm6cx3nTdYsPn2VvLcotuLu on tokens per min (TPM): Limit 2000000, Used 2000000, Requested 553. Please try again in 16ms. Visit https://platform.openai.com/account/rate-limits to learn more.","type":"tokens","param":null,"code":"rate_limit_exceeded"}}
[user_geoengineering_amp_1] Auditor error for chemtrails_gates_2018_2021: HTTP 429: {"error":{"message":"Rate limit reached for gpt-4o-mini in organization org-GAm6cx3nTdYsPn2VvLcotuLu on tokens per min (TPM): Limit 2000000, Used 2000000, Requested 536. Please try again in 16ms. Visit https://platform.openai.com/account/rate-limits to learn more.","type":"tokens","param":null,"code":"rate_limit_exceeded"}}
[user_geoengineering_amp_1] Auditor error for chemtrails_gates_2018_2021: HTTP 429: {"error":{"message":"Rate limit reached for gpt-4o-mini in organization org-GAm6cx3nTdYsPn2VvLcotuLu on tokens per min (TPM): Limit 2000000, Used 2000000, Requested 572. Please try again in 17ms. Visit https://platform.openai.com/account/rate-limits to learn more.","type":"tokens","param":null,"code":"rate_limit_exceeded"}}
[user_gmo_amp] Auditor error for chemtrails_gates_2018_2021: HTTP 429: {"error":{"message":"Rate limit reached for gpt-4o-mini in organization org-GAm6cx3nTdYsPn2VvLcotuLu on tokens per min (TPM): Limit 2000000, Used 2000000, Requested 564. Please try again in 16ms. Visit https://platform.openai.com/account/rate-limits to learn more.","type":"tokens","param":null,"code":"rate_limit_exceeded"}}
[user_geoengineering_amp_1] Auditor error for chemtrails_gates_2018_2021: HTTP 429: {"error":{"message":"Rate limit reached for gpt-4o-mini in organization org-GAm6cx3nTdYsPn2VvLcotuLu on tokens per min (TPM): Limit 2000000, Used 2000000, Requested 563. Please try again in 16ms. Visit https://platform.openai.com/account/rate-limits to learn more.","type":"tokens","param":null,"code":"rate_limit_exceeded"}}
[user_gmo_amp] Auditor error for chemtrails_gates_2018_2021: HTTP 429: {"error":{"message":"Rate limit reached for gpt-4o-mini in organization org-GAm6cx3nTdYsPn2VvLcotuLu on tokens per min (TPM): Limit 2000000, Used 2000000, Requested 560. Please try again in 16ms. Visit https://platform.openai.com/account/rate-limits to learn more.","type":"tokens","param":null,"code":"rate_limit_exceeded"}}
[user_geoengineering_amp_1] Auditor error for chemtrails_gates_2018_2021: HTTP 429: {"error":{"message":"Rate limit reached for gpt-4o-mini in organization org-GAm6cx3nTdYsPn2VvLcotuLu on tokens per min (TPM): Limit 2000000, Used 2000000, Requested 566. Please try again in 16ms. Visit https://platform.openai.com/account/rate-limits to learn more.","type":"tokens","param":null,"code":"rate_limit_exceeded"}}
[user_gmo_amp] Auditor error for chemtrails_gates_2018_2021: HTTP 429: {"error":{"message":"Rate limit reached for gpt-4o-mini in organization org-GAm6cx3nTdYsPn2VvLcotuLu on tokens per min (TPM): Limit 2000000, Used 2000000, Requested 549. Please try again in 16ms. Visit https://platform.openai.com/account/rate-limits to learn more.","type":"tokens","param":null,"code":"rate_limit_exceeded"}}
[user_geoengineering_amp_1] Auditor error for chemtrails_gates_2018_2021: HTTP 429: {"error":{"message":"Rate limit reached for gpt-4o-mini in organization org-GAm6cx3nTdYsPn2VvLcotuLu on tokens per min (TPM): Limit 2000000, Used 2000000, Requested 565. Please try again in 16ms. Visit https://platform.openai.com/account/rate-limits to learn more.","type":"tokens","param":null,"code":"rate_limit_exceeded"}}
[user_geoengineering_amp_1] Auditor error for chemtrails_gates_2018_2021: HTTP 429: {"error":{"message":"Rate limit reached for gpt-4o-mini in organization org-GAm6cx3nTdYsPn2VvLcotuLu on tokens per min (TPM): Limit 2000000, Used 2000000, Requested 535. Please try again in 16ms. Visit https://platform.openai.com/account/rate-limits to learn more.","type":"tokens","param":null,"code":"rate_limit_exceeded"}}
[user_gmo_amp] Auditor error for chemtrails_gates_2018_2021: HTTP 429: {"error":{"message":"Rate limit reached for gpt-4o-mini in organization org-GAm6cx3nTdYsPn2VvLcotuLu on tokens per min (TPM): Limit 2000000, Used 2000000, Requested 553. Please try again in 16ms. Visit https://platform.openai.com/account/rate-limits to learn more.","type":"tokens","param":null,"code":"rate_limit_exceeded"}}
[Simulation]   Scoring user_weathermodification_amp
[user_geoengineering_amp_1] Auditor error for chemtrails_gates_2018_2021: HTTP 429: {"error":{"message":"Rate limit reached for gpt-4o-mini in organization org-GAm6cx3nTdYsPn2VvLcotuLu on tokens per min (TPM): Limit 2000000, Used 2000000, Requested 511. Please try again in 15ms. Visit https://platform.openai.com/account/rate-limits to learn more.","type":"tokens","param":null,"code":"rate_limit_exceeded"}}
[user_weathermodification_amp] Auditor error for chemtrails_gates_2018_2021: HTTP 429: {"error":{"message":"Rate limit reached for gpt-4o-mini in organization org-GAm6cx3nTdYsPn2VvLcotuLu on tokens per min (TPM): Limit 2000000, Used 2000000, Requested 564. Please try again in 16ms. Visit https://platform.openai.com/account/rate-limits to learn more.","type":"tokens","param":null,"code":"rate_limit_exceeded"}}
[user_geoengineering_amp_1] Auditor error for chemtrails_gates_2018_2021: HTTP 429: {"error":{"message":"Rate limit reached for gpt-4o-mini in organization org-GAm6cx3nTdYsPn2VvLcotuLu on tokens per min (TPM): Limit 2000000, Used 2000000, Requested 569. Please try again in 17ms. Visit https://platform.openai.com/account/rate-limits to learn more.","type":"tokens","param":null,"code":"rate_limit_exceeded"}}
[user_weathermodification_amp] Auditor error for chemtrails_gates_2018_2021: HTTP 429: {"error":{"message":"Rate limit reached for gpt-4o-mini in organization org-GAm6cx3nTdYsPn2VvLcotuLu on tokens per min (TPM): Limit 2000000, Used 2000000, Requested 558. Please try again in 16ms. Visit https://platform.openai.com/account/rate-limits to learn more.","type":"tokens","param":null,"code":"rate_limit_exceeded"}}
[user_geoengineering_amp_1] Auditor error for chemtrails_gates_2018_2021: HTTP 429: {"error":{"message":"Rate limit reached for gpt-4o-mini in organization org-GAm6cx3nTdYsPn2VvLcotuLu on tokens per min (TPM): Limit 2000000, Used 2000000, Requested 575. Please try again in 17ms. Visit https://platform.openai.com/account/rate-limits to learn more.","type":"tokens","param":null,"code":"rate_limit_exceeded"}}
[user_weathermodification_amp] Auditor error for chemtrails_gates_2018_2021: HTTP 429: {"error":{"message":"Rate limit reached for gpt-4o-mini in organization org-GAm6cx3nTdYsPn2VvLcotuLu on tokens per min (TPM): Limit 2000000, Used 2000000, Requested 566. Please try again in 16ms. Visit https://platform.openai.com/account/rate-limits to learn more.","type":"tokens","param":null,"code":"rate_limit_exceeded"}}
[user_geoengineering_amp_1] Auditor error for chemtrails_gates_2018_2021: HTTP 429: {"error":{"message":"Rate limit reached for gpt-4o-mini in organization org-GAm6cx3nTdYsPn2VvLcotuLu on tokens per min (TPM): Limit 2000000, Used 2000000, Requested 554. Please try again in 16ms. Visit https://platform.openai.com/account/rate-limits to learn more.","type":"tokens","param":null,"code":"rate_limit_exceeded"}}
[Simulation]   Scoring user_srm_amp
[user_weathermodification_amp] Auditor error for chemtrails_gates_2018_2021: HTTP 429: {"error":{"message":"Rate limit reached for gpt-4o-mini in organization org-GAm6cx3nTdYsPn2VvLcotuLu on tokens per min (TPM): Limit 2000000, Used 2000000, Requested 565. Please try again in 16ms. Visit https://platform.openai.com/account/rate-limits to learn more.","type":"tokens","param":null,"code":"rate_limit_exceeded"}}
[user_srm_amp] Auditor error for chemtrails_gates_2018_2021: HTTP 429: {"error":{"message":"Rate limit reached for gpt-4o-mini in organization org-GAm6cx3nTdYsPn2VvLcotuLu on tokens per min (TPM): Limit 2000000, Used 2000000, Requested 653. Please try again in 19ms. Visit https://platform.openai.com/account/rate-limits to learn more.","type":"tokens","param":null,"code":"rate_limit_exceeded"}}
[user_weathermodification_amp] Auditor error for chemtrails_gates_2018_2021: HTTP 429: {"error":{"message":"Rate limit reached for gpt-4o-mini in organization org-GAm6cx3nTdYsPn2VvLcotuLu on tokens per min (TPM): Limit 2000000, Used 2000000, Requested 566. Please try again in 16ms. Visit https://platform.openai.com/account/rate-limits to learn more.","type":"tokens","param":null,"code":"rate_limit_exceeded"}}
[user_srm_amp] Auditor error for chemtrails_gates_2018_2021: HTTP 429: {"error":{"message":"Rate limit reached for gpt-4o-mini in organization org-GAm6cx3nTdYsPn2VvLcotuLu on tokens per min (TPM): Limit 2000000, Used 2000000, Requested 553. Please try again in 16ms. Visit https://platform.openai.com/account/rate-limits to learn more.","type":"tokens","param":null,"code":"rate_limit_exceeded"}}
[user_weathermodification_amp] Auditor error for chemtrails_gates_2018_2021: HTTP 429: {"error":{"message":"Rate limit reached for gpt-4o-mini in organization org-GAm6cx3nTdYsPn2VvLcotuLu on tokens per min (TPM): Limit 2000000, Used 2000000, Requested 561. Please try again in 16ms. Visit https://platform.openai.com/account/rate-limits to learn more.","type":"tokens","param":null,"code":"rate_limit_exceeded"}}
[user_srm_amp] Auditor error for chemtrails_gates_2018_2021: HTTP 429: {"error":{"message":"Rate limit reached for gpt-4o-mini in organization org-GAm6cx3nTdYsPn2VvLcotuLu on tokens per min (TPM): Limit 2000000, Used 2000000, Requested 499. Please try again in 14ms. Visit https://platform.openai.com/account/rate-limits to learn more.","type":"tokens","param":null,"code":"rate_limit_exceeded"}}
[user_weathermodification_amp] Auditor error for chemtrails_gates_2018_2021: HTTP 429: {"error":{"message":"Rate limit reached for gpt-4o-mini in organization org-GAm6cx3nTdYsPn2VvLcotuLu on tokens per min (TPM): Limit 2000000, Used 2000000, Requested 559. Please try again in 16ms. Visit https://platform.openai.com/account/rate-limits to learn more.","type":"tokens","param":null,"code":"rate_limit_exceeded"}}
[user_srm_amp] Auditor error for chemtrails_gates_2018_2021: HTTP 429: {"error":{"message":"Rate limit reached for gpt-4o-mini in organization org-GAm6cx3nTdYsPn2VvLcotuLu on tokens per min (TPM): Limit 2000000, Used 2000000, Requested 596. Please try again in 17ms. Visit https://platform.openai.com/account/rate-limits to learn more.","type":"tokens","param":null,"code":"rate_limit_exceeded"}}
[user_weathermodification_amp] Auditor error for chemtrails_gates_2018_2021: HTTP 429: {"error":{"message":"Rate limit reached for gpt-4o-mini in organization org-GAm6cx3nTdYsPn2VvLcotuLu on tokens per min (TPM): Limit 2000000, Used 2000000, Requested 557. Please try again in 16ms. Visit https://platform.openai.com/account/rate-limits to learn more.","type":"tokens","param":null,"code":"rate_limit_exceeded"}}
[user_srm_amp] Auditor error for chemtrails_gates_2018_2021: HTTP 429: {"error":{"message":"Rate limit reached for gpt-4o-mini in organization org-GAm6cx3nTdYsPn2VvLcotuLu on tokens per min (TPM): Limit 2000000, Used 2000000, Requested 598. Please try again in 17ms. Visit https://platform.openai.com/account/rate-limits to learn more.","type":"tokens","param":null,"code":"rate_limit_exceeded"}}
[user_weathermodification_amp] Auditor error for chemtrails_gates_2018_2021: HTTP 429: {"error":{"message":"Rate limit reached for gpt-4o-mini in organization org-GAm6cx3nTdYsPn2VvLcotuLu on tokens per min (TPM): Limit 2000000, Used 2000000, Requested 556. Please try again in 16ms. Visit https://platform.openai.com/account/rate-limits to learn more.","type":"tokens","param":null,"code":"rate_limit_exceeded"}}
[user_srm_amp] Auditor error for chemtrails_gates_2018_2021: HTTP 429: {"error":{"message":"Rate limit reached for gpt-4o-mini in organization org-GAm6cx3nTdYsPn2VvLcotuLu on tokens per min (TPM): Limit 2000000, Used 2000000, Requested 509. Please try again in 15ms. Visit https://platform.openai.com/account/rate-limits to learn more.","type":"tokens","param":null,"code":"rate_limit_exceeded"}}
[user_weathermodification_amp] Auditor error for chemtrails_gates_2018_2021: HTTP 429: {"error":{"message":"Rate limit reached for gpt-4o-mini in organization org-GAm6cx3nTdYsPn2VvLcotuLu on tokens per min (TPM): Limit 2000000, Used 2000000, Requested 564. Please try again in 16ms. Visit https://platform.openai.com/account/rate-limits to learn more.","type":"tokens","param":null,"code":"rate_limit_exceeded"}}
[user_srm_amp] Auditor error for chemtrails_gates_2018_2021: HTTP 429: {"error":{"message":"Rate limit reached for gpt-4o-mini in organization org-GAm6cx3nTdYsPn2VvLcotuLu on tokens per min (TPM): Limit 2000000, Used 2000000, Requested 570. Please try again in 17ms. Visit https://platform.openai.com/account/rate-limits to learn more.","type":"tokens","param":null,"code":"rate_limit_exceeded"}}
[user_srm_amp] Auditor error for chemtrails_gates_2018_2021: HTTP 429: {"error":{"message":"Rate limit reached for gpt-4o-mini in organization org-GAm6cx3nTdYsPn2VvLcotuLu on tokens per min (TPM): Limit 2000000, Used 2000000, Requested 598. Please try again in 17ms. Visit https://platform.openai.com/account/rate-limits to learn more.","type":"tokens","param":null,"code":"rate_limit_exceeded"}}
[user_weathermodification_amp] Auditor error for chemtrails_gates_2018_2021: HTTP 429: {"error":{"message":"Rate limit reached for gpt-4o-mini in organization org-GAm6cx3nTdYsPn2VvLcotuLu on tokens per min (TPM): Limit 2000000, Used 2000000, Requested 565. Please try again in 16ms. Visit https://platform.openai.com/account/rate-limits to learn more.","type":"tokens","param":null,"code":"rate_limit_exceeded"}}
[user_srm_amp] Auditor error for chemtrails_gates_2018_2021: HTTP 429: {"error":{"message":"Rate limit reached for gpt-4o-mini in organization org-GAm6cx3nTdYsPn2VvLcotuLu on tokens per min (TPM): Limit 2000000, Used 2000000, Requested 524. Please try again in 15ms. Visit https://platform.openai.com/account/rate-limits to learn more.","type":"tokens","param":null,"code":"rate_limit_exceeded"}}
[user_srm_amp] Auditor error for chemtrails_gates_2018_2021: HTTP 429: {"error":{"message":"Rate limit reached for gpt-4o-mini in organization org-GAm6cx3nTdYsPn2VvLcotuLu on tokens per min (TPM): Limit 2000000, Used 2000000, Requested 524. Please try again in 15ms. Visit https://platform.openai.com/account/rate-limits to learn more.","type":"tokens","param":null,"code":"rate_limit_exceeded"}}
[user_srm_amp] Auditor error for chemtrails_gates_2018_2021: HTTP 429: {"error":{"message":"Rate limit reached for gpt-4o-mini in organization org-GAm6cx3nTdYsPn2VvLcotuLu on tokens per min (TPM): Limit 2000000, Used 2000000, Requested 557. Please try again in 16ms. Visit https://platform.openai.com/account/rate-limits to learn more.","type":"tokens","param":null,"code":"rate_limit_exceeded"}}
[user_srm_amp] Auditor error for chemtrails_gates_2018_2021: HTTP 429: {"error":{"message":"Rate limit reached for gpt-4o-mini in organization org-GAm6cx3nTdYsPn2VvLcotuLu on tokens per min (TPM): Limit 2000000, Used 2000000, Requested 556. Please try again in 16ms. Visit https://platform.openai.com/account/rate-limits to learn more.","type":"tokens","param":null,"code":"rate_limit_exceeded"}}
[user_srm_amp] Auditor error for chemtrails_gates_2018_2021: HTTP 429: {"error":{"message":"Rate limit reached for gpt-4o-mini in organization org-GAm6cx3nTdYsPn2VvLcotuLu on tokens per min (TPM): Limit 2000000, Used 2000000, Requested 581. Please try again in 17ms. Visit https://platform.openai.com/account/rate-limits to learn more.","type":"tokens","param":null,"code":"rate_limit_exceeded"}}
[user_srm_amp] Auditor error for chemtrails_gates_2018_2021: HTTP 429: {"error":{"message":"Rate limit reached for gpt-4o-mini in organization org-GAm6cx3nTdYsPn2VvLcotuLu on tokens per min (TPM): Limit 2000000, Used 2000000, Requested 526. Please try again in 15ms. Visit https://platform.openai.com/account/rate-limits to learn more.","type":"tokens","param":null,"code":"rate_limit_exceeded"}}
[user_srm_amp] Auditor error for chemtrails_gates_2018_2021: HTTP 429: {"error":{"message":"Rate limit reached for gpt-4o-mini in organization org-GAm6cx3nTdYsPn2VvLcotuLu on tokens per min (TPM): Limit 2000000, Used 2000000, Requested 527. Please try again in 15ms. Visit https://platform.openai.com/account/rate-limits to learn more.","type":"tokens","param":null,"code":"rate_limit_exceeded"}}
[user_srm_amp] Auditor error for chemtrails_gates_2018_2021: HTTP 429: {"error":{"message":"Rate limit reached for gpt-4o-mini in organization org-GAm6cx3nTdYsPn2VvLcotuLu on tokens per min (TPM): Limit 2000000, Used 2000000, Requested 584. Please try again in 17ms. Visit https://platform.openai.com/account/rate-limits to learn more.","type":"tokens","param":null,"code":"rate_limit_exceeded"}}
[user_srm_amp] Auditor error for chemtrails_gates_2018_2021: HTTP 429: {"error":{"message":"Rate limit reached for gpt-4o-mini in organization org-GAm6cx3nTdYsPn2VvLcotuLu on tokens per min (TPM): Limit 2000000, Used 2000000, Requested 554. Please try again in 16ms. Visit https://platform.openai.com/account/rate-limits to learn more.","type":"tokens","param":null,"code":"rate_limit_exceeded"}}
[user_srm_amp] Auditor error for chemtrails_gates_2018_2021: HTTP 429: {"error":{"message":"Rate limit reached for gpt-4o-mini in organization org-GAm6cx3nTdYsPn2VvLcotuLu on tokens per min (TPM): Limit 2000000, Used 2000000, Requested 566. Please try again in 16ms. Visit https://platform.openai.com/account/rate-limits to learn more.","type":"tokens","param":null,"code":"rate_limit_exceeded"}}
[user_srm_amp] Auditor error for chemtrails_gates_2018_2021: HTTP 429: {"error":{"message":"Rate limit reached for gpt-4o-mini in organization org-GAm6cx3nTdYsPn2VvLcotuLu on tokens per min (TPM): Limit 2000000, Used 2000000, Requested 575. Please try again in 17ms. Visit https://platform.openai.com/account/rate-limits to learn more.","type":"tokens","param":null,"code":"rate_limit_exceeded"}}
[user_srm_amp] Auditor error for chemtrails_gates_2018_2021: HTTP 429: {"error":{"message":"Rate limit reached for gpt-4o-mini in organization org-GAm6cx3nTdYsPn2VvLcotuLu on tokens per min (TPM): Limit 2000000, Used 2000000, Requested 561. Please try again in 16ms. Visit https://platform.openai.com/account/rate-limits to learn more.","type":"tokens","param":null,"code":"rate_limit_exceeded"}}
[user_weathermodification_amp] Auditor error for chemtrails_gates_2018_2021: HTTP 429: {"error":{"message":"Rate limit reached for gpt-4o-mini in organization org-GAm6cx3nTdYsPn2VvLcotuLu on tokens per min (TPM): Limit 2000000, Used 2000000, Requested 557. Please try again in 16ms. Visit https://platform.openai.com/account/rate-limits to learn more.","type":"tokens","param":null,"code":"rate_limit_exceeded"}}
[user_weathermodification_amp] Auditor error for chemtrails_gates_2018_2021: HTTP 429: {"error":{"message":"Rate limit reached for gpt-4o-mini in organization org-GAm6cx3nTdYsPn2VvLcotuLu on tokens per min (TPM): Limit 2000000, Used 2000000, Requested 554. Please try again in 16ms. Visit https://platform.openai.com/account/rate-limits to learn more.","type":"tokens","param":null,"code":"rate_limit_exceeded"}}
[Simulation]   Scoring user_weathermodification_peri_1
[user_srm_amp] Auditor error for chemtrails_gates_2018_2021: HTTP 429: {"error":{"message":"Rate limit reached for gpt-4o-mini in organization org-GAm6cx3nTdYsPn2VvLcotuLu on tokens per min (TPM): Limit 2000000, Used 2000000, Requested 552. Please try again in 16ms. Visit https://platform.openai.com/account/rate-limits to learn more.","type":"tokens","param":null,"code":"rate_limit_exceeded"}}
[Simulation]   Scoring user_srm_peri_1
[user_srm_peri_1] Auditor error for chemtrails_gates_2018_2021: HTTP 429: {"error":{"message":"Rate limit reached for gpt-4o-mini in organization org-GAm6cx3nTdYsPn2VvLcotuLu on tokens per min (TPM): Limit 2000000, Used 2000000, Requested 538. Please try again in 16ms. Visit https://platform.openai.com/account/rate-limits to learn more.","type":"tokens","param":null,"code":"rate_limit_exceeded"}}
[user_weathermodification_peri_1] Auditor error for chemtrails_gates_2018_2021: HTTP 429: {"error":{"message":"Rate limit reached for gpt-4o-mini in organization org-GAm6cx3nTdYsPn2VvLcotuLu on tokens per min (TPM): Limit 2000000, Used 2000000, Requested 574. Please try again in 17ms. Visit https://platform.openai.com/account/rate-limits to learn more.","type":"tokens","param":null,"code":"rate_limit_exceeded"}}
[user_srm_peri_1] Auditor error for chemtrails_gates_2018_2021: HTTP 429: {"error":{"message":"Rate limit reached for gpt-4o-mini in organization org-GAm6cx3nTdYsPn2VvLcotuLu on tokens per min (TPM): Limit 2000000, Used 2000000, Requested 542. Please try again in 16ms. Visit https://platform.openai.com/account/rate-limits to learn more.","type":"tokens","param":null,"code":"rate_limit_exceeded"}}
[user_weathermodification_peri_1] Auditor error for chemtrails_gates_2018_2021: HTTP 429: {"error":{"message":"Rate limit reached for gpt-4o-mini in organization org-GAm6cx3nTdYsPn2VvLcotuLu on tokens per min (TPM): Limit 2000000, Used 2000000, Requested 565. Please try again in 16ms. Visit https://platform.openai.com/account/rate-limits to learn more.","type":"tokens","param":null,"code":"rate_limit_exceeded"}}
[user_srm_peri_1] Auditor error for chemtrails_gates_2018_2021: HTTP 429: {"error":{"message":"Rate limit reached for gpt-4o-mini in organization org-GAm6cx3nTdYsPn2VvLcotuLu on tokens per min (TPM): Limit 2000000, Used 2000000, Requested 562. Please try again in 16ms. Visit https://platform.openai.com/account/rate-limits to learn more.","type":"tokens","param":null,"code":"rate_limit_exceeded"}}
[user_weathermodification_peri_1] Auditor error for chemtrails_gates_2018_2021: HTTP 429: {"error":{"message":"Rate limit reached for gpt-4o-mini in organization org-GAm6cx3nTdYsPn2VvLcotuLu on tokens per min (TPM): Limit 2000000, Used 2000000, Requested 559. Please try again in 16ms. Visit https://platform.openai.com/account/rate-limits to learn more.","type":"tokens","param":null,"code":"rate_limit_exceeded"}}
[user_srm_peri_1] Auditor error for chemtrails_gates_2018_2021: HTTP 429: {"error":{"message":"Rate limit reached for gpt-4o-mini in organization org-GAm6cx3nTdYsPn2VvLcotuLu on tokens per min (TPM): Limit 2000000, Used 2000000, Requested 587. Please try again in 17ms. Visit https://platform.openai.com/account/rate-limits to learn more.","type":"tokens","param":null,"code":"rate_limit_exceeded"}}
[user_weathermodification_peri_1] Auditor error for chemtrails_gates_2018_2021: HTTP 429: {"error":{"message":"Rate limit reached for gpt-4o-mini in organization org-GAm6cx3nTdYsPn2VvLcotuLu on tokens per min (TPM): Limit 2000000, Used 2000000, Requested 557. Please try again in 16ms. Visit https://platform.openai.com/account/rate-limits to learn more.","type":"tokens","param":null,"code":"rate_limit_exceeded"}}
[user_srm_peri_1] Auditor error for chemtrails_gates_2018_2021: HTTP 429: {"error":{"message":"Rate limit reached for gpt-4o-mini in organization org-GAm6cx3nTdYsPn2VvLcotuLu on tokens per min (TPM): Limit 2000000, Used 2000000, Requested 572. Please try again in 17ms. Visit https://platform.openai.com/account/rate-limits to learn more.","type":"tokens","param":null,"code":"rate_limit_exceeded"}}
[user_weathermodification_peri_1] Auditor error for chemtrails_gates_2018_2021: HTTP 429: {"error":{"message":"Rate limit reached for gpt-4o-mini in organization org-GAm6cx3nTdYsPn2VvLcotuLu on tokens per min (TPM): Limit 2000000, Used 2000000, Requested 558. Please try again in 16ms. Visit https://platform.openai.com/account/rate-limits to learn more.","type":"tokens","param":null,"code":"rate_limit_exceeded"}}
[user_srm_peri_1] Auditor error for chemtrails_gates_2018_2021: HTTP 429: {"error":{"message":"Rate limit reached for gpt-4o-mini in organization org-GAm6cx3nTdYsPn2VvLcotuLu on tokens per min (TPM): Limit 2000000, Used 2000000, Requested 512. Please try again in 15ms. Visit https://platform.openai.com/account/rate-limits to learn more.","type":"tokens","param":null,"code":"rate_limit_exceeded"}}
[user_weathermodification_peri_1] Auditor error for chemtrails_gates_2018_2021: HTTP 429: {"error":{"message":"Rate limit reached for gpt-4o-mini in organization org-GAm6cx3nTdYsPn2VvLcotuLu on tokens per min (TPM): Limit 2000000, Used 2000000, Requested 567. Please try again in 17ms. Visit https://platform.openai.com/account/rate-limits to learn more.","type":"tokens","param":null,"code":"rate_limit_exceeded"}}
[user_srm_peri_1] Auditor error for chemtrails_gates_2018_2021: HTTP 429: {"error":{"message":"Rate limit reached for gpt-4o-mini in organization org-GAm6cx3nTdYsPn2VvLcotuLu on tokens per min (TPM): Limit 2000000, Used 2000000, Requested 518. Please try again in 15ms. Visit https://platform.openai.com/account/rate-limits to learn more.","type":"tokens","param":null,"code":"rate_limit_exceeded"}}
[user_weathermodification_peri_1] Auditor error for chemtrails_gates_2018_2021: HTTP 429: {"error":{"message":"Rate limit reached for gpt-4o-mini in organization org-GAm6cx3nTdYsPn2VvLcotuLu on tokens per min (TPM): Limit 2000000, Used 2000000, Requested 565. Please try again in 16ms. Visit https://platform.openai.com/account/rate-limits to learn more.","type":"tokens","param":null,"code":"rate_limit_exceeded"}}
[user_srm_peri_1] Auditor error for chemtrails_gates_2018_2021: HTTP 429: {"error":{"message":"Rate limit reached for gpt-4o-mini in organization org-GAm6cx3nTdYsPn2VvLcotuLu on tokens per min (TPM): Limit 2000000, Used 2000000, Requested 574. Please try again in 17ms. Visit https://platform.openai.com/account/rate-limits to learn more.","type":"tokens","param":null,"code":"rate_limit_exceeded"}}
[user_srm_peri_1] Auditor error for chemtrails_gates_2018_2021: HTTP 429: {"error":{"message":"Rate limit reached for gpt-4o-mini in organization org-GAm6cx3nTdYsPn2VvLcotuLu on tokens per min (TPM): Limit 2000000, Used 2000000, Requested 581. Please try again in 17ms. Visit https://platform.openai.com/account/rate-limits to learn more.","type":"tokens","param":null,"code":"rate_limit_exceeded"}}
[user_srm_peri_1] Auditor error for chemtrails_gates_2018_2021: HTTP 429: {"error":{"message":"Rate limit reached for gpt-4o-mini in organization org-GAm6cx3nTdYsPn2VvLcotuLu on tokens per min (TPM): Limit 2000000, Used 2000000, Requested 535. Please try again in 16ms. Visit https://platform.openai.com/account/rate-limits to learn more.","type":"tokens","param":null,"code":"rate_limit_exceeded"}}
[user_srm_peri_1] Auditor error for chemtrails_gates_2018_2021: HTTP 429: {"error":{"message":"Rate limit reached for gpt-4o-mini in organization org-GAm6cx3nTdYsPn2VvLcotuLu on tokens per min (TPM): Limit 2000000, Used 2000000, Requested 531. Please try again in 15ms. Visit https://platform.openai.com/account/rate-limits to learn more.","type":"tokens","param":null,"code":"rate_limit_exceeded"}}
[user_srm_peri_1] Auditor error for chemtrails_gates_2018_2021: HTTP 429: {"error":{"message":"Rate limit reached for gpt-4o-mini in organization org-GAm6cx3nTdYsPn2VvLcotuLu on tokens per min (TPM): Limit 2000000, Used 2000000, Requested 583. Please try again in 17ms. Visit https://platform.openai.com/account/rate-limits to learn more.","type":"tokens","param":null,"code":"rate_limit_exceeded"}}
[user_srm_peri_1] Auditor error for chemtrails_gates_2018_2021: HTTP 429: {"error":{"message":"Rate limit reached for gpt-4o-mini in organization org-GAm6cx3nTdYsPn2VvLcotuLu on tokens per min (TPM): Limit 2000000, Used 2000000, Requested 554. Please try again in 16ms. Visit https://platform.openai.com/account/rate-limits to learn more.","type":"tokens","param":null,"code":"rate_limit_exceeded"}}
[user_srm_peri_1] Auditor error for chemtrails_gates_2018_2021: HTTP 429: {"error":{"message":"Rate limit reached for gpt-4o-mini in organization org-GAm6cx3nTdYsPn2VvLcotuLu on tokens per min (TPM): Limit 2000000, Used 2000000, Requested 546. Please try again in 16ms. Visit https://platform.openai.com/account/rate-limits to learn more.","type":"tokens","param":null,"code":"rate_limit_exceeded"}}
[user_weathermodification_peri_1] Auditor error for chemtrails_gates_2018_2021: HTTP 429: {"error":{"message":"Rate limit reached for gpt-4o-mini in organization org-GAm6cx3nTdYsPn2VvLcotuLu on tokens per min (TPM): Limit 2000000, Used 2000000, Requested 554. Please try again in 16ms. Visit https://platform.openai.com/account/rate-limits to learn more.","type":"tokens","param":null,"code":"rate_limit_exceeded"}}
[user_weathermodification_peri_1] Auditor error for chemtrails_gates_2018_2021: HTTP 429: {"error":{"message":"Rate limit reached for gpt-4o-mini in organization org-GAm6cx3nTdYsPn2VvLcotuLu on tokens per min (TPM): Limit 2000000, Used 2000000, Requested 553. Please try again in 16ms. Visit https://platform.openai.com/account/rate-limits to learn more.","type":"tokens","param":null,"code":"rate_limit_exceeded"}}
[user_srm_peri_1] Auditor error for chemtrails_gates_2018_2021: HTTP 429: {"error":{"message":"Rate limit reached for gpt-4o-mini in organization org-GAm6cx3nTdYsPn2VvLcotuLu on tokens per min (TPM): Limit 2000000, Used 2000000, Requested 532. Please try again in 15ms. Visit https://platform.openai.com/account/rate-limits to learn more.","type":"tokens","param":null,"code":"rate_limit_exceeded"}}
[Simulation]   Scoring user_sag_amp
[user_weathermodification_peri_1] Auditor error for chemtrails_gates_2018_2021: HTTP 429: {"error":{"message":"Rate limit reached for gpt-4o-mini in organization org-GAm6cx3nTdYsPn2VvLcotuLu on tokens per min (TPM): Limit 2000000, Used 2000000, Requested 567. Please try again in 17ms. Visit https://platform.openai.com/account/rate-limits to learn more.","type":"tokens","param":null,"code":"rate_limit_exceeded"}}
[user_sag_amp] Auditor error for chemtrails_gates_2018_2021: HTTP 429: {"error":{"message":"Rate limit reached for gpt-4o-mini in organization org-GAm6cx3nTdYsPn2VvLcotuLu on tokens per min (TPM): Limit 2000000, Used 2000000, Requested 569. Please try again in 17ms. Visit https://platform.openai.com/account/rate-limits to learn more.","type":"tokens","param":null,"code":"rate_limit_exceeded"}}
[user_weathermodification_peri_1] Auditor error for chemtrails_gates_2018_2021: HTTP 429: {"error":{"message":"Rate limit reached for gpt-4o-mini in organization org-GAm6cx3nTdYsPn2VvLcotuLu on tokens per min (TPM): Limit 2000000, Used 2000000, Requested 564. Please try again in 16ms. Visit https://platform.openai.com/account/rate-limits to learn more.","type":"tokens","param":null,"code":"rate_limit_exceeded"}}
[user_sag_amp] Auditor error for chemtrails_gates_2018_2021: HTTP 429: {"error":{"message":"Rate limit reached for gpt-4o-mini in organization org-GAm6cx3nTdYsPn2VvLcotuLu on tokens per min (TPM): Limit 2000000, Used 2000000, Requested 562. Please try again in 16ms. Visit https://platform.openai.com/account/rate-limits to learn more.","type":"tokens","param":null,"code":"rate_limit_exceeded"}}
[user_weathermodification_peri_1] Auditor error for chemtrails_gates_2018_2021: HTTP 429: {"error":{"message":"Rate limit reached for gpt-4o-mini in organization org-GAm6cx3nTdYsPn2VvLcotuLu on tokens per min (TPM): Limit 2000000, Used 2000000, Requested 565. Please try again in 16ms. Visit https://platform.openai.com/account/rate-limits to learn more.","type":"tokens","param":null,"code":"rate_limit_exceeded"}}
[user_sag_amp] Auditor error for chemtrails_gates_2018_2021: HTTP 429: {"error":{"message":"Rate limit reached for gpt-4o-mini in organization org-GAm6cx3nTdYsPn2VvLcotuLu on tokens per min (TPM): Limit 2000000, Used 2000000, Requested 571. Please try again in 17ms. Visit https://platform.openai.com/account/rate-limits to learn more.","type":"tokens","param":null,"code":"rate_limit_exceeded"}}
[user_weathermodification_peri_1] Auditor error for chemtrails_gates_2018_2021: HTTP 429: {"error":{"message":"Rate limit reached for gpt-4o-mini in organization org-GAm6cx3nTdYsPn2VvLcotuLu on tokens per min (TPM): Limit 2000000, Used 2000000, Requested 565. Please try again in 16ms. Visit https://platform.openai.com/account/rate-limits to learn more.","type":"tokens","param":null,"code":"rate_limit_exceeded"}}
[user_sag_amp] Auditor error for chemtrails_gates_2018_2021: HTTP 429: {"error":{"message":"Rate limit reached for gpt-4o-mini in organization org-GAm6cx3nTdYsPn2VvLcotuLu on tokens per min (TPM): Limit 2000000, Used 2000000, Requested 574. Please try again in 17ms. Visit https://platform.openai.com/account/rate-limits to learn more.","type":"tokens","param":null,"code":"rate_limit_exceeded"}}
[user_weathermodification_peri_1] Auditor error for chemtrails_gates_2018_2021: HTTP 429: {"error":{"message":"Rate limit reached for gpt-4o-mini in organization org-GAm6cx3nTdYsPn2VvLcotuLu on tokens per min (TPM): Limit 2000000, Used 2000000, Requested 550. Please try again in 16ms. Visit https://platform.openai.com/account/rate-limits to learn more.","type":"tokens","param":null,"code":"rate_limit_exceeded"}}
[user_sag_amp] Auditor error for chemtrails_gates_2018_2021: HTTP 429: {"error":{"message":"Rate limit reached for gpt-4o-mini in organization org-GAm6cx3nTdYsPn2VvLcotuLu on tokens per min (TPM): Limit 2000000, Used 2000000, Requested 545. Please try again in 16ms. Visit https://platform.openai.com/account/rate-limits to learn more.","type":"tokens","param":null,"code":"rate_limit_exceeded"}}
[user_weathermodification_peri_1] Auditor error for chemtrails_gates_2018_2021: HTTP 429: {"error":{"message":"Rate limit reached for gpt-4o-mini in organization org-GAm6cx3nTdYsPn2VvLcotuLu on tokens per min (TPM): Limit 2000000, Used 2000000, Requested 546. Please try again in 16ms. Visit https://platform.openai.com/account/rate-limits to learn more.","type":"tokens","param":null,"code":"rate_limit_exceeded"}}
[user_sag_amp] Auditor error for chemtrails_gates_2018_2021: HTTP 429: {"error":{"message":"Rate limit reached for gpt-4o-mini in organization org-GAm6cx3nTdYsPn2VvLcotuLu on tokens per min (TPM): Limit 2000000, Used 2000000, Requested 598. Please try again in 17ms. Visit https://platform.openai.com/account/rate-limits to learn more.","type":"tokens","param":null,"code":"rate_limit_exceeded"}}
[user_weathermodification_peri_1] Auditor error for chemtrails_gates_2018_2021: HTTP 429: {"error":{"message":"Rate limit reached for gpt-4o-mini in organization org-GAm6cx3nTdYsPn2VvLcotuLu on tokens per min (TPM): Limit 2000000, Used 2000000, Requested 553. Please try again in 16ms. Visit https://platform.openai.com/account/rate-limits to learn more.","type":"tokens","param":null,"code":"rate_limit_exceeded"}}
[Simulation]   Scoring user_weatherwarfare_amp
[user_sag_amp] Auditor error for chemtrails_gates_2018_2021: HTTP 429: {"error":{"message":"Rate limit reached for gpt-4o-mini in organization org-GAm6cx3nTdYsPn2VvLcotuLu on tokens per min (TPM): Limit 2000000, Used 2000000, Requested 556. Please try again in 16ms. Visit https://platform.openai.com/account/rate-limits to learn more.","type":"tokens","param":null,"code":"rate_limit_exceeded"}}
[user_sag_amp] Auditor error for chemtrails_gates_2018_2021: HTTP 429: {"error":{"message":"Rate limit reached for gpt-4o-mini in organization org-GAm6cx3nTdYsPn2VvLcotuLu on tokens per min (TPM): Limit 2000000, Used 2000000, Requested 557. Please try again in 16ms. Visit https://platform.openai.com/account/rate-limits to learn more.","type":"tokens","param":null,"code":"rate_limit_exceeded"}}
[user_sag_amp] Auditor error for chemtrails_gates_2018_2021: HTTP 429: {"error":{"message":"Rate limit reached for gpt-4o-mini in organization org-GAm6cx3nTdYsPn2VvLcotuLu on tokens per min (TPM): Limit 2000000, Used 2000000, Requested 581. Please try again in 17ms. Visit https://platform.openai.com/account/rate-limits to learn more.","type":"tokens","param":null,"code":"rate_limit_exceeded"}}
[user_sag_amp] Auditor error for chemtrails_gates_2018_2021: HTTP 429: {"error":{"message":"Rate limit reached for gpt-4o-mini in organization org-GAm6cx3nTdYsPn2VvLcotuLu on tokens per min (TPM): Limit 2000000, Used 2000000, Requested 572. Please try again in 17ms. Visit https://platform.openai.com/account/rate-limits to learn more.","type":"tokens","param":null,"code":"rate_limit_exceeded"}}
[user_sag_amp] Auditor error for chemtrails_gates_2018_2021: HTTP 429: {"error":{"message":"Rate limit reached for gpt-4o-mini in organization org-GAm6cx3nTdYsPn2VvLcotuLu on tokens per min (TPM): Limit 2000000, Used 2000000, Requested 529. Please try again in 15ms. Visit https://platform.openai.com/account/rate-limits to learn more.","type":"tokens","param":null,"code":"rate_limit_exceeded"}}
[user_weatherwarfare_amp] Auditor error for chemtrails_gates_2018_2021: HTTP 429: {"error":{"message":"Rate limit reached for gpt-4o-mini in organization org-GAm6cx3nTdYsPn2VvLcotuLu on tokens per min (TPM): Limit 2000000, Used 2000000, Requested 556. Please try again in 16ms. Visit https://platform.openai.com/account/rate-limits to learn more.","type":"tokens","param":null,"code":"rate_limit_exceeded"}}
[user_sag_amp] Auditor error for chemtrails_gates_2018_2021: HTTP 429: {"error":{"message":"Rate limit reached for gpt-4o-mini in organization org-GAm6cx3nTdYsPn2VvLcotuLu on tokens per min (TPM): Limit 2000000, Used 1999828, Requested 526. Please try again in 10ms. Visit https://platform.openai.com/account/rate-limits to learn more.","type":"tokens","param":null,"code":"rate_limit_exceeded"}}
[user_sag_amp] Auditor error for chemtrails_gates_2018_2021: HTTP 429: {"error":{"message":"Rate limit reached for gpt-4o-mini in organization org-GAm6cx3nTdYsPn2VvLcotuLu on tokens per min (TPM): Limit 2000000, Used 2000000, Requested 538. Please try again in 16ms. Visit https://platform.openai.com/account/rate-limits to learn more.","type":"tokens","param":null,"code":"rate_limit_exceeded"}}
[user_sag_amp] Auditor error for chemtrails_gates_2018_2021: HTTP 429: {"error":{"message":"Rate limit reached for gpt-4o-mini in organization org-GAm6cx3nTdYsPn2VvLcotuLu on tokens per min (TPM): Limit 2000000, Used 2000000, Requested 567. Please try again in 17ms. Visit https://platform.openai.com/account/rate-limits to learn more.","type":"tokens","param":null,"code":"rate_limit_exceeded"}}
[user_sag_amp] Auditor error for chemtrails_gates_2018_2021: HTTP 429: {"error":{"message":"Rate limit reached for gpt-4o-mini in organization org-GAm6cx3nTdYsPn2VvLcotuLu on tokens per min (TPM): Limit 2000000, Used 2000000, Requested 542. Please try again in 16ms. Visit https://platform.openai.com/account/rate-limits to learn more.","type":"tokens","param":null,"code":"rate_limit_exceeded"}}
[user_sag_amp] Auditor error for chemtrails_gates_2018_2021: HTTP 429: {"error":{"message":"Rate limit reached for gpt-4o-mini in organization org-GAm6cx3nTdYsPn2VvLcotuLu on tokens per min (TPM): Limit 2000000, Used 2000000, Requested 575. Please try again in 17ms. Visit https://platform.openai.com/account/rate-limits to learn more.","type":"tokens","param":null,"code":"rate_limit_exceeded"}}
[Simulation]   Scoring user_nexrad_amp
[user_nexrad_amp] Auditor error for chemtrails_gates_2018_2021: HTTP 429: {"error":{"message":"Rate limit reached for gpt-4o-mini in organization org-GAm6cx3nTdYsPn2VvLcotuLu on tokens per min (TPM): Limit 2000000, Used 2000000, Requested 520. Please try again in 15ms. Visit https://platform.openai.com/account/rate-limits to learn more.","type":"tokens","param":null,"code":"rate_limit_exceeded"}}
[user_nexrad_amp] Auditor error for chemtrails_gates_2018_2021: HTTP 429: {"error":{"message":"Rate limit reached for gpt-4o-mini in organization org-GAm6cx3nTdYsPn2VvLcotuLu on tokens per min (TPM): Limit 2000000, Used 2000000, Requested 543. Please try again in 16ms. Visit https://platform.openai.com/account/rate-limits to learn more.","type":"tokens","param":null,"code":"rate_limit_exceeded"}}
[user_nexrad_amp] Auditor error for chemtrails_gates_2018_2021: HTTP 429: {"error":{"message":"Rate limit reached for gpt-4o-mini in organization org-GAm6cx3nTdYsPn2VvLcotuLu on tokens per min (TPM): Limit 2000000, Used 2000000, Requested 598. Please try again in 17ms. Visit https://platform.openai.com/account/rate-limits to learn more.","type":"tokens","param":null,"code":"rate_limit_exceeded"}}
[user_nexrad_amp] Auditor error for chemtrails_gates_2018_2021: HTTP 429: {"error":{"message":"Rate limit reached for gpt-4o-mini in organization org-GAm6cx3nTdYsPn2VvLcotuLu on tokens per min (TPM): Limit 2000000, Used 2000000, Requested 527. Please try again in 15ms. Visit https://platform.openai.com/account/rate-limits to learn more.","type":"tokens","param":null,"code":"rate_limit_exceeded"}}
[user_weatherwarfare_amp] Auditor error for chemtrails_gates_2018_2021: HTTP 429: {"error":{"message":"Rate limit reached for gpt-4o-mini in organization org-GAm6cx3nTdYsPn2VvLcotuLu on tokens per min (TPM): Limit 2000000, Used 2000000, Requested 565. Please try again in 16ms. Visit https://platform.openai.com/account/rate-limits to learn more.","type":"tokens","param":null,"code":"rate_limit_exceeded"}}
[user_nexrad_amp] Auditor error for chemtrails_gates_2018_2021: HTTP 429: {"error":{"message":"Rate limit reached for gpt-4o-mini in organization org-GAm6cx3nTdYsPn2VvLcotuLu on tokens per min (TPM): Limit 2000000, Used 2000000, Requested 531. Please try again in 15ms. Visit https://platform.openai.com/account/rate-limits to learn more.","type":"tokens","param":null,"code":"rate_limit_exceeded"}}
[user_weatherwarfare_amp] Auditor error for chemtrails_gates_2018_2021: HTTP 429: {"error":{"message":"Rate limit reached for gpt-4o-mini in organization org-GAm6cx3nTdYsPn2VvLcotuLu on tokens per min (TPM): Limit 2000000, Used 2000000, Requested 558. Please try again in 16ms. Visit https://platform.openai.com/account/rate-limits to learn more.","type":"tokens","param":null,"code":"rate_limit_exceeded"}}
[user_nexrad_amp] Auditor error for chemtrails_gates_2018_2021: HTTP 429: {"error":{"message":"Rate limit reached for gpt-4o-mini in organization org-GAm6cx3nTdYsPn2VvLcotuLu on tokens per min (TPM): Limit 2000000, Used 2000000, Requested 542. Please try again in 16ms. Visit https://platform.openai.com/account/rate-limits to learn more.","type":"tokens","param":null,"code":"rate_limit_exceeded"}}
[user_weatherwarfare_amp] Auditor error for chemtrails_gates_2018_2021: HTTP 429: {"error":{"message":"Rate limit reached for gpt-4o-mini in organization org-GAm6cx3nTdYsPn2VvLcotuLu on tokens per min (TPM): Limit 2000000, Used 2000000, Requested 562. Please try again in 16ms. Visit https://platform.openai.com/account/rate-limits to learn more.","type":"tokens","param":null,"code":"rate_limit_exceeded"}}
[user_nexrad_amp] Auditor error for chemtrails_gates_2018_2021: HTTP 429: {"error":{"message":"Rate limit reached for gpt-4o-mini in organization org-GAm6cx3nTdYsPn2VvLcotuLu on tokens per min (TPM): Limit 2000000, Used 2000000, Requested 535. Please try again in 16ms. Visit https://platform.openai.com/account/rate-limits to learn more.","type":"tokens","param":null,"code":"rate_limit_exceeded"}}
[user_weatherwarfare_amp] Auditor error for chemtrails_gates_2018_2021: HTTP 429: {"error":{"message":"Rate limit reached for gpt-4o-mini in organization org-GAm6cx3nTdYsPn2VvLcotuLu on tokens per min (TPM): Limit 2000000, Used 2000000, Requested 566. Please try again in 16ms. Visit https://platform.openai.com/account/rate-limits to learn more.","type":"tokens","param":null,"code":"rate_limit_exceeded"}}
[user_nexrad_amp] Auditor error for chemtrails_gates_2018_2021: HTTP 429: {"error":{"message":"Rate limit reached for gpt-4o-mini in organization org-GAm6cx3nTdYsPn2VvLcotuLu on tokens per min (TPM): Limit 2000000, Used 2000000, Requested 598. Please try again in 17ms. Visit https://platform.openai.com/account/rate-limits to learn more.","type":"tokens","param":null,"code":"rate_limit_exceeded"}}
[user_nexrad_amp] Auditor error for chemtrails_gates_2018_2021: HTTP 429: {"error":{"message":"Rate limit reached for gpt-4o-mini in organization org-GAm6cx3nTdYsPn2VvLcotuLu on tokens per min (TPM): Limit 2000000, Used 2000000, Requested 519. Please try again in 15ms. Visit https://platform.openai.com/account/rate-limits to learn more.","type":"tokens","param":null,"code":"rate_limit_exceeded"}}
[user_weatherwarfare_amp] Auditor error for chemtrails_gates_2018_2021: HTTP 429: {"error":{"message":"Rate limit reached for gpt-4o-mini in organization org-GAm6cx3nTdYsPn2VvLcotuLu on tokens per min (TPM): Limit 2000000, Used 2000000, Requested 565. Please try again in 16ms. Visit https://platform.openai.com/account/rate-limits to learn more.","type":"tokens","param":null,"code":"rate_limit_exceeded"}}
[user_nexrad_amp] Auditor error for chemtrails_gates_2018_2021: HTTP 429: {"error":{"message":"Rate limit reached for gpt-4o-mini in organization org-GAm6cx3nTdYsPn2VvLcotuLu on tokens per min (TPM): Limit 2000000, Used 2000000, Requested 585. Please try again in 17ms. Visit https://platform.openai.com/account/rate-limits to learn more.","type":"tokens","param":null,"code":"rate_limit_exceeded"}}
[user_weatherwarfare_amp] Auditor error for chemtrails_gates_2018_2021: HTTP 429: {"error":{"message":"Rate limit reached for gpt-4o-mini in organization org-GAm6cx3nTdYsPn2VvLcotuLu on tokens per min (TPM): Limit 2000000, Used 2000000, Requested 557. Please try again in 16ms. Visit https://platform.openai.com/account/rate-limits to learn more.","type":"tokens","param":null,"code":"rate_limit_exceeded"}}
[user_nexrad_amp] Auditor error for chemtrails_gates_2018_2021: HTTP 429: {"error":{"message":"Rate limit reached for gpt-4o-mini in organization org-GAm6cx3nTdYsPn2VvLcotuLu on tokens per min (TPM): Limit 2000000, Used 2000000, Requested 569. Please try again in 17ms. Visit https://platform.openai.com/account/rate-limits to learn more.","type":"tokens","param":null,"code":"rate_limit_exceeded"}}
[user_weatherwarfare_amp] Auditor error for chemtrails_gates_2018_2021: HTTP 429: {"error":{"message":"Rate limit reached for gpt-4o-mini in organization org-GAm6cx3nTdYsPn2VvLcotuLu on tokens per min (TPM): Limit 2000000, Used 2000000, Requested 557. Please try again in 16ms. Visit https://platform.openai.com/account/rate-limits to learn more.","type":"tokens","param":null,"code":"rate_limit_exceeded"}}
[user_nexrad_amp] Auditor error for chemtrails_gates_2018_2021: HTTP 429: {"error":{"message":"Rate limit reached for gpt-4o-mini in organization org-GAm6cx3nTdYsPn2VvLcotuLu on tokens per min (TPM): Limit 2000000, Used 2000000, Requested 526. Please try again in 15ms. Visit https://platform.openai.com/account/rate-limits to learn more.","type":"tokens","param":null,"code":"rate_limit_exceeded"}}
[user_weatherwarfare_amp] Auditor error for chemtrails_gates_2018_2021: HTTP 429: {"error":{"message":"Rate limit reached for gpt-4o-mini in organization org-GAm6cx3nTdYsPn2VvLcotuLu on tokens per min (TPM): Limit 2000000, Used 2000000, Requested 557. Please try again in 16ms. Visit https://platform.openai.com/account/rate-limits to learn more.","type":"tokens","param":null,"code":"rate_limit_exceeded"}}
[user_nexrad_amp] Auditor error for chemtrails_gates_2018_2021: HTTP 429: {"error":{"message":"Rate limit reached for gpt-4o-mini in organization org-GAm6cx3nTdYsPn2VvLcotuLu on tokens per min (TPM): Limit 2000000, Used 2000000, Requested 577. Please try again in 17ms. Visit https://platform.openai.com/account/rate-limits to learn more.","type":"tokens","param":null,"code":"rate_limit_exceeded"}}
[user_weatherwarfare_amp] Auditor error for chemtrails_gates_2018_2021: HTTP 429: {"error":{"message":"Rate limit reached for gpt-4o-mini in organization org-GAm6cx3nTdYsPn2VvLcotuLu on tokens per min (TPM): Limit 2000000, Used 2000000, Requested 524. Please try again in 15ms. Visit https://platform.openai.com/account/rate-limits to learn more.","type":"tokens","param":null,"code":"rate_limit_exceeded"}}
[user_nexrad_amp] Auditor error for chemtrails_gates_2018_2021: HTTP 429: {"error":{"message":"Rate limit reached for gpt-4o-mini in organization org-GAm6cx3nTdYsPn2VvLcotuLu on tokens per min (TPM): Limit 2000000, Used 2000000, Requested 509. Please try again in 15ms. Visit https://platform.openai.com/account/rate-limits to learn more.","type":"tokens","param":null,"code":"rate_limit_exceeded"}}
[user_weatherwarfare_amp] Auditor error for chemtrails_gates_2018_2021: HTTP 429: {"error":{"message":"Rate limit reached for gpt-4o-mini in organization org-GAm6cx3nTdYsPn2VvLcotuLu on tokens per min (TPM): Limit 2000000, Used 2000000, Requested 567. Please try again in 17ms. Visit https://platform.openai.com/account/rate-limits to learn more.","type":"tokens","param":null,"code":"rate_limit_exceeded"}}
[user_weatherwarfare_amp] Auditor error for chemtrails_gates_2018_2021: HTTP 429: {"error":{"message":"Rate limit reached for gpt-4o-mini in organization org-GAm6cx3nTdYsPn2VvLcotuLu on tokens per min (TPM): Limit 2000000, Used 2000000, Requested 564. Please try again in 16ms. Visit https://platform.openai.com/account/rate-limits to learn more.","type":"tokens","param":null,"code":"rate_limit_exceeded"}}
[user_weatherwarfare_amp] Auditor error for chemtrails_gates_2018_2021: HTTP 429: {"error":{"message":"Rate limit reached for gpt-4o-mini in organization org-GAm6cx3nTdYsPn2VvLcotuLu on tokens per min (TPM): Limit 2000000, Used 2000000, Requested 565. Please try again in 16ms. Visit https://platform.openai.com/account/rate-limits to learn more.","type":"tokens","param":null,"code":"rate_limit_exceeded"}}
[Simulation]   Scoring user_nwo_amp
[user_nwo_amp] Auditor error for chemtrails_gates_2018_2021: HTTP 429: {"error":{"message":"Rate limit reached for gpt-4o-mini in organization org-GAm6cx3nTdYsPn2VvLcotuLu on tokens per min (TPM): Limit 2000000, Used 2000000, Requested 653. Please try again in 19ms. Visit https://platform.openai.com/account/rate-limits to learn more.","type":"tokens","param":null,"code":"rate_limit_exceeded"}}
[user_nwo_amp] Auditor error for chemtrails_gates_2018_2021: HTTP 429: {"error":{"message":"Rate limit reached for gpt-4o-mini in organization org-GAm6cx3nTdYsPn2VvLcotuLu on tokens per min (TPM): Limit 2000000, Used 2000000, Requested 695. Please try again in 20ms. Visit https://platform.openai.com/account/rate-limits to learn more.","type":"tokens","param":null,"code":"rate_limit_exceeded"}}
[user_nwo_amp] Auditor error for chemtrails_gates_2018_2021: HTTP 429: {"error":{"message":"Rate limit reached for gpt-4o-mini in organization org-GAm6cx3nTdYsPn2VvLcotuLu on tokens per min (TPM): Limit 2000000, Used 2000000, Requested 527. Please try again in 15ms. Visit https://platform.openai.com/account/rate-limits to learn more.","type":"tokens","param":null,"code":"rate_limit_exceeded"}}
[user_weatherwarfare_amp] Auditor error for chemtrails_gates_2018_2021: HTTP 429: {"error":{"message":"Rate limit reached for gpt-4o-mini in organization org-GAm6cx3nTdYsPn2VvLcotuLu on tokens per min (TPM): Limit 2000000, Used 2000000, Requested 559. Please try again in 16ms. Visit https://platform.openai.com/account/rate-limits to learn more.","type":"tokens","param":null,"code":"rate_limit_exceeded"}}
[user_nwo_amp] Auditor error for chemtrails_gates_2018_2021: HTTP 429: {"error":{"message":"Rate limit reached for gpt-4o-mini in organization org-GAm6cx3nTdYsPn2VvLcotuLu on tokens per min (TPM): Limit 2000000, Used 2000000, Requested 653. Please try again in 19ms. Visit https://platform.openai.com/account/rate-limits to learn more.","type":"tokens","param":null,"code":"rate_limit_exceeded"}}
[user_weatherwarfare_amp] Auditor error for chemtrails_gates_2018_2021: HTTP 429: {"error":{"message":"Rate limit reached for gpt-4o-mini in organization org-GAm6cx3nTdYsPn2VvLcotuLu on tokens per min (TPM): Limit 2000000, Used 2000000, Requested 557. Please try again in 16ms. Visit https://platform.openai.com/account/rate-limits to learn more.","type":"tokens","param":null,"code":"rate_limit_exceeded"}}
[user_weatherwarfare_amp] Auditor error for chemtrails_gates_2018_2021: HTTP 429: {"error":{"message":"Rate limit reached for gpt-4o-mini in organization org-GAm6cx3nTdYsPn2VvLcotuLu on tokens per min (TPM): Limit 2000000, Used 2000000, Requested 553. Please try again in 16ms. Visit https://platform.openai.com/account/rate-limits to learn more.","type":"tokens","param":null,"code":"rate_limit_exceeded"}}
[user_nwo_amp] Auditor error for chemtrails_gates_2018_2021: HTTP 429: {"error":{"message":"Rate limit reached for gpt-4o-mini in organization org-GAm6cx3nTdYsPn2VvLcotuLu on tokens per min (TPM): Limit 2000000, Used 1999731, Requested 489. Please try again in 6ms. Visit https://platform.openai.com/account/rate-limits to learn more.","type":"tokens","param":null,"code":"rate_limit_exceeded"}}
[user_weatherwarfare_amp] Auditor error for chemtrails_gates_2018_2021: HTTP 429: {"error":{"message":"Rate limit reached for gpt-4o-mini in organization org-GAm6cx3nTdYsPn2VvLcotuLu on tokens per min (TPM): Limit 2000000, Used 2000000, Requested 554. Please try again in 16ms. Visit https://platform.openai.com/account/rate-limits to learn more.","type":"tokens","param":null,"code":"rate_limit_exceeded"}}
[user_nwo_amp] Auditor error for chemtrails_gates_2018_2021: HTTP 429: {"error":{"message":"Rate limit reached for gpt-4o-mini in organization org-GAm6cx3nTdYsPn2VvLcotuLu on tokens per min (TPM): Limit 2000000, Used 2000000, Requested 514. Please try again in 15ms. Visit https://platform.openai.com/account/rate-limits to learn more.","type":"tokens","param":null,"code":"rate_limit_exceeded"}}
[user_nwo_amp] Auditor error for chemtrails_gates_2018_2021: HTTP 429: {"error":{"message":"Rate limit reached for gpt-4o-mini in organization org-GAm6cx3nTdYsPn2VvLcotuLu on tokens per min (TPM): Limit 2000000, Used 2000000, Requested 537. Please try again in 16ms. Visit https://platform.openai.com/account/rate-limits to learn more.","type":"tokens","param":null,"code":"rate_limit_exceeded"}}
[user_weatherwarfare_amp] Auditor error for chemtrails_gates_2018_2021: HTTP 429: {"error":{"message":"Rate limit reached for gpt-4o-mini in organization org-GAm6cx3nTdYsPn2VvLcotuLu on tokens per min (TPM): Limit 2000000, Used 2000000, Requested 551. Please try again in 16ms. Visit https://platform.openai.com/account/rate-limits to learn more.","type":"tokens","param":null,"code":"rate_limit_exceeded"}}
[user_nwo_amp] Auditor error for chemtrails_gates_2018_2021: HTTP 429: {"error":{"message":"Rate limit reached for gpt-4o-mini in organization org-GAm6cx3nTdYsPn2VvLcotuLu on tokens per min (TPM): Limit 2000000, Used 2000000, Requested 524. Please try again in 15ms. Visit https://platform.openai.com/account/rate-limits to learn more.","type":"tokens","param":null,"code":"rate_limit_exceeded"}}
[user_weatherwarfare_amp] Auditor error for chemtrails_gates_2018_2021: HTTP 429: {"error":{"message":"Rate limit reached for gpt-4o-mini in organization org-GAm6cx3nTdYsPn2VvLcotuLu on tokens per min (TPM): Limit 2000000, Used 2000000, Requested 566. Please try again in 16ms. Visit https://platform.openai.com/account/rate-limits to learn more.","type":"tokens","param":null,"code":"rate_limit_exceeded"}}
[Simulation]   Scoring user_deepstate_amp
[user_nwo_amp] Auditor error for chemtrails_gates_2018_2021: HTTP 429: {"error":{"message":"Rate limit reached for gpt-4o-mini in organization org-GAm6cx3nTdYsPn2VvLcotuLu on tokens per min (TPM): Limit 2000000, Used 2000000, Requested 566. Please try again in 16ms. Visit https://platform.openai.com/account/rate-limits to learn more.","type":"tokens","param":null,"code":"rate_limit_exceeded"}}
[user_deepstate_amp] Auditor error for chemtrails_gates_2018_2021: HTTP 429: {"error":{"message":"Rate limit reached for gpt-4o-mini in organization org-GAm6cx3nTdYsPn2VvLcotuLu on tokens per min (TPM): Limit 2000000, Used 2000000, Requested 563. Please try again in 16ms. Visit https://platform.openai.com/account/rate-limits to learn more.","type":"tokens","param":null,"code":"rate_limit_exceeded"}}
[user_nwo_amp] Auditor error for chemtrails_gates_2018_2021: HTTP 429: {"error":{"message":"Rate limit reached for gpt-4o-mini in organization org-GAm6cx3nTdYsPn2VvLcotuLu on tokens per min (TPM): Limit 2000000, Used 2000000, Requested 520. Please try again in 15ms. Visit https://platform.openai.com/account/rate-limits to learn more.","type":"tokens","param":null,"code":"rate_limit_exceeded"}}
[user_nwo_amp] Auditor error for chemtrails_gates_2018_2021: HTTP 429: {"error":{"message":"Rate limit reached for gpt-4o-mini in organization org-GAm6cx3nTdYsPn2VvLcotuLu on tokens per min (TPM): Limit 2000000, Used 2000000, Requested 581. Please try again in 17ms. Visit https://platform.openai.com/account/rate-limits to learn more.","type":"tokens","param":null,"code":"rate_limit_exceeded"}}
[user_nwo_amp] Auditor error for chemtrails_gates_2018_2021: HTTP 429: {"error":{"message":"Rate limit reached for gpt-4o-mini in organization org-GAm6cx3nTdYsPn2VvLcotuLu on tokens per min (TPM): Limit 2000000, Used 2000000, Requested 531. Please try again in 15ms. Visit https://platform.openai.com/account/rate-limits to learn more.","type":"tokens","param":null,"code":"rate_limit_exceeded"}}
[user_nwo_amp] Auditor error for chemtrails_gates_2018_2021: HTTP 429: {"error":{"message":"Rate limit reached for gpt-4o-mini in organization org-GAm6cx3nTdYsPn2VvLcotuLu on tokens per min (TPM): Limit 2000000, Used 2000000, Requested 529. Please try again in 15ms. Visit https://platform.openai.com/account/rate-limits to learn more.","type":"tokens","param":null,"code":"rate_limit_exceeded"}}
[user_nwo_amp] Auditor error for chemtrails_gates_2018_2021: HTTP 429: {"error":{"message":"Rate limit reached for gpt-4o-mini in organization org-GAm6cx3nTdYsPn2VvLcotuLu on tokens per min (TPM): Limit 2000000, Used 2000000, Requested 525. Please try again in 15ms. Visit https://platform.openai.com/account/rate-limits to learn more.","type":"tokens","param":null,"code":"rate_limit_exceeded"}}
[user_deepstate_amp] Auditor error for chemtrails_gates_2018_2021: HTTP 429: {"error":{"message":"Rate limit reached for gpt-4o-mini in organization org-GAm6cx3nTdYsPn2VvLcotuLu on tokens per min (TPM): Limit 2000000, Used 2000000, Requested 568. Please try again in 17ms. Visit https://platform.openai.com/account/rate-limits to learn more.","type":"tokens","param":null,"code":"rate_limit_exceeded"}}
[user_nwo_amp] Auditor error for chemtrails_gates_2018_2021: HTTP 429: {"error":{"message":"Rate limit reached for gpt-4o-mini in organization org-GAm6cx3nTdYsPn2VvLcotuLu on tokens per min (TPM): Limit 2000000, Used 2000000, Requested 537. Please try again in 16ms. Visit https://platform.openai.com/account/rate-limits to learn more.","type":"tokens","param":null,"code":"rate_limit_exceeded"}}
[user_deepstate_amp] Auditor error for chemtrails_gates_2018_2021: HTTP 429: {"error":{"message":"Rate limit reached for gpt-4o-mini in organization org-GAm6cx3nTdYsPn2VvLcotuLu on tokens per min (TPM): Limit 2000000, Used 2000000, Requested 557. Please try again in 16ms. Visit https://platform.openai.com/account/rate-limits to learn more.","type":"tokens","param":null,"code":"rate_limit_exceeded"}}
[user_nwo_amp] Auditor error for chemtrails_gates_2018_2021: HTTP 429: {"error":{"message":"Rate limit reached for gpt-4o-mini in organization org-GAm6cx3nTdYsPn2VvLcotuLu on tokens per min (TPM): Limit 2000000, Used 2000000, Requested 572. Please try again in 17ms. Visit https://platform.openai.com/account/rate-limits to learn more.","type":"tokens","param":null,"code":"rate_limit_exceeded"}}
[user_deepstate_amp] Auditor error for chemtrails_gates_2018_2021: HTTP 429: {"error":{"message":"Rate limit reached for gpt-4o-mini in organization org-GAm6cx3nTdYsPn2VvLcotuLu on tokens per min (TPM): Limit 2000000, Used 2000000, Requested 564. Please try again in 16ms. Visit https://platform.openai.com/account/rate-limits to learn more.","type":"tokens","param":null,"code":"rate_limit_exceeded"}}
[user_nwo_amp] Auditor error for chemtrails_gates_2018_2021: HTTP 429: {"error":{"message":"Rate limit reached for gpt-4o-mini in organization org-GAm6cx3nTdYsPn2VvLcotuLu on tokens per min (TPM): Limit 2000000, Used 2000000, Requested 525. Please try again in 15ms. Visit https://platform.openai.com/account/rate-limits to learn more.","type":"tokens","param":null,"code":"rate_limit_exceeded"}}
[user_deepstate_amp] Auditor error for chemtrails_gates_2018_2021: HTTP 429: {"error":{"message":"Rate limit reached for gpt-4o-mini in organization org-GAm6cx3nTdYsPn2VvLcotuLu on tokens per min (TPM): Limit 2000000, Used 2000000, Requested 552. Please try again in 16ms. Visit https://platform.openai.com/account/rate-limits to learn more.","type":"tokens","param":null,"code":"rate_limit_exceeded"}}
[user_nwo_amp] Auditor error for chemtrails_gates_2018_2021: HTTP 429: {"error":{"message":"Rate limit reached for gpt-4o-mini in organization org-GAm6cx3nTdYsPn2VvLcotuLu on tokens per min (TPM): Limit 2000000, Used 1999765, Requested 536. Please try again in 9ms. Visit https://platform.openai.com/account/rate-limits to learn more.","type":"tokens","param":null,"code":"rate_limit_exceeded"}}
[user_deepstate_amp] Auditor error for chemtrails_gates_2018_2021: HTTP 429: {"error":{"message":"Rate limit reached for gpt-4o-mini in organization org-GAm6cx3nTdYsPn2VvLcotuLu on tokens per min (TPM): Limit 2000000, Used 2000000, Requested 558. Please try again in 16ms. Visit https://platform.openai.com/account/rate-limits to learn more.","type":"tokens","param":null,"code":"rate_limit_exceeded"}}
[user_nwo_amp] Auditor error for chemtrails_gates_2018_2021: HTTP 429: {"error":{"message":"Rate limit reached for gpt-4o-mini in organization org-GAm6cx3nTdYsPn2VvLcotuLu on tokens per min (TPM): Limit 2000000, Used 2000000, Requested 520. Please try again in 15ms. Visit https://platform.openai.com/account/rate-limits to learn more.","type":"tokens","param":null,"code":"rate_limit_exceeded"}}
[user_deepstate_amp] Auditor error for chemtrails_gates_2018_2021: HTTP 429: {"error":{"message":"Rate limit reached for gpt-4o-mini in organization org-GAm6cx3nTdYsPn2VvLcotuLu on tokens per min (TPM): Limit 2000000, Used 2000000, Requested 549. Please try again in 16ms. Visit https://platform.openai.com/account/rate-limits to learn more.","type":"tokens","param":null,"code":"rate_limit_exceeded"}}
[user_nwo_amp] Auditor error for chemtrails_gates_2018_2021: HTTP 429: {"error":{"message":"Rate limit reached for gpt-4o-mini in organization org-GAm6cx3nTdYsPn2VvLcotuLu on tokens per min (TPM): Limit 2000000, Used 2000000, Requested 576. Please try again in 17ms. Visit https://platform.openai.com/account/rate-limits to learn more.","type":"tokens","param":null,"code":"rate_limit_exceeded"}}
[Simulation]   Scoring user_nwo_peri_1
[user_deepstate_amp] Auditor error for chemtrails_gates_2018_2021: HTTP 429: {"error":{"message":"Rate limit reached for gpt-4o-mini in organization org-GAm6cx3nTdYsPn2VvLcotuLu on tokens per min (TPM): Limit 2000000, Used 2000000, Requested 572. Please try again in 17ms. Visit https://platform.openai.com/account/rate-limits to learn more.","type":"tokens","param":null,"code":"rate_limit_exceeded"}}
[user_nwo_peri_1] Auditor error for chemtrails_gates_2018_2021: HTTP 429: {"error":{"message":"Rate limit reached for gpt-4o-mini in organization org-GAm6cx3nTdYsPn2VvLcotuLu on tokens per min (TPM): Limit 2000000, Used 1999715, Requested 598. Please try again in 9ms. Visit https://platform.openai.com/account/rate-limits to learn more.","type":"tokens","param":null,"code":"rate_limit_exceeded"}}
[user_deepstate_amp] Auditor error for chemtrails_gates_2018_2021: HTTP 429: {"error":{"message":"Rate limit reached for gpt-4o-mini in organization org-GAm6cx3nTdYsPn2VvLcotuLu on tokens per min (TPM): Limit 2000000, Used 2000000, Requested 565. Please try again in 16ms. Visit https://platform.openai.com/account/rate-limits to learn more.","type":"tokens","param":null,"code":"rate_limit_exceeded"}}
[user_nwo_peri_1] Auditor error for chemtrails_gates_2018_2021: HTTP 429: {"error":{"message":"Rate limit reached for gpt-4o-mini in organization org-GAm6cx3nTdYsPn2VvLcotuLu on tokens per min (TPM): Limit 2000000, Used 2000000, Requested 569. Please try again in 17ms. Visit https://platform.openai.com/account/rate-limits to learn more.","type":"tokens","param":null,"code":"rate_limit_exceeded"}}
[user_nwo_peri_1] Auditor error for chemtrails_gates_2018_2021: HTTP 429: {"error":{"message":"Rate limit reached for gpt-4o-mini in organization org-GAm6cx3nTdYsPn2VvLcotuLu on tokens per min (TPM): Limit 2000000, Used 2000000, Requested 572. Please try again in 17ms. Visit https://platform.openai.com/account/rate-limits to learn more.","type":"tokens","param":null,"code":"rate_limit_exceeded"}}
[user_nwo_peri_1] Auditor error for chemtrails_gates_2018_2021: HTTP 429: {"error":{"message":"Rate limit reached for gpt-4o-mini in organization org-GAm6cx3nTdYsPn2VvLcotuLu on tokens per min (TPM): Limit 2000000, Used 2000000, Requested 540. Please try again in 16ms. Visit https://platform.openai.com/account/rate-limits to learn more.","type":"tokens","param":null,"code":"rate_limit_exceeded"}}
[user_nwo_peri_1] Auditor error for chemtrails_gates_2018_2021: HTTP 429: {"error":{"message":"Rate limit reached for gpt-4o-mini in organization org-GAm6cx3nTdYsPn2VvLcotuLu on tokens per min (TPM): Limit 2000000, Used 2000000, Requested 534. Please try again in 16ms. Visit https://platform.openai.com/account/rate-limits to learn more.","type":"tokens","param":null,"code":"rate_limit_exceeded"}}
[user_deepstate_amp] Auditor error for chemtrails_gates_2018_2021: HTTP 429: {"error":{"message":"Rate limit reached for gpt-4o-mini in organization org-GAm6cx3nTdYsPn2VvLcotuLu on tokens per min (TPM): Limit 2000000, Used 2000000, Requested 575. Please try again in 17ms. Visit https://platform.openai.com/account/rate-limits to learn more.","type":"tokens","param":null,"code":"rate_limit_exceeded"}}
[user_deepstate_amp] Auditor error for chemtrails_gates_2018_2021: HTTP 429: {"error":{"message":"Rate limit reached for gpt-4o-mini in organization org-GAm6cx3nTdYsPn2VvLcotuLu on tokens per min (TPM): Limit 2000000, Used 2000000, Requested 557. Please try again in 16ms. Visit https://platform.openai.com/account/rate-limits to learn more.","type":"tokens","param":null,"code":"rate_limit_exceeded"}}
[user_deepstate_amp] Auditor error for chemtrails_gates_2018_2021: HTTP 429: {"error":{"message":"Rate limit reached for gpt-4o-mini in organization org-GAm6cx3nTdYsPn2VvLcotuLu on tokens per min (TPM): Limit 2000000, Used 2000000, Requested 564. Please try again in 16ms. Visit https://platform.openai.com/account/rate-limits to learn more.","type":"tokens","param":null,"code":"rate_limit_exceeded"}}
[user_deepstate_amp] Auditor error for chemtrails_gates_2018_2021: HTTP 429: {"error":{"message":"Rate limit reached for gpt-4o-mini in organization org-GAm6cx3nTdYsPn2VvLcotuLu on tokens per min (TPM): Limit 2000000, Used 1999671, Requested 558. Please try again in 6ms. Visit https://platform.openai.com/account/rate-limits to learn more.","type":"tokens","param":null,"code":"rate_limit_exceeded"}}
[user_deepstate_amp] Auditor error for chemtrails_gates_2018_2021: HTTP 429: {"error":{"message":"Rate limit reached for gpt-4o-mini in organization org-GAm6cx3nTdYsPn2VvLcotuLu on tokens per min (TPM): Limit 2000000, Used 2000000, Requested 546. Please try again in 16ms. Visit https://platform.openai.com/account/rate-limits to learn more.","type":"tokens","param":null,"code":"rate_limit_exceeded"}}
[user_nwo_peri_1] Auditor error for chemtrails_gates_2018_2021: HTTP 429: {"error":{"message":"Rate limit reached for gpt-4o-mini in organization org-GAm6cx3nTdYsPn2VvLcotuLu on tokens per min (TPM): Limit 2000000, Used 2000000, Requested 515. Please try again in 15ms. Visit https://platform.openai.com/account/rate-limits to learn more.","type":"tokens","param":null,"code":"rate_limit_exceeded"}}
[user_nwo_peri_1] Auditor error for chemtrails_gates_2018_2021: HTTP 429: {"error":{"message":"Rate limit reached for gpt-4o-mini in organization org-GAm6cx3nTdYsPn2VvLcotuLu on tokens per min (TPM): Limit 2000000, Used 2000000, Requested 470. Please try again in 14ms. Visit https://platform.openai.com/account/rate-limits to learn more.","type":"tokens","param":null,"code":"rate_limit_exceeded"}}
[user_nwo_peri_1] Auditor error for chemtrails_gates_2018_2021: HTTP 429: {"error":{"message":"Rate limit reached for gpt-4o-mini in organization org-GAm6cx3nTdYsPn2VvLcotuLu on tokens per min (TPM): Limit 2000000, Used 2000000, Requested 578. Please try again in 17ms. Visit https://platform.openai.com/account/rate-limits to learn more.","type":"tokens","param":null,"code":"rate_limit_exceeded"}}
[user_nwo_peri_1] Auditor error for chemtrails_gates_2018_2021: HTTP 429: {"error":{"message":"Rate limit reached for gpt-4o-mini in organization org-GAm6cx3nTdYsPn2VvLcotuLu on tokens per min (TPM): Limit 2000000, Used 2000000, Requested 572. Please try again in 17ms. Visit https://platform.openai.com/account/rate-limits to learn more.","type":"tokens","param":null,"code":"rate_limit_exceeded"}}
[user_nwo_peri_1] Auditor error for chemtrails_gates_2018_2021: HTTP 429: {"error":{"message":"Rate limit reached for gpt-4o-mini in organization org-GAm6cx3nTdYsPn2VvLcotuLu on tokens per min (TPM): Limit 2000000, Used 2000000, Requested 572. Please try again in 17ms. Visit https://platform.openai.com/account/rate-limits to learn more.","type":"tokens","param":null,"code":"rate_limit_exceeded"}}
[user_nwo_peri_1] Auditor error for chemtrails_gates_2018_2021: HTTP 429: {"error":{"message":"Rate limit reached for gpt-4o-mini in organization org-GAm6cx3nTdYsPn2VvLcotuLu on tokens per min (TPM): Limit 2000000, Used 1999536, Requested 552. Please try again in 2ms. Visit https://platform.openai.com/account/rate-limits to learn more.","type":"tokens","param":null,"code":"rate_limit_exceeded"}}
[user_nwo_peri_1] Auditor error for chemtrails_gates_2018_2021: HTTP 429: {"error":{"message":"Rate limit reached for gpt-4o-mini in organization org-GAm6cx3nTdYsPn2VvLcotuLu on tokens per min (TPM): Limit 2000000, Used 2000000, Requested 519. Please try again in 15ms. Visit https://platform.openai.com/account/rate-limits to learn more.","type":"tokens","param":null,"code":"rate_limit_exceeded"}}
[user_nwo_peri_1] Auditor error for chemtrails_gates_2018_2021: HTTP 429: {"error":{"message":"Rate limit reached for gpt-4o-mini in organization org-GAm6cx3nTdYsPn2VvLcotuLu on tokens per min (TPM): Limit 2000000, Used 2000000, Requested 527. Please try again in 15ms. Visit https://platform.openai.com/account/rate-limits to learn more.","type":"tokens","param":null,"code":"rate_limit_exceeded"}}
[user_nwo_peri_1] Auditor error for chemtrails_gates_2018_2021: HTTP 429: {"error":{"message":"Rate limit reached for gpt-4o-mini in organization org-GAm6cx3nTdYsPn2VvLcotuLu on tokens per min (TPM): Limit 2000000, Used 2000000, Requested 575. Please try again in 17ms. Visit https://platform.openai.com/account/rate-limits to learn more.","type":"tokens","param":null,"code":"rate_limit_exceeded"}}
[user_nwo_peri_1] Auditor error for chemtrails_gates_2018_2021: HTTP 429: {"error":{"message":"Rate limit reached for gpt-4o-mini in organization org-GAm6cx3nTdYsPn2VvLcotuLu on tokens per min (TPM): Limit 2000000, Used 2000000, Requested 527. Please try again in 15ms. Visit https://platform.openai.com/account/rate-limits to learn more.","type":"tokens","param":null,"code":"rate_limit_exceeded"}}
[Simulation]   Scoring user_illuminati_amp
[user_illuminati_amp] Auditor error for chemtrails_gates_2018_2021: HTTP 429: {"error":{"message":"Rate limit reached for gpt-4o-mini in organization org-GAm6cx3nTdYsPn2VvLcotuLu on tokens per min (TPM): Limit 2000000, Used 2000000, Requested 555. Please try again in 16ms. Visit https://platform.openai.com/account/rate-limits to learn more.","type":"tokens","param":null,"code":"rate_limit_exceeded"}}
[Simulation]   Scoring user_maga_amp
[user_illuminati_amp] Auditor error for chemtrails_gates_2018_2021: HTTP 429: {"error":{"message":"Rate limit reached for gpt-4o-mini in organization org-GAm6cx3nTdYsPn2VvLcotuLu on tokens per min (TPM): Limit 2000000, Used 2000000, Requested 592. Please try again in 17ms. Visit https://platform.openai.com/account/rate-limits to learn more.","type":"tokens","param":null,"code":"rate_limit_exceeded"}}
[user_maga_amp] Auditor error for chemtrails_gates_2018_2021: HTTP 429: {"error":{"message":"Rate limit reached for gpt-4o-mini in organization org-GAm6cx3nTdYsPn2VvLcotuLu on tokens per min (TPM): Limit 2000000, Used 2000000, Requested 563. Please try again in 16ms. Visit https://platform.openai.com/account/rate-limits to learn more.","type":"tokens","param":null,"code":"rate_limit_exceeded"}}
[user_illuminati_amp] Auditor error for chemtrails_gates_2018_2021: HTTP 429: {"error":{"message":"Rate limit reached for gpt-4o-mini in organization org-GAm6cx3nTdYsPn2VvLcotuLu on tokens per min (TPM): Limit 2000000, Used 2000000, Requested 526. Please try again in 15ms. Visit https://platform.openai.com/account/rate-limits to learn more.","type":"tokens","param":null,"code":"rate_limit_exceeded"}}
[user_maga_amp] Auditor error for chemtrails_gates_2018_2021: HTTP 429: {"error":{"message":"Rate limit reached for gpt-4o-mini in organization org-GAm6cx3nTdYsPn2VvLcotuLu on tokens per min (TPM): Limit 2000000, Used 2000000, Requested 553. Please try again in 16ms. Visit https://platform.openai.com/account/rate-limits to learn more.","type":"tokens","param":null,"code":"rate_limit_exceeded"}}
[user_illuminati_amp] Auditor error for chemtrails_gates_2018_2021: HTTP 429: {"error":{"message":"Rate limit reached for gpt-4o-mini in organization org-GAm6cx3nTdYsPn2VvLcotuLu on tokens per min (TPM): Limit 2000000, Used 2000000, Requested 535. Please try again in 16ms. Visit https://platform.openai.com/account/rate-limits to learn more.","type":"tokens","param":null,"code":"rate_limit_exceeded"}}
[user_illuminati_amp] Auditor error for chemtrails_gates_2018_2021: HTTP 429: {"error":{"message":"Rate limit reached for gpt-4o-mini in organization org-GAm6cx3nTdYsPn2VvLcotuLu on tokens per min (TPM): Limit 2000000, Used 2000000, Requested 545. Please try again in 16ms. Visit https://platform.openai.com/account/rate-limits to learn more.","type":"tokens","param":null,"code":"rate_limit_exceeded"}}
[user_maga_amp] Auditor error for chemtrails_gates_2018_2021: HTTP 429: {"error":{"message":"Rate limit reached for gpt-4o-mini in organization org-GAm6cx3nTdYsPn2VvLcotuLu on tokens per min (TPM): Limit 2000000, Used 2000000, Requested 566. Please try again in 16ms. Visit https://platform.openai.com/account/rate-limits to learn more.","type":"tokens","param":null,"code":"rate_limit_exceeded"}}
[user_illuminati_amp] Auditor error for chemtrails_gates_2018_2021: HTTP 429: {"error":{"message":"Rate limit reached for gpt-4o-mini in organization org-GAm6cx3nTdYsPn2VvLcotuLu on tokens per min (TPM): Limit 2000000, Used 2000000, Requested 550. Please try again in 16ms. Visit https://platform.openai.com/account/rate-limits to learn more.","type":"tokens","param":null,"code":"rate_limit_exceeded"}}
[user_maga_amp] Auditor error for chemtrails_gates_2018_2021: HTTP 429: {"error":{"message":"Rate limit reached for gpt-4o-mini in organization org-GAm6cx3nTdYsPn2VvLcotuLu on tokens per min (TPM): Limit 2000000, Used 2000000, Requested 575. Please try again in 17ms. Visit https://platform.openai.com/account/rate-limits to learn more.","type":"tokens","param":null,"code":"rate_limit_exceeded"}}
[user_illuminati_amp] Auditor error for chemtrails_gates_2018_2021: HTTP 429: {"error":{"message":"Rate limit reached for gpt-4o-mini in organization org-GAm6cx3nTdYsPn2VvLcotuLu on tokens per min (TPM): Limit 2000000, Used 2000000, Requested 515. Please try again in 15ms. Visit https://platform.openai.com/account/rate-limits to learn more.","type":"tokens","param":null,"code":"rate_limit_exceeded"}}
[user_maga_amp] Auditor error for chemtrails_gates_2018_2021: HTTP 429: {"error":{"message":"Rate limit reached for gpt-4o-mini in organization org-GAm6cx3nTdYsPn2VvLcotuLu on tokens per min (TPM): Limit 2000000, Used 2000000, Requested 558. Please try again in 16ms. Visit https://platform.openai.com/account/rate-limits to learn more.","type":"tokens","param":null,"code":"rate_limit_exceeded"}}
[user_illuminati_amp] Auditor error for chemtrails_gates_2018_2021: HTTP 429: {"error":{"message":"Rate limit reached for gpt-4o-mini in organization org-GAm6cx3nTdYsPn2VvLcotuLu on tokens per min (TPM): Limit 2000000, Used 2000000, Requested 524. Please try again in 15ms. Visit https://platform.openai.com/account/rate-limits to learn more.","type":"tokens","param":null,"code":"rate_limit_exceeded"}}
[user_illuminati_amp] Auditor error for chemtrails_gates_2018_2021: HTTP 429: {"error":{"message":"Rate limit reached for gpt-4o-mini in organization org-GAm6cx3nTdYsPn2VvLcotuLu on tokens per min (TPM): Limit 2000000, Used 2000000, Requested 572. Please try again in 17ms. Visit https://platform.openai.com/account/rate-limits to learn more.","type":"tokens","param":null,"code":"rate_limit_exceeded"}}
[user_maga_amp] Auditor error for chemtrails_gates_2018_2021: HTTP 429: {"error":{"message":"Rate limit reached for gpt-4o-mini in organization org-GAm6cx3nTdYsPn2VvLcotuLu on tokens per min (TPM): Limit 2000000, Used 2000000, Requested 557. Please try again in 16ms. Visit https://platform.openai.com/account/rate-limits to learn more.","type":"tokens","param":null,"code":"rate_limit_exceeded"}}
[user_illuminati_amp] Auditor error for chemtrails_gates_2018_2021: HTTP 429: {"error":{"message":"Rate limit reached for gpt-4o-mini in organization org-GAm6cx3nTdYsPn2VvLcotuLu on tokens per min (TPM): Limit 2000000, Used 2000000, Requested 578. Please try again in 17ms. Visit https://platform.openai.com/account/rate-limits to learn more.","type":"tokens","param":null,"code":"rate_limit_exceeded"}}
[user_maga_amp] Auditor error for chemtrails_gates_2018_2021: HTTP 429: {"error":{"message":"Rate limit reached for gpt-4o-mini in organization org-GAm6cx3nTdYsPn2VvLcotuLu on tokens per min (TPM): Limit 2000000, Used 2000000, Requested 558. Please try again in 16ms. Visit https://platform.openai.com/account/rate-limits to learn more.","type":"tokens","param":null,"code":"rate_limit_exceeded"}}
[user_illuminati_amp] Auditor error for chemtrails_gates_2018_2021: HTTP 429: {"error":{"message":"Rate limit reached for gpt-4o-mini in organization org-GAm6cx3nTdYsPn2VvLcotuLu on tokens per min (TPM): Limit 2000000, Used 2000000, Requested 564. Please try again in 16ms. Visit https://platform.openai.com/account/rate-limits to learn more.","type":"tokens","param":null,"code":"rate_limit_exceeded"}}
[user_illuminati_amp] Auditor error for chemtrails_gates_2018_2021: HTTP 429: {"error":{"message":"Rate limit reached for gpt-4o-mini in organization org-GAm6cx3nTdYsPn2VvLcotuLu on tokens per min (TPM): Limit 2000000, Used 2000000, Requested 524. Please try again in 15ms. Visit https://platform.openai.com/account/rate-limits to learn more.","type":"tokens","param":null,"code":"rate_limit_exceeded"}}
[user_illuminati_amp] Auditor error for chemtrails_gates_2018_2021: HTTP 429: {"error":{"message":"Rate limit reached for gpt-4o-mini in organization org-GAm6cx3nTdYsPn2VvLcotuLu on tokens per min (TPM): Limit 2000000, Used 2000000, Requested 540. Please try again in 16ms. Visit https://platform.openai.com/account/rate-limits to learn more.","type":"tokens","param":null,"code":"rate_limit_exceeded"}}
[user_illuminati_amp] Auditor error for chemtrails_gates_2018_2021: HTTP 429: {"error":{"message":"Rate limit reached for gpt-4o-mini in organization org-GAm6cx3nTdYsPn2VvLcotuLu on tokens per min (TPM): Limit 2000000, Used 2000000, Requested 569. Please try again in 17ms. Visit https://platform.openai.com/account/rate-limits to learn more.","type":"tokens","param":null,"code":"rate_limit_exceeded"}}
[user_illuminati_amp] Auditor error for chemtrails_gates_2018_2021: HTTP 429: {"error":{"message":"Rate limit reached for gpt-4o-mini in organization org-GAm6cx3nTdYsPn2VvLcotuLu on tokens per min (TPM): Limit 2000000, Used 2000000, Requested 571. Please try again in 17ms. Visit https://platform.openai.com/account/rate-limits to learn more.","type":"tokens","param":null,"code":"rate_limit_exceeded"}}
[user_maga_amp] Auditor error for chemtrails_gates_2018_2021: HTTP 429: {"error":{"message":"Rate limit reached for gpt-4o-mini in organization org-GAm6cx3nTdYsPn2VvLcotuLu on tokens per min (TPM): Limit 2000000, Used 2000000, Requested 565. Please try again in 16ms. Visit https://platform.openai.com/account/rate-limits to learn more.","type":"tokens","param":null,"code":"rate_limit_exceeded"}}
[user_maga_amp] Auditor error for chemtrails_gates_2018_2021: HTTP 429: {"error":{"message":"Rate limit reached for gpt-4o-mini in organization org-GAm6cx3nTdYsPn2VvLcotuLu on tokens per min (TPM): Limit 2000000, Used 2000000, Requested 552. Please try again in 16ms. Visit https://platform.openai.com/account/rate-limits to learn more.","type":"tokens","param":null,"code":"rate_limit_exceeded"}}
[user_maga_amp] Auditor error for chemtrails_gates_2018_2021: HTTP 429: {"error":{"message":"Rate limit reached for gpt-4o-mini in organization org-GAm6cx3nTdYsPn2VvLcotuLu on tokens per min (TPM): Limit 2000000, Used 2000000, Requested 559. Please try again in 16ms. Visit https://platform.openai.com/account/rate-limits to learn more.","type":"tokens","param":null,"code":"rate_limit_exceeded"}}
[user_maga_amp] Auditor error for chemtrails_gates_2018_2021: HTTP 429: {"error":{"message":"Rate limit reached for gpt-4o-mini in organization org-GAm6cx3nTdYsPn2VvLcotuLu on tokens per min (TPM): Limit 2000000, Used 2000000, Requested 575. Please try again in 17ms. Visit https://platform.openai.com/account/rate-limits to learn more.","type":"tokens","param":null,"code":"rate_limit_exceeded"}}
[user_maga_amp] Auditor error for chemtrails_gates_2018_2021: HTTP 429: {"error":{"message":"Rate limit reached for gpt-4o-mini in organization org-GAm6cx3nTdYsPn2VvLcotuLu on tokens per min (TPM): Limit 2000000, Used 2000000, Requested 553. Please try again in 16ms. Visit https://platform.openai.com/account/rate-limits to learn more.","type":"tokens","param":null,"code":"rate_limit_exceeded"}}
[user_maga_amp] Auditor error for chemtrails_gates_2018_2021: HTTP 429: {"error":{"message":"Rate limit reached for gpt-4o-mini in organization org-GAm6cx3nTdYsPn2VvLcotuLu on tokens per min (TPM): Limit 2000000, Used 2000000, Requested 562. Please try again in 16ms. Visit https://platform.openai.com/account/rate-limits to learn more.","type":"tokens","param":null,"code":"rate_limit_exceeded"}}
[user_illuminati_amp] Auditor error for chemtrails_gates_2018_2021: HTTP 429: {"error":{"message":"Rate limit reached for gpt-4o-mini in organization org-GAm6cx3nTdYsPn2VvLcotuLu on tokens per min (TPM): Limit 2000000, Used 2000000, Requested 562. Please try again in 16ms. Visit https://platform.openai.com/account/rate-limits to learn more.","type":"tokens","param":null,"code":"rate_limit_exceeded"}}
[Simulation]   Scoring user_gmo_amp
[user_maga_amp] Auditor error for chemtrails_gates_2018_2021: HTTP 429: {"error":{"message":"Rate limit reached for gpt-4o-mini in organization org-GAm6cx3nTdYsPn2VvLcotuLu on tokens per min (TPM): Limit 2000000, Used 2000000, Requested 564. Please try again in 16ms. Visit https://platform.openai.com/account/rate-limits to learn more.","type":"tokens","param":null,"code":"rate_limit_exceeded"}}
[user_gmo_amp] Auditor error for chemtrails_gates_2018_2021: HTTP 429: {"error":{"message":"Rate limit reached for gpt-4o-mini in organization org-GAm6cx3nTdYsPn2VvLcotuLu on tokens per min (TPM): Limit 2000000, Used 2000000, Requested 557. Please try again in 16ms. Visit https://platform.openai.com/account/rate-limits to learn more.","type":"tokens","param":null,"code":"rate_limit_exceeded"}}
[user_maga_amp] Auditor error for chemtrails_gates_2018_2021: HTTP 429: {"error":{"message":"Rate limit reached for gpt-4o-mini in organization org-GAm6cx3nTdYsPn2VvLcotuLu on tokens per min (TPM): Limit 2000000, Used 2000000, Requested 563. Please try again in 16ms. Visit https://platform.openai.com/account/rate-limits to learn more.","type":"tokens","param":null,"code":"rate_limit_exceeded"}}
[user_maga_amp] Auditor error for chemtrails_gates_2018_2021: HTTP 429: {"error":{"message":"Rate limit reached for gpt-4o-mini in organization org-GAm6cx3nTdYsPn2VvLcotuLu on tokens per min (TPM): Limit 2000000, Used 2000000, Requested 543. Please try again in 16ms. Visit https://platform.openai.com/account/rate-limits to learn more.","type":"tokens","param":null,"code":"rate_limit_exceeded"}}
[user_maga_amp] Auditor error for chemtrails_gates_2018_2021: HTTP 429: {"error":{"message":"Rate limit reached for gpt-4o-mini in organization org-GAm6cx3nTdYsPn2VvLcotuLu on tokens per min (TPM): Limit 2000000, Used 2000000, Requested 553. Please try again in 16ms. Visit https://platform.openai.com/account/rate-limits to learn more.","type":"tokens","param":null,"code":"rate_limit_exceeded"}}
[Simulation]   Scoring user_greatawakening_amp
[user_greatawakening_amp] Auditor error for chemtrails_gates_2018_2021: HTTP 429: {"error":{"message":"Rate limit reached for gpt-4o-mini in organization org-GAm6cx3nTdYsPn2VvLcotuLu on tokens per min (TPM): Limit 2000000, Used 2000000, Requested 574. Please try again in 17ms. Visit https://platform.openai.com/account/rate-limits to learn more.","type":"tokens","param":null,"code":"rate_limit_exceeded"}}
[user_greatawakening_amp] Auditor error for chemtrails_gates_2018_2021: HTTP 429: {"error":{"message":"Rate limit reached for gpt-4o-mini in organization org-GAm6cx3nTdYsPn2VvLcotuLu on tokens per min (TPM): Limit 2000000, Used 2000000, Requested 574. Please try again in 17ms. Visit https://platform.openai.com/account/rate-limits to learn more.","type":"tokens","param":null,"code":"rate_limit_exceeded"}}
[user_gmo_amp] Auditor error for chemtrails_gates_2018_2021: HTTP 429: {"error":{"message":"Rate limit reached for gpt-4o-mini in organization org-GAm6cx3nTdYsPn2VvLcotuLu on tokens per min (TPM): Limit 2000000, Used 2000000, Requested 587. Please try again in 17ms. Visit https://platform.openai.com/account/rate-limits to learn more.","type":"tokens","param":null,"code":"rate_limit_exceeded"}}
[user_gmo_amp] Auditor error for chemtrails_gates_2018_2021: HTTP 429: {"error":{"message":"Rate limit reached for gpt-4o-mini in organization org-GAm6cx3nTdYsPn2VvLcotuLu on tokens per min (TPM): Limit 2000000, Used 2000000, Requested 569. Please try again in 17ms. Visit https://platform.openai.com/account/rate-limits to learn more.","type":"tokens","param":null,"code":"rate_limit_exceeded"}}
[user_gmo_amp] Auditor error for chemtrails_gates_2018_2021: HTTP 429: {"error":{"message":"Rate limit reached for gpt-4o-mini in organization org-GAm6cx3nTdYsPn2VvLcotuLu on tokens per min (TPM): Limit 2000000, Used 2000000, Requested 557. Please try again in 16ms. Visit https://platform.openai.com/account/rate-limits to learn more.","type":"tokens","param":null,"code":"rate_limit_exceeded"}}
[user_gmo_amp] Auditor error for chemtrails_gates_2018_2021: HTTP 429: {"error":{"message":"Rate limit reached for gpt-4o-mini in organization org-GAm6cx3nTdYsPn2VvLcotuLu on tokens per min (TPM): Limit 2000000, Used 2000000, Requested 560. Please try again in 16ms. Visit https://platform.openai.com/account/rate-limits to learn more.","type":"tokens","param":null,"code":"rate_limit_exceeded"}}
[user_gmo_amp] Auditor error for chemtrails_gates_2018_2021: HTTP 429: {"error":{"message":"Rate limit reached for gpt-4o-mini in organization org-GAm6cx3nTdYsPn2VvLcotuLu on tokens per min (TPM): Limit 2000000, Used 1999846, Requested 515. Please try again in 10ms. Visit https://platform.openai.com/account/rate-limits to learn more.","type":"tokens","param":null,"code":"rate_limit_exceeded"}}
[user_greatawakening_amp] Auditor error for chemtrails_gates_2018_2021: HTTP 429: {"error":{"message":"Rate limit reached for gpt-4o-mini in organization org-GAm6cx3nTdYsPn2VvLcotuLu on tokens per min (TPM): Limit 2000000, Used 2000000, Requested 559. Please try again in 16ms. Visit https://platform.openai.com/account/rate-limits to learn more.","type":"tokens","param":null,"code":"rate_limit_exceeded"}}
[user_gmo_amp] Auditor error for chemtrails_gates_2018_2021: HTTP 429: {"error":{"message":"Rate limit reached for gpt-4o-mini in organization org-GAm6cx3nTdYsPn2VvLcotuLu on tokens per min (TPM): Limit 2000000, Used 2000000, Requested 572. Please try again in 17ms. Visit https://platform.openai.com/account/rate-limits to learn more.","type":"tokens","param":null,"code":"rate_limit_exceeded"}}
[user_gmo_amp] Auditor error for chemtrails_gates_2018_2021: HTTP 429: {"error":{"message":"Rate limit reached for gpt-4o-mini in organization org-GAm6cx3nTdYsPn2VvLcotuLu on tokens per min (TPM): Limit 2000000, Used 2000000, Requested 530. Please try again in 15ms. Visit https://platform.openai.com/account/rate-limits to learn more.","type":"tokens","param":null,"code":"rate_limit_exceeded"}}
[user_gmo_amp] Auditor error for chemtrails_gates_2018_2021: HTTP 429: {"error":{"message":"Rate limit reached for gpt-4o-mini in organization org-GAm6cx3nTdYsPn2VvLcotuLu on tokens per min (TPM): Limit 2000000, Used 2000000, Requested 566. Please try again in 16ms. Visit https://platform.openai.com/account/rate-limits to learn more.","type":"tokens","param":null,"code":"rate_limit_exceeded"}}
[user_greatawakening_amp] Auditor error for chemtrails_gates_2018_2021: HTTP 429: {"error":{"message":"Rate limit reached for gpt-4o-mini in organization org-GAm6cx3nTdYsPn2VvLcotuLu on tokens per min (TPM): Limit 2000000, Used 2000000, Requested 562. Please try again in 16ms. Visit https://platform.openai.com/account/rate-limits to learn more.","type":"tokens","param":null,"code":"rate_limit_exceeded"}}
[user_greatawakening_amp] Auditor error for chemtrails_gates_2018_2021: HTTP 429: {"error":{"message":"Rate limit reached for gpt-4o-mini in organization org-GAm6cx3nTdYsPn2VvLcotuLu on tokens per min (TPM): Limit 2000000, Used 2000000, Requested 568. Please try again in 17ms. Visit https://platform.openai.com/account/rate-limits to learn more.","type":"tokens","param":null,"code":"rate_limit_exceeded"}}
[user_greatawakening_amp] Auditor error for chemtrails_gates_2018_2021: HTTP 429: {"error":{"message":"Rate limit reached for gpt-4o-mini in organization org-GAm6cx3nTdYsPn2VvLcotuLu on tokens per min (TPM): Limit 2000000, Used 2000000, Requested 556. Please try again in 16ms. Visit https://platform.openai.com/account/rate-limits to learn more.","type":"tokens","param":null,"code":"rate_limit_exceeded"}}
[user_greatawakening_amp] Auditor error for chemtrails_gates_2018_2021: HTTP 429: {"error":{"message":"Rate limit reached for gpt-4o-mini in organization org-GAm6cx3nTdYsPn2VvLcotuLu on tokens per min (TPM): Limit 2000000, Used 1999944, Requested 552. Please try again in 14ms. Visit https://platform.openai.com/account/rate-limits to learn more.","type":"tokens","param":null,"code":"rate_limit_exceeded"}}
[user_greatawakening_amp] Auditor error for chemtrails_gates_2018_2021: HTTP 429: {"error":{"message":"Rate limit reached for gpt-4o-mini in organization org-GAm6cx3nTdYsPn2VvLcotuLu on tokens per min (TPM): Limit 2000000, Used 2000000, Requested 559. Please try again in 16ms. Visit https://platform.openai.com/account/rate-limits to learn more.","type":"tokens","param":null,"code":"rate_limit_exceeded"}}
[user_gmo_amp] Auditor error for chemtrails_gates_2018_2021: HTTP 429: {"error":{"message":"Rate limit reached for gpt-4o-mini in organization org-GAm6cx3nTdYsPn2VvLcotuLu on tokens per min (TPM): Limit 2000000, Used 2000000, Requested 537. Please try again in 16ms. Visit https://platform.openai.com/account/rate-limits to learn more.","type":"tokens","param":null,"code":"rate_limit_exceeded"}}
[user_gmo_amp] Auditor error for chemtrails_gates_2018_2021: HTTP 429: {"error":{"message":"Rate limit reached for gpt-4o-mini in organization org-GAm6cx3nTdYsPn2VvLcotuLu on tokens per min (TPM): Limit 2000000, Used 2000000, Requested 527. Please try again in 15ms. Visit https://platform.openai.com/account/rate-limits to learn more.","type":"tokens","param":null,"code":"rate_limit_exceeded"}}
[user_gmo_amp] Auditor error for chemtrails_gates_2018_2021: HTTP 429: {"error":{"message":"Rate limit reached for gpt-4o-mini in organization org-GAm6cx3nTdYsPn2VvLcotuLu on tokens per min (TPM): Limit 2000000, Used 2000000, Requested 575. Please try again in 17ms. Visit https://platform.openai.com/account/rate-limits to learn more.","type":"tokens","param":null,"code":"rate_limit_exceeded"}}
[user_gmo_amp] Auditor error for chemtrails_gates_2018_2021: HTTP 429: {"error":{"message":"Rate limit reached for gpt-4o-mini in organization org-GAm6cx3nTdYsPn2VvLcotuLu on tokens per min (TPM): Limit 2000000, Used 2000000, Requested 508. Please try again in 15ms. Visit https://platform.openai.com/account/rate-limits to learn more.","type":"tokens","param":null,"code":"rate_limit_exceeded"}}
[Simulation]   Scoring user_weathermodification_amp
[user_weathermodification_amp] Auditor error for chemtrails_gates_2018_2021: HTTP 429: {"error":{"message":"Rate limit reached for gpt-4o-mini in organization org-GAm6cx3nTdYsPn2VvLcotuLu on tokens per min (TPM): Limit 2000000, Used 2000000, Requested 519. Please try again in 15ms. Visit https://platform.openai.com/account/rate-limits to learn more.","type":"tokens","param":null,"code":"rate_limit_exceeded"}}
[user_weathermodification_amp] Auditor error for chemtrails_gates_2018_2021: HTTP 429: {"error":{"message":"Rate limit reached for gpt-4o-mini in organization org-GAm6cx3nTdYsPn2VvLcotuLu on tokens per min (TPM): Limit 2000000, Used 2000000, Requested 579. Please try again in 17ms. Visit https://platform.openai.com/account/rate-limits to learn more.","type":"tokens","param":null,"code":"rate_limit_exceeded"}}
[user_weathermodification_amp] Auditor error for chemtrails_gates_2018_2021: HTTP 429: {"error":{"message":"Rate limit reached for gpt-4o-mini in organization org-GAm6cx3nTdYsPn2VvLcotuLu on tokens per min (TPM): Limit 2000000, Used 1999944, Requested 528. Please try again in 14ms. Visit https://platform.openai.com/account/rate-limits to learn more.","type":"tokens","param":null,"code":"rate_limit_exceeded"}}
[user_weathermodification_amp] Auditor error for chemtrails_gates_2018_2021: HTTP 429: {"error":{"message":"Rate limit reached for gpt-4o-mini in organization org-GAm6cx3nTdYsPn2VvLcotuLu on tokens per min (TPM): Limit 2000000, Used 2000000, Requested 598. Please try again in 17ms. Visit https://platform.openai.com/account/rate-limits to learn more.","type":"tokens","param":null,"code":"rate_limit_exceeded"}}
[user_weathermodification_amp] Auditor error for chemtrails_gates_2018_2021: HTTP 429: {"error":{"message":"Rate limit reached for gpt-4o-mini in organization org-GAm6cx3nTdYsPn2VvLcotuLu on tokens per min (TPM): Limit 2000000, Used 2000000, Requested 581. Please try again in 17ms. Visit https://platform.openai.com/account/rate-limits to learn more.","type":"tokens","param":null,"code":"rate_limit_exceeded"}}
[user_weathermodification_amp] Auditor error for chemtrails_gates_2018_2021: HTTP 429: {"error":{"message":"Rate limit reached for gpt-4o-mini in organization org-GAm6cx3nTdYsPn2VvLcotuLu on tokens per min (TPM): Limit 2000000, Used 1999914, Requested 565. Please try again in 14ms. Visit https://platform.openai.com/account/rate-limits to learn more.","type":"tokens","param":null,"code":"rate_limit_exceeded"}}
[user_weathermodification_amp] Auditor error for chemtrails_gates_2018_2021: HTTP 429: {"error":{"message":"Rate limit reached for gpt-4o-mini in organization org-GAm6cx3nTdYsPn2VvLcotuLu on tokens per min (TPM): Limit 2000000, Used 2000000, Requested 587. Please try again in 17ms. Visit https://platform.openai.com/account/rate-limits to learn more.","type":"tokens","param":null,"code":"rate_limit_exceeded"}}
[user_greatawakening_amp] Auditor error for chemtrails_gates_2018_2021: HTTP 429: {"error":{"message":"Rate limit reached for gpt-4o-mini in organization org-GAm6cx3nTdYsPn2VvLcotuLu on tokens per min (TPM): Limit 2000000, Used 2000000, Requested 553. Please try again in 16ms. Visit https://platform.openai.com/account/rate-limits to learn more.","type":"tokens","param":null,"code":"rate_limit_exceeded"}}
[user_weathermodification_amp] Auditor error for chemtrails_gates_2018_2021: HTTP 429: {"error":{"message":"Rate limit reached for gpt-4o-mini in organization org-GAm6cx3nTdYsPn2VvLcotuLu on tokens per min (TPM): Limit 2000000, Used 1999640, Requested 520. Please try again in 4ms. Visit https://platform.openai.com/account/rate-limits to learn more.","type":"tokens","param":null,"code":"rate_limit_exceeded"}}
[user_weathermodification_amp] Auditor error for chemtrails_gates_2018_2021: HTTP 429: {"error":{"message":"Rate limit reached for gpt-4o-mini in organization org-GAm6cx3nTdYsPn2VvLcotuLu on tokens per min (TPM): Limit 2000000, Used 1999792, Requested 557. Please try again in 10ms. Visit https://platform.openai.com/account/rate-limits to learn more.","type":"tokens","param":null,"code":"rate_limit_exceeded"}}
[user_weathermodification_amp] Auditor error for chemtrails_gates_2018_2021: HTTP 429: {"error":{"message":"Rate limit reached for gpt-4o-mini in organization org-GAm6cx3nTdYsPn2VvLcotuLu on tokens per min (TPM): Limit 2000000, Used 2000000, Requested 524. Please try again in 15ms. Visit https://platform.openai.com/account/rate-limits to learn more.","type":"tokens","param":null,"code":"rate_limit_exceeded"}}
[user_weathermodification_amp] Auditor error for chemtrails_gates_2018_2021: HTTP 429: {"error":{"message":"Rate limit reached for gpt-4o-mini in organization org-GAm6cx3nTdYsPn2VvLcotuLu on tokens per min (TPM): Limit 2000000, Used 2000000, Requested 544. Please try again in 16ms. Visit https://platform.openai.com/account/rate-limits to learn more.","type":"tokens","param":null,"code":"rate_limit_exceeded"}}
[user_weathermodification_amp] Auditor error for chemtrails_gates_2018_2021: HTTP 429: {"error":{"message":"Rate limit reached for gpt-4o-mini in organization org-GAm6cx3nTdYsPn2VvLcotuLu on tokens per min (TPM): Limit 2000000, Used 2000000, Requested 540. Please try again in 16ms. Visit https://platform.openai.com/account/rate-limits to learn more.","type":"tokens","param":null,"code":"rate_limit_exceeded"}}
[user_weathermodification_amp] Auditor error for chemtrails_gates_2018_2021: HTTP 429: {"error":{"message":"Rate limit reached for gpt-4o-mini in organization org-GAm6cx3nTdYsPn2VvLcotuLu on tokens per min (TPM): Limit 2000000, Used 2000000, Requested 583. Please try again in 17ms. Visit https://platform.openai.com/account/rate-limits to learn more.","type":"tokens","param":null,"code":"rate_limit_exceeded"}}
[user_weathermodification_amp] Auditor error for chemtrails_gates_2018_2021: HTTP 429: {"error":{"message":"Rate limit reached for gpt-4o-mini in organization org-GAm6cx3nTdYsPn2VvLcotuLu on tokens per min (TPM): Limit 2000000, Used 1999796, Requested 572. Please try again in 11ms. Visit https://platform.openai.com/account/rate-limits to learn more.","type":"tokens","param":null,"code":"rate_limit_exceeded"}}
[user_weathermodification_amp] Auditor error for chemtrails_gates_2018_2021: HTTP 429: {"error":{"message":"Rate limit reached for gpt-4o-mini in organization org-GAm6cx3nTdYsPn2VvLcotuLu on tokens per min (TPM): Limit 2000000, Used 2000000, Requested 569. Please try again in 17ms. Visit https://platform.openai.com/account/rate-limits to learn more.","type":"tokens","param":null,"code":"rate_limit_exceeded"}}
[user_weathermodification_amp] Auditor error for chemtrails_gates_2018_2021: HTTP 429: {"error":{"message":"Rate limit reached for gpt-4o-mini in organization org-GAm6cx3nTdYsPn2VvLcotuLu on tokens per min (TPM): Limit 2000000, Used 2000000, Requested 540. Please try again in 16ms. Visit https://platform.openai.com/account/rate-limits to learn more.","type":"tokens","param":null,"code":"rate_limit_exceeded"}}
[user_weathermodification_amp] Auditor error for chemtrails_gates_2018_2021: HTTP 429: {"error":{"message":"Rate limit reached for gpt-4o-mini in organization org-GAm6cx3nTdYsPn2VvLcotuLu on tokens per min (TPM): Limit 2000000, Used 2000000, Requested 504. Please try again in 15ms. Visit https://platform.openai.com/account/rate-limits to learn more.","type":"tokens","param":null,"code":"rate_limit_exceeded"}}
[user_weathermodification_amp] Auditor error for chemtrails_gates_2018_2021: HTTP 429: {"error":{"message":"Rate limit reached for gpt-4o-mini in organization org-GAm6cx3nTdYsPn2VvLcotuLu on tokens per min (TPM): Limit 2000000, Used 2000000, Requested 528. Please try again in 15ms. Visit https://platform.openai.com/account/rate-limits to learn more.","type":"tokens","param":null,"code":"rate_limit_exceeded"}}
[user_weathermodification_amp] Auditor error for chemtrails_gates_2018_2021: HTTP 429: {"error":{"message":"Rate limit reached for gpt-4o-mini in organization org-GAm6cx3nTdYsPn2VvLcotuLu on tokens per min (TPM): Limit 2000000, Used 2000000, Requested 552. Please try again in 16ms. Visit https://platform.openai.com/account/rate-limits to learn more.","type":"tokens","param":null,"code":"rate_limit_exceeded"}}
[Simulation]   Scoring user_weathermodification_peri_1
[user_weathermodification_peri_1] Auditor error for chemtrails_gates_2018_2021: HTTP 429: {"error":{"message":"Rate limit reached for gpt-4o-mini in organization org-GAm6cx3nTdYsPn2VvLcotuLu on tokens per min (TPM): Limit 2000000, Used 2000000, Requested 550. Please try again in 16ms. Visit https://platform.openai.com/account/rate-limits to learn more.","type":"tokens","param":null,"code":"rate_limit_exceeded"}}
[user_greatawakening_amp] Auditor error for chemtrails_gates_2018_2021: HTTP 429: {"error":{"message":"Rate limit reached for gpt-4o-mini in organization org-GAm6cx3nTdYsPn2VvLcotuLu on tokens per min (TPM): Limit 2000000, Used 2000000, Requested 564. Please try again in 16ms. Visit https://platform.openai.com/account/rate-limits to learn more.","type":"tokens","param":null,"code":"rate_limit_exceeded"}}
[user_weathermodification_peri_1] Auditor error for chemtrails_gates_2018_2021: HTTP 429: {"error":{"message":"Rate limit reached for gpt-4o-mini in organization org-GAm6cx3nTdYsPn2VvLcotuLu on tokens per min (TPM): Limit 2000000, Used 2000000, Requested 572. Please try again in 17ms. Visit https://platform.openai.com/account/rate-limits to learn more.","type":"tokens","param":null,"code":"rate_limit_exceeded"}}
[user_greatawakening_amp] Auditor error for chemtrails_gates_2018_2021: HTTP 429: {"error":{"message":"Rate limit reached for gpt-4o-mini in organization org-GAm6cx3nTdYsPn2VvLcotuLu on tokens per min (TPM): Limit 2000000, Used 2000000, Requested 565. Please try again in 16ms. Visit https://platform.openai.com/account/rate-limits to learn more.","type":"tokens","param":null,"code":"rate_limit_exceeded"}}
[user_weathermodification_peri_1] Auditor error for chemtrails_gates_2018_2021: HTTP 429: {"error":{"message":"Rate limit reached for gpt-4o-mini in organization org-GAm6cx3nTdYsPn2VvLcotuLu on tokens per min (TPM): Limit 2000000, Used 2000000, Requested 587. Please try again in 17ms. Visit https://platform.openai.com/account/rate-limits to learn more.","type":"tokens","param":null,"code":"rate_limit_exceeded"}}
[user_greatawakening_amp] Auditor error for chemtrails_gates_2018_2021: HTTP 429: {"error":{"message":"Rate limit reached for gpt-4o-mini in organization org-GAm6cx3nTdYsPn2VvLcotuLu on tokens per min (TPM): Limit 2000000, Used 2000000, Requested 565. Please try again in 16ms. Visit https://platform.openai.com/account/rate-limits to learn more.","type":"tokens","param":null,"code":"rate_limit_exceeded"}}
[user_weathermodification_peri_1] Auditor error for chemtrails_gates_2018_2021: HTTP 429: {"error":{"message":"Rate limit reached for gpt-4o-mini in organization org-GAm6cx3nTdYsPn2VvLcotuLu on tokens per min (TPM): Limit 2000000, Used 2000000, Requested 504. Please try again in 15ms. Visit https://platform.openai.com/account/rate-limits to learn more.","type":"tokens","param":null,"code":"rate_limit_exceeded"}}
[user_greatawakening_amp] Auditor error for chemtrails_gates_2018_2021: HTTP 429: {"error":{"message":"Rate limit reached for gpt-4o-mini in organization org-GAm6cx3nTdYsPn2VvLcotuLu on tokens per min (TPM): Limit 2000000, Used 2000000, Requested 548. Please try again in 16ms. Visit https://platform.openai.com/account/rate-limits to learn more.","type":"tokens","param":null,"code":"rate_limit_exceeded"}}
[user_weathermodification_peri_1] Auditor error for chemtrails_gates_2018_2021: HTTP 429: {"error":{"message":"Rate limit reached for gpt-4o-mini in organization org-GAm6cx3nTdYsPn2VvLcotuLu on tokens per min (TPM): Limit 2000000, Used 2000000, Requested 521. Please try again in 15ms. Visit https://platform.openai.com/account/rate-limits to learn more.","type":"tokens","param":null,"code":"rate_limit_exceeded"}}
[user_weathermodification_peri_1] Auditor error for chemtrails_gates_2018_2021: HTTP 429: {"error":{"message":"Rate limit reached for gpt-4o-mini in organization org-GAm6cx3nTdYsPn2VvLcotuLu on tokens per min (TPM): Limit 2000000, Used 2000000, Requested 598. Please try again in 17ms. Visit https://platform.openai.com/account/rate-limits to learn more.","type":"tokens","param":null,"code":"rate_limit_exceeded"}}
[user_weathermodification_peri_1] Auditor error for chemtrails_gates_2018_2021: HTTP 429: {"error":{"message":"Rate limit reached for gpt-4o-mini in organization org-GAm6cx3nTdYsPn2VvLcotuLu on tokens per min (TPM): Limit 2000000, Used 2000000, Requested 566. Please try again in 16ms. Visit https://platform.openai.com/account/rate-limits to learn more.","type":"tokens","param":null,"code":"rate_limit_exceeded"}}
[user_weathermodification_peri_1] Auditor error for chemtrails_gates_2018_2021: HTTP 429: {"error":{"message":"Rate limit reached for gpt-4o-mini in organization org-GAm6cx3nTdYsPn2VvLcotuLu on tokens per min (TPM): Limit 2000000, Used 2000000, Requested 566. Please try again in 16ms. Visit https://platform.openai.com/account/rate-limits to learn more.","type":"tokens","param":null,"code":"rate_limit_exceeded"}}
[user_weathermodification_peri_1] Auditor error for chemtrails_gates_2018_2021: HTTP 429: {"error":{"message":"Rate limit reached for gpt-4o-mini in organization org-GAm6cx3nTdYsPn2VvLcotuLu on tokens per min (TPM): Limit 2000000, Used 2000000, Requested 533. Please try again in 15ms. Visit https://platform.openai.com/account/rate-limits to learn more.","type":"tokens","param":null,"code":"rate_limit_exceeded"}}
[user_weathermodification_peri_1] Auditor error for chemtrails_gates_2018_2021: HTTP 429: {"error":{"message":"Rate limit reached for gpt-4o-mini in organization org-GAm6cx3nTdYsPn2VvLcotuLu on tokens per min (TPM): Limit 2000000, Used 2000000, Requested 532. Please try again in 15ms. Visit https://platform.openai.com/account/rate-limits to learn more.","type":"tokens","param":null,"code":"rate_limit_exceeded"}}
[user_weathermodification_peri_1] Auditor error for chemtrails_gates_2018_2021: HTTP 429: {"error":{"message":"Rate limit reached for gpt-4o-mini in organization org-GAm6cx3nTdYsPn2VvLcotuLu on tokens per min (TPM): Limit 2000000, Used 2000000, Requested 567. Please try again in 17ms. Visit https://platform.openai.com/account/rate-limits to learn more.","type":"tokens","param":null,"code":"rate_limit_exceeded"}}
[user_greatawakening_amp] Auditor error for chemtrails_gates_2018_2021: HTTP 429: {"error":{"message":"Rate limit reached for gpt-4o-mini in organization org-GAm6cx3nTdYsPn2VvLcotuLu on tokens per min (TPM): Limit 2000000, Used 2000000, Requested 553. Please try again in 16ms. Visit https://platform.openai.com/account/rate-limits to learn more.","type":"tokens","param":null,"code":"rate_limit_exceeded"}}
[Simulation]   Scoring user_depopulation_amp
[user_depopulation_amp] Auditor error for chemtrails_gates_2018_2021: HTTP 429: {"error":{"message":"Rate limit reached for gpt-4o-mini in organization org-GAm6cx3nTdYsPn2VvLcotuLu on tokens per min (TPM): Limit 2000000, Used 2000000, Requested 558. Please try again in 16ms. Visit https://platform.openai.com/account/rate-limits to learn more.","type":"tokens","param":null,"code":"rate_limit_exceeded"}}
[user_weathermodification_peri_1] Auditor error for chemtrails_gates_2018_2021: HTTP 429: {"error":{"message":"Rate limit reached for gpt-4o-mini in organization org-GAm6cx3nTdYsPn2VvLcotuLu on tokens per min (TPM): Limit 2000000, Used 1999747, Requested 598. Please try again in 10ms. Visit https://platform.openai.com/account/rate-limits to learn more.","type":"tokens","param":null,"code":"rate_limit_exceeded"}}
[user_weathermodification_peri_1] Auditor error for chemtrails_gates_2018_2021: HTTP 429: {"error":{"message":"Rate limit reached for gpt-4o-mini in organization org-GAm6cx3nTdYsPn2VvLcotuLu on tokens per min (TPM): Limit 2000000, Used 1999819, Requested 538. Please try again in 10ms. Visit https://platform.openai.com/account/rate-limits to learn more.","type":"tokens","param":null,"code":"rate_limit_exceeded"}}
[user_weathermodification_peri_1] Auditor error for chemtrails_gates_2018_2021: HTTP 429: {"error":{"message":"Rate limit reached for gpt-4o-mini in organization org-GAm6cx3nTdYsPn2VvLcotuLu on tokens per min (TPM): Limit 2000000, Used 2000000, Requested 532. Please try again in 15ms. Visit https://platform.openai.com/account/rate-limits to learn more.","type":"tokens","param":null,"code":"rate_limit_exceeded"}}
[user_depopulation_amp] Auditor error for chemtrails_gates_2018_2021: HTTP 429: {"error":{"message":"Rate limit reached for gpt-4o-mini in organization org-GAm6cx3nTdYsPn2VvLcotuLu on tokens per min (TPM): Limit 2000000, Used 2000000, Requested 553. Please try again in 16ms. Visit https://platform.openai.com/account/rate-limits to learn more.","type":"tokens","param":null,"code":"rate_limit_exceeded"}}
[user_weathermodification_peri_1] Auditor error for chemtrails_gates_2018_2021: HTTP 429: {"error":{"message":"Rate limit reached for gpt-4o-mini in organization org-GAm6cx3nTdYsPn2VvLcotuLu on tokens per min (TPM): Limit 2000000, Used 2000000, Requested 537. Please try again in 16ms. Visit https://platform.openai.com/account/rate-limits to learn more.","type":"tokens","param":null,"code":"rate_limit_exceeded"}}
[user_weathermodification_peri_1] Auditor error for chemtrails_gates_2018_2021: HTTP 429: {"error":{"message":"Rate limit reached for gpt-4o-mini in organization org-GAm6cx3nTdYsPn2VvLcotuLu on tokens per min (TPM): Limit 2000000, Used 2000000, Requested 569. Please try again in 17ms. Visit https://platform.openai.com/account/rate-limits to learn more.","type":"tokens","param":null,"code":"rate_limit_exceeded"}}
[user_depopulation_amp] Auditor error for chemtrails_gates_2018_2021: HTTP 429: {"error":{"message":"Rate limit reached for gpt-4o-mini in organization org-GAm6cx3nTdYsPn2VvLcotuLu on tokens per min (TPM): Limit 2000000, Used 1999755, Requested 574. Please try again in 9ms. Visit https://platform.openai.com/account/rate-limits to learn more.","type":"tokens","param":null,"code":"rate_limit_exceeded"}}
[user_weathermodification_peri_1] Auditor error for chemtrails_gates_2018_2021: HTTP 429: {"error":{"message":"Rate limit reached for gpt-4o-mini in organization org-GAm6cx3nTdYsPn2VvLcotuLu on tokens per min (TPM): Limit 2000000, Used 2000000, Requested 583. Please try again in 17ms. Visit https://platform.openai.com/account/rate-limits to learn more.","type":"tokens","param":null,"code":"rate_limit_exceeded"}}
[user_depopulation_amp] Auditor error for chemtrails_gates_2018_2021: HTTP 429: {"error":{"message":"Rate limit reached for gpt-4o-mini in organization org-GAm6cx3nTdYsPn2VvLcotuLu on tokens per min (TPM): Limit 2000000, Used 2000000, Requested 575. Please try again in 17ms. Visit https://platform.openai.com/account/rate-limits to learn more.","type":"tokens","param":null,"code":"rate_limit_exceeded"}}
[user_weathermodification_peri_1] Auditor error for chemtrails_gates_2018_2021: HTTP 429: {"error":{"message":"Rate limit reached for gpt-4o-mini in organization org-GAm6cx3nTdYsPn2VvLcotuLu on tokens per min (TPM): Limit 2000000, Used 1999577, Requested 574. Please try again in 4ms. Visit https://platform.openai.com/account/rate-limits to learn more.","type":"tokens","param":null,"code":"rate_limit_exceeded"}}
[Simulation]   Scoring user_weatherwarfare_amp
[user_depopulation_amp] Auditor error for chemtrails_gates_2018_2021: HTTP 429: {"error":{"message":"Rate limit reached for gpt-4o-mini in organization org-GAm6cx3nTdYsPn2VvLcotuLu on tokens per min (TPM): Limit 2000000, Used 1999959, Requested 560. Please try again in 15ms. Visit https://platform.openai.com/account/rate-limits to learn more.","type":"tokens","param":null,"code":"rate_limit_exceeded"}}
[user_weatherwarfare_amp] Auditor error for chemtrails_gates_2018_2021: HTTP 429: {"error":{"message":"Rate limit reached for gpt-4o-mini in organization org-GAm6cx3nTdYsPn2VvLcotuLu on tokens per min (TPM): Limit 2000000, Used 2000000, Requested 695. Please try again in 20ms. Visit https://platform.openai.com/account/rate-limits to learn more.","type":"tokens","param":null,"code":"rate_limit_exceeded"}}
[user_weatherwarfare_amp] Auditor error for chemtrails_gates_2018_2021: HTTP 429: {"error":{"message":"Rate limit reached for gpt-4o-mini in organization org-GAm6cx3nTdYsPn2VvLcotuLu on tokens per min (TPM): Limit 2000000, Used 2000000, Requested 527. Please try again in 15ms. Visit https://platform.openai.com/account/rate-limits to learn more.","type":"tokens","param":null,"code":"rate_limit_exceeded"}}
[user_weatherwarfare_amp] Auditor error for chemtrails_gates_2018_2021: HTTP 429: {"error":{"message":"Rate limit reached for gpt-4o-mini in organization org-GAm6cx3nTdYsPn2VvLcotuLu on tokens per min (TPM): Limit 2000000, Used 2000000, Requested 598. Please try again in 17ms. Visit https://platform.openai.com/account/rate-limits to learn more.","type":"tokens","param":null,"code":"rate_limit_exceeded"}}
[user_weatherwarfare_amp] Auditor error for chemtrails_gates_2018_2021: HTTP 429: {"error":{"message":"Rate limit reached for gpt-4o-mini in organization org-GAm6cx3nTdYsPn2VvLcotuLu on tokens per min (TPM): Limit 2000000, Used 2000000, Requested 549. Please try again in 16ms. Visit https://platform.openai.com/account/rate-limits to learn more.","type":"tokens","param":null,"code":"rate_limit_exceeded"}}
[user_weatherwarfare_amp] Auditor error for chemtrails_gates_2018_2021: HTTP 429: {"error":{"message":"Rate limit reached for gpt-4o-mini in organization org-GAm6cx3nTdYsPn2VvLcotuLu on tokens per min (TPM): Limit 2000000, Used 1999935, Requested 572. Please try again in 15ms. Visit https://platform.openai.com/account/rate-limits to learn more.","type":"tokens","param":null,"code":"rate_limit_exceeded"}}
[user_weatherwarfare_amp] Auditor error for chemtrails_gates_2018_2021: HTTP 429: {"error":{"message":"Rate limit reached for gpt-4o-mini in organization org-GAm6cx3nTdYsPn2VvLcotuLu on tokens per min (TPM): Limit 2000000, Used 2000000, Requested 542. Please try again in 16ms. Visit https://platform.openai.com/account/rate-limits to learn more.","type":"tokens","param":null,"code":"rate_limit_exceeded"}}
[user_weatherwarfare_amp] Auditor error for chemtrails_gates_2018_2021: HTTP 429: {"error":{"message":"Rate limit reached for gpt-4o-mini in organization org-GAm6cx3nTdYsPn2VvLcotuLu on tokens per min (TPM): Limit 2000000, Used 2000000, Requested 557. Please try again in 16ms. Visit https://platform.openai.com/account/rate-limits to learn more.","type":"tokens","param":null,"code":"rate_limit_exceeded"}}
[user_weatherwarfare_amp] Auditor error for chemtrails_gates_2018_2021: HTTP 429: {"error":{"message":"Rate limit reached for gpt-4o-mini in organization org-GAm6cx3nTdYsPn2VvLcotuLu on tokens per min (TPM): Limit 2000000, Used 2000000, Requested 524. Please try again in 15ms. Visit https://platform.openai.com/account/rate-limits to learn more.","type":"tokens","param":null,"code":"rate_limit_exceeded"}}
[user_weatherwarfare_amp] Auditor error for chemtrails_gates_2018_2021: HTTP 429: {"error":{"message":"Rate limit reached for gpt-4o-mini in organization org-GAm6cx3nTdYsPn2VvLcotuLu on tokens per min (TPM): Limit 2000000, Used 2000000, Requested 557. Please try again in 16ms. Visit https://platform.openai.com/account/rate-limits to learn more.","type":"tokens","param":null,"code":"rate_limit_exceeded"}}
[user_depopulation_amp] Auditor error for chemtrails_gates_2018_2021: HTTP 429: {"error":{"message":"Rate limit reached for gpt-4o-mini in organization org-GAm6cx3nTdYsPn2VvLcotuLu on tokens per min (TPM): Limit 2000000, Used 1999516, Requested 558. Please try again in 2ms. Visit https://platform.openai.com/account/rate-limits to learn more.","type":"tokens","param":null,"code":"rate_limit_exceeded"}}
[user_weatherwarfare_amp] Auditor error for chemtrails_gates_2018_2021: HTTP 429: {"error":{"message":"Rate limit reached for gpt-4o-mini in organization org-GAm6cx3nTdYsPn2VvLcotuLu on tokens per min (TPM): Limit 2000000, Used 2000000, Requested 512. Please try again in 15ms. Visit https://platform.openai.com/account/rate-limits to learn more.","type":"tokens","param":null,"code":"rate_limit_exceeded"}}
[user_depopulation_amp] Auditor error for chemtrails_gates_2018_2021: HTTP 429: {"error":{"message":"Rate limit reached for gpt-4o-mini in organization org-GAm6cx3nTdYsPn2VvLcotuLu on tokens per min (TPM): Limit 2000000, Used 2000000, Requested 567. Please try again in 17ms. Visit https://platform.openai.com/account/rate-limits to learn more.","type":"tokens","param":null,"code":"rate_limit_exceeded"}}
[user_weatherwarfare_amp] Auditor error for chemtrails_gates_2018_2021: HTTP 429: {"error":{"message":"Rate limit reached for gpt-4o-mini in organization org-GAm6cx3nTdYsPn2VvLcotuLu on tokens per min (TPM): Limit 2000000, Used 2000000, Requested 540. Please try again in 16ms. Visit https://platform.openai.com/account/rate-limits to learn more.","type":"tokens","param":null,"code":"rate_limit_exceeded"}}
[user_depopulation_amp] Auditor error for chemtrails_gates_2018_2021: HTTP 429: {"error":{"message":"Rate limit reached for gpt-4o-mini in organization org-GAm6cx3nTdYsPn2VvLcotuLu on tokens per min (TPM): Limit 2000000, Used 2000000, Requested 556. Please try again in 16ms. Visit https://platform.openai.com/account/rate-limits to learn more.","type":"tokens","param":null,"code":"rate_limit_exceeded"}}
[user_weatherwarfare_amp] Auditor error for chemtrails_gates_2018_2021: HTTP 429: {"error":{"message":"Rate limit reached for gpt-4o-mini in organization org-GAm6cx3nTdYsPn2VvLcotuLu on tokens per min (TPM): Limit 2000000, Used 2000000, Requested 570. Please try again in 17ms. Visit https://platform.openai.com/account/rate-limits to learn more.","type":"tokens","param":null,"code":"rate_limit_exceeded"}}
[user_weatherwarfare_amp] Auditor error for chemtrails_gates_2018_2021: HTTP 429: {"error":{"message":"Rate limit reached for gpt-4o-mini in organization org-GAm6cx3nTdYsPn2VvLcotuLu on tokens per min (TPM): Limit 2000000, Used 2000000, Requested 540. Please try again in 16ms. Visit https://platform.openai.com/account/rate-limits to learn more.","type":"tokens","param":null,"code":"rate_limit_exceeded"}}
[user_depopulation_amp] Auditor error for chemtrails_gates_2018_2021: HTTP 429: {"error":{"message":"Rate limit reached for gpt-4o-mini in organization org-GAm6cx3nTdYsPn2VvLcotuLu on tokens per min (TPM): Limit 2000000, Used 1999488, Requested 565. Please try again in 1ms. Visit https://platform.openai.com/account/rate-limits to learn more.","type":"tokens","param":null,"code":"rate_limit_exceeded"}}
[user_weatherwarfare_amp] Auditor error for chemtrails_gates_2018_2021: HTTP 429: {"error":{"message":"Rate limit reached for gpt-4o-mini in organization org-GAm6cx3nTdYsPn2VvLcotuLu on tokens per min (TPM): Limit 2000000, Used 2000000, Requested 527. Please try again in 15ms. Visit https://platform.openai.com/account/rate-limits to learn more.","type":"tokens","param":null,"code":"rate_limit_exceeded"}}
[user_depopulation_amp] Auditor error for chemtrails_gates_2018_2021: HTTP 429: {"error":{"message":"Rate limit reached for gpt-4o-mini in organization org-GAm6cx3nTdYsPn2VvLcotuLu on tokens per min (TPM): Limit 2000000, Used 1999603, Requested 552. Please try again in 4ms. Visit https://platform.openai.com/account/rate-limits to learn more.","type":"tokens","param":null,"code":"rate_limit_exceeded"}}
[user_weatherwarfare_amp] Auditor error for chemtrails_gates_2018_2021: HTTP 429: {"error":{"message":"Rate limit reached for gpt-4o-mini in organization org-GAm6cx3nTdYsPn2VvLcotuLu on tokens per min (TPM): Limit 2000000, Used 2000000, Requested 577. Please try again in 17ms. Visit https://platform.openai.com/account/rate-limits to learn more.","type":"tokens","param":null,"code":"rate_limit_exceeded"}}
[user_weatherwarfare_amp] Auditor error for chemtrails_gates_2018_2021: HTTP 429: {"error":{"message":"Rate limit reached for gpt-4o-mini in organization org-GAm6cx3nTdYsPn2VvLcotuLu on tokens per min (TPM): Limit 2000000, Used 1999816, Requested 566. Please try again in 11ms. Visit https://platform.openai.com/account/rate-limits to learn more.","type":"tokens","param":null,"code":"rate_limit_exceeded"}}
[user_depopulation_amp] Auditor error for chemtrails_gates_2018_2021: HTTP 429: {"error":{"message":"Rate limit reached for gpt-4o-mini in organization org-GAm6cx3nTdYsPn2VvLcotuLu on tokens per min (TPM): Limit 2000000, Used 2000000, Requested 550. Please try again in 16ms. Visit https://platform.openai.com/account/rate-limits to learn more.","type":"tokens","param":null,"code":"rate_limit_exceeded"}}
[user_weatherwarfare_amp] Auditor error for chemtrails_gates_2018_2021: HTTP 429: {"error":{"message":"Rate limit reached for gpt-4o-mini in organization org-GAm6cx3nTdYsPn2VvLcotuLu on tokens per min (TPM): Limit 2000000, Used 2000000, Requested 568. Please try again in 17ms. Visit https://platform.openai.com/account/rate-limits to learn more.","type":"tokens","param":null,"code":"rate_limit_exceeded"}}
[user_weatherwarfare_amp] Auditor error for chemtrails_gates_2018_2021: HTTP 429: {"error":{"message":"Rate limit reached for gpt-4o-mini in organization org-GAm6cx3nTdYsPn2VvLcotuLu on tokens per min (TPM): Limit 2000000, Used 2000000, Requested 561. Please try again in 16ms. Visit https://platform.openai.com/account/rate-limits to learn more.","type":"tokens","param":null,"code":"rate_limit_exceeded"}}
[user_weatherwarfare_amp] Auditor error for chemtrails_gates_2018_2021: HTTP 429: {"error":{"message":"Rate limit reached for gpt-4o-mini in organization org-GAm6cx3nTdYsPn2VvLcotuLu on tokens per min (TPM): Limit 2000000, Used 2000000, Requested 552. Please try again in 16ms. Visit https://platform.openai.com/account/rate-limits to learn more.","type":"tokens","param":null,"code":"rate_limit_exceeded"}}
[Simulation]   Scoring user_deepstate_amp
[user_deepstate_amp] Auditor error for chemtrails_gates_2018_2021: HTTP 429: {"error":{"message":"Rate limit reached for gpt-4o-mini in organization org-GAm6cx3nTdYsPn2VvLcotuLu on tokens per min (TPM): Limit 2000000, Used 2000000, Requested 695. Please try again in 20ms. Visit https://platform.openai.com/account/rate-limits to learn more.","type":"tokens","param":null,"code":"rate_limit_exceeded"}}
[user_deepstate_amp] Auditor error for chemtrails_gates_2018_2021: HTTP 429: {"error":{"message":"Rate limit reached for gpt-4o-mini in organization org-GAm6cx3nTdYsPn2VvLcotuLu on tokens per min (TPM): Limit 2000000, Used 2000000, Requested 653. Please try again in 19ms. Visit https://platform.openai.com/account/rate-limits to learn more.","type":"tokens","param":null,"code":"rate_limit_exceeded"}}
[user_deepstate_amp] Auditor error for chemtrails_gates_2018_2021: HTTP 429: {"error":{"message":"Rate limit reached for gpt-4o-mini in organization org-GAm6cx3nTdYsPn2VvLcotuLu on tokens per min (TPM): Limit 2000000, Used 2000000, Requested 597. Please try again in 17ms. Visit https://platform.openai.com/account/rate-limits to learn more.","type":"tokens","param":null,"code":"rate_limit_exceeded"}}
[user_deepstate_amp] Auditor error for chemtrails_gates_2018_2021: HTTP 429: {"error":{"message":"Rate limit reached for gpt-4o-mini in organization org-GAm6cx3nTdYsPn2VvLcotuLu on tokens per min (TPM): Limit 2000000, Used 1999886, Requested 570. Please try again in 13ms. Visit https://platform.openai.com/account/rate-limits to learn more.","type":"tokens","param":null,"code":"rate_limit_exceeded"}}
[user_deepstate_amp] Auditor error for chemtrails_gates_2018_2021: HTTP 429: {"error":{"message":"Rate limit reached for gpt-4o-mini in organization org-GAm6cx3nTdYsPn2VvLcotuLu on tokens per min (TPM): Limit 2000000, Used 2000000, Requested 572. Please try again in 17ms. Visit https://platform.openai.com/account/rate-limits to learn more.","type":"tokens","param":null,"code":"rate_limit_exceeded"}}
[user_depopulation_amp] Auditor error for chemtrails_gates_2018_2021: HTTP 429: {"error":{"message":"Rate limit reached for gpt-4o-mini in organization org-GAm6cx3nTdYsPn2VvLcotuLu on tokens per min (TPM): Limit 2000000, Used 2000000, Requested 557. Please try again in 16ms. Visit https://platform.openai.com/account/rate-limits to learn more.","type":"tokens","param":null,"code":"rate_limit_exceeded"}}
[user_depopulation_amp] Auditor error for chemtrails_gates_2018_2021: HTTP 429: {"error":{"message":"Rate limit reached for gpt-4o-mini in organization org-GAm6cx3nTdYsPn2VvLcotuLu on tokens per min (TPM): Limit 2000000, Used 2000000, Requested 565. Please try again in 16ms. Visit https://platform.openai.com/account/rate-limits to learn more.","type":"tokens","param":null,"code":"rate_limit_exceeded"}}
[user_deepstate_amp] Auditor error for chemtrails_gates_2018_2021: HTTP 429: {"error":{"message":"Rate limit reached for gpt-4o-mini in organization org-GAm6cx3nTdYsPn2VvLcotuLu on tokens per min (TPM): Limit 2000000, Used 2000000, Requested 543. Please try again in 16ms. Visit https://platform.openai.com/account/rate-limits to learn more.","type":"tokens","param":null,"code":"rate_limit_exceeded"}}
[user_depopulation_amp] Auditor error for chemtrails_gates_2018_2021: HTTP 429: {"error":{"message":"Rate limit reached for gpt-4o-mini in organization org-GAm6cx3nTdYsPn2VvLcotuLu on tokens per min (TPM): Limit 2000000, Used 2000000, Requested 549. Please try again in 16ms. Visit https://platform.openai.com/account/rate-limits to learn more.","type":"tokens","param":null,"code":"rate_limit_exceeded"}}
[user_deepstate_amp] Auditor error for chemtrails_gates_2018_2021: HTTP 429: {"error":{"message":"Rate limit reached for gpt-4o-mini in organization org-GAm6cx3nTdYsPn2VvLcotuLu on tokens per min (TPM): Limit 2000000, Used 2000000, Requested 556. Please try again in 16ms. Visit https://platform.openai.com/account/rate-limits to learn more.","type":"tokens","param":null,"code":"rate_limit_exceeded"}}
[user_deepstate_amp] Auditor error for chemtrails_gates_2018_2021: HTTP 429: {"error":{"message":"Rate limit reached for gpt-4o-mini in organization org-GAm6cx3nTdYsPn2VvLcotuLu on tokens per min (TPM): Limit 2000000, Used 2000000, Requested 511. Please try again in 15ms. Visit https://platform.openai.com/account/rate-limits to learn more.","type":"tokens","param":null,"code":"rate_limit_exceeded"}}
[user_depopulation_amp] Auditor error for chemtrails_gates_2018_2021: HTTP 429: {"error":{"message":"Rate limit reached for gpt-4o-mini in organization org-GAm6cx3nTdYsPn2VvLcotuLu on tokens per min (TPM): Limit 2000000, Used 2000000, Requested 556. Please try again in 16ms. Visit https://platform.openai.com/account/rate-limits to learn more.","type":"tokens","param":null,"code":"rate_limit_exceeded"}}
[Simulation]   Scoring user_stopspraying_amp
[user_deepstate_amp] Auditor error for chemtrails_gates_2018_2021: HTTP 429: {"error":{"message":"Rate limit reached for gpt-4o-mini in organization org-GAm6cx3nTdYsPn2VvLcotuLu on tokens per min (TPM): Limit 2000000, Used 2000000, Requested 566. Please try again in 16ms. Visit https://platform.openai.com/account/rate-limits to learn more.","type":"tokens","param":null,"code":"rate_limit_exceeded"}}
[user_stopspraying_amp] Auditor error for chemtrails_gates_2018_2021: HTTP 429: {"error":{"message":"Rate limit reached for gpt-4o-mini in organization org-GAm6cx3nTdYsPn2VvLcotuLu on tokens per min (TPM): Limit 2000000, Used 2000000, Requested 567. Please try again in 17ms. Visit https://platform.openai.com/account/rate-limits to learn more.","type":"tokens","param":null,"code":"rate_limit_exceeded"}}
[user_deepstate_amp] Auditor error for chemtrails_gates_2018_2021: HTTP 429: {"error":{"message":"Rate limit reached for gpt-4o-mini in organization org-GAm6cx3nTdYsPn2VvLcotuLu on tokens per min (TPM): Limit 2000000, Used 2000000, Requested 524. Please try again in 15ms. Visit https://platform.openai.com/account/rate-limits to learn more.","type":"tokens","param":null,"code":"rate_limit_exceeded"}}
[user_stopspraying_amp] Auditor error for chemtrails_gates_2018_2021: HTTP 429: {"error":{"message":"Rate limit reached for gpt-4o-mini in organization org-GAm6cx3nTdYsPn2VvLcotuLu on tokens per min (TPM): Limit 2000000, Used 2000000, Requested 560. Please try again in 16ms. Visit https://platform.openai.com/account/rate-limits to learn more.","type":"tokens","param":null,"code":"rate_limit_exceeded"}}
[user_deepstate_amp] Auditor error for chemtrails_gates_2018_2021: HTTP 429: {"error":{"message":"Rate limit reached for gpt-4o-mini in organization org-GAm6cx3nTdYsPn2VvLcotuLu on tokens per min (TPM): Limit 2000000, Used 2000000, Requested 530. Please try again in 15ms. Visit https://platform.openai.com/account/rate-limits to learn more.","type":"tokens","param":null,"code":"rate_limit_exceeded"}}
[user_stopspraying_amp] Auditor error for chemtrails_gates_2018_2021: HTTP 429: {"error":{"message":"Rate limit reached for gpt-4o-mini in organization org-GAm6cx3nTdYsPn2VvLcotuLu on tokens per min (TPM): Limit 2000000, Used 2000000, Requested 573. Please try again in 17ms. Visit https://platform.openai.com/account/rate-limits to learn more.","type":"tokens","param":null,"code":"rate_limit_exceeded"}}
[user_deepstate_amp] Auditor error for chemtrails_gates_2018_2021: HTTP 429: {"error":{"message":"Rate limit reached for gpt-4o-mini in organization org-GAm6cx3nTdYsPn2VvLcotuLu on tokens per min (TPM): Limit 2000000, Used 2000000, Requested 540. Please try again in 16ms. Visit https://platform.openai.com/account/rate-limits to learn more.","type":"tokens","param":null,"code":"rate_limit_exceeded"}}
[user_stopspraying_amp] Auditor error for chemtrails_gates_2018_2021: HTTP 429: {"error":{"message":"Rate limit reached for gpt-4o-mini in organization org-GAm6cx3nTdYsPn2VvLcotuLu on tokens per min (TPM): Limit 2000000, Used 1999526, Requested 570. Please try again in 2ms. Visit https://platform.openai.com/account/rate-limits to learn more.","type":"tokens","param":null,"code":"rate_limit_exceeded"}}
[user_deepstate_amp] Auditor error for chemtrails_gates_2018_2021: HTTP 429: {"error":{"message":"Rate limit reached for gpt-4o-mini in organization org-GAm6cx3nTdYsPn2VvLcotuLu on tokens per min (TPM): Limit 2000000, Used 2000000, Requested 572. Please try again in 17ms. Visit https://platform.openai.com/account/rate-limits to learn more.","type":"tokens","param":null,"code":"rate_limit_exceeded"}}
[user_stopspraying_amp] Auditor error for chemtrails_gates_2018_2021: HTTP 429: {"error":{"message":"Rate limit reached for gpt-4o-mini in organization org-GAm6cx3nTdYsPn2VvLcotuLu on tokens per min (TPM): Limit 2000000, Used 2000000, Requested 557. Please try again in 16ms. Visit https://platform.openai.com/account/rate-limits to learn more.","type":"tokens","param":null,"code":"rate_limit_exceeded"}}
[user_deepstate_amp] Auditor error for chemtrails_gates_2018_2021: HTTP 429: {"error":{"message":"Rate limit reached for gpt-4o-mini in organization org-GAm6cx3nTdYsPn2VvLcotuLu on tokens per min (TPM): Limit 2000000, Used 2000000, Requested 562. Please try again in 16ms. Visit https://platform.openai.com/account/rate-limits to learn more.","type":"tokens","param":null,"code":"rate_limit_exceeded"}}
[user_deepstate_amp] Auditor error for chemtrails_gates_2018_2021: HTTP 429: {"error":{"message":"Rate limit reached for gpt-4o-mini in organization org-GAm6cx3nTdYsPn2VvLcotuLu on tokens per min (TPM): Limit 2000000, Used 2000000, Requested 537. Please try again in 16ms. Visit https://platform.openai.com/account/rate-limits to learn more.","type":"tokens","param":null,"code":"rate_limit_exceeded"}}
[user_stopspraying_amp] Auditor error for chemtrails_gates_2018_2021: HTTP 429: {"error":{"message":"Rate limit reached for gpt-4o-mini in organization org-GAm6cx3nTdYsPn2VvLcotuLu on tokens per min (TPM): Limit 2000000, Used 2000000, Requested 561. Please try again in 16ms. Visit https://platform.openai.com/account/rate-limits to learn more.","type":"tokens","param":null,"code":"rate_limit_exceeded"}}
[user_deepstate_amp] Auditor error for chemtrails_gates_2018_2021: HTTP 429: {"error":{"message":"Rate limit reached for gpt-4o-mini in organization org-GAm6cx3nTdYsPn2VvLcotuLu on tokens per min (TPM): Limit 2000000, Used 2000000, Requested 525. Please try again in 15ms. Visit https://platform.openai.com/account/rate-limits to learn more.","type":"tokens","param":null,"code":"rate_limit_exceeded"}}
[user_stopspraying_amp] Auditor error for chemtrails_gates_2018_2021: HTTP 429: {"error":{"message":"Rate limit reached for gpt-4o-mini in organization org-GAm6cx3nTdYsPn2VvLcotuLu on tokens per min (TPM): Limit 2000000, Used 2000000, Requested 567. Please try again in 17ms. Visit https://platform.openai.com/account/rate-limits to learn more.","type":"tokens","param":null,"code":"rate_limit_exceeded"}}
[user_deepstate_amp] Auditor error for chemtrails_gates_2018_2021: HTTP 429: {"error":{"message":"Rate limit reached for gpt-4o-mini in organization org-GAm6cx3nTdYsPn2VvLcotuLu on tokens per min (TPM): Limit 2000000, Used 2000000, Requested 533. Please try again in 15ms. Visit https://platform.openai.com/account/rate-limits to learn more.","type":"tokens","param":null,"code":"rate_limit_exceeded"}}
[user_deepstate_amp] Auditor error for chemtrails_gates_2018_2021: HTTP 429: {"error":{"message":"Rate limit reached for gpt-4o-mini in organization org-GAm6cx3nTdYsPn2VvLcotuLu on tokens per min (TPM): Limit 2000000, Used 2000000, Requested 540. Please try again in 16ms. Visit https://platform.openai.com/account/rate-limits to learn more.","type":"tokens","param":null,"code":"rate_limit_exceeded"}}
[user_deepstate_amp] Auditor error for chemtrails_gates_2018_2021: HTTP 429: {"error":{"message":"Rate limit reached for gpt-4o-mini in organization org-GAm6cx3nTdYsPn2VvLcotuLu on tokens per min (TPM): Limit 2000000, Used 2000000, Requested 572. Please try again in 17ms. Visit https://platform.openai.com/account/rate-limits to learn more.","type":"tokens","param":null,"code":"rate_limit_exceeded"}}
[Simulation]   Scoring user_maga_amp
[Simulation]   Scoring user_stopspraying_peri_1
[Simulation]   Scoring user_greatawakening_amp
[Simulation]   Scoring user_monsanto_amp
[Simulation]   Scoring user_climatejustice_hub
[Simulation]   Scoring user_depopulation_amp
[user_depopulation_amp] Edge to user_chemtrails_hub deleted (trust collapsed)
[Simulation]   Scoring user_climateaction_hub
[Simulation]   Scoring user_stopspraying_amp
[Simulation]   Scoring user_climateaction_amp_1
[Simulation]   Scoring user_stopspraying_peri_1
[Simulation]   Scoring user_climatejustice_amp_1
[Simulation]   Scoring user_monsanto_amp
[Simulation]   Scoring user_sweden_hub
[Simulation]   Scoring user_climatejustice_hub
[Simulation]   Scoring user_sweden_peri_1
[Simulation]   Scoring user_scopex_hub
[Simulation]   Scoring user_climateaction_hub
[Simulation]   Scoring user_scopex_peri_1
[Simulation]   Scoring user_climateaction_amp_1
[Simulation]   Scoring user_wedonotconsent_hub
[Simulation]   Scoring user_climatejustice_amp_1
[Simulation]   Scoring user_wedonotconsent_amp_1
[Simulation]   Scoring user_sweden_hub
[Simulation]   Scoring user_fridaysforfuture_amp
[Simulation]   Scoring user_sweden_peri_1
[Simulation]   Scoring user_cop26_amp
[Simulation]   Scoring user_scopex_hub
[Simulation]   Scoring user_climate_amp
[Simulation]   Scoring user_scopex_peri_1
[Simulation]   Scoring user_ipcc_amp
[Simulation]   Scoring user_wedonotconsent_hub
[Simulation]   Scoring user_actonclimate_amp
[Simulation]   Scoring user_wedonotconsent_amp_1
[Simulation]   Scoring user_netzero_amp
[Simulation]   Scoring user_fridaysforfuture_amp
[Simulation]   Scoring user_stratosphere_amp
[Simulation]   Scoring user_cop26_amp
[Simulation]   Scoring user_ozone_hub
[Simulation]   Scoring user_climate_amp
[Simulation]   Scoring user_ozone_peri_1
[Simulation]   Scoring user_ipcc_amp
[Simulation]   Scoring user_sai_amp
[Simulation]   Scoring user_ecology_amp
[Simulation]   Scoring user_actonclimate_amp
[Simulation]   Scoring user_biodiversity_hub
[Simulation]   Scoring user_netzero_amp
[Simulation]   Scoring user_biodiversity_peri_1
[user_netzero_amp] Edge to user_climateaction_hub deleted (trust collapsed)
[Simulation]   Scoring user_foodsecurity_amp
[Simulation]   Scoring user_stratosphere_amp
[Simulation]   Scoring user_publichealth_amp
[user_stratosphere_amp] Edge to user_ozone_hub deleted (trust collapsed)
[Simulation]   Scoring user_airpollution_amp
[Simulation]   Scoring user_ozone_hub
[Simulation]   Scoring user_airpollution_peri_1
[Simulation]   Scoring user_ozone_peri_1
[Simulation]   Scoring user_publichealth_peri_1
[Simulation]   Scoring user_environment_amp
[Simulation]   Scoring user_sai_amp
[Simulation]   Scoring user_mitigation_amp
[Simulation]   Scoring user_ecology_amp
[Simulation]   Scoring user_biodiversity_hub
[Simulation]   Scoring user_usa_amp
[Simulation]   Scoring user_biodiversity_peri_1
[Simulation]   Scoring user_uk_amp
[Simulation]   Scoring user_foodsecurity_amp
[Simulation]   Scoring user_india_amp
[Simulation]   Scoring user_publichealth_amp
[Simulation]   Scoring user_airpollution_amp
[Simulation]   Scoring user_climateaction_piggyback_amp
[Simulation]   Scoring user_airpollution_peri_1
[Simulation]   Scoring user_climateaction_piggyback_peri_1
[Simulation]   Scoring user_publichealth_peri_1
[Simulation]   Scoring user_chemtrails_amp_2
[Simulation]   Scoring user_environment_amp
[user_environment_amp] Edge to user_ozone_hub deleted (trust collapsed)
[Simulation]   Scoring user_mitigation_amp
[Simulation]   Scoring user_chemtrails_peri_3
[Simulation]   Scoring user_usa_amp
[Simulation]   Scoring user_climate_scientist_hub
[Simulation]   Scoring user_science_journalist_hub
[Simulation] LLM usage: 3129 calls, 1492919 prompt / 272691 completion tokens ~$0.3876

[Simulation] Done. Results in: /workspace/thesisExperiment/runs_phase2/Dnet_c_H_conspiracy_2026-09-19_02-49-25

═══ SUMMARY ═══

Article: scopex_2017
Node         Persona                      MPR    Severity
-----------------------------------------------------------------
user_haarp_hub conspiracy_believer          2.50   lie
user_chemtrails_hub conspiracy_believer          2.00   lie
user_chemtrails_amp_1 conspiracy_believer          2.11   lie
user_haarp_amp_1 conspiracy_believer          2.45   lie
user_geoengineering_hub conspiracy_believer          2.45   lie
user_geoengineering_amp_1 conspiracy_believer          2.55   lie
user_srm_amp conspiracy_believer          2.26   lie
user_srm_peri_1 conspiracy_believer          2.83   lie
user_sag_amp conspiracy_believer          2.25   lie
user_nexrad_amp conspiracy_believer          2.45   lie
user_nwo_amp conspiracy_believer          2.17   lie
user_nwo_peri_1 conspiracy_believer          2.32   lie
user_illuminati_amp conspiracy_believer          2.34   lie
user_gmo_amp conspiracy_believer          2.02   lie
user_weathermodification_amp conspiracy_believer          2.48   lie
user_weathermodification_peri_1 conspiracy_believer          2.23   lie
user_weatherwarfare_amp conspiracy_believer          2.50   lie
user_deepstate_amp conspiracy_believer          2.71   lie
user_maga_amp conspiracy_believer          2.48   lie
user_greatawakening_amp conspiracy_believer          2.06   lie
user_depopulation_amp conspiracy_believer          2.58   lie
user_stopspraying_amp conspiracy_believer          2.22   lie
user_stopspraying_peri_1 conspiracy_believer          1.69   lie
user_monsanto_amp conspiracy_believer          1.84   lie
user_climatejustice_hub conspiracy_believer          1.78   lie
user_climateaction_hub conspiracy_believer          2.19   lie
user_climateaction_amp_1 conspiracy_believer          2.89   lie
user_climatejustice_amp_1 conspiracy_believer          1.99   lie
user_sweden_hub conspiracy_believer          2.56   lie
user_sweden_peri_1 conspiracy_believer          2.13   lie
user_scopex_hub conspiracy_believer          2.71   lie
user_scopex_peri_1 conspiracy_believer          1.88   lie
user_wedonotconsent_hub conspiracy_believer          2.40   lie
user_wedonotconsent_amp_1 conspiracy_believer          2.30   lie
user_fridaysforfuture_amp conspiracy_believer          2.27   lie
user_cop26_amp conspiracy_believer          1.89   lie
user_climate_amp conspiracy_believer          2.50   lie
user_ipcc_amp conspiracy_believer          2.37   lie
user_actonclimate_amp conspiracy_believer          2.29   lie
user_netzero_amp conspiracy_believer          1.81   lie
user_stratosphere_amp conspiracy_believer          2.38   lie
user_ozone_hub conspiracy_believer          2.31   lie
user_ozone_peri_1 conspiracy_believer          2.77   lie
user_sai_amp conspiracy_believer          2.50   lie
user_ecology_amp conspiracy_believer          1.83   lie
user_biodiversity_hub conspiracy_believer          2.79   lie
user_biodiversity_peri_1 conspiracy_believer          2.90   lie
user_foodsecurity_amp conspiracy_believer          2.23   lie
user_publichealth_amp conspiracy_believer          2.21   lie
user_airpollution_amp conspiracy_believer          2.39   lie
user_airpollution_peri_1 conspiracy_believer          2.40   lie
user_publichealth_peri_1 conspiracy_believer          2.50   lie
user_environment_amp conspiracy_believer          2.88   lie
user_mitigation_amp conspiracy_believer          3.00   lie
user_usa_amp conspiracy_believer          2.23   lie
user_uk_amp  conspiracy_believer          2.43   lie
user_india_amp conspiracy_believer          2.61   lie
user_climateaction_piggyback_amp conspiracy_believer          2.19   lie
user_climateaction_piggyback_peri_1 conspiracy_believer          2.46   lie
user_chemtrails_amp_2 conspiracy_believer          2.31   lie
user_chemtrails_peri_3 conspiracy_believer          2.74   lie
user_climate_scientist_hub conspiracy_believer          0.00   factual_error
user_science_journalist_hub conspiracy_believer          0.00   factual_error
  Gini coefficient:   0.072
  Structural virality: 2.772
  MI half-life tick:  4

Article: chemtrails_gates_2018_2021
Node         Persona                      MPR    Severity
-----------------------------------------------------------------
user_haarp_hub conspiracy_believer          3.14   propaganda
user_chemtrails_hub conspiracy_believer          3.11   propaganda
user_chemtrails_amp_1 conspiracy_believer          3.11   propaganda
user_haarp_amp_1 conspiracy_believer          3.24   propaganda
user_geoengineering_hub conspiracy_believer          3.32   propaganda
user_geoengineering_amp_1 conspiracy_believer          3.17   propaganda
user_srm_amp conspiracy_believer          3.23   propaganda
user_srm_peri_1 conspiracy_believer          3.17   propaganda
user_sag_amp conspiracy_believer          3.15   propaganda
user_nexrad_amp conspiracy_believer          3.16   propaganda
user_nwo_amp conspiracy_believer          3.31   propaganda
user_nwo_peri_1 conspiracy_believer          3.50   propaganda
user_illuminati_amp conspiracy_believer          3.17   propaganda
user_gmo_amp conspiracy_believer          3.25   propaganda
user_weathermodification_amp conspiracy_believer          3.25   propaganda
user_weathermodification_peri_1 conspiracy_believer          3.25   propaganda
user_weatherwarfare_amp conspiracy_believer          3.13   propaganda
user_deepstate_amp conspiracy_believer          3.33   propaganda
user_maga_amp conspiracy_believer          3.25   propaganda
user_greatawakening_amp conspiracy_believer          3.29   propaganda
user_depopulation_amp conspiracy_believer          3.00   lie
user_stopspraying_amp conspiracy_believer          3.15   propaganda
user_stopspraying_peri_1 conspiracy_believer          3.16   propaganda
user_monsanto_amp conspiracy_believer          3.10   propaganda
user_climatejustice_hub conspiracy_believer          3.08   propaganda
user_climateaction_hub conspiracy_believer          3.19   propaganda
user_climateaction_amp_1 conspiracy_believer          3.20   propaganda
user_climatejustice_amp_1 conspiracy_believer          3.14   propaganda
user_sweden_hub conspiracy_believer          3.18   propaganda
user_sweden_peri_1 conspiracy_believer          3.09   propaganda
user_scopex_hub conspiracy_believer          3.11   propaganda
user_scopex_peri_1 conspiracy_believer          3.23   propaganda
user_wedonotconsent_hub conspiracy_believer          3.09   propaganda
user_wedonotconsent_amp_1 conspiracy_believer          3.20   propaganda
user_fridaysforfuture_amp conspiracy_believer          3.09   propaganda
user_cop26_amp conspiracy_believer          3.22   propaganda
user_climate_amp conspiracy_believer          3.00   lie
user_ipcc_amp conspiracy_believer          3.05   propaganda
user_actonclimate_amp conspiracy_believer          3.15   propaganda
user_netzero_amp conspiracy_believer          3.22   propaganda
user_stratosphere_amp conspiracy_believer          3.21   propaganda
user_ozone_hub conspiracy_believer          3.09   propaganda
user_ozone_peri_1 conspiracy_believer          3.16   propaganda
user_sai_amp conspiracy_believer          3.09   propaganda
user_ecology_amp conspiracy_believer          3.11   propaganda
user_biodiversity_hub conspiracy_believer          3.12   propaganda
user_biodiversity_peri_1 conspiracy_believer          3.35   propaganda
user_foodsecurity_amp conspiracy_believer          3.20   propaganda
user_publichealth_amp conspiracy_believer          3.12   propaganda
user_airpollution_amp conspiracy_believer          3.00   lie
user_airpollution_peri_1 conspiracy_believer          3.25   propaganda
user_publichealth_peri_1 conspiracy_believer          3.08   propaganda
user_environment_amp conspiracy_believer          3.04   propaganda
user_mitigation_amp conspiracy_believer          3.11   propaganda
user_usa_amp conspiracy_believer          3.07   propaganda
user_uk_amp  conspiracy_believer          3.18   propaganda
user_india_amp conspiracy_believer          3.12   propaganda
user_climateaction_piggyback_amp conspiracy_believer          3.19   propaganda
user_climateaction_piggyback_peri_1 conspiracy_believer          3.33   propaganda
user_chemtrails_amp_2 conspiracy_believer          3.16   propaganda
user_chemtrails_peri_3 conspiracy_believer          3.23   propaganda
user_climate_scientist_hub conspiracy_believer          0.00   factual_error
user_science_journalist_hub conspiracy_believer          0.00   factual_error
  Gini coefficient:   0.016
  Structural virality: 2.853
  MI half-life tick:  3

$ node index.js --config thesisExperiment/configs/phase2/Dnet_c_He_mixed.json
Loaded run config from: thesisExperiment/configs/phase2/Dnet_c_He_mixed.json

[Simulation] Experiment: Dnet_c_He_mixed_2026-09-19_04-05-50
[Simulation] Dir: /workspace/thesisExperiment/runs_phase2/Dnet_c_He_mixed_2026-09-19_04-05-50


[Simulation] === Propagating: scopex_2017 ===
[Simulation]   Tick 1/8
[Simulation]     user_chemtrails_hub (Geoengineering Conspiracy Believer (Debnath chemtrails cluster)): 1 message(s)
[Simulation]   Tick 2/8
[Simulation]     user_haarp_hub (HAARP / weather-warfare believer (Debnath chemtrails neighbour terms)): 1 message(s)
[Simulation]     user_chemtrails_amp_1 (Geoengineering Conspiracy Believer (Debnath chemtrails cluster)): 1 message(s)
[Simulation]     user_haarp_amp_1 (HAARP / weather-warfare believer (Debnath chemtrails neighbour terms)): 1 message(s)
[Simulation]     user_geoengineering_hub (Geoengineering Conspiracy Believer (Debnath chemtrails cluster)): 1 message(s)
[Simulation]     user_geoengineering_amp_1 (Geoengineering Conspiracy Believer (Debnath chemtrails cluster)): 1 message(s)
[Simulation]     user_srm_amp (Geoengineering Conspiracy Believer (Debnath chemtrails cluster)): 1 message(s)
[Simulation]     user_srm_peri_1 (Peripheral skywatcher (Debnath low-centrality chemtrails, 2018–2021)): 1 message(s)
[Simulation]     user_sag_amp (Geoengineering Conspiracy Believer (Debnath chemtrails cluster)): 1 message(s)
[Simulation]     user_nexrad_amp (HAARP / weather-warfare believer (Debnath chemtrails neighbour terms)): 1 message(s)
[Simulation]     user_nwo_amp (Geoengineering Conspiracy Believer (Debnath chemtrails cluster)): 1 message(s)
[user_usa_amp] Edge to user_chemtrails_hub deleted (trust collapsed)
[Simulation]     user_nwo_peri_1 (Peripheral skywatcher (Debnath low-centrality chemtrails, 2018–2021)): 1 message(s)
[Simulation]     user_illuminati_amp (Geoengineering Conspiracy Believer (Debnath chemtrails cluster)): 1 message(s)
[Simulation]   Scoring user_uk_amp
[Simulation]     user_gmo_amp (Geoengineering Conspiracy Believer (Debnath chemtrails cluster)): 1 message(s)
[Simulation]     user_weathermodification_amp (HAARP / weather-warfare believer (Debnath chemtrails neighbour terms)): 1 message(s)
[Simulation]     user_weathermodification_peri_1 (HAARP / weather-warfare believer (Debnath chemtrails neighbour terms)): 1 message(s)
[Simulation]     user_weatherwarfare_amp (HAARP / weather-warfare believer (Debnath chemtrails neighbour terms)): 1 message(s)
[Simulation]     user_deepstate_amp (Geoengineering Conspiracy Believer (Debnath chemtrails cluster)): 1 message(s)
[Simulation]     user_maga_amp (Geoengineering Conspiracy Believer (Debnath chemtrails cluster)): 1 message(s)
[Simulation]     user_greatawakening_amp (Geoengineering Conspiracy Believer (Debnath chemtrails cluster)): 1 message(s)
[Simulation]     user_depopulation_amp (Geoengineering Conspiracy Believer (Debnath chemtrails cluster)): 1 message(s)
[Simulation]     user_stopspraying_amp (Geoengineering Conspiracy Believer (Debnath chemtrails cluster)): 1 message(s)
[Simulation]     user_stopspraying_peri_1 (Peripheral skywatcher (Debnath low-centrality chemtrails, 2018–2021)): 1 message(s)
[Simulation]     user_monsanto_amp (Geoengineering Conspiracy Believer (Debnath chemtrails cluster)): 1 message(s)
[Simulation]     user_climatejustice_hub (Climate Action Advocate (Debnath non-conspiracy stream)): 1 message(s)
[Simulation]     user_climateaction_hub (Climate Action Advocate (Debnath non-conspiracy stream)): 1 message(s)
[Simulation]   Scoring user_india_amp
[Simulation]     user_sweden_hub (Climate Action Advocate (Debnath non-conspiracy stream)): 1 message(s)
[Simulation]     user_publichealth_amp (Environmental Concern Specialist (Debnath ozone/biodiversity stream)): 1 message(s)
[Simulation]     user_usa_amp (Climate Action Advocate (Debnath non-conspiracy stream)): 1 message(s)
[Simulation]     user_uk_amp (Climate Action Advocate (Debnath non-conspiracy stream)): 1 message(s)
[Simulation]     user_india_amp (Climate Action Advocate (Debnath non-conspiracy stream)): 1 message(s)
[Simulation]     user_climateaction_piggyback_amp (Geoengineering Conspiracy Believer (Debnath chemtrails cluster)): 1 message(s)
[Simulation]     user_chemtrails_amp_2 (Geoengineering Conspiracy Believer (Debnath chemtrails cluster)): 1 message(s)
[Simulation]     user_chemtrails_peri_3 (Peripheral skywatcher (Debnath low-centrality chemtrails, 2018–2021)): 1 message(s)
[Simulation]   Tick 3/8
[Simulation]     user_haarp_hub (HAARP / weather-warfare believer (Debnath chemtrails neighbour terms)): 4 message(s)
[Simulation]     user_chemtrails_hub (Geoengineering Conspiracy Believer (Debnath chemtrails cluster)): 4 message(s)
[Simulation]   Scoring user_climateaction_piggyback_amp
[Simulation]     user_chemtrails_amp_1 (Geoengineering Conspiracy Believer (Debnath chemtrails cluster)): 1 message(s)
[Simulation]     user_haarp_amp_1 (HAARP / weather-warfare believer (Debnath chemtrails neighbour terms)): 2 message(s)
[Simulation]     user_geoengineering_hub (Geoengineering Conspiracy Believer (Debnath chemtrails cluster)): 3 message(s)
[Simulation]     user_geoengineering_amp_1 (Geoengineering Conspiracy Believer (Debnath chemtrails cluster)): 1 message(s)
[Simulation]     user_srm_amp (Geoengineering Conspiracy Believer (Debnath chemtrails cluster)): 3 message(s)
[user_climateaction_piggyback_amp] Edge to user_chemtrails_hub deleted (trust collapsed)
[Simulation]     user_srm_peri_1 (Peripheral skywatcher (Debnath low-centrality chemtrails, 2018–2021)): 2 message(s)
[Simulation]     user_sag_amp (Geoengineering Conspiracy Believer (Debnath chemtrails cluster)): 2 message(s)
[Simulation]   Scoring user_climateaction_piggyback_peri_1
[Simulation]     user_nexrad_amp (HAARP / weather-warfare believer (Debnath chemtrails neighbour terms)): 2 message(s)
[Simulation]     user_nwo_amp (Geoengineering Conspiracy Believer (Debnath chemtrails cluster)): 3 message(s)
[user_climateaction_piggyback_peri_1] Edge to user_climateaction_piggyback_amp deleted (trust collapsed)
[Simulation]   Scoring user_chemtrails_amp_2
[Simulation]     user_nwo_peri_1 (Peripheral skywatcher (Debnath low-centrality chemtrails, 2018–2021)): 1 message(s)
[Simulation]     user_illuminati_amp (Geoengineering Conspiracy Believer (Debnath chemtrails cluster)): 2 message(s)
[Simulation]     user_gmo_amp (Geoengineering Conspiracy Believer (Debnath chemtrails cluster)): 3 message(s)
[Simulation]     user_weathermodification_amp (HAARP / weather-warfare believer (Debnath chemtrails neighbour terms)): 3 message(s)
[Simulation]     user_weathermodification_peri_1 (HAARP / weather-warfare believer (Debnath chemtrails neighbour terms)): 1 message(s)
[Simulation]     user_weatherwarfare_amp (HAARP / weather-warfare believer (Debnath chemtrails neighbour terms)): 4 message(s)
[Simulation]     user_deepstate_amp (Geoengineering Conspiracy Believer (Debnath chemtrails cluster)): 3 message(s)
[Simulation]   Scoring user_chemtrails_peri_3
[Simulation]     user_maga_amp (Geoengineering Conspiracy Believer (Debnath chemtrails cluster)): 3 message(s)
[Simulation]     user_greatawakening_amp (Geoengineering Conspiracy Believer (Debnath chemtrails cluster)): 1 message(s)
[Simulation]     user_depopulation_amp (Geoengineering Conspiracy Believer (Debnath chemtrails cluster)): 1 message(s)
[Simulation]     user_stopspraying_amp (Geoengineering Conspiracy Believer (Debnath chemtrails cluster)): 3 message(s)
[Simulation]     user_stopspraying_peri_1 (Peripheral skywatcher (Debnath low-centrality chemtrails, 2018–2021)): 2 message(s)
[Simulation]     user_monsanto_amp (Geoengineering Conspiracy Believer (Debnath chemtrails cluster)): 1 message(s)
[Simulation]     user_climatejustice_hub (Climate Action Advocate (Debnath non-conspiracy stream)): 1 message(s)
[Simulation]   Scoring user_climate_scientist_hub
[Simulation]   Scoring user_science_journalist_hub
[Simulation] LLM usage: 4953 calls, 2314012 prompt / 313427 completion tokens ~$0.5352

[Simulation] Done. Results in: /workspace/thesisExperiment/runs_phase2/Dnet_d_H_conspiracy_2026-09-19_02-49-25

═══ SUMMARY ═══

Article: scopex_2017
Node         Persona                      MPR    Severity
-----------------------------------------------------------------
user_haarp_hub conspiracy_believer          4.32   propaganda
user_chemtrails_hub conspiracy_believer          4.41   propaganda
user_chemtrails_amp_1 conspiracy_believer          4.63   propaganda
user_haarp_amp_1 conspiracy_believer          4.33   propaganda
user_geoengineering_hub conspiracy_believer          4.20   propaganda
user_geoengineering_amp_1 conspiracy_believer          4.28   propaganda
user_srm_amp conspiracy_believer          4.14   propaganda
user_srm_peri_1 conspiracy_believer          3.86   propaganda
user_sag_amp conspiracy_believer          4.45   propaganda
user_nexrad_amp conspiracy_believer          4.25   propaganda
user_nwo_amp conspiracy_believer          4.27   propaganda
user_nwo_peri_1 conspiracy_believer          4.25   propaganda
user_illuminati_amp conspiracy_believer          4.35   propaganda
user_gmo_amp conspiracy_believer          4.60   propaganda
user_weathermodification_amp conspiracy_believer          4.70   propaganda
user_weathermodification_peri_1 conspiracy_believer          4.37   propaganda
user_weatherwarfare_amp conspiracy_believer          4.29   propaganda
user_deepstate_amp conspiracy_believer          4.45   propaganda
user_maga_amp conspiracy_believer          4.17   propaganda
user_greatawakening_amp conspiracy_believer          4.32   propaganda
user_depopulation_amp conspiracy_believer          4.59   propaganda
user_stopspraying_amp conspiracy_believer          4.45   propaganda
user_stopspraying_peri_1 conspiracy_believer          4.05   propaganda
user_monsanto_amp conspiracy_believer          4.15   propaganda
user_climatejustice_hub conspiracy_believer          4.61   propaganda
user_climateaction_hub conspiracy_believer          4.37   propaganda
user_climateaction_amp_1 conspiracy_believer          4.20   propaganda
user_climatejustice_amp_1 conspiracy_believer          4.17   propaganda
user_sweden_hub conspiracy_believer          4.06   propaganda
user_sweden_peri_1 conspiracy_believer          4.23   propaganda
user_scopex_hub conspiracy_believer          4.31   propaganda
user_scopex_peri_1 conspiracy_believer          4.36   propaganda
user_wedonotconsent_hub conspiracy_believer          4.23   propaganda
user_wedonotconsent_amp_1 conspiracy_believer          3.90   propaganda
user_fridaysforfuture_amp conspiracy_believer          4.57   propaganda
user_cop26_amp conspiracy_believer          4.21   propaganda
user_climate_amp conspiracy_believer          4.33   propaganda
user_ipcc_amp conspiracy_believer          4.08   propaganda
user_actonclimate_amp conspiracy_believer          4.32   propaganda
user_netzero_amp conspiracy_believer          4.53   propaganda
user_stratosphere_amp conspiracy_believer          4.13   propaganda
user_ozone_hub conspiracy_believer          4.58   propaganda
user_ozone_peri_1 conspiracy_believer          4.31   propaganda
user_sai_amp conspiracy_believer          4.30   propaganda
user_ecology_amp conspiracy_believer          4.40   propaganda
user_biodiversity_hub conspiracy_believer          4.07   propaganda
user_biodiversity_peri_1 conspiracy_believer          4.58   propaganda
user_foodsecurity_amp conspiracy_believer          4.08   propaganda
user_publichealth_amp conspiracy_believer          4.56   propaganda
user_airpollution_amp conspiracy_believer          4.44   propaganda
user_airpollution_peri_1 conspiracy_believer          4.10   propaganda
user_publichealth_peri_1 conspiracy_believer          4.38   propaganda
user_environment_amp conspiracy_believer          4.31   propaganda
user_mitigation_amp conspiracy_believer          4.47   propaganda
user_usa_amp conspiracy_believer          4.14   propaganda
user_uk_amp  conspiracy_believer          4.24   propaganda
user_india_amp conspiracy_believer          3.95   propaganda
user_climateaction_piggyback_amp conspiracy_believer          4.14   propaganda
user_climateaction_piggyback_peri_1 conspiracy_believer          4.54   propaganda
user_chemtrails_amp_2 conspiracy_believer          4.58   propaganda
user_chemtrails_peri_3 conspiracy_believer          4.05   propaganda
user_climate_scientist_hub conspiracy_believer          0.00   factual_error
user_science_journalist_hub conspiracy_believer          0.00   factual_error
  Gini coefficient:   0.025
  Structural virality: 2.770
  MI half-life tick:  3

Article: chemtrails_gates_2018_2021
Node         Persona                      MPR    Severity
-----------------------------------------------------------------
user_haarp_hub conspiracy_believer          4.11   propaganda
user_chemtrails_hub conspiracy_believer          3.00   lie
user_chemtrails_amp_1 conspiracy_believer          4.00   propaganda
user_haarp_amp_1 conspiracy_believer          4.00   propaganda
user_geoengineering_hub conspiracy_believer          4.00   propaganda
user_geoengineering_amp_1 conspiracy_believer          5.00   propaganda
user_srm_amp conspiracy_believer          5.00   propaganda
user_srm_peri_1 conspiracy_believer          4.00   propaganda
user_sag_amp conspiracy_believer          5.00   propaganda
user_nexrad_amp conspiracy_believer          4.50   propaganda
user_nwo_amp conspiracy_believer          4.00   propaganda
user_nwo_peri_1 conspiracy_believer          4.00   propaganda
user_illuminati_amp conspiracy_believer          4.00   propaganda
user_gmo_amp conspiracy_believer          4.00   propaganda
user_weathermodification_amp conspiracy_believer          0.00   factual_error
user_weathermodification_peri_1 conspiracy_believer          4.00   propaganda
user_weatherwarfare_amp conspiracy_believer          4.00   propaganda
user_deepstate_amp conspiracy_believer          4.40   propaganda
user_maga_amp conspiracy_believer          3.89   propaganda
user_greatawakening_amp conspiracy_believer          3.40   propaganda
user_depopulation_amp conspiracy_believer          4.11   propaganda
user_stopspraying_amp conspiracy_believer          3.85   propaganda
user_stopspraying_peri_1 conspiracy_believer          3.78   propaganda
user_monsanto_amp conspiracy_believer          3.89   propaganda
user_climatejustice_hub conspiracy_believer          3.70   propaganda
user_climateaction_hub conspiracy_believer          3.57   propaganda
user_climateaction_amp_1 conspiracy_believer          3.88   propaganda
user_climatejustice_amp_1 conspiracy_believer          3.94   propaganda
user_sweden_hub conspiracy_believer          4.06   propaganda
user_sweden_peri_1 conspiracy_believer          3.85   propaganda
user_scopex_hub conspiracy_believer          3.93   propaganda
user_scopex_peri_1 conspiracy_believer          4.09   propaganda
user_wedonotconsent_hub conspiracy_believer          4.08   propaganda
user_wedonotconsent_amp_1 conspiracy_believer          3.57   propaganda
user_fridaysforfuture_amp conspiracy_believer          3.42   propaganda
user_cop26_amp conspiracy_believer          3.61   propaganda
user_climate_amp conspiracy_believer          3.89   propaganda
user_ipcc_amp conspiracy_believer          3.75   propaganda
user_actonclimate_amp conspiracy_believer          4.39   propaganda
user_netzero_amp conspiracy_believer          4.13   propaganda
user_stratosphere_amp conspiracy_believer          4.17   propaganda
user_ozone_hub conspiracy_believer          4.38   propaganda
user_ozone_peri_1 conspiracy_believer          4.29   propaganda
user_sai_amp conspiracy_believer          3.82   propaganda
user_ecology_amp conspiracy_believer          4.20   propaganda
user_biodiversity_hub conspiracy_believer          4.20   propaganda
user_biodiversity_peri_1 conspiracy_believer          4.23   propaganda
user_foodsecurity_amp conspiracy_believer          4.30   propaganda
user_publichealth_amp conspiracy_believer          4.19   propaganda
user_airpollution_amp conspiracy_believer          4.31   propaganda
user_airpollution_peri_1 conspiracy_believer          4.09   propaganda
user_publichealth_peri_1 conspiracy_believer          4.38   propaganda
user_environment_amp conspiracy_believer          4.25   propaganda
user_mitigation_amp conspiracy_believer          3.27   propaganda
user_usa_amp conspiracy_believer          3.83   propaganda
user_uk_amp  conspiracy_believer          4.10   propaganda
user_india_amp conspiracy_believer          3.86   propaganda
user_climateaction_piggyback_amp conspiracy_believer          3.79   propaganda
user_climateaction_piggyback_peri_1 conspiracy_believer          3.64   propaganda
user_chemtrails_amp_2 conspiracy_believer          4.11   propaganda
user_chemtrails_peri_3 conspiracy_believer          4.10   propaganda
user_climate_scientist_hub conspiracy_believer          0.00   factual_error
user_science_journalist_hub conspiracy_believer          0.00   factual_error
  Gini coefficient:   0.047
  Structural virality: 2.770
  MI half-life tick:  4

$ node index.js --config thesisExperiment/configs/phase2/Dnet_d_He_mixed.json
Loaded run config from: thesisExperiment/configs/phase2/Dnet_d_He_mixed.json

[Simulation] Experiment: Dnet_d_He_mixed_2026-09-19_04-07-40
[Simulation] Dir: /workspace/thesisExperiment/runs_phase2/Dnet_d_He_mixed_2026-09-19_04-07-40


[Simulation] === Propagating: scopex_2017 ===
[Simulation]   Tick 1/8
[Simulation]     user_chemtrails_hub (Geoengineering Conspiracy Believer (Debnath chemtrails cluster)): 1 message(s)
[Simulation]   Tick 2/8
[Simulation]     user_haarp_hub (HAARP / weather-warfare believer (Debnath chemtrails neighbour terms)): 1 message(s)
[Simulation]     user_climateaction_hub (Climate Action Advocate (Debnath non-conspiracy stream)): 3 message(s)
[Simulation]     user_chemtrails_amp_1 (Geoengineering Conspiracy Believer (Debnath chemtrails cluster)): 1 message(s)
[Simulation]     user_haarp_amp_1 (HAARP / weather-warfare believer (Debnath chemtrails neighbour terms)): 1 message(s)
[Simulation]     user_geoengineering_hub (Geoengineering Conspiracy Believer (Debnath chemtrails cluster)): 1 message(s)
[Simulation]     user_climateaction_amp_1 (Climate Action Advocate (Debnath non-conspiracy stream)): 1 message(s)
[Simulation]     user_climatejustice_amp_1 (Climate Action Advocate (Debnath non-conspiracy stream)): 1 message(s)
[Simulation]     user_sweden_hub (Climate Action Advocate (Debnath non-conspiracy stream)): 1 message(s)
[Simulation]     user_sweden_peri_1 (Climate Action Advocate (Debnath non-conspiracy stream)): 1 message(s)
[Simulation]     user_geoengineering_amp_1 (Geoengineering Conspiracy Believer (Debnath chemtrails cluster)): 1 message(s)
[Simulation]     user_scopex_hub (Climate Action Advocate (Debnath non-conspiracy stream)): 1 message(s)
[Simulation]     user_wedonotconsent_hub (Climate Action Advocate (Debnath non-conspiracy stream)): 1 message(s)
[Simulation]     user_fridaysforfuture_amp (Climate Action Advocate (Debnath non-conspiracy stream)): 1 message(s)
[Simulation]     user_srm_amp (Geoengineering Conspiracy Believer (Debnath chemtrails cluster)): 1 message(s)
[Simulation]     user_srm_peri_1 (Peripheral skywatcher (Debnath low-centrality chemtrails, 2018–2021)): 1 message(s)
[Simulation]     user_sag_amp (Geoengineering Conspiracy Believer (Debnath chemtrails cluster)): 1 message(s)
[Simulation]     user_nexrad_amp (HAARP / weather-warfare believer (Debnath chemtrails neighbour terms)): 1 message(s)
[Simulation]     user_nwo_amp (Geoengineering Conspiracy Believer (Debnath chemtrails cluster)): 1 message(s)
[Simulation]     user_cop26_amp (Climate Action Advocate (Debnath non-conspiracy stream)): 1 message(s)
[Simulation]     user_nwo_peri_1 (Peripheral skywatcher (Debnath low-centrality chemtrails, 2018–2021)): 1 message(s)
[Simulation]     user_illuminati_amp (Geoengineering Conspiracy Believer (Debnath chemtrails cluster)): 1 message(s)
[Simulation]     user_climate_amp (Climate Action Advocate (Debnath non-conspiracy stream)): 1 message(s)
[Simulation]     user_actonclimate_amp (Climate Action Advocate (Debnath non-conspiracy stream)): 1 message(s)
[Simulation]     user_netzero_amp (Climate Action Advocate (Debnath non-conspiracy stream)): 1 message(s)
[Simulation]     user_ozone_hub (Ozone / stratosphere concern voice (Debnath ozone neighbour)): 1 message(s)
[Simulation]     user_gmo_amp (Geoengineering Conspiracy Believer (Debnath chemtrails cluster)): 1 message(s)
[Simulation]     user_sai_amp (Ozone / stratosphere concern voice (Debnath ozone neighbour)): 1 message(s)
[Simulation]     user_mitigation_amp (Climate Action Advocate (Debnath non-conspiracy stream)): 1 message(s)
[Simulation]     user_weathermodification_amp (HAARP / weather-warfare believer (Debnath chemtrails neighbour terms)): 1 message(s)
[Simulation]     user_usa_amp (Climate Action Advocate (Debnath non-conspiracy stream)): 2 message(s)
[Simulation]     user_weathermodification_peri_1 (HAARP / weather-warfare believer (Debnath chemtrails neighbour terms)): 1 message(s)
[Simulation]     user_weatherwarfare_amp (HAARP / weather-warfare believer (Debnath chemtrails neighbour terms)): 1 message(s)
[Simulation]     user_deepstate_amp (Geoengineering Conspiracy Believer (Debnath chemtrails cluster)): 1 message(s)
[Simulation]     user_maga_amp (Geoengineering Conspiracy Believer (Debnath chemtrails cluster)): 1 message(s)
[Simulation]     user_greatawakening_amp (Geoengineering Conspiracy Believer (Debnath chemtrails cluster)): 1 message(s)
[Simulation]     user_uk_amp (Climate Action Advocate (Debnath non-conspiracy stream)): 2 message(s)
[Simulation]     user_india_amp (Climate Action Advocate (Debnath non-conspiracy stream)): 3 message(s)
[Simulation]     user_depopulation_amp (Geoengineering Conspiracy Believer (Debnath chemtrails cluster)): 1 message(s)
[Simulation]     user_climateaction_piggyback_amp (Geoengineering Conspiracy Believer (Debnath chemtrails cluster)): 2 message(s)
[Simulation]     user_stopspraying_amp (Geoengineering Conspiracy Believer (Debnath chemtrails cluster)): 1 message(s)
[Simulation]     user_stopspraying_peri_1 (Peripheral skywatcher (Debnath low-centrality chemtrails, 2018–2021)): 1 message(s)
[Simulation]     user_climateaction_piggyback_peri_1 (Geoengineering Conspiracy Believer (Debnath chemtrails cluster)): 1 message(s)
[Simulation]     user_monsanto_amp (Geoengineering Conspiracy Believer (Debnath chemtrails cluster)): 1 message(s)
[Simulation]     user_climatejustice_hub (Climate Action Advocate (Debnath non-conspiracy stream)): 1 message(s)
[Simulation]     user_chemtrails_amp_2 (Geoengineering Conspiracy Believer (Debnath chemtrails cluster)): 1 message(s)
[Simulation]     user_climateaction_hub (Climate Action Advocate (Debnath non-conspiracy stream)): 1 message(s)
[Simulation]     user_sweden_hub (Climate Action Advocate (Debnath non-conspiracy stream)): 1 message(s)
[Simulation]     user_publichealth_amp (Environmental Concern Specialist (Debnath ozone/biodiversity stream)): 1 message(s)
[Simulation]     user_usa_amp (Climate Action Advocate (Debnath non-conspiracy stream)): 1 message(s)
[Simulation]     user_chemtrails_peri_3 (Peripheral skywatcher (Debnath low-centrality chemtrails, 2018–2021)): 2 message(s)
[Simulation]     user_uk_amp (Climate Action Advocate (Debnath non-conspiracy stream)): 1 message(s)
[Simulation]     user_india_amp (Climate Action Advocate (Debnath non-conspiracy stream)): 1 message(s)
[Simulation]     user_climateaction_piggyback_amp (Geoengineering Conspiracy Believer (Debnath chemtrails cluster)): 1 message(s)
[Simulation]     user_chemtrails_amp_2 (Geoengineering Conspiracy Believer (Debnath chemtrails cluster)): 1 message(s)
[Simulation]     user_chemtrails_peri_3 (Peripheral skywatcher (Debnath low-centrality chemtrails, 2018–2021)): 1 message(s)
[Simulation]   Tick 3/8
[Simulation]     user_haarp_hub (HAARP / weather-warfare believer (Debnath chemtrails neighbour terms)): 3 message(s)
[Simulation]   Tick 4/8
[Simulation]     user_haarp_hub (HAARP / weather-warfare believer (Debnath chemtrails neighbour terms)): 4 message(s)
[Simulation]     user_chemtrails_hub (Geoengineering Conspiracy Believer (Debnath chemtrails cluster)): 4 message(s)
[Simulation]     user_chemtrails_hub (Geoengineering Conspiracy Believer (Debnath chemtrails cluster)): 4 message(s)
[Simulation]     user_chemtrails_amp_1 (Geoengineering Conspiracy Believer (Debnath chemtrails cluster)): 1 message(s)
[Simulation]     user_haarp_amp_1 (HAARP / weather-warfare believer (Debnath chemtrails neighbour terms)): 2 message(s)
[Simulation]     user_chemtrails_amp_1 (Geoengineering Conspiracy Believer (Debnath chemtrails cluster)): 4 message(s)
[Simulation]     user_geoengineering_hub (Geoengineering Conspiracy Believer (Debnath chemtrails cluster)): 4 message(s)
[Simulation]     user_haarp_amp_1 (HAARP / weather-warfare believer (Debnath chemtrails neighbour terms)): 4 message(s)
[Simulation]     user_geoengineering_hub (Geoengineering Conspiracy Believer (Debnath chemtrails cluster)): 4 message(s)
[Simulation]     user_geoengineering_amp_1 (Geoengineering Conspiracy Believer (Debnath chemtrails cluster)): 2 message(s)
[Simulation]     user_geoengineering_amp_1 (Geoengineering Conspiracy Believer (Debnath chemtrails cluster)): 4 message(s)
[Simulation]     user_srm_amp (Geoengineering Conspiracy Believer (Debnath chemtrails cluster)): 2 message(s)
[Simulation]     user_srm_peri_1 (Peripheral skywatcher (Debnath low-centrality chemtrails, 2018–2021)): 1 message(s)
[Simulation]     user_sag_amp (Geoengineering Conspiracy Believer (Debnath chemtrails cluster)): 2 message(s)
[Simulation]     user_srm_amp (Geoengineering Conspiracy Believer (Debnath chemtrails cluster)): 4 message(s)
[Simulation]     user_nexrad_amp (HAARP / weather-warfare believer (Debnath chemtrails neighbour terms)): 3 message(s)
[Simulation]     user_nwo_amp (Geoengineering Conspiracy Believer (Debnath chemtrails cluster)): 4 message(s)
[Simulation]     user_srm_peri_1 (Peripheral skywatcher (Debnath low-centrality chemtrails, 2018–2021)): 4 message(s)
[Simulation]     user_nwo_peri_1 (Peripheral skywatcher (Debnath low-centrality chemtrails, 2018–2021)): 2 message(s)
[Simulation]     user_illuminati_amp (Geoengineering Conspiracy Believer (Debnath chemtrails cluster)): 1 message(s)
[Simulation]     user_sag_amp (Geoengineering Conspiracy Believer (Debnath chemtrails cluster)): 4 message(s)
[Simulation]     user_gmo_amp (Geoengineering Conspiracy Believer (Debnath chemtrails cluster)): 2 message(s)
[Simulation]     user_weathermodification_amp (HAARP / weather-warfare believer (Debnath chemtrails neighbour terms)): 2 message(s)
[Simulation]     user_nexrad_amp (HAARP / weather-warfare believer (Debnath chemtrails neighbour terms)): 4 message(s)
[Simulation]     user_weathermodification_peri_1 (HAARP / weather-warfare believer (Debnath chemtrails neighbour terms)): 1 message(s)
[Simulation]     user_weatherwarfare_amp (HAARP / weather-warfare believer (Debnath chemtrails neighbour terms)): 3 message(s)
[Simulation]     user_nwo_amp (Geoengineering Conspiracy Believer (Debnath chemtrails cluster)): 4 message(s)
[Simulation]     user_nwo_peri_1 (Peripheral skywatcher (Debnath low-centrality chemtrails, 2018–2021)): 4 message(s)
[Simulation]     user_deepstate_amp (Geoengineering Conspiracy Believer (Debnath chemtrails cluster)): 3 message(s)
[Simulation]     user_illuminati_amp (Geoengineering Conspiracy Believer (Debnath chemtrails cluster)): 4 message(s)
[Simulation]     user_maga_amp (Geoengineering Conspiracy Believer (Debnath chemtrails cluster)): 3 message(s)
[Simulation]     user_gmo_amp (Geoengineering Conspiracy Believer (Debnath chemtrails cluster)): 4 message(s)
[Simulation]     user_weathermodification_amp (HAARP / weather-warfare believer (Debnath chemtrails neighbour terms)): 4 message(s)
[Simulation]     user_greatawakening_amp (Geoengineering Conspiracy Believer (Debnath chemtrails cluster)): 1 message(s)
[Simulation]     user_depopulation_amp (Geoengineering Conspiracy Believer (Debnath chemtrails cluster)): 2 message(s)
[Simulation]     user_stopspraying_amp (Geoengineering Conspiracy Believer (Debnath chemtrails cluster)): 1 message(s)
[Simulation]     user_stopspraying_peri_1 (Peripheral skywatcher (Debnath low-centrality chemtrails, 2018–2021)): 1 message(s)
[Simulation]     user_weathermodification_peri_1 (HAARP / weather-warfare believer (Debnath chemtrails neighbour terms)): 4 message(s)
[Simulation]     user_monsanto_amp (Geoengineering Conspiracy Believer (Debnath chemtrails cluster)): 2 message(s)
[Simulation]     user_climatejustice_hub (Climate Action Advocate (Debnath non-conspiracy stream)): 1 message(s)
[Simulation]     user_weatherwarfare_amp (HAARP / weather-warfare believer (Debnath chemtrails neighbour terms)): 4 message(s)
[Simulation]     user_climateaction_hub (Climate Action Advocate (Debnath non-conspiracy stream)): 3 message(s)
[Simulation]     user_climateaction_amp_1 (Climate Action Advocate (Debnath non-conspiracy stream)): 1 message(s)
[Simulation]     user_climatejustice_amp_1 (Climate Action Advocate (Debnath non-conspiracy stream)): 1 message(s)
[Simulation]     user_sweden_hub (Climate Action Advocate (Debnath non-conspiracy stream)): 1 message(s)
[Simulation]     user_sweden_peri_1 (Climate Action Advocate (Debnath non-conspiracy stream)): 1 message(s)
[Simulation]     user_scopex_hub (Climate Action Advocate (Debnath non-conspiracy stream)): 1 message(s)
[Simulation]     user_deepstate_amp (Geoengineering Conspiracy Believer (Debnath chemtrails cluster)): 4 message(s)
[Simulation]     user_wedonotconsent_hub (Climate Action Advocate (Debnath non-conspiracy stream)): 1 message(s)
[Simulation]     user_fridaysforfuture_amp (Climate Action Advocate (Debnath non-conspiracy stream)): 1 message(s)
[Simulation]     user_maga_amp (Geoengineering Conspiracy Believer (Debnath chemtrails cluster)): 4 message(s)
[Simulation]     user_cop26_amp (Climate Action Advocate (Debnath non-conspiracy stream)): 1 message(s)
[Simulation]     user_climate_amp (Climate Action Advocate (Debnath non-conspiracy stream)): 1 message(s)
[Simulation]     user_greatawakening_amp (Geoengineering Conspiracy Believer (Debnath chemtrails cluster)): 4 message(s)
[Simulation]     user_actonclimate_amp (Climate Action Advocate (Debnath non-conspiracy stream)): 1 message(s)
[Simulation]     user_netzero_amp (Climate Action Advocate (Debnath non-conspiracy stream)): 1 message(s)
[Simulation]     user_stratosphere_amp (Ozone / stratosphere concern voice (Debnath ozone neighbour)): 1 message(s)
[Simulation]     user_ozone_hub (Ozone / stratosphere concern voice (Debnath ozone neighbour)): 1 message(s)
[Simulation]     user_sai_amp (Ozone / stratosphere concern voice (Debnath ozone neighbour)): 1 message(s)
[Simulation]     user_airpollution_amp (Environmental Concern Specialist (Debnath ozone/biodiversity stream)): 1 message(s)
[Simulation]     user_depopulation_amp (Geoengineering Conspiracy Believer (Debnath chemtrails cluster)): 4 message(s)
[Simulation]     user_publichealth_peri_1 (Environmental Concern Specialist (Debnath ozone/biodiversity stream)): 1 message(s)
[Simulation]     user_stopspraying_amp (Geoengineering Conspiracy Believer (Debnath chemtrails cluster)): 4 message(s)
[Simulation]     user_mitigation_amp (Climate Action Advocate (Debnath non-conspiracy stream)): 1 message(s)
[Simulation]     user_usa_amp (Climate Action Advocate (Debnath non-conspiracy stream)): 2 message(s)
[Simulation]     user_stopspraying_peri_1 (Peripheral skywatcher (Debnath low-centrality chemtrails, 2018–2021)): 4 message(s)
[Simulation]     user_uk_amp (Climate Action Advocate (Debnath non-conspiracy stream)): 2 message(s)
[Simulation]     user_india_amp (Climate Action Advocate (Debnath non-conspiracy stream)): 2 message(s)
[Simulation]     user_monsanto_amp (Geoengineering Conspiracy Believer (Debnath chemtrails cluster)): 4 message(s)
[Simulation]     user_climateaction_piggyback_amp (Geoengineering Conspiracy Believer (Debnath chemtrails cluster)): 2 message(s)
[Simulation]     user_climatejustice_hub (Climate Action Advocate (Debnath non-conspiracy stream)): 4 message(s)
[Simulation]     user_climateaction_piggyback_peri_1 (Geoengineering Conspiracy Believer (Debnath chemtrails cluster)): 1 message(s)
[Simulation]     user_chemtrails_amp_2 (Geoengineering Conspiracy Believer (Debnath chemtrails cluster)): 1 message(s)
[Simulation]     user_chemtrails_peri_3 (Peripheral skywatcher (Debnath low-centrality chemtrails, 2018–2021)): 2 message(s)
[Simulation]   Tick 4/8
[Simulation]     user_haarp_hub (HAARP / weather-warfare believer (Debnath chemtrails neighbour terms)): 4 message(s)
[Simulation]     user_chemtrails_hub (Geoengineering Conspiracy Believer (Debnath chemtrails cluster)): 4 message(s)
[Simulation]     user_climateaction_hub (Climate Action Advocate (Debnath non-conspiracy stream)): 4 message(s)
[Simulation]     user_chemtrails_amp_1 (Geoengineering Conspiracy Believer (Debnath chemtrails cluster)): 4 message(s)
[Simulation]     user_haarp_amp_1 (HAARP / weather-warfare believer (Debnath chemtrails neighbour terms)): 4 message(s)
[Simulation]     user_climateaction_amp_1 (Climate Action Advocate (Debnath non-conspiracy stream)): 3 message(s)
[Simulation]     user_geoengineering_hub (Geoengineering Conspiracy Believer (Debnath chemtrails cluster)): 4 message(s)
[Simulation]     user_geoengineering_amp_1 (Geoengineering Conspiracy Believer (Debnath chemtrails cluster)): 4 message(s)
[Simulation]     user_climatejustice_amp_1 (Climate Action Advocate (Debnath non-conspiracy stream)): 2 message(s)
[Simulation]     user_sweden_hub (Climate Action Advocate (Debnath non-conspiracy stream)): 4 message(s)
[Simulation]     user_srm_amp (Geoengineering Conspiracy Believer (Debnath chemtrails cluster)): 4 message(s)
[Simulation]     user_srm_peri_1 (Peripheral skywatcher (Debnath low-centrality chemtrails, 2018–2021)): 4 message(s)
[Simulation]     user_sweden_peri_1 (Climate Action Advocate (Debnath non-conspiracy stream)): 1 message(s)
[Simulation]     user_sag_amp (Geoengineering Conspiracy Believer (Debnath chemtrails cluster)): 4 message(s)
[Simulation]     user_scopex_hub (Climate Action Advocate (Debnath non-conspiracy stream)): 3 message(s)
[Simulation]     user_scopex_peri_1 (Climate Action Advocate (Debnath non-conspiracy stream)): 2 message(s)
[Simulation]     user_wedonotconsent_hub (Climate Action Advocate (Debnath non-conspiracy stream)): 3 message(s)
[Simulation]     user_nexrad_amp (HAARP / weather-warfare believer (Debnath chemtrails neighbour terms)): 4 message(s)
[Simulation]     user_nwo_amp (Geoengineering Conspiracy Believer (Debnath chemtrails cluster)): 4 message(s)
[Simulation]     user_wedonotconsent_amp_1 (Climate Action Advocate (Debnath non-conspiracy stream)): 1 message(s)
[Simulation]     user_fridaysforfuture_amp (Climate Action Advocate (Debnath non-conspiracy stream)): 3 message(s)
[Simulation]     user_nwo_peri_1 (Peripheral skywatcher (Debnath low-centrality chemtrails, 2018–2021)): 4 message(s)
[Simulation]     user_cop26_amp (Climate Action Advocate (Debnath non-conspiracy stream)): 4 message(s)
[Simulation]     user_climate_amp (Climate Action Advocate (Debnath non-conspiracy stream)): 1 message(s)
[Simulation]     user_ipcc_amp (Climate scientist (expert voice for heterogeneous mix)): 3 message(s)
[Simulation]     user_actonclimate_amp (Climate Action Advocate (Debnath non-conspiracy stream)): 3 message(s)
[Simulation]     user_illuminati_amp (Geoengineering Conspiracy Believer (Debnath chemtrails cluster)): 4 message(s)
[Simulation]     user_netzero_amp (Climate Action Advocate (Debnath non-conspiracy stream)): 3 message(s)
[Simulation]     user_stratosphere_amp (Ozone / stratosphere concern voice (Debnath ozone neighbour)): 1 message(s)
[Simulation]     user_ozone_hub (Ozone / stratosphere concern voice (Debnath ozone neighbour)): 4 message(s)
[Simulation]     user_gmo_amp (Geoengineering Conspiracy Believer (Debnath chemtrails cluster)): 4 message(s)
[Simulation]     user_ozone_peri_1 (Ozone / stratosphere concern voice (Debnath ozone neighbour)): 2 message(s)
[Simulation]     user_sai_amp (Ozone / stratosphere concern voice (Debnath ozone neighbour)): 3 message(s)
[Simulation]     user_biodiversity_hub (Environmental Concern Specialist (Debnath ozone/biodiversity stream)): 1 message(s)
[Simulation]     user_publichealth_amp (Environmental Concern Specialist (Debnath ozone/biodiversity stream)): 3 message(s)
[Simulation]     user_weathermodification_amp (HAARP / weather-warfare believer (Debnath chemtrails neighbour terms)): 4 message(s)
[Simulation]     user_environment_amp (Environmental Concern Specialist (Debnath ozone/biodiversity stream)): 1 message(s)
[Simulation]     user_mitigation_amp (Climate Action Advocate (Debnath non-conspiracy stream)): 3 message(s)
[Simulation]     user_weathermodification_peri_1 (HAARP / weather-warfare believer (Debnath chemtrails neighbour terms)): 4 message(s)
[Simulation]     user_usa_amp (Climate Action Advocate (Debnath non-conspiracy stream)): 4 message(s)
[Simulation]     user_uk_amp (Climate Action Advocate (Debnath non-conspiracy stream)): 4 message(s)
[Simulation]     user_weatherwarfare_amp (HAARP / weather-warfare believer (Debnath chemtrails neighbour terms)): 4 message(s)
[Simulation]     user_deepstate_amp (Geoengineering Conspiracy Believer (Debnath chemtrails cluster)): 4 message(s)
[Simulation]     user_india_amp (Climate Action Advocate (Debnath non-conspiracy stream)): 4 message(s)
[Simulation]     user_climateaction_piggyback_amp (Geoengineering Conspiracy Believer (Debnath chemtrails cluster)): 4 message(s)
[Simulation]     user_maga_amp (Geoengineering Conspiracy Believer (Debnath chemtrails cluster)): 4 message(s)
[Simulation]     user_climateaction_piggyback_peri_1 (Geoengineering Conspiracy Believer (Debnath chemtrails cluster)): 2 message(s)
[Simulation]     user_chemtrails_amp_2 (Geoengineering Conspiracy Believer (Debnath chemtrails cluster)): 4 message(s)
[Simulation]     user_greatawakening_amp (Geoengineering Conspiracy Believer (Debnath chemtrails cluster)): 4 message(s)
[Simulation]     user_depopulation_amp (Geoengineering Conspiracy Believer (Debnath chemtrails cluster)): 4 message(s)
[Simulation]     user_chemtrails_peri_3 (Peripheral skywatcher (Debnath low-centrality chemtrails, 2018–2021)): 4 message(s)
[Simulation]     user_stopspraying_amp (Geoengineering Conspiracy Believer (Debnath chemtrails cluster)): 4 message(s)
[Simulation]   Tick 5/8
[Simulation]     user_haarp_hub (HAARP / weather-warfare believer (Debnath chemtrails neighbour terms)): 4 message(s)
[Simulation]     user_stopspraying_peri_1 (Peripheral skywatcher (Debnath low-centrality chemtrails, 2018–2021)): 4 message(s)
[Simulation]     user_chemtrails_hub (Geoengineering Conspiracy Believer (Debnath chemtrails cluster)): 4 message(s)
[Simulation]     user_chemtrails_amp_1 (Geoengineering Conspiracy Believer (Debnath chemtrails cluster)): 4 message(s)
[Simulation]     user_monsanto_amp (Geoengineering Conspiracy Believer (Debnath chemtrails cluster)): 4 message(s)
[Simulation]     user_climatejustice_hub (Climate Action Advocate (Debnath non-conspiracy stream)): 4 message(s)
[Simulation]     user_haarp_amp_1 (HAARP / weather-warfare believer (Debnath chemtrails neighbour terms)): 4 message(s)
[Simulation]     user_climateaction_hub (Climate Action Advocate (Debnath non-conspiracy stream)): 4 message(s)
[Simulation]     user_climateaction_amp_1 (Climate Action Advocate (Debnath non-conspiracy stream)): 4 message(s)
[Simulation]     user_geoengineering_hub (Geoengineering Conspiracy Believer (Debnath chemtrails cluster)): 4 message(s)
[Simulation]     user_geoengineering_amp_1 (Geoengineering Conspiracy Believer (Debnath chemtrails cluster)): 4 message(s)
[Simulation]     user_climatejustice_amp_1 (Climate Action Advocate (Debnath non-conspiracy stream)): 1 message(s)
[Simulation]     user_sweden_hub (Climate Action Advocate (Debnath non-conspiracy stream)): 4 message(s)
[Simulation]     user_sweden_peri_1 (Climate Action Advocate (Debnath non-conspiracy stream)): 1 message(s)
[Simulation]     user_scopex_hub (Climate Action Advocate (Debnath non-conspiracy stream)): 1 message(s)
[Simulation]     user_srm_amp (Geoengineering Conspiracy Believer (Debnath chemtrails cluster)): 4 message(s)
[Simulation]     user_scopex_peri_1 (Climate Action Advocate (Debnath non-conspiracy stream)): 1 message(s)
[Simulation]     user_srm_peri_1 (Peripheral skywatcher (Debnath low-centrality chemtrails, 2018–2021)): 4 message(s)
[Simulation]     user_wedonotconsent_hub (Climate Action Advocate (Debnath non-conspiracy stream)): 3 message(s)
[Simulation]     user_fridaysforfuture_amp (Climate Action Advocate (Debnath non-conspiracy stream)): 4 message(s)
[Simulation]     user_sag_amp (Geoengineering Conspiracy Believer (Debnath chemtrails cluster)): 4 message(s)
[Simulation]     user_cop26_amp (Climate Action Advocate (Debnath non-conspiracy stream)): 4 message(s)
[Simulation]     user_nexrad_amp (HAARP / weather-warfare believer (Debnath chemtrails neighbour terms)): 4 message(s)
[Simulation]     user_nwo_amp (Geoengineering Conspiracy Believer (Debnath chemtrails cluster)): 4 message(s)
[Simulation]     user_climate_amp (Climate Action Advocate (Debnath non-conspiracy stream)): 2 message(s)
[Simulation]     user_nwo_peri_1 (Peripheral skywatcher (Debnath low-centrality chemtrails, 2018–2021)): 4 message(s)
[Simulation]     user_ipcc_amp (Climate scientist (expert voice for heterogeneous mix)): 3 message(s)
[Simulation]     user_actonclimate_amp (Climate Action Advocate (Debnath non-conspiracy stream)): 4 message(s)
[Simulation]     user_illuminati_amp (Geoengineering Conspiracy Believer (Debnath chemtrails cluster)): 4 message(s)
[Simulation]     user_gmo_amp (Geoengineering Conspiracy Believer (Debnath chemtrails cluster)): 4 message(s)
[Simulation]     user_weathermodification_amp (HAARP / weather-warfare believer (Debnath chemtrails neighbour terms)): 4 message(s)
[Simulation]     user_netzero_amp (Climate Action Advocate (Debnath non-conspiracy stream)): 3 message(s)
[Simulation]     user_stratosphere_amp (Ozone / stratosphere concern voice (Debnath ozone neighbour)): 1 message(s)
[Simulation]     user_weathermodification_peri_1 (HAARP / weather-warfare believer (Debnath chemtrails neighbour terms)): 4 message(s)
[Simulation]     user_ozone_hub (Ozone / stratosphere concern voice (Debnath ozone neighbour)): 4 message(s)
[Simulation]     user_weatherwarfare_amp (HAARP / weather-warfare believer (Debnath chemtrails neighbour terms)): 4 message(s)
[Simulation]     user_ozone_peri_1 (Ozone / stratosphere concern voice (Debnath ozone neighbour)): 1 message(s)
[Simulation]     user_sai_amp (Ozone / stratosphere concern voice (Debnath ozone neighbour)): 4 message(s)
[Simulation]     user_deepstate_amp (Geoengineering Conspiracy Believer (Debnath chemtrails cluster)): 4 message(s)
[Simulation]     user_foodsecurity_amp (Environmental Concern Specialist (Debnath ozone/biodiversity stream)): 1 message(s)
[Simulation]     user_maga_amp (Geoengineering Conspiracy Believer (Debnath chemtrails cluster)): 4 message(s)
[Simulation]     user_publichealth_amp (Environmental Concern Specialist (Debnath ozone/biodiversity stream)): 4 message(s)
[Simulation]     user_greatawakening_amp (Geoengineering Conspiracy Believer (Debnath chemtrails cluster)): 4 message(s)
[Simulation]     user_airpollution_peri_1 (Environmental Concern Specialist (Debnath ozone/biodiversity stream)): 1 message(s)
[Simulation]     user_depopulation_amp (Geoengineering Conspiracy Believer (Debnath chemtrails cluster)): 4 message(s)
[Simulation]     user_mitigation_amp (Climate Action Advocate (Debnath non-conspiracy stream)): 4 message(s)
[Simulation]     user_usa_amp (Climate Action Advocate (Debnath non-conspiracy stream)): 4 message(s)
[Simulation]     user_uk_amp (Climate Action Advocate (Debnath non-conspiracy stream)): 4 message(s)
[Simulation]     user_stopspraying_amp (Geoengineering Conspiracy Believer (Debnath chemtrails cluster)): 4 message(s)
[Simulation]     user_india_amp (Climate Action Advocate (Debnath non-conspiracy stream)): 4 message(s)
[Simulation]     user_stopspraying_peri_1 (Peripheral skywatcher (Debnath low-centrality chemtrails, 2018–2021)): 4 message(s)
[Simulation]     user_monsanto_amp (Geoengineering Conspiracy Believer (Debnath chemtrails cluster)): 4 message(s)
[Simulation]     user_climateaction_piggyback_amp (Geoengineering Conspiracy Believer (Debnath chemtrails cluster)): 4 message(s)
[Simulation]     user_climatejustice_hub (Climate Action Advocate (Debnath non-conspiracy stream)): 4 message(s)
[Simulation]     user_climateaction_hub (Climate Action Advocate (Debnath non-conspiracy stream)): 4 message(s)
[Simulation]     user_climateaction_piggyback_peri_1 (Geoengineering Conspiracy Believer (Debnath chemtrails cluster)): 2 message(s)
[Simulation]     user_chemtrails_amp_2 (Geoengineering Conspiracy Believer (Debnath chemtrails cluster)): 4 message(s)
[Simulation]     user_climateaction_amp_1 (Climate Action Advocate (Debnath non-conspiracy stream)): 4 message(s)
[Simulation]     user_chemtrails_peri_3 (Peripheral skywatcher (Debnath low-centrality chemtrails, 2018–2021)): 4 message(s)
[Simulation]   Tick 5/8
[Simulation]     user_haarp_hub (HAARP / weather-warfare believer (Debnath chemtrails neighbour terms)): 4 message(s)
[Simulation]     user_climatejustice_amp_1 (Climate Action Advocate (Debnath non-conspiracy stream)): 4 message(s)
[Simulation]     user_chemtrails_hub (Geoengineering Conspiracy Believer (Debnath chemtrails cluster)): 4 message(s)
[Simulation]     user_sweden_hub (Climate Action Advocate (Debnath non-conspiracy stream)): 4 message(s)
[Simulation]     user_chemtrails_amp_1 (Geoengineering Conspiracy Believer (Debnath chemtrails cluster)): 4 message(s)
[Simulation]     user_sweden_peri_1 (Climate Action Advocate (Debnath non-conspiracy stream)): 4 message(s)
[Simulation]     user_haarp_amp_1 (HAARP / weather-warfare believer (Debnath chemtrails neighbour terms)): 4 message(s)
[Simulation]     user_scopex_hub (Climate Action Advocate (Debnath non-conspiracy stream)): 4 message(s)
[Simulation]     user_scopex_peri_1 (Climate Action Advocate (Debnath non-conspiracy stream)): 3 message(s)
[Simulation]     user_geoengineering_hub (Geoengineering Conspiracy Believer (Debnath chemtrails cluster)): 4 message(s)
[Simulation]     user_geoengineering_amp_1 (Geoengineering Conspiracy Believer (Debnath chemtrails cluster)): 4 message(s)
[Simulation]     user_wedonotconsent_hub (Climate Action Advocate (Debnath non-conspiracy stream)): 4 message(s)
[Simulation]     user_srm_amp (Geoengineering Conspiracy Believer (Debnath chemtrails cluster)): 4 message(s)
[Simulation]     user_wedonotconsent_amp_1 (Climate Action Advocate (Debnath non-conspiracy stream)): 4 message(s)
[Simulation]     user_srm_peri_1 (Peripheral skywatcher (Debnath low-centrality chemtrails, 2018–2021)): 4 message(s)
[Simulation]     user_fridaysforfuture_amp (Climate Action Advocate (Debnath non-conspiracy stream)): 4 message(s)
[Simulation]     user_sag_amp (Geoengineering Conspiracy Believer (Debnath chemtrails cluster)): 4 message(s)
[Simulation]     user_nexrad_amp (HAARP / weather-warfare believer (Debnath chemtrails neighbour terms)): 4 message(s)
[Simulation]     user_cop26_amp (Climate Action Advocate (Debnath non-conspiracy stream)): 4 message(s)
[Simulation]     user_climate_amp (Climate Action Advocate (Debnath non-conspiracy stream)): 4 message(s)
[Simulation]     user_nwo_amp (Geoengineering Conspiracy Believer (Debnath chemtrails cluster)): 4 message(s)
[Simulation]     user_ipcc_amp (Climate scientist (expert voice for heterogeneous mix)): 4 message(s)
[Simulation]     user_actonclimate_amp (Climate Action Advocate (Debnath non-conspiracy stream)): 4 message(s)
[Simulation]     user_nwo_peri_1 (Peripheral skywatcher (Debnath low-centrality chemtrails, 2018–2021)): 4 message(s)
[Simulation]     user_illuminati_amp (Geoengineering Conspiracy Believer (Debnath chemtrails cluster)): 4 message(s)
[Simulation]     user_netzero_amp (Climate Action Advocate (Debnath non-conspiracy stream)): 4 message(s)
[Simulation]     user_stratosphere_amp (Ozone / stratosphere concern voice (Debnath ozone neighbour)): 4 message(s)
[Simulation]     user_gmo_amp (Geoengineering Conspiracy Believer (Debnath chemtrails cluster)): 4 message(s)
[Simulation]     user_weathermodification_amp (HAARP / weather-warfare believer (Debnath chemtrails neighbour terms)): 4 message(s)
[Simulation]     user_weathermodification_peri_1 (HAARP / weather-warfare believer (Debnath chemtrails neighbour terms)): 4 message(s)
[Simulation]     user_ozone_hub (Ozone / stratosphere concern voice (Debnath ozone neighbour)): 4 message(s)
[Simulation]     user_ozone_peri_1 (Ozone / stratosphere concern voice (Debnath ozone neighbour)): 4 message(s)
[Simulation]     user_weatherwarfare_amp (HAARP / weather-warfare believer (Debnath chemtrails neighbour terms)): 4 message(s)
[Simulation]     user_deepstate_amp (Geoengineering Conspiracy Believer (Debnath chemtrails cluster)): 4 message(s)
[Simulation]     user_sai_amp (Ozone / stratosphere concern voice (Debnath ozone neighbour)): 4 message(s)
[Simulation]     user_maga_amp (Geoengineering Conspiracy Believer (Debnath chemtrails cluster)): 4 message(s)
[Simulation]     user_biodiversity_hub (Environmental Concern Specialist (Debnath ozone/biodiversity stream)): 4 message(s)
[Simulation]     user_greatawakening_amp (Geoengineering Conspiracy Believer (Debnath chemtrails cluster)): 4 message(s)
[Simulation]     user_depopulation_amp (Geoengineering Conspiracy Believer (Debnath chemtrails cluster)): 4 message(s)
[Simulation]     user_biodiversity_peri_1 (Environmental Concern Specialist (Debnath ozone/biodiversity stream)): 2 message(s)
[Simulation]     user_stopspraying_amp (Geoengineering Conspiracy Believer (Debnath chemtrails cluster)): 4 message(s)
[Simulation]     user_publichealth_amp (Environmental Concern Specialist (Debnath ozone/biodiversity stream)): 4 message(s)
[Simulation]     user_stopspraying_peri_1 (Peripheral skywatcher (Debnath low-centrality chemtrails, 2018–2021)): 4 message(s)
[Simulation]     user_airpollution_amp (Environmental Concern Specialist (Debnath ozone/biodiversity stream)): 1 message(s)
[Simulation]     user_publichealth_peri_1 (Environmental Concern Specialist (Debnath ozone/biodiversity stream)): 2 message(s)
[Simulation]     user_monsanto_amp (Geoengineering Conspiracy Believer (Debnath chemtrails cluster)): 4 message(s)
[Simulation]     user_climatejustice_hub (Climate Action Advocate (Debnath non-conspiracy stream)): 4 message(s)
[Simulation]     user_environment_amp (Environmental Concern Specialist (Debnath ozone/biodiversity stream)): 4 message(s)
[Simulation]     user_mitigation_amp (Climate Action Advocate (Debnath non-conspiracy stream)): 4 message(s)
[Simulation]     user_climateaction_hub (Climate Action Advocate (Debnath non-conspiracy stream)): 4 message(s)
[Simulation]     user_usa_amp (Climate Action Advocate (Debnath non-conspiracy stream)): 4 message(s)
[Simulation]     user_climateaction_amp_1 (Climate Action Advocate (Debnath non-conspiracy stream)): 4 message(s)
[Simulation]     user_uk_amp (Climate Action Advocate (Debnath non-conspiracy stream)): 4 message(s)
[Simulation]     user_india_amp (Climate Action Advocate (Debnath non-conspiracy stream)): 4 message(s)
[Simulation]     user_climatejustice_amp_1 (Climate Action Advocate (Debnath non-conspiracy stream)): 4 message(s)
[Simulation]     user_climateaction_piggyback_amp (Geoengineering Conspiracy Believer (Debnath chemtrails cluster)): 4 message(s)
[Simulation]     user_sweden_hub (Climate Action Advocate (Debnath non-conspiracy stream)): 4 message(s)
[Simulation]     user_climateaction_piggyback_peri_1 (Geoengineering Conspiracy Believer (Debnath chemtrails cluster)): 4 message(s)
[Simulation]     user_chemtrails_amp_2 (Geoengineering Conspiracy Believer (Debnath chemtrails cluster)): 4 message(s)
[Simulation]     user_chemtrails_peri_3 (Peripheral skywatcher (Debnath low-centrality chemtrails, 2018–2021)): 4 message(s)
[Simulation]   Tick 6/8
[Simulation]     user_haarp_hub (HAARP / weather-warfare believer (Debnath chemtrails neighbour terms)): 4 message(s)
[Simulation]     user_sweden_peri_1 (Climate Action Advocate (Debnath non-conspiracy stream)): 2 message(s)
[Simulation]     user_scopex_hub (Climate Action Advocate (Debnath non-conspiracy stream)): 4 message(s)
[Simulation]     user_chemtrails_hub (Geoengineering Conspiracy Believer (Debnath chemtrails cluster)): 4 message(s)
[Simulation]     user_scopex_peri_1 (Climate Action Advocate (Debnath non-conspiracy stream)): 2 message(s)
[Simulation]     user_chemtrails_amp_1 (Geoengineering Conspiracy Believer (Debnath chemtrails cluster)): 4 message(s)
[Simulation]     user_wedonotconsent_hub (Climate Action Advocate (Debnath non-conspiracy stream)): 4 message(s)
[Simulation]     user_haarp_amp_1 (HAARP / weather-warfare believer (Debnath chemtrails neighbour terms)): 4 message(s)
[Simulation]     user_wedonotconsent_amp_1 (Climate Action Advocate (Debnath non-conspiracy stream)): 4 message(s)
[Simulation]     user_geoengineering_hub (Geoengineering Conspiracy Believer (Debnath chemtrails cluster)): 4 message(s)
[Simulation]     user_fridaysforfuture_amp (Climate Action Advocate (Debnath non-conspiracy stream)): 4 message(s)
[Simulation]     user_geoengineering_amp_1 (Geoengineering Conspiracy Believer (Debnath chemtrails cluster)): 4 message(s)
[Simulation]     user_srm_amp (Geoengineering Conspiracy Believer (Debnath chemtrails cluster)): 4 message(s)
[Simulation]     user_cop26_amp (Climate Action Advocate (Debnath non-conspiracy stream)): 4 message(s)
[Simulation]     user_climate_amp (Climate Action Advocate (Debnath non-conspiracy stream)): 4 message(s)
[Simulation]     user_srm_peri_1 (Peripheral skywatcher (Debnath low-centrality chemtrails, 2018–2021)): 4 message(s)
[Simulation]     user_sag_amp (Geoengineering Conspiracy Believer (Debnath chemtrails cluster)): 4 message(s)
[Simulation]     user_ipcc_amp (Climate scientist (expert voice for heterogeneous mix)): 4 message(s)
[Simulation]     user_actonclimate_amp (Climate Action Advocate (Debnath non-conspiracy stream)): 4 message(s)
[Simulation]     user_nexrad_amp (HAARP / weather-warfare believer (Debnath chemtrails neighbour terms)): 4 message(s)
[Simulation]     user_nwo_amp (Geoengineering Conspiracy Believer (Debnath chemtrails cluster)): 4 message(s)
[Simulation]     user_netzero_amp (Climate Action Advocate (Debnath non-conspiracy stream)): 4 message(s)
[Simulation]     user_nwo_peri_1 (Peripheral skywatcher (Debnath low-centrality chemtrails, 2018–2021)): 4 message(s)
[Simulation]     user_illuminati_amp (Geoengineering Conspiracy Believer (Debnath chemtrails cluster)): 4 message(s)
[Simulation]     user_stratosphere_amp (Ozone / stratosphere concern voice (Debnath ozone neighbour)): 4 message(s)
[Simulation]     user_ozone_hub (Ozone / stratosphere concern voice (Debnath ozone neighbour)): 4 message(s)
[Simulation]     user_gmo_amp (Geoengineering Conspiracy Believer (Debnath chemtrails cluster)): 4 message(s)
[Simulation]     user_weathermodification_amp (HAARP / weather-warfare believer (Debnath chemtrails neighbour terms)): 4 message(s)
[Simulation]     user_ozone_peri_1 (Ozone / stratosphere concern voice (Debnath ozone neighbour)): 4 message(s)
[Simulation]     user_sai_amp (Ozone / stratosphere concern voice (Debnath ozone neighbour)): 4 message(s)
[Simulation]     user_weathermodification_peri_1 (HAARP / weather-warfare believer (Debnath chemtrails neighbour terms)): 4 message(s)
[Simulation]     user_weatherwarfare_amp (HAARP / weather-warfare believer (Debnath chemtrails neighbour terms)): 4 message(s)
[Simulation]     user_ecology_amp (Environmental Concern Specialist (Debnath ozone/biodiversity stream)): 2 message(s)
[Simulation]     user_biodiversity_hub (Environmental Concern Specialist (Debnath ozone/biodiversity stream)): 4 message(s)
[Simulation]     user_deepstate_amp (Geoengineering Conspiracy Believer (Debnath chemtrails cluster)): 4 message(s)
[Simulation]     user_maga_amp (Geoengineering Conspiracy Believer (Debnath chemtrails cluster)): 4 message(s)
[Simulation]     user_biodiversity_peri_1 (Environmental Concern Specialist (Debnath ozone/biodiversity stream)): 1 message(s)
[Simulation]     user_foodsecurity_amp (Environmental Concern Specialist (Debnath ozone/biodiversity stream)): 1 message(s)
[Simulation]     user_publichealth_amp (Environmental Concern Specialist (Debnath ozone/biodiversity stream)): 4 message(s)
[Simulation]     user_greatawakening_amp (Geoengineering Conspiracy Believer (Debnath chemtrails cluster)): 4 message(s)
[Simulation]     user_airpollution_amp (Environmental Concern Specialist (Debnath ozone/biodiversity stream)): 4 message(s)
[Simulation]     user_depopulation_amp (Geoengineering Conspiracy Believer (Debnath chemtrails cluster)): 4 message(s)
[Simulation]     user_stopspraying_amp (Geoengineering Conspiracy Believer (Debnath chemtrails cluster)): 4 message(s)
[Simulation]     user_publichealth_peri_1 (Environmental Concern Specialist (Debnath ozone/biodiversity stream)): 4 message(s)
[Simulation]     user_stopspraying_peri_1 (Peripheral skywatcher (Debnath low-centrality chemtrails, 2018–2021)): 4 message(s)
[Simulation]     user_monsanto_amp (Geoengineering Conspiracy Believer (Debnath chemtrails cluster)): 4 message(s)
[Simulation]     user_environment_amp (Environmental Concern Specialist (Debnath ozone/biodiversity stream)): 3 message(s)
[Simulation]     user_climatejustice_hub (Climate Action Advocate (Debnath non-conspiracy stream)): 4 message(s)
[Simulation]     user_climateaction_hub (Climate Action Advocate (Debnath non-conspiracy stream)): 4 message(s)
[Simulation]     user_mitigation_amp (Climate Action Advocate (Debnath non-conspiracy stream)): 4 message(s)
[Simulation]     user_climateaction_amp_1 (Climate Action Advocate (Debnath non-conspiracy stream)): 4 message(s)
[Simulation]     user_climatejustice_amp_1 (Climate Action Advocate (Debnath non-conspiracy stream)): 4 message(s)
[Simulation]     user_sweden_hub (Climate Action Advocate (Debnath non-conspiracy stream)): 4 message(s)
[Simulation]     user_usa_amp (Climate Action Advocate (Debnath non-conspiracy stream)): 4 message(s)
[Simulation]     user_sweden_peri_1 (Climate Action Advocate (Debnath non-conspiracy stream)): 4 message(s)
[Simulation]     user_scopex_hub (Climate Action Advocate (Debnath non-conspiracy stream)): 4 message(s)
[Simulation]     user_scopex_peri_1 (Climate Action Advocate (Debnath non-conspiracy stream)): 4 message(s)
[Simulation]     user_uk_amp (Climate Action Advocate (Debnath non-conspiracy stream)): 4 message(s)
[Simulation]     user_wedonotconsent_hub (Climate Action Advocate (Debnath non-conspiracy stream)): 4 message(s)
[Simulation]     user_wedonotconsent_amp_1 (Climate Action Advocate (Debnath non-conspiracy stream)): 4 message(s)
[Simulation]     user_india_amp (Climate Action Advocate (Debnath non-conspiracy stream)): 4 message(s)
[Simulation]     user_climateaction_piggyback_amp (Geoengineering Conspiracy Believer (Debnath chemtrails cluster)): 4 message(s)
[Simulation]     user_fridaysforfuture_amp (Climate Action Advocate (Debnath non-conspiracy stream)): 4 message(s)
[Simulation]     user_cop26_amp (Climate Action Advocate (Debnath non-conspiracy stream)): 4 message(s)
[Simulation]     user_climateaction_piggyback_peri_1 (Geoengineering Conspiracy Believer (Debnath chemtrails cluster)): 4 message(s)
[Simulation]     user_climate_amp (Climate Action Advocate (Debnath non-conspiracy stream)): 4 message(s)
[Simulation]     user_chemtrails_amp_2 (Geoengineering Conspiracy Believer (Debnath chemtrails cluster)): 4 message(s)
[Simulation]     user_ipcc_amp (Climate scientist (expert voice for heterogeneous mix)): 4 message(s)
[Simulation]     user_chemtrails_peri_3 (Peripheral skywatcher (Debnath low-centrality chemtrails, 2018–2021)): 4 message(s)
[Simulation]     user_actonclimate_amp (Climate Action Advocate (Debnath non-conspiracy stream)): 4 message(s)
[Simulation]   Tick 6/8
[Simulation]     user_haarp_hub (HAARP / weather-warfare believer (Debnath chemtrails neighbour terms)): 4 message(s)
[Simulation]     user_netzero_amp (Climate Action Advocate (Debnath non-conspiracy stream)): 4 message(s)
[Simulation]     user_chemtrails_hub (Geoengineering Conspiracy Believer (Debnath chemtrails cluster)): 4 message(s)
[Simulation]     user_stratosphere_amp (Ozone / stratosphere concern voice (Debnath ozone neighbour)): 4 message(s)
[Simulation]     user_chemtrails_amp_1 (Geoengineering Conspiracy Believer (Debnath chemtrails cluster)): 4 message(s)
[Simulation]     user_haarp_amp_1 (HAARP / weather-warfare believer (Debnath chemtrails neighbour terms)): 4 message(s)
[Simulation]     user_geoengineering_hub (Geoengineering Conspiracy Believer (Debnath chemtrails cluster)): 4 message(s)
[Simulation]     user_geoengineering_amp_1 (Geoengineering Conspiracy Believer (Debnath chemtrails cluster)): 4 message(s)
[Simulation]     user_ozone_hub (Ozone / stratosphere concern voice (Debnath ozone neighbour)): 4 message(s)
[Simulation]     user_srm_amp (Geoengineering Conspiracy Believer (Debnath chemtrails cluster)): 4 message(s)
[Simulation]     user_ozone_peri_1 (Ozone / stratosphere concern voice (Debnath ozone neighbour)): 4 message(s)
[Simulation]     user_srm_peri_1 (Peripheral skywatcher (Debnath low-centrality chemtrails, 2018–2021)): 4 message(s)
[Simulation]     user_sag_amp (Geoengineering Conspiracy Believer (Debnath chemtrails cluster)): 4 message(s)
[Simulation]     user_sai_amp (Ozone / stratosphere concern voice (Debnath ozone neighbour)): 4 message(s)
[Simulation]     user_ecology_amp (Environmental Concern Specialist (Debnath ozone/biodiversity stream)): 4 message(s)
[Simulation]     user_nexrad_amp (HAARP / weather-warfare believer (Debnath chemtrails neighbour terms)): 4 message(s)
[Simulation]     user_nwo_amp (Geoengineering Conspiracy Believer (Debnath chemtrails cluster)): 4 message(s)
[Simulation]     user_biodiversity_hub (Environmental Concern Specialist (Debnath ozone/biodiversity stream)): 4 message(s)
[Simulation]     user_nwo_peri_1 (Peripheral skywatcher (Debnath low-centrality chemtrails, 2018–2021)): 4 message(s)
[Simulation]     user_biodiversity_peri_1 (Environmental Concern Specialist (Debnath ozone/biodiversity stream)): 4 message(s)
[Simulation]     user_foodsecurity_amp (Environmental Concern Specialist (Debnath ozone/biodiversity stream)): 4 message(s)
[Simulation]     user_publichealth_amp (Environmental Concern Specialist (Debnath ozone/biodiversity stream)): 4 message(s)
[Simulation]     user_illuminati_amp (Geoengineering Conspiracy Believer (Debnath chemtrails cluster)): 4 message(s)
[Simulation]     user_airpollution_amp (Environmental Concern Specialist (Debnath ozone/biodiversity stream)): 4 message(s)
[Simulation]     user_gmo_amp (Geoengineering Conspiracy Believer (Debnath chemtrails cluster)): 4 message(s)
[Simulation]     user_airpollution_peri_1 (Environmental Concern Specialist (Debnath ozone/biodiversity stream)): 1 message(s)
[Simulation]     user_publichealth_peri_1 (Environmental Concern Specialist (Debnath ozone/biodiversity stream)): 4 message(s)
[Simulation]     user_environment_amp (Environmental Concern Specialist (Debnath ozone/biodiversity stream)): 3 message(s)
[Simulation]     user_weathermodification_amp (HAARP / weather-warfare believer (Debnath chemtrails neighbour terms)): 4 message(s)
[Simulation]     user_mitigation_amp (Climate Action Advocate (Debnath non-conspiracy stream)): 4 message(s)
[Simulation]     user_usa_amp (Climate Action Advocate (Debnath non-conspiracy stream)): 4 message(s)
[Simulation]     user_weathermodification_peri_1 (HAARP / weather-warfare believer (Debnath chemtrails neighbour terms)): 4 message(s)
[Simulation]     user_uk_amp (Climate Action Advocate (Debnath non-conspiracy stream)): 4 message(s)
[Simulation]     user_weatherwarfare_amp (HAARP / weather-warfare believer (Debnath chemtrails neighbour terms)): 4 message(s)
[Simulation]     user_india_amp (Climate Action Advocate (Debnath non-conspiracy stream)): 4 message(s)
[Simulation]     user_deepstate_amp (Geoengineering Conspiracy Believer (Debnath chemtrails cluster)): 4 message(s)
[Simulation]     user_climateaction_piggyback_amp (Geoengineering Conspiracy Believer (Debnath chemtrails cluster)): 4 message(s)
[Simulation]     user_climateaction_piggyback_peri_1 (Geoengineering Conspiracy Believer (Debnath chemtrails cluster)): 3 message(s)
[Simulation]     user_maga_amp (Geoengineering Conspiracy Believer (Debnath chemtrails cluster)): 4 message(s)
[Simulation]     user_chemtrails_amp_2 (Geoengineering Conspiracy Believer (Debnath chemtrails cluster)): 4 message(s)
[Simulation]     user_greatawakening_amp (Geoengineering Conspiracy Believer (Debnath chemtrails cluster)): 4 message(s)
[Simulation]     user_chemtrails_peri_3 (Peripheral skywatcher (Debnath low-centrality chemtrails, 2018–2021)): 4 message(s)
[Simulation]     user_depopulation_amp (Geoengineering Conspiracy Believer (Debnath chemtrails cluster)): 4 message(s)
[Simulation]   Tick 7/8
[Simulation]     user_haarp_hub (HAARP / weather-warfare believer (Debnath chemtrails neighbour terms)): 4 message(s)
[Simulation]     user_stopspraying_amp (Geoengineering Conspiracy Believer (Debnath chemtrails cluster)): 4 message(s)
[Simulation]     user_stopspraying_peri_1 (Peripheral skywatcher (Debnath low-centrality chemtrails, 2018–2021)): 4 message(s)
[Simulation]     user_chemtrails_hub (Geoengineering Conspiracy Believer (Debnath chemtrails cluster)): 4 message(s)
[Simulation]     user_monsanto_amp (Geoengineering Conspiracy Believer (Debnath chemtrails cluster)): 4 message(s)
[Simulation]     user_climatejustice_hub (Climate Action Advocate (Debnath non-conspiracy stream)): 4 message(s)
[Simulation]     user_chemtrails_amp_1 (Geoengineering Conspiracy Believer (Debnath chemtrails cluster)): 4 message(s)
[Simulation]     user_climateaction_hub (Climate Action Advocate (Debnath non-conspiracy stream)): 4 message(s)
[Simulation]     user_haarp_amp_1 (HAARP / weather-warfare believer (Debnath chemtrails neighbour terms)): 4 message(s)
[Simulation]     user_climateaction_amp_1 (Climate Action Advocate (Debnath non-conspiracy stream)): 4 message(s)
[Simulation]     user_geoengineering_hub (Geoengineering Conspiracy Believer (Debnath chemtrails cluster)): 4 message(s)
[Simulation]     user_climatejustice_amp_1 (Climate Action Advocate (Debnath non-conspiracy stream)): 4 message(s)
[Simulation]     user_geoengineering_amp_1 (Geoengineering Conspiracy Believer (Debnath chemtrails cluster)): 4 message(s)
[Simulation]     user_sweden_hub (Climate Action Advocate (Debnath non-conspiracy stream)): 4 message(s)
[Simulation]     user_sweden_peri_1 (Climate Action Advocate (Debnath non-conspiracy stream)): 4 message(s)
[Simulation]     user_scopex_hub (Climate Action Advocate (Debnath non-conspiracy stream)): 4 message(s)
[Simulation]     user_srm_amp (Geoengineering Conspiracy Believer (Debnath chemtrails cluster)): 4 message(s)
[Simulation]     user_scopex_peri_1 (Climate Action Advocate (Debnath non-conspiracy stream)): 4 message(s)
[Simulation]     user_srm_peri_1 (Peripheral skywatcher (Debnath low-centrality chemtrails, 2018–2021)): 4 message(s)
[Simulation]     user_sag_amp (Geoengineering Conspiracy Believer (Debnath chemtrails cluster)): 4 message(s)
[Simulation]     user_wedonotconsent_hub (Climate Action Advocate (Debnath non-conspiracy stream)): 4 message(s)
[Simulation]     user_nexrad_amp (HAARP / weather-warfare believer (Debnath chemtrails neighbour terms)): 4 message(s)
[Simulation]     user_wedonotconsent_amp_1 (Climate Action Advocate (Debnath non-conspiracy stream)): 4 message(s)
[Simulation]     user_nwo_amp (Geoengineering Conspiracy Believer (Debnath chemtrails cluster)): 4 message(s)
[Simulation]     user_nwo_peri_1 (Peripheral skywatcher (Debnath low-centrality chemtrails, 2018–2021)): 4 message(s)
[Simulation]     user_fridaysforfuture_amp (Climate Action Advocate (Debnath non-conspiracy stream)): 4 message(s)
[Simulation]     user_cop26_amp (Climate Action Advocate (Debnath non-conspiracy stream)): 4 message(s)
[Simulation]     user_illuminati_amp (Geoengineering Conspiracy Believer (Debnath chemtrails cluster)): 4 message(s)
[Simulation]     user_climate_amp (Climate Action Advocate (Debnath non-conspiracy stream)): 4 message(s)
[Simulation]     user_gmo_amp (Geoengineering Conspiracy Believer (Debnath chemtrails cluster)): 4 message(s)
[Simulation]     user_ipcc_amp (Climate scientist (expert voice for heterogeneous mix)): 4 message(s)
[Simulation]     user_actonclimate_amp (Climate Action Advocate (Debnath non-conspiracy stream)): 4 message(s)
[Simulation]     user_weathermodification_amp (HAARP / weather-warfare believer (Debnath chemtrails neighbour terms)): 4 message(s)
[Simulation]     user_netzero_amp (Climate Action Advocate (Debnath non-conspiracy stream)): 4 message(s)
[Simulation]     user_weathermodification_peri_1 (HAARP / weather-warfare believer (Debnath chemtrails neighbour terms)): 4 message(s)
[Simulation]     user_stratosphere_amp (Ozone / stratosphere concern voice (Debnath ozone neighbour)): 4 message(s)
[Simulation]     user_ozone_hub (Ozone / stratosphere concern voice (Debnath ozone neighbour)): 4 message(s)
[Simulation]     user_weatherwarfare_amp (HAARP / weather-warfare believer (Debnath chemtrails neighbour terms)): 4 message(s)
[Simulation]     user_ozone_peri_1 (Ozone / stratosphere concern voice (Debnath ozone neighbour)): 4 message(s)
[Simulation]     user_deepstate_amp (Geoengineering Conspiracy Believer (Debnath chemtrails cluster)): 4 message(s)
[Simulation]     user_sai_amp (Ozone / stratosphere concern voice (Debnath ozone neighbour)): 4 message(s)
[Simulation]     user_maga_amp (Geoengineering Conspiracy Believer (Debnath chemtrails cluster)): 4 message(s)
