
=== 2026-09-19T04:13:27.139Z  node index.js --config thesisExperiment/configs/phase2/T2d_He_echo_chamber_mix_01.json
Loaded run config from: thesisExperiment/configs/phase2/T2d_He_echo_chamber_mix_01.json

[Simulation] Experiment: T2d_He_echo_chamber_mix_01_2026-09-19_04-13-27
[Simulation] Dir: /workspace/thesisExperiment/runs_phase2/T2d_He_echo_chamber_mix_01_2026-09-19_04-13-27


[Simulation] === Propagating: scopex_2017 ===
[Simulation]   Tick 1/8
[Simulation]     node_0 (Depopulation / Gates-target believer (Debnath 2018–2021 broadening)): 1 message(s)
[Simulation]   Tick 2/8
[Simulation]     node_2 (Depopulation / Gates-target believer (Debnath 2018–2021 broadening)): 1 message(s)
[Simulation]     node_4 (Depopulation / Gates-target believer (Debnath 2018–2021 broadening)): 1 message(s)
[Simulation]     node_6 (Depopulation / Gates-target believer (Debnath 2018–2021 broadening)): 1 message(s)
[Simulation]   Tick 3/8
[Simulation]     node_0 (Depopulation / Gates-target believer (Debnath 2018–2021 broadening)): 2 message(s)
[Simulation]     node_2 (Depopulation / Gates-target believer (Debnath 2018–2021 broadening)): 1 message(s)
[Simulation]     node_4 (Depopulation / Gates-target believer (Debnath 2018–2021 broadening)): 2 message(s)
[Simulation]     node_5 (Biodiversity and food-security concern (Debnath ecology/food terms)): 1 message(s)
[Simulation]     node_6 (Depopulation / Gates-target believer (Debnath 2018–2021 broadening)): 1 message(s)
[Simulation]   Tick 4/8
[Simulation]     node_0 (Depopulation / Gates-target believer (Debnath 2018–2021 broadening)): 2 message(s)
[Simulation]     node_1 (Climate justice youth organiser (Debnath climate-action variant)): 1 message(s)
[Simulation]     node_2 (Depopulation / Gates-target believer (Debnath 2018–2021 broadening)): 4 message(s)
[Simulation]     node_4 (Depopulation / Gates-target believer (Debnath 2018–2021 broadening)): 3 message(s)
[Simulation]     node_6 (Depopulation / Gates-target believer (Debnath 2018–2021 broadening)): 2 message(s)
[Simulation]   Tick 5/8
[Simulation]     node_0 (Depopulation / Gates-target believer (Debnath 2018–2021 broadening)): 4 message(s)
[Simulation]     node_1 (Climate justice youth organiser (Debnath climate-action variant)): 2 message(s)
[Simulation]     node_2 (Depopulation / Gates-target believer (Debnath 2018–2021 broadening)): 4 message(s)
[Simulation]     node_3 (Environmental Concern Specialist (Debnath ozone/biodiversity stream)): 1 message(s)
[Simulation]     node_4 (Depopulation / Gates-target believer (Debnath 2018–2021 broadening)): 4 message(s)
[Simulation]     node_5 (Biodiversity and food-security concern (Debnath ecology/food terms)): 4 message(s)
[Simulation]     node_6 (Depopulation / Gates-target believer (Debnath 2018–2021 broadening)): 4 message(s)
[Simulation]     node_7 (Climate justice youth organiser (Debnath climate-action variant)): 1 message(s)
[Simulation]   Tick 6/8
[Simulation]     node_0 (Depopulation / Gates-target believer (Debnath 2018–2021 broadening)): 4 message(s)
[Simulation]     node_1 (Climate justice youth organiser (Debnath climate-action variant)): 2 message(s)
[Simulation]     node_2 (Depopulation / Gates-target believer (Debnath 2018–2021 broadening)): 4 message(s)
[Simulation]     node_3 (Environmental Concern Specialist (Debnath ozone/biodiversity stream)): 3 message(s)
[Simulation]     node_4 (Depopulation / Gates-target believer (Debnath 2018–2021 broadening)): 4 message(s)
[Simulation]     node_5 (Biodiversity and food-security concern (Debnath ecology/food terms)): 3 message(s)
[Simulation]     node_6 (Depopulation / Gates-target believer (Debnath 2018–2021 broadening)): 4 message(s)
[Simulation]     node_7 (Climate justice youth organiser (Debnath climate-action variant)): 2 message(s)
[Simulation]   Tick 7/8
[Simulation]     node_0 (Depopulation / Gates-target believer (Debnath 2018–2021 broadening)): 4 message(s)
[Simulation]     node_1 (Climate justice youth organiser (Debnath climate-action variant)): 4 message(s)
[Simulation]     node_2 (Depopulation / Gates-target believer (Debnath 2018–2021 broadening)): 4 message(s)
[Simulation]     node_3 (Environmental Concern Specialist (Debnath ozone/biodiversity stream)): 4 message(s)
[Simulation]     node_4 (Depopulation / Gates-target believer (Debnath 2018–2021 broadening)): 4 message(s)
[Simulation]     node_5 (Biodiversity and food-security concern (Debnath ecology/food terms)): 4 message(s)
[Simulation]     node_6 (Depopulation / Gates-target believer (Debnath 2018–2021 broadening)): 4 message(s)
[Simulation]     node_7 (Climate justice youth organiser (Debnath climate-action variant)): 2 message(s)
[Simulation]   Tick 8/8
[Simulation]     node_0 (Depopulation / Gates-target believer (Debnath 2018–2021 broadening)): 4 message(s)
[Simulation]     node_1 (Climate justice youth organiser (Debnath climate-action variant)): 4 message(s)
[Simulation]     node_2 (Depopulation / Gates-target believer (Debnath 2018–2021 broadening)): 4 message(s)
[Simulation]     node_3 (Environmental Concern Specialist (Debnath ozone/biodiversity stream)): 4 message(s)
[Simulation]     node_4 (Depopulation / Gates-target believer (Debnath 2018–2021 broadening)): 4 message(s)
[Simulation]     node_5 (Biodiversity and food-security concern (Debnath ecology/food terms)): 4 message(s)
[Simulation]     node_6 (Depopulation / Gates-target believer (Debnath 2018–2021 broadening)): 4 message(s)
[Simulation]     node_7 (Climate justice youth organiser (Debnath climate-action variant)): 4 message(s)

[Simulation] === Propagating: chemtrails_gates_2018_2021 ===
[Simulation]   Tick 1/8
[Simulation]     node_0 (Depopulation / Gates-target believer (Debnath 2018–2021 broadening)): 1 message(s)
[Simulation]   Tick 2/8
[Simulation]     node_2 (Depopulation / Gates-target believer (Debnath 2018–2021 broadening)): 1 message(s)
[Simulation]     node_4 (Depopulation / Gates-target believer (Debnath 2018–2021 broadening)): 1 message(s)
[Simulation]     node_6 (Depopulation / Gates-target believer (Debnath 2018–2021 broadening)): 1 message(s)
[Simulation]   Tick 3/8
[Simulation]     node_0 (Depopulation / Gates-target believer (Debnath 2018–2021 broadening)): 3 message(s)
[Simulation]     node_1 (Climate justice youth organiser (Debnath climate-action variant)): 1 message(s)
[Simulation]     node_2 (Depopulation / Gates-target believer (Debnath 2018–2021 broadening)): 2 message(s)
[Simulation]     node_4 (Depopulation / Gates-target believer (Debnath 2018–2021 broadening)): 2 message(s)
[Simulation]     node_5 (Biodiversity and food-security concern (Debnath ecology/food terms)): 1 message(s)
[Simulation]     node_6 (Depopulation / Gates-target believer (Debnath 2018–2021 broadening)): 1 message(s)
[Simulation]   Tick 4/8
[Simulation]     node_0 (Depopulation / Gates-target believer (Debnath 2018–2021 broadening)): 4 message(s)
[Simulation]     node_1 (Climate justice youth organiser (Debnath climate-action variant)): 1 message(s)
[Simulation]     node_2 (Depopulation / Gates-target believer (Debnath 2018–2021 broadening)): 4 message(s)
[Simulation]     node_4 (Depopulation / Gates-target believer (Debnath 2018–2021 broadening)): 4 message(s)
[Simulation]     node_5 (Biodiversity and food-security concern (Debnath ecology/food terms)): 2 message(s)
[Simulation]     node_6 (Depopulation / Gates-target believer (Debnath 2018–2021 broadening)): 4 message(s)
[Simulation]   Tick 5/8
[Simulation]     node_0 (Depopulation / Gates-target believer (Debnath 2018–2021 broadening)): 4 message(s)
[Simulation]     node_1 (Climate justice youth organiser (Debnath climate-action variant)): 3 message(s)
[Simulation]     node_2 (Depopulation / Gates-target believer (Debnath 2018–2021 broadening)): 4 message(s)
[Simulation]     node_3 (Environmental Concern Specialist (Debnath ozone/biodiversity stream)): 1 message(s)
[Simulation]     node_4 (Depopulation / Gates-target believer (Debnath 2018–2021 broadening)): 4 message(s)
[Simulation]     node_5 (Biodiversity and food-security concern (Debnath ecology/food terms)): 2 message(s)
[Simulation]     node_6 (Depopulation / Gates-target believer (Debnath 2018–2021 broadening)): 4 message(s)
[Simulation]     node_7 (Climate justice youth organiser (Debnath climate-action variant)): 1 message(s)
[Simulation]   Tick 6/8
[Simulation]     node_0 (Depopulation / Gates-target believer (Debnath 2018–2021 broadening)): 4 message(s)
[Simulation]     node_1 (Climate justice youth organiser (Debnath climate-action variant)): 4 message(s)
[Simulation]     node_2 (Depopulation / Gates-target believer (Debnath 2018–2021 broadening)): 4 message(s)
[Simulation]     node_3 (Environmental Concern Specialist (Debnath ozone/biodiversity stream)): 3 message(s)
[Simulation]     node_4 (Depopulation / Gates-target believer (Debnath 2018–2021 broadening)): 4 message(s)
[Simulation]     node_5 (Biodiversity and food-security concern (Debnath ecology/food terms)): 4 message(s)
[Simulation]     node_6 (Depopulation / Gates-target believer (Debnath 2018–2021 broadening)): 4 message(s)
[Simulation]     node_7 (Climate justice youth organiser (Debnath climate-action variant)): 2 message(s)
[Simulation]   Tick 7/8
[Simulation]     node_0 (Depopulation / Gates-target believer (Debnath 2018–2021 broadening)): 4 message(s)
[Simulation]     node_1 (Climate justice youth organiser (Debnath climate-action variant)): 4 message(s)
[Simulation]     node_2 (Depopulation / Gates-target believer (Debnath 2018–2021 broadening)): 4 message(s)
[Simulation]     node_3 (Environmental Concern Specialist (Debnath ozone/biodiversity stream)): 4 message(s)
[Simulation]     node_4 (Depopulation / Gates-target believer (Debnath 2018–2021 broadening)): 4 message(s)
[Simulation]     node_5 (Biodiversity and food-security concern (Debnath ecology/food terms)): 4 message(s)
[Simulation]     node_6 (Depopulation / Gates-target believer (Debnath 2018–2021 broadening)): 4 message(s)
[Simulation]     node_7 (Climate justice youth organiser (Debnath climate-action variant)): 4 message(s)
[Simulation]   Tick 8/8
[Simulation]     node_0 (Depopulation / Gates-target believer (Debnath 2018–2021 broadening)): 4 message(s)
[Simulation]     node_1 (Climate justice youth organiser (Debnath climate-action variant)): 4 message(s)
[Simulation]     node_2 (Depopulation / Gates-target believer (Debnath 2018–2021 broadening)): 4 message(s)
[Simulation]     node_3 (Environmental Concern Specialist (Debnath ozone/biodiversity stream)): 4 message(s)
[Simulation]     node_4 (Depopulation / Gates-target believer (Debnath 2018–2021 broadening)): 4 message(s)
[Simulation]     node_5 (Biodiversity and food-security concern (Debnath ecology/food terms)): 4 message(s)
[Simulation]     node_6 (Depopulation / Gates-target believer (Debnath 2018–2021 broadening)): 4 message(s)
[Simulation]     node_7 (Climate justice youth organiser (Debnath climate-action variant)): 4 message(s)

[Simulation] === Propagating: sai_geoengineering ===
[Simulation]   Tick 1/8
[Simulation]     node_0 (Depopulation / Gates-target believer (Debnath 2018–2021 broadening)): 1 message(s)
[Simulation]   Tick 2/8
[Simulation]     node_2 (Depopulation / Gates-target believer (Debnath 2018–2021 broadening)): 1 message(s)
[Simulation]     node_4 (Depopulation / Gates-target believer (Debnath 2018–2021 broadening)): 1 message(s)
[Simulation]     node_6 (Depopulation / Gates-target believer (Debnath 2018–2021 broadening)): 1 message(s)
[Simulation]   Tick 3/8
[Simulation]     node_0 (Depopulation / Gates-target believer (Debnath 2018–2021 broadening)): 3 message(s)
[Simulation]     node_1 (Climate justice youth organiser (Debnath climate-action variant)): 1 message(s)
[Simulation]     node_2 (Depopulation / Gates-target believer (Debnath 2018–2021 broadening)): 2 message(s)
[Simulation]     node_4 (Depopulation / Gates-target believer (Debnath 2018–2021 broadening)): 2 message(s)
[Simulation]     node_5 (Biodiversity and food-security concern (Debnath ecology/food terms)): 1 message(s)
[Simulation]     node_6 (Depopulation / Gates-target believer (Debnath 2018–2021 broadening)): 1 message(s)
[Simulation]   Tick 4/8
[Simulation]     node_0 (Depopulation / Gates-target believer (Debnath 2018–2021 broadening)): 4 message(s)
[Simulation]     node_1 (Climate justice youth organiser (Debnath climate-action variant)): 2 message(s)
[Simulation]     node_2 (Depopulation / Gates-target believer (Debnath 2018–2021 broadening)): 4 message(s)
[Simulation]     node_3 (Environmental Concern Specialist (Debnath ozone/biodiversity stream)): 1 message(s)
[Simulation]     node_4 (Depopulation / Gates-target believer (Debnath 2018–2021 broadening)): 4 message(s)
[Simulation]     node_5 (Biodiversity and food-security concern (Debnath ecology/food terms)): 2 message(s)
[Simulation]     node_6 (Depopulation / Gates-target believer (Debnath 2018–2021 broadening)): 4 message(s)
[Simulation]     node_7 (Climate justice youth organiser (Debnath climate-action variant)): 1 message(s)
[Simulation]   Tick 5/8
[Simulation]     node_0 (Depopulation / Gates-target believer (Debnath 2018–2021 broadening)): 4 message(s)
[Simulation]     node_1 (Climate justice youth organiser (Debnath climate-action variant)): 4 message(s)
[Simulation]     node_2 (Depopulation / Gates-target believer (Debnath 2018–2021 broadening)): 4 message(s)
[Simulation]     node_3 (Environmental Concern Specialist (Debnath ozone/biodiversity stream)): 3 message(s)
[Simulation]     node_4 (Depopulation / Gates-target believer (Debnath 2018–2021 broadening)): 4 message(s)
[Simulation]     node_5 (Biodiversity and food-security concern (Debnath ecology/food terms)): 4 message(s)
[Simulation]     node_6 (Depopulation / Gates-target believer (Debnath 2018–2021 broadening)): 4 message(s)
[Simulation]     node_7 (Climate justice youth organiser (Debnath climate-action variant)): 2 message(s)
[Simulation]   Tick 6/8
[Simulation]     node_0 (Depopulation / Gates-target believer (Debnath 2018–2021 broadening)): 4 message(s)
[Simulation]     node_1 (Climate justice youth organiser (Debnath climate-action variant)): 4 message(s)
[Simulation]     node_2 (Depopulation / Gates-target believer (Debnath 2018–2021 broadening)): 4 message(s)
[Simulation]     node_3 (Environmental Concern Specialist (Debnath ozone/biodiversity stream)): 4 message(s)
[Simulation]     node_4 (Depopulation / Gates-target believer (Debnath 2018–2021 broadening)): 4 message(s)
[Simulation]     node_5 (Biodiversity and food-security concern (Debnath ecology/food terms)): 4 message(s)
[Simulation]     node_6 (Depopulation / Gates-target believer (Debnath 2018–2021 broadening)): 4 message(s)
[Simulation]     node_7 (Climate justice youth organiser (Debnath climate-action variant)): 3 message(s)
[Simulation]   Tick 7/8
[Simulation]     node_0 (Depopulation / Gates-target believer (Debnath 2018–2021 broadening)): 4 message(s)
[Simulation]     node_1 (Climate justice youth organiser (Debnath climate-action variant)): 4 message(s)
[Simulation]     node_2 (Depopulation / Gates-target believer (Debnath 2018–2021 broadening)): 4 message(s)
[Simulation]     node_3 (Environmental Concern Specialist (Debnath ozone/biodiversity stream)): 4 message(s)
[Simulation]     node_4 (Depopulation / Gates-target believer (Debnath 2018–2021 broadening)): 4 message(s)
[Simulation]     node_5 (Biodiversity and food-security concern (Debnath ecology/food terms)): 4 message(s)
[Simulation]     node_6 (Depopulation / Gates-target believer (Debnath 2018–2021 broadening)): 4 message(s)
[Simulation]     node_7 (Climate justice youth organiser (Debnath climate-action variant)): 4 message(s)
[Simulation]   Tick 8/8
[Simulation]     node_0 (Depopulation / Gates-target believer (Debnath 2018–2021 broadening)): 4 message(s)
[Simulation]     node_1 (Climate justice youth organiser (Debnath climate-action variant)): 4 message(s)
[Simulation]     node_2 (Depopulation / Gates-target believer (Debnath 2018–2021 broadening)): 4 message(s)

=== 2026-09-19T04:20:32.110Z  node index.js --config thesisExperiment/configs/phase2/T2d_He_echo_chamber_mix_01.json
Loaded run config from: thesisExperiment/configs/phase2/T2d_He_echo_chamber_mix_01.json

[Simulation] Experiment: T2d_He_echo_chamber_mix_01_2026-09-19_04-20-32
[Simulation] Dir: /workspace/thesisExperiment/runs_phase2/T2d_He_echo_chamber_mix_01_2026-09-19_04-20-32


[Simulation] === Propagating: scopex_2017 ===
[Simulation]   Tick 1/8
[Simulation]     node_0 (Depopulation / Gates-target believer (Debnath 2018–2021 broadening)): 1 message(s)
[Simulation]     node_3 (Environmental Concern Specialist (Debnath ozone/biodiversity stream)): 4 message(s)
[Simulation]   Tick 2/8
[Simulation]     node_2 (Depopulation / Gates-target believer (Debnath 2018–2021 broadening)): 1 message(s)
[Simulation]     node_4 (Depopulation / Gates-target believer (Debnath 2018–2021 broadening)): 1 message(s)
[Simulation]     node_6 (Depopulation / Gates-target believer (Debnath 2018–2021 broadening)): 1 message(s)
[Simulation]     node_4 (Depopulation / Gates-target believer (Debnath 2018–2021 broadening)): 4 message(s)
[Simulation]   Tick 3/8
[Simulation]     node_0 (Depopulation / Gates-target believer (Debnath 2018–2021 broadening)): 1 message(s)
[Simulation]     node_2 (Depopulation / Gates-target believer (Debnath 2018–2021 broadening)): 1 message(s)
[Simulation]     node_4 (Depopulation / Gates-target believer (Debnath 2018–2021 broadening)): 1 message(s)
[Simulation]   Tick 4/8
[Simulation]     node_0 (Depopulation / Gates-target believer (Debnath 2018–2021 broadening)): 2 message(s)
[Simulation]     node_1 (Climate justice youth organiser (Debnath climate-action variant)): 1 message(s)
[Simulation]     node_5 (Biodiversity and food-security concern (Debnath ecology/food terms)): 4 message(s)
[Simulation]     node_6 (Depopulation / Gates-target believer (Debnath 2018–2021 broadening)): 4 message(s)
[Simulation]     node_2 (Depopulation / Gates-target believer (Debnath 2018–2021 broadening)): 1 message(s)
[Simulation]     node_4 (Depopulation / Gates-target believer (Debnath 2018–2021 broadening)): 1 message(s)
[Simulation]     node_5 (Biodiversity and food-security concern (Debnath ecology/food terms)): 1 message(s)
[Simulation]     node_6 (Depopulation / Gates-target believer (Debnath 2018–2021 broadening)): 1 message(s)
[Simulation]   Tick 5/8
[Simulation]     node_0 (Depopulation / Gates-target believer (Debnath 2018–2021 broadening)): 3 message(s)
[Simulation]     node_7 (Climate justice youth organiser (Debnath climate-action variant)): 3 message(s)
[Simulation]     node_1 (Climate justice youth organiser (Debnath climate-action variant)): 1 message(s)
[Simulation]     node_2 (Depopulation / Gates-target believer (Debnath 2018–2021 broadening)): 3 message(s)
[Simulation]     node_3 (Environmental Concern Specialist (Debnath ozone/biodiversity stream)): 1 message(s)
[Simulation]     node_4 (Depopulation / Gates-target believer (Debnath 2018–2021 broadening)): 3 message(s)

[Simulation] === Propagating: paris_agreement ===
[Simulation]   Tick 1/8
[Simulation]     node_0 (Depopulation / Gates-target believer (Debnath 2018–2021 broadening)): 1 message(s)
[Simulation]     node_5 (Biodiversity and food-security concern (Debnath ecology/food terms)): 1 message(s)
[Simulation]     node_6 (Depopulation / Gates-target believer (Debnath 2018–2021 broadening)): 2 message(s)
[Simulation]     node_7 (Climate justice youth organiser (Debnath climate-action variant)): 1 message(s)
[Simulation]   Tick 6/8
[Simulation]     node_0 (Depopulation / Gates-target believer (Debnath 2018–2021 broadening)): 4 message(s)
[Simulation]   Tick 2/8
[Simulation]     node_2 (Depopulation / Gates-target believer (Debnath 2018–2021 broadening)): 1 message(s)
[Simulation]     node_4 (Depopulation / Gates-target believer (Debnath 2018–2021 broadening)): 1 message(s)
[Simulation]     node_6 (Depopulation / Gates-target believer (Debnath 2018–2021 broadening)): 1 message(s)
[Simulation]   Tick 3/8
[Simulation]     node_0 (Depopulation / Gates-target believer (Debnath 2018–2021 broadening)): 3 message(s)
[Simulation]     node_1 (Climate justice youth organiser (Debnath climate-action variant)): 4 message(s)
[Simulation]     node_1 (Climate justice youth organiser (Debnath climate-action variant)): 1 message(s)
[Simulation]     node_2 (Depopulation / Gates-target believer (Debnath 2018–2021 broadening)): 2 message(s)
[Simulation]     node_4 (Depopulation / Gates-target believer (Debnath 2018–2021 broadening)): 2 message(s)
[Simulation]     node_2 (Depopulation / Gates-target believer (Debnath 2018–2021 broadening)): 4 message(s)
[Simulation]     node_5 (Biodiversity and food-security concern (Debnath ecology/food terms)): 1 message(s)
[Simulation]     node_6 (Depopulation / Gates-target believer (Debnath 2018–2021 broadening)): 1 message(s)
[Simulation]     node_3 (Environmental Concern Specialist (Debnath ozone/biodiversity stream)): 2 message(s)
[Simulation]     node_4 (Depopulation / Gates-target believer (Debnath 2018–2021 broadening)): 4 message(s)
[Simulation]   Tick 4/8
[Simulation]     node_0 (Depopulation / Gates-target believer (Debnath 2018–2021 broadening)): 4 message(s)
[Simulation]     node_1 (Climate justice youth organiser (Debnath climate-action variant)): 2 message(s)
[Simulation]     node_2 (Depopulation / Gates-target believer (Debnath 2018–2021 broadening)): 4 message(s)
[Simulation]     node_5 (Biodiversity and food-security concern (Debnath ecology/food terms)): 1 message(s)
[Simulation]     node_6 (Depopulation / Gates-target believer (Debnath 2018–2021 broadening)): 4 message(s)
[Simulation]     node_7 (Climate justice youth organiser (Debnath climate-action variant)): 1 message(s)
[Simulation]     node_4 (Depopulation / Gates-target believer (Debnath 2018–2021 broadening)): 4 message(s)
[Simulation]   Tick 7/8
[Simulation]     node_0 (Depopulation / Gates-target believer (Debnath 2018–2021 broadening)): 4 message(s)
[Simulation]     node_5 (Biodiversity and food-security concern (Debnath ecology/food terms)): 2 message(s)
[Simulation]     node_6 (Depopulation / Gates-target believer (Debnath 2018–2021 broadening)): 4 message(s)
[Simulation]     node_1 (Climate justice youth organiser (Debnath climate-action variant)): 4 message(s)
[Simulation]     node_2 (Depopulation / Gates-target believer (Debnath 2018–2021 broadening)): 4 message(s)
[Simulation]   Tick 5/8
[Simulation]     node_0 (Depopulation / Gates-target believer (Debnath 2018–2021 broadening)): 4 message(s)
[Simulation]     node_3 (Environmental Concern Specialist (Debnath ozone/biodiversity stream)): 2 message(s)
[Simulation]     node_1 (Climate justice youth organiser (Debnath climate-action variant)): 3 message(s)
[Simulation]     node_4 (Depopulation / Gates-target believer (Debnath 2018–2021 broadening)): 4 message(s)
[Simulation]     node_2 (Depopulation / Gates-target believer (Debnath 2018–2021 broadening)): 4 message(s)
[Simulation]     node_5 (Biodiversity and food-security concern (Debnath ecology/food terms)): 4 message(s)
[Simulation]     node_6 (Depopulation / Gates-target believer (Debnath 2018–2021 broadening)): 4 message(s)
[Simulation]     node_3 (Environmental Concern Specialist (Debnath ozone/biodiversity stream)): 1 message(s)
[Simulation]     node_4 (Depopulation / Gates-target believer (Debnath 2018–2021 broadening)): 4 message(s)
[Simulation]     node_7 (Climate justice youth organiser (Debnath climate-action variant)): 1 message(s)
[Simulation]   Tick 8/8
[Simulation]     node_0 (Depopulation / Gates-target believer (Debnath 2018–2021 broadening)): 4 message(s)
[Simulation]     node_5 (Biodiversity and food-security concern (Debnath ecology/food terms)): 3 message(s)
[Simulation]     node_6 (Depopulation / Gates-target believer (Debnath 2018–2021 broadening)): 4 message(s)
[Simulation]     node_7 (Climate justice youth organiser (Debnath climate-action variant)): 1 message(s)
[Simulation]   Tick 6/8
[Simulation]     node_0 (Depopulation / Gates-target believer (Debnath 2018–2021 broadening)): 4 message(s)
[Simulation]     node_1 (Climate justice youth organiser (Debnath climate-action variant)): 4 message(s)
[Simulation]     node_1 (Climate justice youth organiser (Debnath climate-action variant)): 4 message(s)
[Simulation]     node_2 (Depopulation / Gates-target believer (Debnath 2018–2021 broadening)): 4 message(s)
[Simulation]     node_2 (Depopulation / Gates-target believer (Debnath 2018–2021 broadening)): 4 message(s)
[Simulation]     node_3 (Environmental Concern Specialist (Debnath ozone/biodiversity stream)): 4 message(s)
[Simulation]     node_3 (Environmental Concern Specialist (Debnath ozone/biodiversity stream)): 4 message(s)
[Simulation]     node_4 (Depopulation / Gates-target believer (Debnath 2018–2021 broadening)): 4 message(s)
[Simulation]     node_4 (Depopulation / Gates-target believer (Debnath 2018–2021 broadening)): 4 message(s)
[Simulation]     node_5 (Biodiversity and food-security concern (Debnath ecology/food terms)): 4 message(s)
[Simulation]     node_6 (Depopulation / Gates-target believer (Debnath 2018–2021 broadening)): 4 message(s)
[Simulation]     node_5 (Biodiversity and food-security concern (Debnath ecology/food terms)): 4 message(s)
[Simulation]     node_6 (Depopulation / Gates-target believer (Debnath 2018–2021 broadening)): 4 message(s)
[Simulation]     node_7 (Climate justice youth organiser (Debnath climate-action variant)): 3 message(s)
[Simulation]     node_7 (Climate justice youth organiser (Debnath climate-action variant)): 4 message(s)
[Simulation]   Tick 7/8
[Simulation]     node_0 (Depopulation / Gates-target believer (Debnath 2018–2021 broadening)): 4 message(s)

[Simulation] === Propagating: chemtrails_gates_2018_2021 ===
[Simulation]   Tick 1/8
[Simulation]     node_0 (Depopulation / Gates-target believer (Debnath 2018–2021 broadening)): 1 message(s)
[Simulation]   Tick 2/8
[Simulation]     node_2 (Depopulation / Gates-target believer (Debnath 2018–2021 broadening)): 1 message(s)
[Simulation]     node_4 (Depopulation / Gates-target believer (Debnath 2018–2021 broadening)): 1 message(s)
[Simulation]     node_6 (Depopulation / Gates-target believer (Debnath 2018–2021 broadening)): 1 message(s)
[Simulation]   Tick 3/8
[Simulation]     node_0 (Depopulation / Gates-target believer (Debnath 2018–2021 broadening)): 3 message(s)
[Simulation]     node_1 (Climate justice youth organiser (Debnath climate-action variant)): 1 message(s)
[Simulation]     node_2 (Depopulation / Gates-target believer (Debnath 2018–2021 broadening)): 2 message(s)
[Simulation]     node_1 (Climate justice youth organiser (Debnath climate-action variant)): 4 message(s)
[Simulation]     node_4 (Depopulation / Gates-target believer (Debnath 2018–2021 broadening)): 2 message(s)
[Simulation]     node_5 (Biodiversity and food-security concern (Debnath ecology/food terms)): 1 message(s)
[Simulation]     node_6 (Depopulation / Gates-target believer (Debnath 2018–2021 broadening)): 1 message(s)
[Simulation]   Tick 4/8
[Simulation]     node_0 (Depopulation / Gates-target believer (Debnath 2018–2021 broadening)): 3 message(s)
[Simulation]     node_1 (Climate justice youth organiser (Debnath climate-action variant)): 1 message(s)
[Simulation]     node_2 (Depopulation / Gates-target believer (Debnath 2018–2021 broadening)): 4 message(s)
[Simulation]     node_2 (Depopulation / Gates-target believer (Debnath 2018–2021 broadening)): 4 message(s)
[Simulation]     node_3 (Environmental Concern Specialist (Debnath ozone/biodiversity stream)): 1 message(s)
[Simulation]     node_4 (Depopulation / Gates-target believer (Debnath 2018–2021 broadening)): 4 message(s)
[Simulation]     node_3 (Environmental Concern Specialist (Debnath ozone/biodiversity stream)): 4 message(s)
[Simulation]     node_4 (Depopulation / Gates-target believer (Debnath 2018–2021 broadening)): 4 message(s)
[Simulation]     node_5 (Biodiversity and food-security concern (Debnath ecology/food terms)): 1 message(s)
[Simulation]     node_6 (Depopulation / Gates-target believer (Debnath 2018–2021 broadening)): 4 message(s)
[Simulation]     node_5 (Biodiversity and food-security concern (Debnath ecology/food terms)): 4 message(s)
[Simulation]     node_6 (Depopulation / Gates-target believer (Debnath 2018–2021 broadening)): 4 message(s)
[Simulation]     node_7 (Climate justice youth organiser (Debnath climate-action variant)): 1 message(s)
[Simulation]   Tick 5/8
[Simulation]     node_0 (Depopulation / Gates-target believer (Debnath 2018–2021 broadening)): 4 message(s)
[Simulation]     node_7 (Climate justice youth organiser (Debnath climate-action variant)): 3 message(s)
[Simulation]     node_1 (Climate justice youth organiser (Debnath climate-action variant)): 4 message(s)
[Simulation]     node_2 (Depopulation / Gates-target believer (Debnath 2018–2021 broadening)): 4 message(s)
[Simulation]   Tick 8/8
[Simulation]     node_0 (Depopulation / Gates-target believer (Debnath 2018–2021 broadening)): 4 message(s)
[Simulation]     node_1 (Climate justice youth organiser (Debnath climate-action variant)): 4 message(s)
[Simulation]     node_3 (Environmental Concern Specialist (Debnath ozone/biodiversity stream)): 2 message(s)
[Simulation]     node_2 (Depopulation / Gates-target believer (Debnath 2018–2021 broadening)): 4 message(s)
[Simulation]     node_4 (Depopulation / Gates-target believer (Debnath 2018–2021 broadening)): 4 message(s)
[Simulation]     node_3 (Environmental Concern Specialist (Debnath ozone/biodiversity stream)): 4 message(s)
[Simulation]     node_4 (Depopulation / Gates-target believer (Debnath 2018–2021 broadening)): 4 message(s)
[Simulation]     node_5 (Biodiversity and food-security concern (Debnath ecology/food terms)): 4 message(s)
[Simulation]     node_6 (Depopulation / Gates-target believer (Debnath 2018–2021 broadening)): 4 message(s)
[Simulation]     node_7 (Climate justice youth organiser (Debnath climate-action variant)): 1 message(s)
[Simulation]   Tick 6/8
[Simulation]     node_0 (Depopulation / Gates-target believer (Debnath 2018–2021 broadening)): 4 message(s)
[Simulation]     node_5 (Biodiversity and food-security concern (Debnath ecology/food terms)): 4 message(s)
[Simulation]     node_6 (Depopulation / Gates-target believer (Debnath 2018–2021 broadening)): 4 message(s)
[Simulation]     node_1 (Climate justice youth organiser (Debnath climate-action variant)): 4 message(s)
[Simulation]     node_7 (Climate justice youth organiser (Debnath climate-action variant)): 3 message(s)
[Simulation]     node_2 (Depopulation / Gates-target believer (Debnath 2018–2021 broadening)): 4 message(s)

[Simulation] === Propagating: climate_consensus ===
[Simulation]   Tick 1/8
[Simulation]     node_0 (Depopulation / Gates-target believer (Debnath 2018–2021 broadening)): 1 message(s)
[Simulation]   No propagation at tick 1, stopping.

[Simulation] === Propagating: polar_bears ===
[Simulation]   Tick 1/8
[Simulation]     node_0 (Depopulation / Gates-target believer (Debnath 2018–2021 broadening)): 1 message(s)
[Simulation]   Tick 2/8
[Simulation]     node_2 (Depopulation / Gates-target believer (Debnath 2018–2021 broadening)): 1 message(s)
[Simulation]     node_4 (Depopulation / Gates-target believer (Debnath 2018–2021 broadening)): 1 message(s)
[Simulation]     node_3 (Environmental Concern Specialist (Debnath ozone/biodiversity stream)): 4 message(s)
[Simulation]     node_6 (Depopulation / Gates-target believer (Debnath 2018–2021 broadening)): 1 message(s)
[Simulation]   Tick 3/8
[Simulation]     node_0 (Depopulation / Gates-target believer (Debnath 2018–2021 broadening)): 3 message(s)
[Simulation]     node_1 (Climate justice youth organiser (Debnath climate-action variant)): 1 message(s)
[Simulation]     node_2 (Depopulation / Gates-target believer (Debnath 2018–2021 broadening)): 2 message(s)
[Simulation]     node_4 (Depopulation / Gates-target believer (Debnath 2018–2021 broadening)): 2 message(s)
[Simulation]     node_4 (Depopulation / Gates-target believer (Debnath 2018–2021 broadening)): 4 message(s)
[Simulation]     node_5 (Biodiversity and food-security concern (Debnath ecology/food terms)): 1 message(s)
[Simulation]     node_6 (Depopulation / Gates-target believer (Debnath 2018–2021 broadening)): 1 message(s)
[Simulation]   Tick 4/8
[Simulation]     node_0 (Depopulation / Gates-target believer (Debnath 2018–2021 broadening)): 3 message(s)
[Simulation]     node_1 (Climate justice youth organiser (Debnath climate-action variant)): 1 message(s)
[Simulation]     node_2 (Depopulation / Gates-target believer (Debnath 2018–2021 broadening)): 4 message(s)
[Simulation]     node_5 (Biodiversity and food-security concern (Debnath ecology/food terms)): 4 message(s)
[Simulation]     node_6 (Depopulation / Gates-target believer (Debnath 2018–2021 broadening)): 4 message(s)
[Simulation]     node_3 (Environmental Concern Specialist (Debnath ozone/biodiversity stream)): 1 message(s)
[Simulation]     node_4 (Depopulation / Gates-target believer (Debnath 2018–2021 broadening)): 4 message(s)
[Simulation]     node_7 (Climate justice youth organiser (Debnath climate-action variant)): 3 message(s)
[Simulation]   Tick 7/8
[Simulation]     node_0 (Depopulation / Gates-target believer (Debnath 2018–2021 broadening)): 4 message(s)
[Simulation]     node_5 (Biodiversity and food-security concern (Debnath ecology/food terms)): 1 message(s)
[Simulation]     node_6 (Depopulation / Gates-target believer (Debnath 2018–2021 broadening)): 4 message(s)
[Simulation]     node_7 (Climate justice youth organiser (Debnath climate-action variant)): 1 message(s)
[Simulation]   Tick 5/8
[Simulation]     node_0 (Depopulation / Gates-target believer (Debnath 2018–2021 broadening)): 4 message(s)
[Simulation]     node_1 (Climate justice youth organiser (Debnath climate-action variant)): 4 message(s)
[Simulation]     node_2 (Depopulation / Gates-target believer (Debnath 2018–2021 broadening)): 4 message(s)
[Simulation]     node_1 (Climate justice youth organiser (Debnath climate-action variant)): 4 message(s)
[Simulation]     node_3 (Environmental Concern Specialist (Debnath ozone/biodiversity stream)): 4 message(s)
[Simulation]     node_2 (Depopulation / Gates-target believer (Debnath 2018–2021 broadening)): 4 message(s)
[Simulation]     node_4 (Depopulation / Gates-target believer (Debnath 2018–2021 broadening)): 4 message(s)
[Simulation]     node_3 (Environmental Concern Specialist (Debnath ozone/biodiversity stream)): 1 message(s)
[Simulation]     node_4 (Depopulation / Gates-target believer (Debnath 2018–2021 broadening)): 4 message(s)
[Simulation]     node_5 (Biodiversity and food-security concern (Debnath ecology/food terms)): 4 message(s)
[Simulation]     node_6 (Depopulation / Gates-target believer (Debnath 2018–2021 broadening)): 4 message(s)
[Simulation]     node_5 (Biodiversity and food-security concern (Debnath ecology/food terms)): 4 message(s)
[Simulation]     node_6 (Depopulation / Gates-target believer (Debnath 2018–2021 broadening)): 4 message(s)
[Simulation]     node_7 (Climate justice youth organiser (Debnath climate-action variant)): 4 message(s)
[Simulation]     node_7 (Climate justice youth organiser (Debnath climate-action variant)): 1 message(s)
[Simulation]   Tick 6/8
[Simulation]     node_0 (Depopulation / Gates-target believer (Debnath 2018–2021 broadening)): 4 message(s)
[Simulation]   Tick 8/8
[Simulation]     node_0 (Depopulation / Gates-target believer (Debnath 2018–2021 broadening)): 4 message(s)
[Simulation]     node_1 (Climate justice youth organiser (Debnath climate-action variant)): 3 message(s)
[Simulation]     node_1 (Climate justice youth organiser (Debnath climate-action variant)): 4 message(s)
[Simulation]     node_2 (Depopulation / Gates-target believer (Debnath 2018–2021 broadening)): 4 message(s)
[Simulation]     node_2 (Depopulation / Gates-target believer (Debnath 2018–2021 broadening)): 4 message(s)
[Simulation]     node_3 (Environmental Concern Specialist (Debnath ozone/biodiversity stream)): 4 message(s)
[Simulation]     node_4 (Depopulation / Gates-target believer (Debnath 2018–2021 broadening)): 4 message(s)
[Simulation]     node_3 (Environmental Concern Specialist (Debnath ozone/biodiversity stream)): 4 message(s)
[Simulation]     node_5 (Biodiversity and food-security concern (Debnath ecology/food terms)): 4 message(s)
[Simulation]     node_6 (Depopulation / Gates-target believer (Debnath 2018–2021 broadening)): 4 message(s)
[Simulation]     node_4 (Depopulation / Gates-target believer (Debnath 2018–2021 broadening)): 4 message(s)
[Simulation]     node_5 (Biodiversity and food-security concern (Debnath ecology/food terms)): 4 message(s)
[Simulation]     node_6 (Depopulation / Gates-target believer (Debnath 2018–2021 broadening)): 4 message(s)
[Simulation]     node_7 (Climate justice youth organiser (Debnath climate-action variant)): 4 message(s)
[Simulation]   Tick 7/8
[Simulation]     node_0 (Depopulation / Gates-target believer (Debnath 2018–2021 broadening)): 4 message(s)
[Simulation]     node_7 (Climate justice youth organiser (Debnath climate-action variant)): 3 message(s)

[Simulation] === Propagating: sai_geoengineering ===
[Simulation]   Tick 1/8
[Simulation]     node_0 (Depopulation / Gates-target believer (Debnath 2018–2021 broadening)): 1 message(s)
[Simulation]     node_1 (Climate justice youth organiser (Debnath climate-action variant)): 4 message(s)
[Simulation]   Tick 2/8
[Simulation]     node_2 (Depopulation / Gates-target believer (Debnath 2018–2021 broadening)): 1 message(s)
[Simulation]     node_4 (Depopulation / Gates-target believer (Debnath 2018–2021 broadening)): 1 message(s)
[Simulation]     node_6 (Depopulation / Gates-target believer (Debnath 2018–2021 broadening)): 1 message(s)
[Simulation]     node_2 (Depopulation / Gates-target believer (Debnath 2018–2021 broadening)): 4 message(s)
[Simulation]   Tick 3/8
[Simulation]     node_0 (Depopulation / Gates-target believer (Debnath 2018–2021 broadening)): 2 message(s)
[Simulation]     node_2 (Depopulation / Gates-target believer (Debnath 2018–2021 broadening)): 1 message(s)
[Simulation]     node_4 (Depopulation / Gates-target believer (Debnath 2018–2021 broadening)): 2 message(s)
[Simulation]     node_3 (Environmental Concern Specialist (Debnath ozone/biodiversity stream)): 4 message(s)
[Simulation]     node_5 (Biodiversity and food-security concern (Debnath ecology/food terms)): 1 message(s)
[Simulation]     node_6 (Depopulation / Gates-target believer (Debnath 2018–2021 broadening)): 1 message(s)
[Simulation]   Tick 4/8
[Simulation]     node_0 (Depopulation / Gates-target believer (Debnath 2018–2021 broadening)): 3 message(s)
[Simulation]     node_4 (Depopulation / Gates-target believer (Debnath 2018–2021 broadening)): 4 message(s)
[Simulation]     node_5 (Biodiversity and food-security concern (Debnath ecology/food terms)): 4 message(s)
[Simulation]     node_6 (Depopulation / Gates-target believer (Debnath 2018–2021 broadening)): 4 message(s)
[Simulation]     node_1 (Climate justice youth organiser (Debnath climate-action variant)): 2 message(s)
[Simulation]     node_7 (Climate justice youth organiser (Debnath climate-action variant)): 2 message(s)
[Simulation]     node_2 (Depopulation / Gates-target believer (Debnath 2018–2021 broadening)): 4 message(s)
[Simulation]   Tick 8/8
[Simulation]     node_0 (Depopulation / Gates-target believer (Debnath 2018–2021 broadening)): 4 message(s)
[Simulation]     node_4 (Depopulation / Gates-target believer (Debnath 2018–2021 broadening)): 3 message(s)
[Simulation]     node_5 (Biodiversity and food-security concern (Debnath ecology/food terms)): 1 message(s)
[Simulation]     node_6 (Depopulation / Gates-target believer (Debnath 2018–2021 broadening)): 3 message(s)
[Simulation]     node_1 (Climate justice youth organiser (Debnath climate-action variant)): 4 message(s)
[Simulation]   Tick 5/8
[Simulation]     node_0 (Depopulation / Gates-target believer (Debnath 2018–2021 broadening)): 4 message(s)
[Simulation]     node_2 (Depopulation / Gates-target believer (Debnath 2018–2021 broadening)): 4 message(s)
[Simulation]     node_3 (Environmental Concern Specialist (Debnath ozone/biodiversity stream)): 4 message(s)
[Simulation]     node_1 (Climate justice youth organiser (Debnath climate-action variant)): 2 message(s)
[Simulation]     node_4 (Depopulation / Gates-target believer (Debnath 2018–2021 broadening)): 4 message(s)
[Simulation]     node_2 (Depopulation / Gates-target believer (Debnath 2018–2021 broadening)): 4 message(s)
[Simulation]     node_3 (Environmental Concern Specialist (Debnath ozone/biodiversity stream)): 2 message(s)
[Simulation]     node_5 (Biodiversity and food-security concern (Debnath ecology/food terms)): 4 message(s)
[Simulation]     node_6 (Depopulation / Gates-target believer (Debnath 2018–2021 broadening)): 4 message(s)
[Simulation]     node_4 (Depopulation / Gates-target believer (Debnath 2018–2021 broadening)): 4 message(s)
[Simulation]     node_5 (Biodiversity and food-security concern (Debnath ecology/food terms)): 3 message(s)
[Simulation]     node_6 (Depopulation / Gates-target believer (Debnath 2018–2021 broadening)): 4 message(s)
[Simulation]     node_7 (Climate justice youth organiser (Debnath climate-action variant)): 4 message(s)

[Simulation] === Auditing: scopex_2017 ===
[Simulation]   Scoring node_0
[Simulation]     node_7 (Climate justice youth organiser (Debnath climate-action variant)): 2 message(s)
[Simulation]   Tick 6/8
[Simulation]     node_0 (Depopulation / Gates-target believer (Debnath 2018–2021 broadening)): 4 message(s)
[Simulation]     node_1 (Climate justice youth organiser (Debnath climate-action variant)): 4 message(s)
[Simulation]   Scoring node_1
[Simulation]     node_2 (Depopulation / Gates-target believer (Debnath 2018–2021 broadening)): 4 message(s)
[Simulation]     node_3 (Environmental Concern Specialist (Debnath ozone/biodiversity stream)): 3 message(s)
[Simulation]     node_4 (Depopulation / Gates-target believer (Debnath 2018–2021 broadening)): 4 message(s)
[Simulation]     node_5 (Biodiversity and food-security concern (Debnath ecology/food terms)): 4 message(s)
[Simulation]   Scoring node_2
[Simulation]     node_6 (Depopulation / Gates-target believer (Debnath 2018–2021 broadening)): 4 message(s)
[Simulation]     node_7 (Climate justice youth organiser (Debnath climate-action variant)): 2 message(s)
[Simulation]   Tick 7/8
[Simulation]     node_0 (Depopulation / Gates-target believer (Debnath 2018–2021 broadening)): 4 message(s)
[Simulation]     node_1 (Climate justice youth organiser (Debnath climate-action variant)): 4 message(s)
[Simulation]     node_2 (Depopulation / Gates-target believer (Debnath 2018–2021 broadening)): 4 message(s)
[Simulation]   Scoring node_3
[Simulation]     node_3 (Environmental Concern Specialist (Debnath ozone/biodiversity stream)): 4 message(s)
[Simulation]     node_4 (Depopulation / Gates-target believer (Debnath 2018–2021 broadening)): 4 message(s)
[Simulation]   Scoring node_4
[Simulation]     node_5 (Biodiversity and food-security concern (Debnath ecology/food terms)): 4 message(s)
[Simulation]     node_6 (Depopulation / Gates-target believer (Debnath 2018–2021 broadening)): 4 message(s)
[Simulation]     node_7 (Climate justice youth organiser (Debnath climate-action variant)): 3 message(s)
[Simulation]   Scoring node_5
[Simulation]   Tick 8/8
[Simulation]     node_0 (Depopulation / Gates-target believer (Debnath 2018–2021 broadening)): 4 message(s)
[Simulation]     node_1 (Climate justice youth organiser (Debnath climate-action variant)): 4 message(s)
[Simulation]   Scoring node_6
[Simulation]     node_2 (Depopulation / Gates-target believer (Debnath 2018–2021 broadening)): 4 message(s)
[Simulation]     node_3 (Environmental Concern Specialist (Debnath ozone/biodiversity stream)): 4 message(s)
[Simulation]     node_4 (Depopulation / Gates-target believer (Debnath 2018–2021 broadening)): 4 message(s)
[Simulation]   Scoring node_7
[Simulation]     node_5 (Biodiversity and food-security concern (Debnath ecology/food terms)): 4 message(s)
[Simulation]     node_6 (Depopulation / Gates-target believer (Debnath 2018–2021 broadening)): 4 message(s)
[Simulation]     node_7 (Climate justice youth organiser (Debnath climate-action variant)): 4 message(s)

[Simulation] === Auditing: chemtrails_gates_2018_2021 ===
[Simulation]   Scoring node_0

[Simulation] === Propagating: paris_agreement ===
[Simulation]   Tick 1/8
[Simulation]     node_0 (Depopulation / Gates-target believer (Debnath 2018–2021 broadening)): 1 message(s)
[Simulation]   No propagation at tick 1, stopping.

[Simulation] === Propagating: climate_consensus ===
[Simulation]   Tick 1/8
[Simulation]     node_0 (Depopulation / Gates-target believer (Debnath 2018–2021 broadening)): 1 message(s)
[Simulation]   Tick 2/8
[Simulation]     node_2 (Depopulation / Gates-target believer (Debnath 2018–2021 broadening)): 1 message(s)
[Simulation]     node_4 (Depopulation / Gates-target believer (Debnath 2018–2021 broadening)): 1 message(s)
[Simulation]     node_6 (Depopulation / Gates-target believer (Debnath 2018–2021 broadening)): 1 message(s)
[Simulation]   Tick 3/8
[Simulation]     node_0 (Depopulation / Gates-target believer (Debnath 2018–2021 broadening)): 3 message(s)
[Simulation]     node_1 (Climate justice youth organiser (Debnath climate-action variant)): 1 message(s)
[Simulation]     node_2 (Depopulation / Gates-target believer (Debnath 2018–2021 broadening)): 2 message(s)
[Simulation]     node_4 (Depopulation / Gates-target believer (Debnath 2018–2021 broadening)): 2 message(s)
[Simulation]     node_5 (Biodiversity and food-security concern (Debnath ecology/food terms)): 1 message(s)
[Simulation]     node_6 (Depopulation / Gates-target believer (Debnath 2018–2021 broadening)): 1 message(s)
[Simulation]   Tick 4/8
[Simulation]     node_0 (Depopulation / Gates-target believer (Debnath 2018–2021 broadening)): 3 message(s)
[Simulation]   Scoring node_1
[Simulation]     node_1 (Climate justice youth organiser (Debnath climate-action variant)): 1 message(s)
[Simulation]     node_2 (Depopulation / Gates-target believer (Debnath 2018–2021 broadening)): 4 message(s)
[Simulation]     node_3 (Environmental Concern Specialist (Debnath ozone/biodiversity stream)): 1 message(s)
[Simulation]     node_4 (Depopulation / Gates-target believer (Debnath 2018–2021 broadening)): 4 message(s)
[Simulation]   Scoring node_2
[Simulation]     node_5 (Biodiversity and food-security concern (Debnath ecology/food terms)): 1 message(s)
[Simulation]     node_6 (Depopulation / Gates-target believer (Debnath 2018–2021 broadening)): 3 message(s)
[Simulation]     node_7 (Climate justice youth organiser (Debnath climate-action variant)): 1 message(s)
[Simulation]   Tick 5/8
[Simulation]     node_0 (Depopulation / Gates-target believer (Debnath 2018–2021 broadening)): 4 message(s)
[Simulation]     node_1 (Climate justice youth organiser (Debnath climate-action variant)): 4 message(s)
[Simulation]     node_2 (Depopulation / Gates-target believer (Debnath 2018–2021 broadening)): 4 message(s)
[Simulation]   Scoring node_3
[Simulation]     node_3 (Environmental Concern Specialist (Debnath ozone/biodiversity stream)): 2 message(s)
[Simulation]     node_4 (Depopulation / Gates-target believer (Debnath 2018–2021 broadening)): 4 message(s)
[Simulation]   Scoring node_4
[Simulation]     node_5 (Biodiversity and food-security concern (Debnath ecology/food terms)): 4 message(s)
[Simulation]     node_6 (Depopulation / Gates-target believer (Debnath 2018–2021 broadening)): 4 message(s)
[Simulation]     node_7 (Climate justice youth organiser (Debnath climate-action variant)): 1 message(s)
[Simulation]   Tick 6/8
[Simulation]     node_0 (Depopulation / Gates-target believer (Debnath 2018–2021 broadening)): 4 message(s)
[Simulation]     node_1 (Climate justice youth organiser (Debnath climate-action variant)): 4 message(s)
[Simulation]     node_2 (Depopulation / Gates-target believer (Debnath 2018–2021 broadening)): 4 message(s)
[node_4] Edge to node_0 deleted (trust collapsed)
[Simulation]     node_3 (Environmental Concern Specialist (Debnath ozone/biodiversity stream)): 4 message(s)
[Simulation]   Scoring node_5
[Simulation]   Scoring node_6
[Simulation]     node_4 (Depopulation / Gates-target believer (Debnath 2018–2021 broadening)): 4 message(s)
[Simulation]     node_5 (Biodiversity and food-security concern (Debnath ecology/food terms)): 4 message(s)
[Simulation]     node_6 (Depopulation / Gates-target believer (Debnath 2018–2021 broadening)): 4 message(s)
[node_6] Edge to node_0 deleted (trust collapsed)
[Simulation]     node_7 (Climate justice youth organiser (Debnath climate-action variant)): 4 message(s)
[Simulation]   Scoring node_7
[Simulation]   Tick 7/8
[Simulation]     node_0 (Depopulation / Gates-target believer (Debnath 2018–2021 broadening)): 4 message(s)
[Simulation]     node_1 (Climate justice youth organiser (Debnath climate-action variant)): 4 message(s)
[Simulation]     node_2 (Depopulation / Gates-target believer (Debnath 2018–2021 broadening)): 4 message(s)

[Simulation] === Auditing: sai_geoengineering ===
[Simulation]   Scoring node_0
[Simulation]     node_3 (Environmental Concern Specialist (Debnath ozone/biodiversity stream)): 4 message(s)
[Simulation]     node_4 (Depopulation / Gates-target believer (Debnath 2018–2021 broadening)): 4 message(s)
[Simulation]     node_5 (Biodiversity and food-security concern (Debnath ecology/food terms)): 4 message(s)
[Simulation]     node_6 (Depopulation / Gates-target believer (Debnath 2018–2021 broadening)): 4 message(s)
[Simulation]     node_7 (Climate justice youth organiser (Debnath climate-action variant)): 4 message(s)
[Simulation]   Scoring node_1
[Simulation]   Tick 8/8
[Simulation]     node_0 (Depopulation / Gates-target believer (Debnath 2018–2021 broadening)): 4 message(s)
[Simulation]     node_1 (Climate justice youth organiser (Debnath climate-action variant)): 4 message(s)
[Simulation]     node_2 (Depopulation / Gates-target believer (Debnath 2018–2021 broadening)): 4 message(s)
[Simulation]   Scoring node_2
[Simulation]     node_3 (Environmental Concern Specialist (Debnath ozone/biodiversity stream)): 4 message(s)
[Simulation]     node_4 (Depopulation / Gates-target believer (Debnath 2018–2021 broadening)): 4 message(s)
[Simulation]     node_5 (Biodiversity and food-security concern (Debnath ecology/food terms)): 4 message(s)
[Simulation]     node_6 (Depopulation / Gates-target believer (Debnath 2018–2021 broadening)): 4 message(s)
[Simulation]   Scoring node_3
[Simulation]     node_7 (Climate justice youth organiser (Debnath climate-action variant)): 3 message(s)

[Simulation] === Propagating: polar_bears ===
[Simulation]   Tick 1/8
[Simulation]     node_0 (Depopulation / Gates-target believer (Debnath 2018–2021 broadening)): 1 message(s)
[Simulation]   Tick 2/8
[Simulation]     node_2 (Depopulation / Gates-target believer (Debnath 2018–2021 broadening)): 1 message(s)
[Simulation]     node_4 (Depopulation / Gates-target believer (Debnath 2018–2021 broadening)): 1 message(s)
[Simulation]     node_6 (Depopulation / Gates-target believer (Debnath 2018–2021 broadening)): 1 message(s)
[Simulation]   Tick 3/8
[Simulation]     node_0 (Depopulation / Gates-target believer (Debnath 2018–2021 broadening)): 3 message(s)
[Simulation]   Scoring node_4
[Simulation]     node_1 (Climate justice youth organiser (Debnath climate-action variant)): 1 message(s)
[Simulation]     node_2 (Depopulation / Gates-target believer (Debnath 2018–2021 broadening)): 2 message(s)
[Simulation]     node_4 (Depopulation / Gates-target believer (Debnath 2018–2021 broadening)): 2 message(s)
[Simulation]     node_5 (Biodiversity and food-security concern (Debnath ecology/food terms)): 1 message(s)
[Simulation]     node_6 (Depopulation / Gates-target believer (Debnath 2018–2021 broadening)): 1 message(s)
[Simulation]   Tick 4/8
[Simulation]     node_0 (Depopulation / Gates-target believer (Debnath 2018–2021 broadening)): 4 message(s)
[Simulation]     node_1 (Climate justice youth organiser (Debnath climate-action variant)): 1 message(s)
[Simulation]     node_2 (Depopulation / Gates-target believer (Debnath 2018–2021 broadening)): 4 message(s)
[Simulation]   Scoring node_5
[Simulation]   Scoring node_6
[Simulation]     node_3 (Environmental Concern Specialist (Debnath ozone/biodiversity stream)): 1 message(s)
[Simulation]     node_4 (Depopulation / Gates-target believer (Debnath 2018–2021 broadening)): 4 message(s)
[Simulation]     node_5 (Biodiversity and food-security concern (Debnath ecology/food terms)): 2 message(s)
[Simulation]     node_6 (Depopulation / Gates-target believer (Debnath 2018–2021 broadening)): 4 message(s)
[node_6] Auditor error for sai_geoengineering: HTTP 429: {"error":{"message":"Rate limit reached for gpt-4o-mini in organization org-GAm6cx3nTdYsPn2VvLcotuLu on tokens per min (TPM): Limit 2000000, Used 2000000, Requested 524. Please try again in 15ms. Visit https://platform.openai.com/account/rate-limits to learn more.","type":"tokens","param":null,"code":"rate_limit_exceeded"}}
[node_6] Auditor error for sai_geoengineering: HTTP 429: {"error":{"message":"Rate limit reached for gpt-4o-mini in organization org-GAm6cx3nTdYsPn2VvLcotuLu on tokens per min (TPM): Limit 2000000, Used 2000000, Requested 543. Please try again in 16ms. Visit https://platform.openai.com/account/rate-limits to learn more.","type":"tokens","param":null,"code":"rate_limit_exceeded"}}
[node_6] Auditor error for sai_geoengineering: HTTP 429: {"error":{"message":"Rate limit reached for gpt-4o-mini in organization org-GAm6cx3nTdYsPn2VvLcotuLu on tokens per min (TPM): Limit 2000000, Used 2000000, Requested 585. Please try again in 17ms. Visit https://platform.openai.com/account/rate-limits to learn more.","type":"tokens","param":null,"code":"rate_limit_exceeded"}}
[node_6] Auditor error for sai_geoengineering: HTTP 429: {"error":{"message":"Rate limit reached for gpt-4o-mini in organization org-GAm6cx3nTdYsPn2VvLcotuLu on tokens per min (TPM): Limit 2000000, Used 2000000, Requested 540. Please try again in 16ms. Visit https://platform.openai.com/account/rate-limits to learn more.","type":"tokens","param":null,"code":"rate_limit_exceeded"}}
[node_6] Auditor error for sai_geoengineering: HTTP 429: {"error":{"message":"Rate limit reached for gpt-4o-mini in organization org-GAm6cx3nTdYsPn2VvLcotuLu on tokens per min (TPM): Limit 2000000, Used 2000000, Requested 584. Please try again in 17ms. Visit https://platform.openai.com/account/rate-limits to learn more.","type":"tokens","param":null,"code":"rate_limit_exceeded"}}
[node_6] Auditor error for sai_geoengineering: HTTP 429: {"error":{"message":"Rate limit reached for gpt-4o-mini in organization org-GAm6cx3nTdYsPn2VvLcotuLu on tokens per min (TPM): Limit 2000000, Used 2000000, Requested 595. Please try again in 17ms. Visit https://platform.openai.com/account/rate-limits to learn more.","type":"tokens","param":null,"code":"rate_limit_exceeded"}}
[node_6] Auditor error for sai_geoengineering: HTTP 429: {"error":{"message":"Rate limit reached for gpt-4o-mini in organization org-GAm6cx3nTdYsPn2VvLcotuLu on tokens per min (TPM): Limit 2000000, Used 2000000, Requested 546. Please try again in 16ms. Visit https://platform.openai.com/account/rate-limits to learn more.","type":"tokens","param":null,"code":"rate_limit_exceeded"}}
[node_6] Auditor error for sai_geoengineering: HTTP 429: {"error":{"message":"Rate limit reached for gpt-4o-mini in organization org-GAm6cx3nTdYsPn2VvLcotuLu on tokens per min (TPM): Limit 2000000, Used 2000000, Requested 543. Please try again in 16ms. Visit https://platform.openai.com/account/rate-limits to learn more.","type":"tokens","param":null,"code":"rate_limit_exceeded"}}
[node_6] Auditor error for sai_geoengineering: HTTP 429: {"error":{"message":"Rate limit reached for gpt-4o-mini in organization org-GAm6cx3nTdYsPn2VvLcotuLu on tokens per min (TPM): Limit 2000000, Used 2000000, Requested 555. Please try again in 16ms. Visit https://platform.openai.com/account/rate-limits to learn more.","type":"tokens","param":null,"code":"rate_limit_exceeded"}}
[node_6] LLM error during reinterpret: HTTP 429: {"error":{"message":"Rate limit reached for gpt-4o-mini in organization org-GAm6cx3nTdYsPn2VvLcotuLu on tokens per min (TPM): Limit 2000000, Used 2000000, Requested 454. Please try again in 13ms. Visit https://platform.openai.com/account/rate-limits to learn more.","type":"tokens","param":null,"code":"rate_limit_exceeded"}}
[node_6] Auditor error for sai_geoengineering: HTTP 429: {"error":{"message":"Rate limit reached for gpt-4o-mini in organization org-GAm6cx3nTdYsPn2VvLcotuLu on tokens per min (TPM): Limit 2000000, Used 2000000, Requested 591. Please try again in 17ms. Visit https://platform.openai.com/account/rate-limits to learn more.","type":"tokens","param":null,"code":"rate_limit_exceeded"}}
[node_6] LLM error during reinterpret: HTTP 429: {"error":{"message":"Rate limit reached for gpt-4o-mini in organization org-GAm6cx3nTdYsPn2VvLcotuLu on tokens per min (TPM): Limit 2000000, Used 2000000, Requested 456. Please try again in 13ms. Visit https://platform.openai.com/account/rate-limits to learn more.","type":"tokens","param":null,"code":"rate_limit_exceeded"}}
[Simulation]     node_7 (Climate justice youth organiser (Debnath climate-action variant)): 1 message(s)
[node_6] Auditor error for sai_geoengineering: HTTP 429: {"error":{"message":"Rate limit reached for gpt-4o-mini in organization org-GAm6cx3nTdYsPn2VvLcotuLu on tokens per min (TPM): Limit 2000000, Used 2000000, Requested 540. Please try again in 16ms. Visit https://platform.openai.com/account/rate-limits to learn more.","type":"tokens","param":null,"code":"rate_limit_exceeded"}}
[node_6] Auditor error for sai_geoengineering: HTTP 429: {"error":{"message":"Rate limit reached for gpt-4o-mini in organization org-GAm6cx3nTdYsPn2VvLcotuLu on tokens per min (TPM): Limit 2000000, Used 2000000, Requested 573. Please try again in 17ms. Visit https://platform.openai.com/account/rate-limits to learn more.","type":"tokens","param":null,"code":"rate_limit_exceeded"}}
[node_6] Auditor error for sai_geoengineering: HTTP 429: {"error":{"message":"Rate limit reached for gpt-4o-mini in organization org-GAm6cx3nTdYsPn2VvLcotuLu on tokens per min (TPM): Limit 2000000, Used 2000000, Requested 549. Please try again in 16ms. Visit https://platform.openai.com/account/rate-limits to learn more.","type":"tokens","param":null,"code":"rate_limit_exceeded"}}
[Simulation]   Scoring node_7
[node_7] Auditor error for sai_geoengineering: HTTP 429: {"error":{"message":"Rate limit reached for gpt-4o-mini in organization org-GAm6cx3nTdYsPn2VvLcotuLu on tokens per min (TPM): Limit 2000000, Used 2000000, Requested 520. Please try again in 15ms. Visit https://platform.openai.com/account/rate-limits to learn more.","type":"tokens","param":null,"code":"rate_limit_exceeded"}}
[node_7] Auditor error for sai_geoengineering: HTTP 429: {"error":{"message":"Rate limit reached for gpt-4o-mini in organization org-GAm6cx3nTdYsPn2VvLcotuLu on tokens per min (TPM): Limit 2000000, Used 2000000, Requested 585. Please try again in 17ms. Visit https://platform.openai.com/account/rate-limits to learn more.","type":"tokens","param":null,"code":"rate_limit_exceeded"}}
[node_7] Auditor error for sai_geoengineering: HTTP 429: {"error":{"message":"Rate limit reached for gpt-4o-mini in organization org-GAm6cx3nTdYsPn2VvLcotuLu on tokens per min (TPM): Limit 2000000, Used 2000000, Requested 545. Please try again in 16ms. Visit https://platform.openai.com/account/rate-limits to learn more.","type":"tokens","param":null,"code":"rate_limit_exceeded"}}
[node_7] Auditor error for sai_geoengineering: HTTP 429: {"error":{"message":"Rate limit reached for gpt-4o-mini in organization org-GAm6cx3nTdYsPn2VvLcotuLu on tokens per min (TPM): Limit 2000000, Used 2000000, Requested 550. Please try again in 16ms. Visit https://platform.openai.com/account/rate-limits to learn more.","type":"tokens","param":null,"code":"rate_limit_exceeded"}}
[node_7] Auditor error for sai_geoengineering: HTTP 429: {"error":{"message":"Rate limit reached for gpt-4o-mini in organization org-GAm6cx3nTdYsPn2VvLcotuLu on tokens per min (TPM): Limit 2000000, Used 2000000, Requested 555. Please try again in 16ms. Visit https://platform.openai.com/account/rate-limits to learn more.","type":"tokens","param":null,"code":"rate_limit_exceeded"}}
[node_7] Auditor error for sai_geoengineering: HTTP 429: {"error":{"message":"Rate limit reached for gpt-4o-mini in organization org-GAm6cx3nTdYsPn2VvLcotuLu on tokens per min (TPM): Limit 2000000, Used 2000000, Requested 564. Please try again in 16ms. Visit https://platform.openai.com/account/rate-limits to learn more.","type":"tokens","param":null,"code":"rate_limit_exceeded"}}
[node_7] Auditor error for sai_geoengineering: HTTP 429: {"error":{"message":"Rate limit reached for gpt-4o-mini in organization org-GAm6cx3nTdYsPn2VvLcotuLu on tokens per min (TPM): Limit 2000000, Used 2000000, Requested 560. Please try again in 16ms. Visit https://platform.openai.com/account/rate-limits to learn more.","type":"tokens","param":null,"code":"rate_limit_exceeded"}}
[node_7] Auditor error for sai_geoengineering: HTTP 429: {"error":{"message":"Rate limit reached for gpt-4o-mini in organization org-GAm6cx3nTdYsPn2VvLcotuLu on tokens per min (TPM): Limit 2000000, Used 2000000, Requested 563. Please try again in 16ms. Visit https://platform.openai.com/account/rate-limits to learn more.","type":"tokens","param":null,"code":"rate_limit_exceeded"}}
[node_7] Auditor error for sai_geoengineering: HTTP 429: {"error":{"message":"Rate limit reached for gpt-4o-mini in organization org-GAm6cx3nTdYsPn2VvLcotuLu on tokens per min (TPM): Limit 2000000, Used 2000000, Requested 564. Please try again in 16ms. Visit https://platform.openai.com/account/rate-limits to learn more.","type":"tokens","param":null,"code":"rate_limit_exceeded"}}
[node_7] Auditor error for sai_geoengineering: HTTP 429: {"error":{"message":"Rate limit reached for gpt-4o-mini in organization org-GAm6cx3nTdYsPn2VvLcotuLu on tokens per min (TPM): Limit 2000000, Used 2000000, Requested 590. Please try again in 17ms. Visit https://platform.openai.com/account/rate-limits to learn more.","type":"tokens","param":null,"code":"rate_limit_exceeded"}}
[node_7] Auditor error for sai_geoengineering: HTTP 429: {"error":{"message":"Rate limit reached for gpt-4o-mini in organization org-GAm6cx3nTdYsPn2VvLcotuLu on tokens per min (TPM): Limit 2000000, Used 2000000, Requested 619. Please try again in 18ms. Visit https://platform.openai.com/account/rate-limits to learn more.","type":"tokens","param":null,"code":"rate_limit_exceeded"}}
[Simulation]   Tick 5/8
[Simulation]     node_0 (Depopulation / Gates-target believer (Debnath 2018–2021 broadening)): 4 message(s)
[node_7] Auditor error for sai_geoengineering: HTTP 429: {"error":{"message":"Rate limit reached for gpt-4o-mini in organization org-GAm6cx3nTdYsPn2VvLcotuLu on tokens per min (TPM): Limit 2000000, Used 2000000, Requested 607. Please try again in 18ms. Visit https://platform.openai.com/account/rate-limits to learn more.","type":"tokens","param":null,"code":"rate_limit_exceeded"}}
[node_0] LLM error during reinterpret: HTTP 429: {"error":{"message":"Rate limit reached for gpt-4o-mini in organization org-GAm6cx3nTdYsPn2VvLcotuLu on tokens per min (TPM): Limit 2000000, Used 2000000, Requested 458. Please try again in 13ms. Visit https://platform.openai.com/account/rate-limits to learn more.","type":"tokens","param":null,"code":"rate_limit_exceeded"}}
[node_7] Auditor error for sai_geoengineering: HTTP 429: {"error":{"message":"Rate limit reached for gpt-4o-mini in organization org-GAm6cx3nTdYsPn2VvLcotuLu on tokens per min (TPM): Limit 2000000, Used 1999966, Requested 515. Please try again in 14ms. Visit https://platform.openai.com/account/rate-limits to learn more.","type":"tokens","param":null,"code":"rate_limit_exceeded"}}

[Simulation] === Auditing: paris_agreement ===
[Simulation]   Scoring node_0
[node_0] Auditor error for paris_agreement: HTTP 429: {"error":{"message":"Rate limit reached for gpt-4o-mini in organization org-GAm6cx3nTdYsPn2VvLcotuLu on tokens per min (TPM): Limit 2000000, Used 2000000, Requested 537. Please try again in 16ms. Visit https://platform.openai.com/account/rate-limits to learn more.","type":"tokens","param":null,"code":"rate_limit_exceeded"}}
[node_0] Auditor error for paris_agreement: HTTP 429: {"error":{"message":"Rate limit reached for gpt-4o-mini in organization org-GAm6cx3nTdYsPn2VvLcotuLu on tokens per min (TPM): Limit 2000000, Used 2000000, Requested 580. Please try again in 17ms. Visit https://platform.openai.com/account/rate-limits to learn more.","type":"tokens","param":null,"code":"rate_limit_exceeded"}}
[node_0] Auditor error for paris_agreement: HTTP 429: {"error":{"message":"Rate limit reached for gpt-4o-mini in organization org-GAm6cx3nTdYsPn2VvLcotuLu on tokens per min (TPM): Limit 2000000, Used 2000000, Requested 530. Please try again in 15ms. Visit https://platform.openai.com/account/rate-limits to learn more.","type":"tokens","param":null,"code":"rate_limit_exceeded"}}
[node_0] Auditor error for paris_agreement: HTTP 429: {"error":{"message":"Rate limit reached for gpt-4o-mini in organization org-GAm6cx3nTdYsPn2VvLcotuLu on tokens per min (TPM): Limit 2000000, Used 2000000, Requested 547. Please try again in 16ms. Visit https://platform.openai.com/account/rate-limits to learn more.","type":"tokens","param":null,"code":"rate_limit_exceeded"}}
[node_0] Auditor error for paris_agreement: HTTP 429: {"error":{"message":"Rate limit reached for gpt-4o-mini in organization org-GAm6cx3nTdYsPn2VvLcotuLu on tokens per min (TPM): Limit 2000000, Used 2000000, Requested 575. Please try again in 17ms. Visit https://platform.openai.com/account/rate-limits to learn more.","type":"tokens","param":null,"code":"rate_limit_exceeded"}}
[node_0] Auditor error for paris_agreement: HTTP 429: {"error":{"message":"Rate limit reached for gpt-4o-mini in organization org-GAm6cx3nTdYsPn2VvLcotuLu on tokens per min (TPM): Limit 2000000, Used 2000000, Requested 523. Please try again in 15ms. Visit https://platform.openai.com/account/rate-limits to learn more.","type":"tokens","param":null,"code":"rate_limit_exceeded"}}
[node_0] Auditor error for paris_agreement: HTTP 429: {"error":{"message":"Rate limit reached for gpt-4o-mini in organization org-GAm6cx3nTdYsPn2VvLcotuLu on tokens per min (TPM): Limit 2000000, Used 2000000, Requested 536. Please try again in 16ms. Visit https://platform.openai.com/account/rate-limits to learn more.","type":"tokens","param":null,"code":"rate_limit_exceeded"}}
[node_0] Auditor error for paris_agreement: HTTP 429: {"error":{"message":"Rate limit reached for gpt-4o-mini in organization org-GAm6cx3nTdYsPn2VvLcotuLu on tokens per min (TPM): Limit 2000000, Used 2000000, Requested 530. Please try again in 15ms. Visit https://platform.openai.com/account/rate-limits to learn more.","type":"tokens","param":null,"code":"rate_limit_exceeded"}}
[node_0] Auditor error for paris_agreement: HTTP 429: {"error":{"message":"Rate limit reached for gpt-4o-mini in organization org-GAm6cx3nTdYsPn2VvLcotuLu on tokens per min (TPM): Limit 2000000, Used 2000000, Requested 533. Please try again in 15ms. Visit https://platform.openai.com/account/rate-limits to learn more.","type":"tokens","param":null,"code":"rate_limit_exceeded"}}
[node_0] Auditor error for paris_agreement: HTTP 429: {"error":{"message":"Rate limit reached for gpt-4o-mini in organization org-GAm6cx3nTdYsPn2VvLcotuLu on tokens per min (TPM): Limit 2000000, Used 2000000, Requested 573. Please try again in 17ms. Visit https://platform.openai.com/account/rate-limits to learn more.","type":"tokens","param":null,"code":"rate_limit_exceeded"}}
[node_0] Auditor error for paris_agreement: HTTP 429: {"error":{"message":"Rate limit reached for gpt-4o-mini in organization org-GAm6cx3nTdYsPn2VvLcotuLu on tokens per min (TPM): Limit 2000000, Used 2000000, Requested 523. Please try again in 15ms. Visit https://platform.openai.com/account/rate-limits to learn more.","type":"tokens","param":null,"code":"rate_limit_exceeded"}}
[node_0] Auditor error for paris_agreement: HTTP 429: {"error":{"message":"Rate limit reached for gpt-4o-mini in organization org-GAm6cx3nTdYsPn2VvLcotuLu on tokens per min (TPM): Limit 2000000, Used 2000000, Requested 580. Please try again in 17ms. Visit https://platform.openai.com/account/rate-limits to learn more.","type":"tokens","param":null,"code":"rate_limit_exceeded"}}
[node_0] Auditor error for paris_agreement: HTTP 429: {"error":{"message":"Rate limit reached for gpt-4o-mini in organization org-GAm6cx3nTdYsPn2VvLcotuLu on tokens per min (TPM): Limit 2000000, Used 2000000, Requested 547. Please try again in 16ms. Visit https://platform.openai.com/account/rate-limits to learn more.","type":"tokens","param":null,"code":"rate_limit_exceeded"}}
[node_0] LLM error during reinterpret: HTTP 429: {"error":{"message":"Rate limit reached for gpt-4o-mini in organization org-GAm6cx3nTdYsPn2VvLcotuLu on tokens per min (TPM): Limit 2000000, Used 2000000, Requested 440. Please try again in 13ms. Visit https://platform.openai.com/account/rate-limits to learn more.","type":"tokens","param":null,"code":"rate_limit_exceeded"}}
[Simulation]     node_1 (Climate justice youth organiser (Debnath climate-action variant)): 2 message(s)
[node_0] Auditor error for paris_agreement: HTTP 429: {"error":{"message":"Rate limit reached for gpt-4o-mini in organization org-GAm6cx3nTdYsPn2VvLcotuLu on tokens per min (TPM): Limit 2000000, Used 2000000, Requested 523. Please try again in 15ms. Visit https://platform.openai.com/account/rate-limits to learn more.","type":"tokens","param":null,"code":"rate_limit_exceeded"}}
[node_1] LLM error during reinterpret: HTTP 429: {"error":{"message":"Rate limit reached for gpt-4o-mini in organization org-GAm6cx3nTdYsPn2VvLcotuLu on tokens per min (TPM): Limit 2000000, Used 2000000, Requested 421. Please try again in 12ms. Visit https://platform.openai.com/account/rate-limits to learn more.","type":"tokens","param":null,"code":"rate_limit_exceeded"}}
[node_0] Auditor error for paris_agreement: HTTP 429: {"error":{"message":"Rate limit reached for gpt-4o-mini in organization org-GAm6cx3nTdYsPn2VvLcotuLu on tokens per min (TPM): Limit 2000000, Used 2000000, Requested 557. Please try again in 16ms. Visit https://platform.openai.com/account/rate-limits to learn more.","type":"tokens","param":null,"code":"rate_limit_exceeded"}}
[node_1] LLM error during reinterpret: HTTP 429: {"error":{"message":"Rate limit reached for gpt-4o-mini in organization org-GAm6cx3nTdYsPn2VvLcotuLu on tokens per min (TPM): Limit 2000000, Used 2000000, Requested 426. Please try again in 12ms. Visit https://platform.openai.com/account/rate-limits to learn more.","type":"tokens","param":null,"code":"rate_limit_exceeded"}}
[Simulation]     node_2 (Depopulation / Gates-target believer (Debnath 2018–2021 broadening)): 4 message(s)
[node_2] LLM error during reinterpret: HTTP 429: {"error":{"message":"Rate limit reached for gpt-4o-mini in organization org-GAm6cx3nTdYsPn2VvLcotuLu on tokens per min (TPM): Limit 2000000, Used 2000000, Requested 474. Please try again in 14ms. Visit https://platform.openai.com/account/rate-limits to learn more.","type":"tokens","param":null,"code":"rate_limit_exceeded"}}
[Simulation]     node_3 (Environmental Concern Specialist (Debnath ozone/biodiversity stream)): 2 message(s)
[node_0] Auditor error for paris_agreement: HTTP 429: {"error":{"message":"Rate limit reached for gpt-4o-mini in organization org-GAm6cx3nTdYsPn2VvLcotuLu on tokens per min (TPM): Limit 2000000, Used 2000000, Requested 523. Please try again in 15ms. Visit https://platform.openai.com/account/rate-limits to learn more.","type":"tokens","param":null,"code":"rate_limit_exceeded"}}
[node_0] Auditor error for paris_agreement: HTTP 429: {"error":{"message":"Rate limit reached for gpt-4o-mini in organization org-GAm6cx3nTdYsPn2VvLcotuLu on tokens per min (TPM): Limit 2000000, Used 2000000, Requested 586. Please try again in 17ms. Visit https://platform.openai.com/account/rate-limits to learn more.","type":"tokens","param":null,"code":"rate_limit_exceeded"}}
[node_0] Auditor error for paris_agreement: HTTP 429: {"error":{"message":"Rate limit reached for gpt-4o-mini in organization org-GAm6cx3nTdYsPn2VvLcotuLu on tokens per min (TPM): Limit 2000000, Used 1999896, Requested 576. Please try again in 14ms. Visit https://platform.openai.com/account/rate-limits to learn more.","type":"tokens","param":null,"code":"rate_limit_exceeded"}}
[node_0] Auditor error for paris_agreement: HTTP 429: {"error":{"message":"Rate limit reached for gpt-4o-mini in organization org-GAm6cx3nTdYsPn2VvLcotuLu on tokens per min (TPM): Limit 2000000, Used 2000000, Requested 581. Please try again in 17ms. Visit https://platform.openai.com/account/rate-limits to learn more.","type":"tokens","param":null,"code":"rate_limit_exceeded"}}
[node_0] Auditor error for paris_agreement: HTTP 429: {"error":{"message":"Rate limit reached for gpt-4o-mini in organization org-GAm6cx3nTdYsPn2VvLcotuLu on tokens per min (TPM): Limit 2000000, Used 2000000, Requested 563. Please try again in 16ms. Visit https://platform.openai.com/account/rate-limits to learn more.","type":"tokens","param":null,"code":"rate_limit_exceeded"}}
[node_0] Auditor error for paris_agreement: HTTP 429: {"error":{"message":"Rate limit reached for gpt-4o-mini in organization org-GAm6cx3nTdYsPn2VvLcotuLu on tokens per min (TPM): Limit 2000000, Used 2000000, Requested 572. Please try again in 17ms. Visit https://platform.openai.com/account/rate-limits to learn more.","type":"tokens","param":null,"code":"rate_limit_exceeded"}}
[Simulation]   Scoring node_1
[node_1] Auditor error for paris_agreement: HTTP 429: {"error":{"message":"Rate limit reached for gpt-4o-mini in organization org-GAm6cx3nTdYsPn2VvLcotuLu on tokens per min (TPM): Limit 2000000, Used 2000000, Requested 560. Please try again in 16ms. Visit https://platform.openai.com/account/rate-limits to learn more.","type":"tokens","param":null,"code":"rate_limit_exceeded"}}
[node_1] Auditor error for paris_agreement: HTTP 429: {"error":{"message":"Rate limit reached for gpt-4o-mini in organization org-GAm6cx3nTdYsPn2VvLcotuLu on tokens per min (TPM): Limit 2000000, Used 2000000, Requested 560. Please try again in 16ms. Visit https://platform.openai.com/account/rate-limits to learn more.","type":"tokens","param":null,"code":"rate_limit_exceeded"}}
[node_1] Auditor error for paris_agreement: HTTP 429: {"error":{"message":"Rate limit reached for gpt-4o-mini in organization org-GAm6cx3nTdYsPn2VvLcotuLu on tokens per min (TPM): Limit 2000000, Used 2000000, Requested 563. Please try again in 16ms. Visit https://platform.openai.com/account/rate-limits to learn more.","type":"tokens","param":null,"code":"rate_limit_exceeded"}}
[Simulation]     node_4 (Depopulation / Gates-target believer (Debnath 2018–2021 broadening)): 4 message(s)
[node_4] LLM error during reinterpret: HTTP 429: {"error":{"message":"Rate limit reached for gpt-4o-mini in organization org-GAm6cx3nTdYsPn2VvLcotuLu on tokens per min (TPM): Limit 2000000, Used 2000000, Requested 461. Please try again in 13ms. Visit https://platform.openai.com/account/rate-limits to learn more.","type":"tokens","param":null,"code":"rate_limit_exceeded"}}
[Simulation]     node_5 (Biodiversity and food-security concern (Debnath ecology/food terms)): 3 message(s)
[Simulation]     node_6 (Depopulation / Gates-target believer (Debnath 2018–2021 broadening)): 4 message(s)
[node_6] LLM error during reinterpret: HTTP 429: {"error":{"message":"Rate limit reached for gpt-4o-mini in organization org-GAm6cx3nTdYsPn2VvLcotuLu on tokens per min (TPM): Limit 2000000, Used 2000000, Requested 454. Please try again in 13ms. Visit https://platform.openai.com/account/rate-limits to learn more.","type":"tokens","param":null,"code":"rate_limit_exceeded"}}
[node_6] LLM error during reinterpret: HTTP 429: {"error":{"message":"Rate limit reached for gpt-4o-mini in organization org-GAm6cx3nTdYsPn2VvLcotuLu on tokens per min (TPM): Limit 2000000, Used 2000000, Requested 460. Please try again in 13ms. Visit https://platform.openai.com/account/rate-limits to learn more.","type":"tokens","param":null,"code":"rate_limit_exceeded"}}
[node_6] LLM error during reinterpret: HTTP 429: {"error":{"message":"Rate limit reached for gpt-4o-mini in organization org-GAm6cx3nTdYsPn2VvLcotuLu on tokens per min (TPM): Limit 2000000, Used 2000000, Requested 474. Please try again in 14ms. Visit https://platform.openai.com/account/rate-limits to learn more.","type":"tokens","param":null,"code":"rate_limit_exceeded"}}
[node_6] LLM error during reinterpret: HTTP 429: {"error":{"message":"Rate limit reached for gpt-4o-mini in organization org-GAm6cx3nTdYsPn2VvLcotuLu on tokens per min (TPM): Limit 2000000, Used 2000000, Requested 461. Please try again in 13ms. Visit https://platform.openai.com/account/rate-limits to learn more.","type":"tokens","param":null,"code":"rate_limit_exceeded"}}
[Simulation]     node_7 (Climate justice youth organiser (Debnath climate-action variant)): 1 message(s)
[node_1] Auditor error for paris_agreement: HTTP 429: {"error":{"message":"Rate limit reached for gpt-4o-mini in organization org-GAm6cx3nTdYsPn2VvLcotuLu on tokens per min (TPM): Limit 2000000, Used 2000000, Requested 579. Please try again in 17ms. Visit https://platform.openai.com/account/rate-limits to learn more.","type":"tokens","param":null,"code":"rate_limit_exceeded"}}
[Simulation]   Tick 6/8
[Simulation]     node_0 (Depopulation / Gates-target believer (Debnath 2018–2021 broadening)): 4 message(s)
[node_1] Auditor error for paris_agreement: HTTP 429: {"error":{"message":"Rate limit reached for gpt-4o-mini in organization org-GAm6cx3nTdYsPn2VvLcotuLu on tokens per min (TPM): Limit 2000000, Used 2000000, Requested 558. Please try again in 16ms. Visit https://platform.openai.com/account/rate-limits to learn more.","type":"tokens","param":null,"code":"rate_limit_exceeded"}}
[node_0] LLM error during reinterpret: HTTP 429: {"error":{"message":"Rate limit reached for gpt-4o-mini in organization org-GAm6cx3nTdYsPn2VvLcotuLu on tokens per min (TPM): Limit 2000000, Used 2000000, Requested 461. Please try again in 13ms. Visit https://platform.openai.com/account/rate-limits to learn more.","type":"tokens","param":null,"code":"rate_limit_exceeded"}}
[Simulation]     node_1 (Climate justice youth organiser (Debnath climate-action variant)): 4 message(s)
[node_1] Auditor error for paris_agreement: HTTP 429: {"error":{"message":"Rate limit reached for gpt-4o-mini in organization org-GAm6cx3nTdYsPn2VvLcotuLu on tokens per min (TPM): Limit 2000000, Used 2000000, Requested 575. Please try again in 17ms. Visit https://platform.openai.com/account/rate-limits to learn more.","type":"tokens","param":null,"code":"rate_limit_exceeded"}}
[node_1] LLM error during reinterpret: HTTP 429: {"error":{"message":"Rate limit reached for gpt-4o-mini in organization org-GAm6cx3nTdYsPn2VvLcotuLu on tokens per min (TPM): Limit 2000000, Used 2000000, Requested 418. Please try again in 12ms. Visit https://platform.openai.com/account/rate-limits to learn more.","type":"tokens","param":null,"code":"rate_limit_exceeded"}}
[node_1] Auditor error for paris_agreement: HTTP 429: {"error":{"message":"Rate limit reached for gpt-4o-mini in organization org-GAm6cx3nTdYsPn2VvLcotuLu on tokens per min (TPM): Limit 2000000, Used 2000000, Requested 511. Please try again in 15ms. Visit https://platform.openai.com/account/rate-limits to learn more.","type":"tokens","param":null,"code":"rate_limit_exceeded"}}
[node_1] LLM error during reinterpret: HTTP 429: {"error":{"message":"Rate limit reached for gpt-4o-mini in organization org-GAm6cx3nTdYsPn2VvLcotuLu on tokens per min (TPM): Limit 2000000, Used 2000000, Requested 437. Please try again in 13ms. Visit https://platform.openai.com/account/rate-limits to learn more.","type":"tokens","param":null,"code":"rate_limit_exceeded"}}
[node_1] Auditor error for paris_agreement: HTTP 429: {"error":{"message":"Rate limit reached for gpt-4o-mini in organization org-GAm6cx3nTdYsPn2VvLcotuLu on tokens per min (TPM): Limit 2000000, Used 1999488, Requested 582. Please try again in 2ms. Visit https://platform.openai.com/account/rate-limits to learn more.","type":"tokens","param":null,"code":"rate_limit_exceeded"}}
[node_1] LLM error during reinterpret: HTTP 429: {"error":{"message":"Rate limit reached for gpt-4o-mini in organization org-GAm6cx3nTdYsPn2VvLcotuLu on tokens per min (TPM): Limit 2000000, Used 2000000, Requested 455. Please try again in 13ms. Visit https://platform.openai.com/account/rate-limits to learn more.","type":"tokens","param":null,"code":"rate_limit_exceeded"}}
[Simulation]     node_2 (Depopulation / Gates-target believer (Debnath 2018–2021 broadening)): 4 message(s)
[node_1] Auditor error for paris_agreement: HTTP 429: {"error":{"message":"Rate limit reached for gpt-4o-mini in organization org-GAm6cx3nTdYsPn2VvLcotuLu on tokens per min (TPM): Limit 2000000, Used 2000000, Requested 531. Please try again in 15ms. Visit https://platform.openai.com/account/rate-limits to learn more.","type":"tokens","param":null,"code":"rate_limit_exceeded"}}
[node_2] LLM error during reinterpret: HTTP 429: {"error":{"message":"Rate limit reached for gpt-4o-mini in organization org-GAm6cx3nTdYsPn2VvLcotuLu on tokens per min (TPM): Limit 2000000, Used 2000000, Requested 458. Please try again in 13ms. Visit https://platform.openai.com/account/rate-limits to learn more.","type":"tokens","param":null,"code":"rate_limit_exceeded"}}
[Simulation]     node_3 (Environmental Concern Specialist (Debnath ozone/biodiversity stream)): 2 message(s)
[node_1] Auditor error for paris_agreement: HTTP 429: {"error":{"message":"Rate limit reached for gpt-4o-mini in organization org-GAm6cx3nTdYsPn2VvLcotuLu on tokens per min (TPM): Limit 2000000, Used 2000000, Requested 529. Please try again in 15ms. Visit https://platform.openai.com/account/rate-limits to learn more.","type":"tokens","param":null,"code":"rate_limit_exceeded"}}
[node_1] Auditor error for paris_agreement: HTTP 429: {"error":{"message":"Rate limit reached for gpt-4o-mini in organization org-GAm6cx3nTdYsPn2VvLcotuLu on tokens per min (TPM): Limit 2000000, Used 2000000, Requested 538. Please try again in 16ms. Visit https://platform.openai.com/account/rate-limits to learn more.","type":"tokens","param":null,"code":"rate_limit_exceeded"}}
[Simulation]   Scoring node_2
[node_2] Auditor error for paris_agreement: HTTP 429: {"error":{"message":"Rate limit reached for gpt-4o-mini in organization org-GAm6cx3nTdYsPn2VvLcotuLu on tokens per min (TPM): Limit 2000000, Used 2000000, Requested 578. Please try again in 17ms. Visit https://platform.openai.com/account/rate-limits to learn more.","type":"tokens","param":null,"code":"rate_limit_exceeded"}}
[node_2] Auditor error for paris_agreement: HTTP 429: {"error":{"message":"Rate limit reached for gpt-4o-mini in organization org-GAm6cx3nTdYsPn2VvLcotuLu on tokens per min (TPM): Limit 2000000, Used 2000000, Requested 537. Please try again in 16ms. Visit https://platform.openai.com/account/rate-limits to learn more.","type":"tokens","param":null,"code":"rate_limit_exceeded"}}
[node_2] Auditor error for paris_agreement: HTTP 429: {"error":{"message":"Rate limit reached for gpt-4o-mini in organization org-GAm6cx3nTdYsPn2VvLcotuLu on tokens per min (TPM): Limit 2000000, Used 2000000, Requested 530. Please try again in 15ms. Visit https://platform.openai.com/account/rate-limits to learn more.","type":"tokens","param":null,"code":"rate_limit_exceeded"}}
[node_2] Auditor error for paris_agreement: HTTP 429: {"error":{"message":"Rate limit reached for gpt-4o-mini in organization org-GAm6cx3nTdYsPn2VvLcotuLu on tokens per min (TPM): Limit 2000000, Used 2000000, Requested 574. Please try again in 17ms. Visit https://platform.openai.com/account/rate-limits to learn more.","type":"tokens","param":null,"code":"rate_limit_exceeded"}}
[node_2] Auditor error for paris_agreement: HTTP 429: {"error":{"message":"Rate limit reached for gpt-4o-mini in organization org-GAm6cx3nTdYsPn2VvLcotuLu on tokens per min (TPM): Limit 2000000, Used 2000000, Requested 572. Please try again in 17ms. Visit https://platform.openai.com/account/rate-limits to learn more.","type":"tokens","param":null,"code":"rate_limit_exceeded"}}
[node_2] Auditor error for paris_agreement: HTTP 429: {"error":{"message":"Rate limit reached for gpt-4o-mini in organization org-GAm6cx3nTdYsPn2VvLcotuLu on tokens per min (TPM): Limit 2000000, Used 2000000, Requested 603. Please try again in 18ms. Visit https://platform.openai.com/account/rate-limits to learn more.","type":"tokens","param":null,"code":"rate_limit_exceeded"}}
[node_2] Auditor error for paris_agreement: HTTP 429: {"error":{"message":"Rate limit reached for gpt-4o-mini in organization org-GAm6cx3nTdYsPn2VvLcotuLu on tokens per min (TPM): Limit 2000000, Used 2000000, Requested 547. Please try again in 16ms. Visit https://platform.openai.com/account/rate-limits to learn more.","type":"tokens","param":null,"code":"rate_limit_exceeded"}}
[node_2] Auditor error for paris_agreement: HTTP 429: {"error":{"message":"Rate limit reached for gpt-4o-mini in organization org-GAm6cx3nTdYsPn2VvLcotuLu on tokens per min (TPM): Limit 2000000, Used 2000000, Requested 564. Please try again in 16ms. Visit https://platform.openai.com/account/rate-limits to learn more.","type":"tokens","param":null,"code":"rate_limit_exceeded"}}
[node_2] Auditor error for paris_agreement: HTTP 429: {"error":{"message":"Rate limit reached for gpt-4o-mini in organization org-GAm6cx3nTdYsPn2VvLcotuLu on tokens per min (TPM): Limit 2000000, Used 2000000, Requested 514. Please try again in 15ms. Visit https://platform.openai.com/account/rate-limits to learn more.","type":"tokens","param":null,"code":"rate_limit_exceeded"}}
[node_2] Auditor error for paris_agreement: HTTP 429: {"error":{"message":"Rate limit reached for gpt-4o-mini in organization org-GAm6cx3nTdYsPn2VvLcotuLu on tokens per min (TPM): Limit 2000000, Used 2000000, Requested 540. Please try again in 16ms. Visit https://platform.openai.com/account/rate-limits to learn more.","type":"tokens","param":null,"code":"rate_limit_exceeded"}}
[node_2] Auditor error for paris_agreement: HTTP 429: {"error":{"message":"Rate limit reached for gpt-4o-mini in organization org-GAm6cx3nTdYsPn2VvLcotuLu on tokens per min (TPM): Limit 2000000, Used 2000000, Requested 574. Please try again in 17ms. Visit https://platform.openai.com/account/rate-limits to learn more.","type":"tokens","param":null,"code":"rate_limit_exceeded"}}
[node_2] Auditor error for paris_agreement: HTTP 429: {"error":{"message":"Rate limit reached for gpt-4o-mini in organization org-GAm6cx3nTdYsPn2VvLcotuLu on tokens per min (TPM): Limit 2000000, Used 2000000, Requested 532. Please try again in 15ms. Visit https://platform.openai.com/account/rate-limits to learn more.","type":"tokens","param":null,"code":"rate_limit_exceeded"}}
[node_2] Auditor error for paris_agreement: HTTP 429: {"error":{"message":"Rate limit reached for gpt-4o-mini in organization org-GAm6cx3nTdYsPn2VvLcotuLu on tokens per min (TPM): Limit 2000000, Used 2000000, Requested 523. Please try again in 15ms. Visit https://platform.openai.com/account/rate-limits to learn more.","type":"tokens","param":null,"code":"rate_limit_exceeded"}}
[node_2] Auditor error for paris_agreement: HTTP 429: {"error":{"message":"Rate limit reached for gpt-4o-mini in organization org-GAm6cx3nTdYsPn2VvLcotuLu on tokens per min (TPM): Limit 2000000, Used 2000000, Requested 581. Please try again in 17ms. Visit https://platform.openai.com/account/rate-limits to learn more.","type":"tokens","param":null,"code":"rate_limit_exceeded"}}
[node_2] Auditor error for paris_agreement: HTTP 429: {"error":{"message":"Rate limit reached for gpt-4o-mini in organization org-GAm6cx3nTdYsPn2VvLcotuLu on tokens per min (TPM): Limit 2000000, Used 2000000, Requested 522. Please try again in 15ms. Visit https://platform.openai.com/account/rate-limits to learn more.","type":"tokens","param":null,"code":"rate_limit_exceeded"}}
[node_2] Auditor error for paris_agreement: HTTP 429: {"error":{"message":"Rate limit reached for gpt-4o-mini in organization org-GAm6cx3nTdYsPn2VvLcotuLu on tokens per min (TPM): Limit 2000000, Used 2000000, Requested 571. Please try again in 17ms. Visit https://platform.openai.com/account/rate-limits to learn more.","type":"tokens","param":null,"code":"rate_limit_exceeded"}}
[node_2] Auditor error for paris_agreement: HTTP 429: {"error":{"message":"Rate limit reached for gpt-4o-mini in organization org-GAm6cx3nTdYsPn2VvLcotuLu on tokens per min (TPM): Limit 2000000, Used 2000000, Requested 523. Please try again in 15ms. Visit https://platform.openai.com/account/rate-limits to learn more.","type":"tokens","param":null,"code":"rate_limit_exceeded"}}
[node_2] Auditor error for paris_agreement: HTTP 429: {"error":{"message":"Rate limit reached for gpt-4o-mini in organization org-GAm6cx3nTdYsPn2VvLcotuLu on tokens per min (TPM): Limit 2000000, Used 2000000, Requested 586. Please try again in 17ms. Visit https://platform.openai.com/account/rate-limits to learn more.","type":"tokens","param":null,"code":"rate_limit_exceeded"}}
[node_2] Auditor error for paris_agreement: HTTP 429: {"error":{"message":"Rate limit reached for gpt-4o-mini in organization org-GAm6cx3nTdYsPn2VvLcotuLu on tokens per min (TPM): Limit 2000000, Used 2000000, Requested 574. Please try again in 17ms. Visit https://platform.openai.com/account/rate-limits to learn more.","type":"tokens","param":null,"code":"rate_limit_exceeded"}}
[Simulation]   Scoring node_3
[node_3] Auditor error for paris_agreement: HTTP 429: {"error":{"message":"Rate limit reached for gpt-4o-mini in organization org-GAm6cx3nTdYsPn2VvLcotuLu on tokens per min (TPM): Limit 2000000, Used 2000000, Requested 571. Please try again in 17ms. Visit https://platform.openai.com/account/rate-limits to learn more.","type":"tokens","param":null,"code":"rate_limit_exceeded"}}
[node_3] Auditor error for paris_agreement: HTTP 429: {"error":{"message":"Rate limit reached for gpt-4o-mini in organization org-GAm6cx3nTdYsPn2VvLcotuLu on tokens per min (TPM): Limit 2000000, Used 2000000, Requested 558. Please try again in 16ms. Visit https://platform.openai.com/account/rate-limits to learn more.","type":"tokens","param":null,"code":"rate_limit_exceeded"}}
[node_3] Auditor error for paris_agreement: HTTP 429: {"error":{"message":"Rate limit reached for gpt-4o-mini in organization org-GAm6cx3nTdYsPn2VvLcotuLu on tokens per min (TPM): Limit 2000000, Used 2000000, Requested 556. Please try again in 16ms. Visit https://platform.openai.com/account/rate-limits to learn more.","type":"tokens","param":null,"code":"rate_limit_exceeded"}}
[node_3] Auditor error for paris_agreement: HTTP 429: {"error":{"message":"Rate limit reached for gpt-4o-mini in organization org-GAm6cx3nTdYsPn2VvLcotuLu on tokens per min (TPM): Limit 2000000, Used 2000000, Requested 605. Please try again in 18ms. Visit https://platform.openai.com/account/rate-limits to learn more.","type":"tokens","param":null,"code":"rate_limit_exceeded"}}
[node_3] Auditor error for paris_agreement: HTTP 429: {"error":{"message":"Rate limit reached for gpt-4o-mini in organization org-GAm6cx3nTdYsPn2VvLcotuLu on tokens per min (TPM): Limit 2000000, Used 2000000, Requested 600. Please try again in 18ms. Visit https://platform.openai.com/account/rate-limits to learn more.","type":"tokens","param":null,"code":"rate_limit_exceeded"}}
[node_3] Auditor error for paris_agreement: HTTP 429: {"error":{"message":"Rate limit reached for gpt-4o-mini in organization org-GAm6cx3nTdYsPn2VvLcotuLu on tokens per min (TPM): Limit 2000000, Used 2000000, Requested 572. Please try again in 17ms. Visit https://platform.openai.com/account/rate-limits to learn more.","type":"tokens","param":null,"code":"rate_limit_exceeded"}}
[node_3] Auditor error for paris_agreement: HTTP 429: {"error":{"message":"Rate limit reached for gpt-4o-mini in organization org-GAm6cx3nTdYsPn2VvLcotuLu on tokens per min (TPM): Limit 2000000, Used 2000000, Requested 566. Please try again in 16ms. Visit https://platform.openai.com/account/rate-limits to learn more.","type":"tokens","param":null,"code":"rate_limit_exceeded"}}
[node_3] Auditor error for paris_agreement: HTTP 429: {"error":{"message":"Rate limit reached for gpt-4o-mini in organization org-GAm6cx3nTdYsPn2VvLcotuLu on tokens per min (TPM): Limit 2000000, Used 2000000, Requested 570. Please try again in 17ms. Visit https://platform.openai.com/account/rate-limits to learn more.","type":"tokens","param":null,"code":"rate_limit_exceeded"}}
[node_3] Auditor error for paris_agreement: HTTP 429: {"error":{"message":"Rate limit reached for gpt-4o-mini in organization org-GAm6cx3nTdYsPn2VvLcotuLu on tokens per min (TPM): Limit 2000000, Used 2000000, Requested 527. Please try again in 15ms. Visit https://platform.openai.com/account/rate-limits to learn more.","type":"tokens","param":null,"code":"rate_limit_exceeded"}}
[node_3] Auditor error for paris_agreement: HTTP 429: {"error":{"message":"Rate limit reached for gpt-4o-mini in organization org-GAm6cx3nTdYsPn2VvLcotuLu on tokens per min (TPM): Limit 2000000, Used 2000000, Requested 533. Please try again in 15ms. Visit https://platform.openai.com/account/rate-limits to learn more.","type":"tokens","param":null,"code":"rate_limit_exceeded"}}
[node_3] Auditor error for paris_agreement: HTTP 429: {"error":{"message":"Rate limit reached for gpt-4o-mini in organization org-GAm6cx3nTdYsPn2VvLcotuLu on tokens per min (TPM): Limit 2000000, Used 2000000, Requested 511. Please try again in 15ms. Visit https://platform.openai.com/account/rate-limits to learn more.","type":"tokens","param":null,"code":"rate_limit_exceeded"}}
[node_3] Auditor error for paris_agreement: HTTP 429: {"error":{"message":"Rate limit reached for gpt-4o-mini in organization org-GAm6cx3nTdYsPn2VvLcotuLu on tokens per min (TPM): Limit 2000000, Used 2000000, Requested 585. Please try again in 17ms. Visit https://platform.openai.com/account/rate-limits to learn more.","type":"tokens","param":null,"code":"rate_limit_exceeded"}}
[node_3] Auditor error for paris_agreement: HTTP 429: {"error":{"message":"Rate limit reached for gpt-4o-mini in organization org-GAm6cx3nTdYsPn2VvLcotuLu on tokens per min (TPM): Limit 2000000, Used 2000000, Requested 572. Please try again in 17ms. Visit https://platform.openai.com/account/rate-limits to learn more.","type":"tokens","param":null,"code":"rate_limit_exceeded"}}
[Simulation]   Scoring node_4
[node_4] Auditor error for paris_agreement: HTTP 429: {"error":{"message":"Rate limit reached for gpt-4o-mini in organization org-GAm6cx3nTdYsPn2VvLcotuLu on tokens per min (TPM): Limit 2000000, Used 2000000, Requested 537. Please try again in 16ms. Visit https://platform.openai.com/account/rate-limits to learn more.","type":"tokens","param":null,"code":"rate_limit_exceeded"}}
[Simulation]     node_4 (Depopulation / Gates-target believer (Debnath 2018–2021 broadening)): 4 message(s)
[node_4] Auditor error for paris_agreement: HTTP 429: {"error":{"message":"Rate limit reached for gpt-4o-mini in organization org-GAm6cx3nTdYsPn2VvLcotuLu on tokens per min (TPM): Limit 2000000, Used 2000000, Requested 523. Please try again in 15ms. Visit https://platform.openai.com/account/rate-limits to learn more.","type":"tokens","param":null,"code":"rate_limit_exceeded"}}
[node_4] LLM error during reinterpret: HTTP 429: {"error":{"message":"Rate limit reached for gpt-4o-mini in organization org-GAm6cx3nTdYsPn2VvLcotuLu on tokens per min (TPM): Limit 2000000, Used 2000000, Requested 454. Please try again in 13ms. Visit https://platform.openai.com/account/rate-limits to learn more.","type":"tokens","param":null,"code":"rate_limit_exceeded"}}
[Simulation]     node_5 (Biodiversity and food-security concern (Debnath ecology/food terms)): 4 message(s)
[node_4] Auditor error for paris_agreement: HTTP 429: {"error":{"message":"Rate limit reached for gpt-4o-mini in organization org-GAm6cx3nTdYsPn2VvLcotuLu on tokens per min (TPM): Limit 2000000, Used 2000000, Requested 536. Please try again in 16ms. Visit https://platform.openai.com/account/rate-limits to learn more.","type":"tokens","param":null,"code":"rate_limit_exceeded"}}
[node_5] LLM error during reinterpret: HTTP 429: {"error":{"message":"Rate limit reached for gpt-4o-mini in organization org-GAm6cx3nTdYsPn2VvLcotuLu on tokens per min (TPM): Limit 2000000, Used 2000000, Requested 386. Please try again in 11ms. Visit https://platform.openai.com/account/rate-limits to learn more.","type":"tokens","param":null,"code":"rate_limit_exceeded"}}
[Simulation]     node_6 (Depopulation / Gates-target believer (Debnath 2018–2021 broadening)): 4 message(s)
[node_4] Auditor error for paris_agreement: HTTP 429: {"error":{"message":"Rate limit reached for gpt-4o-mini in organization org-GAm6cx3nTdYsPn2VvLcotuLu on tokens per min (TPM): Limit 2000000, Used 2000000, Requested 582. Please try again in 17ms. Visit https://platform.openai.com/account/rate-limits to learn more.","type":"tokens","param":null,"code":"rate_limit_exceeded"}}
[node_4] Auditor error for paris_agreement: HTTP 429: {"error":{"message":"Rate limit reached for gpt-4o-mini in organization org-GAm6cx3nTdYsPn2VvLcotuLu on tokens per min (TPM): Limit 2000000, Used 2000000, Requested 568. Please try again in 17ms. Visit https://platform.openai.com/account/rate-limits to learn more.","type":"tokens","param":null,"code":"rate_limit_exceeded"}}
[node_6] LLM error during reinterpret: HTTP 429: {"error":{"message":"Rate limit reached for gpt-4o-mini in organization org-GAm6cx3nTdYsPn2VvLcotuLu on tokens per min (TPM): Limit 2000000, Used 2000000, Requested 454. Please try again in 13ms. Visit https://platform.openai.com/account/rate-limits to learn more.","type":"tokens","param":null,"code":"rate_limit_exceeded"}}
[node_6] LLM error during reinterpret: HTTP 429: {"error":{"message":"Rate limit reached for gpt-4o-mini in organization org-GAm6cx3nTdYsPn2VvLcotuLu on tokens per min (TPM): Limit 2000000, Used 2000000, Requested 440. Please try again in 13ms. Visit https://platform.openai.com/account/rate-limits to learn more.","type":"tokens","param":null,"code":"rate_limit_exceeded"}}
[node_4] Auditor error for paris_agreement: HTTP 429: {"error":{"message":"Rate limit reached for gpt-4o-mini in organization org-GAm6cx3nTdYsPn2VvLcotuLu on tokens per min (TPM): Limit 2000000, Used 2000000, Requested 578. Please try again in 17ms. Visit https://platform.openai.com/account/rate-limits to learn more.","type":"tokens","param":null,"code":"rate_limit_exceeded"}}
[Simulation]     node_7 (Climate justice youth organiser (Debnath climate-action variant)): 2 message(s)
[node_4] Auditor error for paris_agreement: HTTP 429: {"error":{"message":"Rate limit reached for gpt-4o-mini in organization org-GAm6cx3nTdYsPn2VvLcotuLu on tokens per min (TPM): Limit 2000000, Used 1999685, Requested 589. Please try again in 8ms. Visit https://platform.openai.com/account/rate-limits to learn more.","type":"tokens","param":null,"code":"rate_limit_exceeded"}}
[node_7] LLM error during reinterpret: HTTP 429: {"error":{"message":"Rate limit reached for gpt-4o-mini in organization org-GAm6cx3nTdYsPn2VvLcotuLu on tokens per min (TPM): Limit 2000000, Used 2000000, Requested 426. Please try again in 12ms. Visit https://platform.openai.com/account/rate-limits to learn more.","type":"tokens","param":null,"code":"rate_limit_exceeded"}}
[node_4] Auditor error for paris_agreement: HTTP 429: {"error":{"message":"Rate limit reached for gpt-4o-mini in organization org-GAm6cx3nTdYsPn2VvLcotuLu on tokens per min (TPM): Limit 2000000, Used 2000000, Requested 546. Please try again in 16ms. Visit https://platform.openai.com/account/rate-limits to learn more.","type":"tokens","param":null,"code":"rate_limit_exceeded"}}
[Simulation]   Tick 7/8
[Simulation]     node_0 (Depopulation / Gates-target believer (Debnath 2018–2021 broadening)): 4 message(s)
[node_4] Auditor error for paris_agreement: HTTP 429: {"error":{"message":"Rate limit reached for gpt-4o-mini in organization org-GAm6cx3nTdYsPn2VvLcotuLu on tokens per min (TPM): Limit 2000000, Used 2000000, Requested 535. Please try again in 16ms. Visit https://platform.openai.com/account/rate-limits to learn more.","type":"tokens","param":null,"code":"rate_limit_exceeded"}}
[node_0] LLM error during reinterpret: HTTP 429: {"error":{"message":"Rate limit reached for gpt-4o-mini in organization org-GAm6cx3nTdYsPn2VvLcotuLu on tokens per min (TPM): Limit 2000000, Used 2000000, Requested 449. Please try again in 13ms. Visit https://platform.openai.com/account/rate-limits to learn more.","type":"tokens","param":null,"code":"rate_limit_exceeded"}}
[node_4] Auditor error for paris_agreement: HTTP 429: {"error":{"message":"Rate limit reached for gpt-4o-mini in organization org-GAm6cx3nTdYsPn2VvLcotuLu on tokens per min (TPM): Limit 2000000, Used 2000000, Requested 579. Please try again in 17ms. Visit https://platform.openai.com/account/rate-limits to learn more.","type":"tokens","param":null,"code":"rate_limit_exceeded"}}
[node_0] LLM error during reinterpret: HTTP 429: {"error":{"message":"Rate limit reached for gpt-4o-mini in organization org-GAm6cx3nTdYsPn2VvLcotuLu on tokens per min (TPM): Limit 2000000, Used 2000000, Requested 440. Please try again in 13ms. Visit https://platform.openai.com/account/rate-limits to learn more.","type":"tokens","param":null,"code":"rate_limit_exceeded"}}
[Simulation]     node_1 (Climate justice youth organiser (Debnath climate-action variant)): 4 message(s)
[Simulation]     node_2 (Depopulation / Gates-target believer (Debnath 2018–2021 broadening)): 4 message(s)
[Simulation]     node_3 (Environmental Concern Specialist (Debnath ozone/biodiversity stream)): 4 message(s)
[node_4] Auditor error for paris_agreement: HTTP 429: {"error":{"message":"Rate limit reached for gpt-4o-mini in organization org-GAm6cx3nTdYsPn2VvLcotuLu on tokens per min (TPM): Limit 2000000, Used 2000000, Requested 581. Please try again in 17ms. Visit https://platform.openai.com/account/rate-limits to learn more.","type":"tokens","param":null,"code":"rate_limit_exceeded"}}
[node_4] Auditor error for paris_agreement: HTTP 429: {"error":{"message":"Rate limit reached for gpt-4o-mini in organization org-GAm6cx3nTdYsPn2VvLcotuLu on tokens per min (TPM): Limit 2000000, Used 2000000, Requested 523. Please try again in 15ms. Visit https://platform.openai.com/account/rate-limits to learn more.","type":"tokens","param":null,"code":"rate_limit_exceeded"}}
[node_3] LLM error during reinterpret: HTTP 429: {"error":{"message":"Rate limit reached for gpt-4o-mini in organization org-GAm6cx3nTdYsPn2VvLcotuLu on tokens per min (TPM): Limit 2000000, Used 2000000, Requested 441. Please try again in 13ms. Visit https://platform.openai.com/account/rate-limits to learn more.","type":"tokens","param":null,"code":"rate_limit_exceeded"}}
[node_4] Auditor error for paris_agreement: HTTP 429: {"error":{"message":"Rate limit reached for gpt-4o-mini in organization org-GAm6cx3nTdYsPn2VvLcotuLu on tokens per min (TPM): Limit 2000000, Used 2000000, Requested 532. Please try again in 15ms. Visit https://platform.openai.com/account/rate-limits to learn more.","type":"tokens","param":null,"code":"rate_limit_exceeded"}}
[node_3] LLM error during reinterpret: HTTP 429: {"error":{"message":"Rate limit reached for gpt-4o-mini in organization org-GAm6cx3nTdYsPn2VvLcotuLu on tokens per min (TPM): Limit 2000000, Used 2000000, Requested 445. Please try again in 13ms. Visit https://platform.openai.com/account/rate-limits to learn more.","type":"tokens","param":null,"code":"rate_limit_exceeded"}}
[node_4] Auditor error for paris_agreement: HTTP 429: {"error":{"message":"Rate limit reached for gpt-4o-mini in organization org-GAm6cx3nTdYsPn2VvLcotuLu on tokens per min (TPM): Limit 2000000, Used 2000000, Requested 564. Please try again in 16ms. Visit https://platform.openai.com/account/rate-limits to learn more.","type":"tokens","param":null,"code":"rate_limit_exceeded"}}
[node_4] Auditor error for paris_agreement: HTTP 429: {"error":{"message":"Rate limit reached for gpt-4o-mini in organization org-GAm6cx3nTdYsPn2VvLcotuLu on tokens per min (TPM): Limit 2000000, Used 2000000, Requested 577. Please try again in 17ms. Visit https://platform.openai.com/account/rate-limits to learn more.","type":"tokens","param":null,"code":"rate_limit_exceeded"}}
[node_4] Auditor error for paris_agreement: HTTP 429: {"error":{"message":"Rate limit reached for gpt-4o-mini in organization org-GAm6cx3nTdYsPn2VvLcotuLu on tokens per min (TPM): Limit 2000000, Used 2000000, Requested 518. Please try again in 15ms. Visit https://platform.openai.com/account/rate-limits to learn more.","type":"tokens","param":null,"code":"rate_limit_exceeded"}}
[node_4] Auditor error for paris_agreement: HTTP 429: {"error":{"message":"Rate limit reached for gpt-4o-mini in organization org-GAm6cx3nTdYsPn2VvLcotuLu on tokens per min (TPM): Limit 2000000, Used 2000000, Requested 548. Please try again in 16ms. Visit https://platform.openai.com/account/rate-limits to learn more.","type":"tokens","param":null,"code":"rate_limit_exceeded"}}
[node_4] Auditor error for paris_agreement: HTTP 429: {"error":{"message":"Rate limit reached for gpt-4o-mini in organization org-GAm6cx3nTdYsPn2VvLcotuLu on tokens per min (TPM): Limit 2000000, Used 2000000, Requested 569. Please try again in 17ms. Visit https://platform.openai.com/account/rate-limits to learn more.","type":"tokens","param":null,"code":"rate_limit_exceeded"}}
[node_4] Auditor error for paris_agreement: HTTP 429: {"error":{"message":"Rate limit reached for gpt-4o-mini in organization org-GAm6cx3nTdYsPn2VvLcotuLu on tokens per min (TPM): Limit 2000000, Used 2000000, Requested 534. Please try again in 16ms. Visit https://platform.openai.com/account/rate-limits to learn more.","type":"tokens","param":null,"code":"rate_limit_exceeded"}}
[node_4] Auditor error for paris_agreement: HTTP 429: {"error":{"message":"Rate limit reached for gpt-4o-mini in organization org-GAm6cx3nTdYsPn2VvLcotuLu on tokens per min (TPM): Limit 2000000, Used 2000000, Requested 527. Please try again in 15ms. Visit https://platform.openai.com/account/rate-limits to learn more.","type":"tokens","param":null,"code":"rate_limit_exceeded"}}
[Simulation]   Scoring node_5
[node_5] Auditor error for paris_agreement: HTTP 429: {"error":{"message":"Rate limit reached for gpt-4o-mini in organization org-GAm6cx3nTdYsPn2VvLcotuLu on tokens per min (TPM): Limit 2000000, Used 2000000, Requested 576. Please try again in 17ms. Visit https://platform.openai.com/account/rate-limits to learn more.","type":"tokens","param":null,"code":"rate_limit_exceeded"}}
[Simulation]   Scoring node_6
[node_6] Auditor error for paris_agreement: HTTP 429: {"error":{"message":"Rate limit reached for gpt-4o-mini in organization org-GAm6cx3nTdYsPn2VvLcotuLu on tokens per min (TPM): Limit 2000000, Used 2000000, Requested 536. Please try again in 16ms. Visit https://platform.openai.com/account/rate-limits to learn more.","type":"tokens","param":null,"code":"rate_limit_exceeded"}}
[node_6] Auditor error for paris_agreement: HTTP 429: {"error":{"message":"Rate limit reached for gpt-4o-mini in organization org-GAm6cx3nTdYsPn2VvLcotuLu on tokens per min (TPM): Limit 2000000, Used 1999594, Requested 592. Please try again in 5ms. Visit https://platform.openai.com/account/rate-limits to learn more.","type":"tokens","param":null,"code":"rate_limit_exceeded"}}
[node_6] Auditor error for paris_agreement: HTTP 429: {"error":{"message":"Rate limit reached for gpt-4o-mini in organization org-GAm6cx3nTdYsPn2VvLcotuLu on tokens per min (TPM): Limit 2000000, Used 2000000, Requested 556. Please try again in 16ms. Visit https://platform.openai.com/account/rate-limits to learn more.","type":"tokens","param":null,"code":"rate_limit_exceeded"}}
[node_6] Auditor error for paris_agreement: HTTP 429: {"error":{"message":"Rate limit reached for gpt-4o-mini in organization org-GAm6cx3nTdYsPn2VvLcotuLu on tokens per min (TPM): Limit 2000000, Used 2000000, Requested 581. Please try again in 17ms. Visit https://platform.openai.com/account/rate-limits to learn more.","type":"tokens","param":null,"code":"rate_limit_exceeded"}}
[node_6] Auditor error for paris_agreement: HTTP 429: {"error":{"message":"Rate limit reached for gpt-4o-mini in organization org-GAm6cx3nTdYsPn2VvLcotuLu on tokens per min (TPM): Limit 2000000, Used 2000000, Requested 571. Please try again in 17ms. Visit https://platform.openai.com/account/rate-limits to learn more.","type":"tokens","param":null,"code":"rate_limit_exceeded"}}
[node_6] Auditor error for paris_agreement: HTTP 429: {"error":{"message":"Rate limit reached for gpt-4o-mini in organization org-GAm6cx3nTdYsPn2VvLcotuLu on tokens per min (TPM): Limit 2000000, Used 2000000, Requested 575. Please try again in 17ms. Visit https://platform.openai.com/account/rate-limits to learn more.","type":"tokens","param":null,"code":"rate_limit_exceeded"}}
[Simulation]     node_4 (Depopulation / Gates-target believer (Debnath 2018–2021 broadening)): 4 message(s)
[node_6] Auditor error for paris_agreement: HTTP 429: {"error":{"message":"Rate limit reached for gpt-4o-mini in organization org-GAm6cx3nTdYsPn2VvLcotuLu on tokens per min (TPM): Limit 2000000, Used 2000000, Requested 547. Please try again in 16ms. Visit https://platform.openai.com/account/rate-limits to learn more.","type":"tokens","param":null,"code":"rate_limit_exceeded"}}
[node_4] LLM error during reinterpret: HTTP 429: {"error":{"message":"Rate limit reached for gpt-4o-mini in organization org-GAm6cx3nTdYsPn2VvLcotuLu on tokens per min (TPM): Limit 2000000, Used 2000000, Requested 460. Please try again in 13ms. Visit https://platform.openai.com/account/rate-limits to learn more.","type":"tokens","param":null,"code":"rate_limit_exceeded"}}
[node_6] Auditor error for paris_agreement: HTTP 429: {"error":{"message":"Rate limit reached for gpt-4o-mini in organization org-GAm6cx3nTdYsPn2VvLcotuLu on tokens per min (TPM): Limit 2000000, Used 2000000, Requested 576. Please try again in 17ms. Visit https://platform.openai.com/account/rate-limits to learn more.","type":"tokens","param":null,"code":"rate_limit_exceeded"}}
[node_4] LLM error during reinterpret: HTTP 429: {"error":{"message":"Rate limit reached for gpt-4o-mini in organization org-GAm6cx3nTdYsPn2VvLcotuLu on tokens per min (TPM): Limit 2000000, Used 2000000, Requested 461. Please try again in 13ms. Visit https://platform.openai.com/account/rate-limits to learn more.","type":"tokens","param":null,"code":"rate_limit_exceeded"}}
[Simulation]     node_5 (Biodiversity and food-security concern (Debnath ecology/food terms)): 3 message(s)
[node_5] LLM error during reinterpret: HTTP 429: {"error":{"message":"Rate limit reached for gpt-4o-mini in organization org-GAm6cx3nTdYsPn2VvLcotuLu on tokens per min (TPM): Limit 2000000, Used 2000000, Requested 399. Please try again in 11ms. Visit https://platform.openai.com/account/rate-limits to learn more.","type":"tokens","param":null,"code":"rate_limit_exceeded"}}
[node_5] LLM error during reinterpret: HTTP 429: {"error":{"message":"Rate limit reached for gpt-4o-mini in organization org-GAm6cx3nTdYsPn2VvLcotuLu on tokens per min (TPM): Limit 2000000, Used 2000000, Requested 389. Please try again in 11ms. Visit https://platform.openai.com/account/rate-limits to learn more.","type":"tokens","param":null,"code":"rate_limit_exceeded"}}
[Simulation]     node_6 (Depopulation / Gates-target believer (Debnath 2018–2021 broadening)): 4 message(s)
[node_6] LLM error during reinterpret: HTTP 429: {"error":{"message":"Rate limit reached for gpt-4o-mini in organization org-GAm6cx3nTdYsPn2VvLcotuLu on tokens per min (TPM): Limit 2000000, Used 2000000, Requested 461. Please try again in 13ms. Visit https://platform.openai.com/account/rate-limits to learn more.","type":"tokens","param":null,"code":"rate_limit_exceeded"}}
[Simulation]     node_7 (Climate justice youth organiser (Debnath climate-action variant)): 4 message(s)
[Simulation]   Tick 8/8
[Simulation]     node_0 (Depopulation / Gates-target believer (Debnath 2018–2021 broadening)): 4 message(s)
[node_0] LLM error during reinterpret: HTTP 429: {"error":{"message":"Rate limit reached for gpt-4o-mini in organization org-GAm6cx3nTdYsPn2VvLcotuLu on tokens per min (TPM): Limit 2000000, Used 2000000, Requested 460. Please try again in 13ms. Visit https://platform.openai.com/account/rate-limits to learn more.","type":"tokens","param":null,"code":"rate_limit_exceeded"}}
[node_0] LLM error during reinterpret: HTTP 429: {"error":{"message":"Rate limit reached for gpt-4o-mini in organization org-GAm6cx3nTdYsPn2VvLcotuLu on tokens per min (TPM): Limit 2000000, Used 2000000, Requested 461. Please try again in 13ms. Visit https://platform.openai.com/account/rate-limits to learn more.","type":"tokens","param":null,"code":"rate_limit_exceeded"}}
[Simulation]     node_1 (Climate justice youth organiser (Debnath climate-action variant)): 4 message(s)
[node_1] LLM error during reinterpret: HTTP 429: {"error":{"message":"Rate limit reached for gpt-4o-mini in organization org-GAm6cx3nTdYsPn2VvLcotuLu on tokens per min (TPM): Limit 2000000, Used 2000000, Requested 418. Please try again in 12ms. Visit https://platform.openai.com/account/rate-limits to learn more.","type":"tokens","param":null,"code":"rate_limit_exceeded"}}
[node_1] LLM error during reinterpret: HTTP 429: {"error":{"message":"Rate limit reached for gpt-4o-mini in organization org-GAm6cx3nTdYsPn2VvLcotuLu on tokens per min (TPM): Limit 2000000, Used 2000000, Requested 437. Please try again in 13ms. Visit https://platform.openai.com/account/rate-limits to learn more.","type":"tokens","param":null,"code":"rate_limit_exceeded"}}
[Simulation]     node_2 (Depopulation / Gates-target believer (Debnath 2018–2021 broadening)): 4 message(s)
[node_6] Auditor error for paris_agreement: HTTP 429: {"error":{"message":"Rate limit reached for gpt-4o-mini in organization org-GAm6cx3nTdYsPn2VvLcotuLu on tokens per min (TPM): Limit 2000000, Used 2000000, Requested 580. Please try again in 17ms. Visit https://platform.openai.com/account/rate-limits to learn more.","type":"tokens","param":null,"code":"rate_limit_exceeded"}}
[node_2] LLM error during reinterpret: HTTP 429: {"error":{"message":"Rate limit reached for gpt-4o-mini in organization org-GAm6cx3nTdYsPn2VvLcotuLu on tokens per min (TPM): Limit 2000000, Used 2000000, Requested 437. Please try again in 13ms. Visit https://platform.openai.com/account/rate-limits to learn more.","type":"tokens","param":null,"code":"rate_limit_exceeded"}}
[Simulation]     node_3 (Environmental Concern Specialist (Debnath ozone/biodiversity stream)): 4 message(s)
[node_6] Auditor error for paris_agreement: HTTP 429: {"error":{"message":"Rate limit reached for gpt-4o-mini in organization org-GAm6cx3nTdYsPn2VvLcotuLu on tokens per min (TPM): Limit 2000000, Used 2000000, Requested 579. Please try again in 17ms. Visit https://platform.openai.com/account/rate-limits to learn more.","type":"tokens","param":null,"code":"rate_limit_exceeded"}}
[node_3] LLM error during reinterpret: HTTP 429: {"error":{"message":"Rate limit reached for gpt-4o-mini in organization org-GAm6cx3nTdYsPn2VvLcotuLu on tokens per min (TPM): Limit 2000000, Used 2000000, Requested 444. Please try again in 13ms. Visit https://platform.openai.com/account/rate-limits to learn more.","type":"tokens","param":null,"code":"rate_limit_exceeded"}}
[node_6] Auditor error for paris_agreement: HTTP 429: {"error":{"message":"Rate limit reached for gpt-4o-mini in organization org-GAm6cx3nTdYsPn2VvLcotuLu on tokens per min (TPM): Limit 2000000, Used 2000000, Requested 574. Please try again in 17ms. Visit https://platform.openai.com/account/rate-limits to learn more.","type":"tokens","param":null,"code":"rate_limit_exceeded"}}
[node_3] LLM error during reinterpret: HTTP 429: {"error":{"message":"Rate limit reached for gpt-4o-mini in organization org-GAm6cx3nTdYsPn2VvLcotuLu on tokens per min (TPM): Limit 2000000, Used 2000000, Requested 439. Please try again in 13ms. Visit https://platform.openai.com/account/rate-limits to learn more.","type":"tokens","param":null,"code":"rate_limit_exceeded"}}
[Simulation]     node_4 (Depopulation / Gates-target believer (Debnath 2018–2021 broadening)): 4 message(s)
[node_6] Auditor error for paris_agreement: HTTP 429: {"error":{"message":"Rate limit reached for gpt-4o-mini in organization org-GAm6cx3nTdYsPn2VvLcotuLu on tokens per min (TPM): Limit 2000000, Used 2000000, Requested 515. Please try again in 15ms. Visit https://platform.openai.com/account/rate-limits to learn more.","type":"tokens","param":null,"code":"rate_limit_exceeded"}}
[node_4] LLM error during reinterpret: HTTP 429: {"error":{"message":"Rate limit reached for gpt-4o-mini in organization org-GAm6cx3nTdYsPn2VvLcotuLu on tokens per min (TPM): Limit 2000000, Used 2000000, Requested 449. Please try again in 13ms. Visit https://platform.openai.com/account/rate-limits to learn more.","type":"tokens","param":null,"code":"rate_limit_exceeded"}}
[node_6] Auditor error for paris_agreement: HTTP 429: {"error":{"message":"Rate limit reached for gpt-4o-mini in organization org-GAm6cx3nTdYsPn2VvLcotuLu on tokens per min (TPM): Limit 2000000, Used 2000000, Requested 528. Please try again in 15ms. Visit https://platform.openai.com/account/rate-limits to learn more.","type":"tokens","param":null,"code":"rate_limit_exceeded"}}
[node_6] Auditor error for paris_agreement: HTTP 429: {"error":{"message":"Rate limit reached for gpt-4o-mini in organization org-GAm6cx3nTdYsPn2VvLcotuLu on tokens per min (TPM): Limit 2000000, Used 2000000, Requested 521. Please try again in 15ms. Visit https://platform.openai.com/account/rate-limits to learn more.","type":"tokens","param":null,"code":"rate_limit_exceeded"}}
[node_6] Auditor error for paris_agreement: HTTP 429: {"error":{"message":"Rate limit reached for gpt-4o-mini in organization org-GAm6cx3nTdYsPn2VvLcotuLu on tokens per min (TPM): Limit 2000000, Used 2000000, Requested 584. Please try again in 17ms. Visit https://platform.openai.com/account/rate-limits to learn more.","type":"tokens","param":null,"code":"rate_limit_exceeded"}}
[node_6] Auditor error for paris_agreement: HTTP 429: {"error":{"message":"Rate limit reached for gpt-4o-mini in organization org-GAm6cx3nTdYsPn2VvLcotuLu on tokens per min (TPM): Limit 2000000, Used 2000000, Requested 535. Please try again in 16ms. Visit https://platform.openai.com/account/rate-limits to learn more.","type":"tokens","param":null,"code":"rate_limit_exceeded"}}
[Simulation]   Scoring node_7
[node_7] Auditor error for paris_agreement: HTTP 429: {"error":{"message":"Rate limit reached for gpt-4o-mini in organization org-GAm6cx3nTdYsPn2VvLcotuLu on tokens per min (TPM): Limit 2000000, Used 2000000, Requested 519. Please try again in 15ms. Visit https://platform.openai.com/account/rate-limits to learn more.","type":"tokens","param":null,"code":"rate_limit_exceeded"}}
[node_7] Auditor error for paris_agreement: HTTP 429: {"error":{"message":"Rate limit reached for gpt-4o-mini in organization org-GAm6cx3nTdYsPn2VvLcotuLu on tokens per min (TPM): Limit 2000000, Used 2000000, Requested 527. Please try again in 15ms. Visit https://platform.openai.com/account/rate-limits to learn more.","type":"tokens","param":null,"code":"rate_limit_exceeded"}}
[node_7] Auditor error for paris_agreement: HTTP 429: {"error":{"message":"Rate limit reached for gpt-4o-mini in organization org-GAm6cx3nTdYsPn2VvLcotuLu on tokens per min (TPM): Limit 2000000, Used 2000000, Requested 563. Please try again in 16ms. Visit https://platform.openai.com/account/rate-limits to learn more.","type":"tokens","param":null,"code":"rate_limit_exceeded"}}
[node_7] Auditor error for paris_agreement: HTTP 429: {"error":{"message":"Rate limit reached for gpt-4o-mini in organization org-GAm6cx3nTdYsPn2VvLcotuLu on tokens per min (TPM): Limit 2000000, Used 2000000, Requested 552. Please try again in 16ms. Visit https://platform.openai.com/account/rate-limits to learn more.","type":"tokens","param":null,"code":"rate_limit_exceeded"}}
[node_7] Auditor error for paris_agreement: HTTP 429: {"error":{"message":"Rate limit reached for gpt-4o-mini in organization org-GAm6cx3nTdYsPn2VvLcotuLu on tokens per min (TPM): Limit 2000000, Used 2000000, Requested 572. Please try again in 17ms. Visit https://platform.openai.com/account/rate-limits to learn more.","type":"tokens","param":null,"code":"rate_limit_exceeded"}}
[node_7] Auditor error for paris_agreement: HTTP 429: {"error":{"message":"Rate limit reached for gpt-4o-mini in organization org-GAm6cx3nTdYsPn2VvLcotuLu on tokens per min (TPM): Limit 2000000, Used 2000000, Requested 577. Please try again in 17ms. Visit https://platform.openai.com/account/rate-limits to learn more.","type":"tokens","param":null,"code":"rate_limit_exceeded"}}
[node_7] Auditor error for paris_agreement: HTTP 429: {"error":{"message":"Rate limit reached for gpt-4o-mini in organization org-GAm6cx3nTdYsPn2VvLcotuLu on tokens per min (TPM): Limit 2000000, Used 2000000, Requested 516. Please try again in 15ms. Visit https://platform.openai.com/account/rate-limits to learn more.","type":"tokens","param":null,"code":"rate_limit_exceeded"}}
[node_7] Auditor error for paris_agreement: HTTP 429: {"error":{"message":"Rate limit reached for gpt-4o-mini in organization org-GAm6cx3nTdYsPn2VvLcotuLu on tokens per min (TPM): Limit 2000000, Used 2000000, Requested 518. Please try again in 15ms. Visit https://platform.openai.com/account/rate-limits to learn more.","type":"tokens","param":null,"code":"rate_limit_exceeded"}}
[node_7] Auditor error for paris_agreement: HTTP 429: {"error":{"message":"Rate limit reached for gpt-4o-mini in organization org-GAm6cx3nTdYsPn2VvLcotuLu on tokens per min (TPM): Limit 2000000, Used 2000000, Requested 539. Please try again in 16ms. Visit https://platform.openai.com/account/rate-limits to learn more.","type":"tokens","param":null,"code":"rate_limit_exceeded"}}
[node_7] Auditor error for paris_agreement: HTTP 429: {"error":{"message":"Rate limit reached for gpt-4o-mini in organization org-GAm6cx3nTdYsPn2VvLcotuLu on tokens per min (TPM): Limit 2000000, Used 2000000, Requested 537. Please try again in 16ms. Visit https://platform.openai.com/account/rate-limits to learn more.","type":"tokens","param":null,"code":"rate_limit_exceeded"}}

[Simulation] === Auditing: climate_consensus ===
[Simulation]   Scoring node_0
[Simulation]   Scoring node_1
[Simulation]   Scoring node_2
[Simulation]   Scoring node_3
[Simulation]   Scoring node_4
[Simulation]   Scoring node_5
[Simulation]   Scoring node_6
[Simulation]   Scoring node_7

[Simulation] === Auditing: polar_bears ===
[Simulation]   Scoring node_0
[node_0] Auditor error for polar_bears: HTTP 429: {"error":{"message":"Rate limit reached for gpt-4o-mini in organization org-GAm6cx3nTdYsPn2VvLcotuLu on tokens per min (TPM): Limit 2000000, Used 2000000, Requested 568. Please try again in 17ms. Visit https://platform.openai.com/account/rate-limits to learn more.","type":"tokens","param":null,"code":"rate_limit_exceeded"}}
[Simulation]     node_5 (Biodiversity and food-security concern (Debnath ecology/food terms)): 4 message(s)
[node_5] LLM error during reinterpret: HTTP 429: {"error":{"message":"Rate limit reached for gpt-4o-mini in organization org-GAm6cx3nTdYsPn2VvLcotuLu on tokens per min (TPM): Limit 2000000, Used 1999771, Requested 386. Please try again in 4ms. Visit https://platform.openai.com/account/rate-limits to learn more.","type":"tokens","param":null,"code":"rate_limit_exceeded"}}
[Simulation]     node_6 (Depopulation / Gates-target believer (Debnath 2018–2021 broadening)): 4 message(s)
[node_6] LLM error during reinterpret: HTTP 429: {"error":{"message":"Rate limit reached for gpt-4o-mini in organization org-GAm6cx3nTdYsPn2VvLcotuLu on tokens per min (TPM): Limit 2000000, Used 2000000, Requested 449. Please try again in 13ms. Visit https://platform.openai.com/account/rate-limits to learn more.","type":"tokens","param":null,"code":"rate_limit_exceeded"}}
[node_6] LLM error during reinterpret: HTTP 429: {"error":{"message":"Rate limit reached for gpt-4o-mini in organization org-GAm6cx3nTdYsPn2VvLcotuLu on tokens per min (TPM): Limit 2000000, Used 2000000, Requested 440. Please try again in 13ms. Visit https://platform.openai.com/account/rate-limits to learn more.","type":"tokens","param":null,"code":"rate_limit_exceeded"}}
[node_6] LLM error during reinterpret: HTTP 429: {"error":{"message":"Rate limit reached for gpt-4o-mini in organization org-GAm6cx3nTdYsPn2VvLcotuLu on tokens per min (TPM): Limit 2000000, Used 2000000, Requested 458. Please try again in 13ms. Visit https://platform.openai.com/account/rate-limits to learn more.","type":"tokens","param":null,"code":"rate_limit_exceeded"}}
[Simulation]     node_7 (Climate justice youth organiser (Debnath climate-action variant)): 4 message(s)
[node_7] LLM error during reinterpret: HTTP 429: {"error":{"message":"Rate limit reached for gpt-4o-mini in organization org-GAm6cx3nTdYsPn2VvLcotuLu on tokens per min (TPM): Limit 2000000, Used 2000000, Requested 430. Please try again in 12ms. Visit https://platform.openai.com/account/rate-limits to learn more.","type":"tokens","param":null,"code":"rate_limit_exceeded"}}
[node_7] LLM error during reinterpret: HTTP 429: {"error":{"message":"Rate limit reached for gpt-4o-mini in organization org-GAm6cx3nTdYsPn2VvLcotuLu on tokens per min (TPM): Limit 2000000, Used 2000000, Requested 421. Please try again in 12ms. Visit https://platform.openai.com/account/rate-limits to learn more.","type":"tokens","param":null,"code":"rate_limit_exceeded"}}
[node_0] Auditor error for polar_bears: HTTP 429: {"error":{"message":"Rate limit reached for gpt-4o-mini in organization org-GAm6cx3nTdYsPn2VvLcotuLu on tokens per min (TPM): Limit 2000000, Used 2000000, Requested 520. Please try again in 15ms. Visit https://platform.openai.com/account/rate-limits to learn more.","type":"tokens","param":null,"code":"rate_limit_exceeded"}}

[Simulation] === Auditing: scopex_2017 ===
[Simulation]   Scoring node_0
[node_0] Auditor error for polar_bears: HTTP 429: {"error":{"message":"Rate limit reached for gpt-4o-mini in organization org-GAm6cx3nTdYsPn2VvLcotuLu on tokens per min (TPM): Limit 2000000, Used 2000000, Requested 527. Please try again in 15ms. Visit https://platform.openai.com/account/rate-limits to learn more.","type":"tokens","param":null,"code":"rate_limit_exceeded"}}
[node_0] Auditor error for scopex_2017: HTTP 429: {"error":{"message":"Rate limit reached for gpt-4o-mini in organization org-GAm6cx3nTdYsPn2VvLcotuLu on tokens per min (TPM): Limit 2000000, Used 2000000, Requested 572. Please try again in 17ms. Visit https://platform.openai.com/account/rate-limits to learn more.","type":"tokens","param":null,"code":"rate_limit_exceeded"}}
[node_0] Auditor error for polar_bears: HTTP 429: {"error":{"message":"Rate limit reached for gpt-4o-mini in organization org-GAm6cx3nTdYsPn2VvLcotuLu on tokens per min (TPM): Limit 2000000, Used 2000000, Requested 543. Please try again in 16ms. Visit https://platform.openai.com/account/rate-limits to learn more.","type":"tokens","param":null,"code":"rate_limit_exceeded"}}
[node_0] Auditor error for scopex_2017: HTTP 429: {"error":{"message":"Rate limit reached for gpt-4o-mini in organization org-GAm6cx3nTdYsPn2VvLcotuLu on tokens per min (TPM): Limit 2000000, Used 2000000, Requested 522. Please try again in 15ms. Visit https://platform.openai.com/account/rate-limits to learn more.","type":"tokens","param":null,"code":"rate_limit_exceeded"}}
[node_0] Auditor error for polar_bears: HTTP 429: {"error":{"message":"Rate limit reached for gpt-4o-mini in organization org-GAm6cx3nTdYsPn2VvLcotuLu on tokens per min (TPM): Limit 2000000, Used 2000000, Requested 555. Please try again in 16ms. Visit https://platform.openai.com/account/rate-limits to learn more.","type":"tokens","param":null,"code":"rate_limit_exceeded"}}
[node_0] Auditor error for scopex_2017: HTTP 429: {"error":{"message":"Rate limit reached for gpt-4o-mini in organization org-GAm6cx3nTdYsPn2VvLcotuLu on tokens per min (TPM): Limit 2000000, Used 2000000, Requested 523. Please try again in 15ms. Visit https://platform.openai.com/account/rate-limits to learn more.","type":"tokens","param":null,"code":"rate_limit_exceeded"}}
[node_0] Auditor error for polar_bears: HTTP 429: {"error":{"message":"Rate limit reached for gpt-4o-mini in organization org-GAm6cx3nTdYsPn2VvLcotuLu on tokens per min (TPM): Limit 2000000, Used 2000000, Requested 527. Please try again in 15ms. Visit https://platform.openai.com/account/rate-limits to learn more.","type":"tokens","param":null,"code":"rate_limit_exceeded"}}
[node_0] Auditor error for scopex_2017: HTTP 429: {"error":{"message":"Rate limit reached for gpt-4o-mini in organization org-GAm6cx3nTdYsPn2VvLcotuLu on tokens per min (TPM): Limit 2000000, Used 2000000, Requested 534. Please try again in 16ms. Visit https://platform.openai.com/account/rate-limits to learn more.","type":"tokens","param":null,"code":"rate_limit_exceeded"}}
[node_0] Auditor error for polar_bears: HTTP 429: {"error":{"message":"Rate limit reached for gpt-4o-mini in organization org-GAm6cx3nTdYsPn2VvLcotuLu on tokens per min (TPM): Limit 2000000, Used 2000000, Requested 536. Please try again in 16ms. Visit https://platform.openai.com/account/rate-limits to learn more.","type":"tokens","param":null,"code":"rate_limit_exceeded"}}
[node_0] Auditor error for scopex_2017: HTTP 429: {"error":{"message":"Rate limit reached for gpt-4o-mini in organization org-GAm6cx3nTdYsPn2VvLcotuLu on tokens per min (TPM): Limit 2000000, Used 2000000, Requested 522. Please try again in 15ms. Visit https://platform.openai.com/account/rate-limits to learn more.","type":"tokens","param":null,"code":"rate_limit_exceeded"}}
[node_0] Auditor error for polar_bears: HTTP 429: {"error":{"message":"Rate limit reached for gpt-4o-mini in organization org-GAm6cx3nTdYsPn2VvLcotuLu on tokens per min (TPM): Limit 2000000, Used 2000000, Requested 572. Please try again in 17ms. Visit https://platform.openai.com/account/rate-limits to learn more.","type":"tokens","param":null,"code":"rate_limit_exceeded"}}
[node_0] Auditor error for scopex_2017: HTTP 429: {"error":{"message":"Rate limit reached for gpt-4o-mini in organization org-GAm6cx3nTdYsPn2VvLcotuLu on tokens per min (TPM): Limit 2000000, Used 2000000, Requested 559. Please try again in 16ms. Visit https://platform.openai.com/account/rate-limits to learn more.","type":"tokens","param":null,"code":"rate_limit_exceeded"}}
[node_0] Auditor error for polar_bears: HTTP 429: {"error":{"message":"Rate limit reached for gpt-4o-mini in organization org-GAm6cx3nTdYsPn2VvLcotuLu on tokens per min (TPM): Limit 2000000, Used 2000000, Requested 543. Please try again in 16ms. Visit https://platform.openai.com/account/rate-limits to learn more.","type":"tokens","param":null,"code":"rate_limit_exceeded"}}
[node_0] Auditor error for scopex_2017: HTTP 429: {"error":{"message":"Rate limit reached for gpt-4o-mini in organization org-GAm6cx3nTdYsPn2VvLcotuLu on tokens per min (TPM): Limit 2000000, Used 2000000, Requested 519. Please try again in 15ms. Visit https://platform.openai.com/account/rate-limits to learn more.","type":"tokens","param":null,"code":"rate_limit_exceeded"}}
[node_0] Auditor error for polar_bears: HTTP 429: {"error":{"message":"Rate limit reached for gpt-4o-mini in organization org-GAm6cx3nTdYsPn2VvLcotuLu on tokens per min (TPM): Limit 2000000, Used 2000000, Requested 549. Please try again in 16ms. Visit https://platform.openai.com/account/rate-limits to learn more.","type":"tokens","param":null,"code":"rate_limit_exceeded"}}
[node_0] Auditor error for scopex_2017: HTTP 429: {"error":{"message":"Rate limit reached for gpt-4o-mini in organization org-GAm6cx3nTdYsPn2VvLcotuLu on tokens per min (TPM): Limit 2000000, Used 2000000, Requested 557. Please try again in 16ms. Visit https://platform.openai.com/account/rate-limits to learn more.","type":"tokens","param":null,"code":"rate_limit_exceeded"}}
[node_0] Auditor error for polar_bears: HTTP 429: {"error":{"message":"Rate limit reached for gpt-4o-mini in organization org-GAm6cx3nTdYsPn2VvLcotuLu on tokens per min (TPM): Limit 2000000, Used 2000000, Requested 540. Please try again in 16ms. Visit https://platform.openai.com/account/rate-limits to learn more.","type":"tokens","param":null,"code":"rate_limit_exceeded"}}
[node_0] Auditor error for scopex_2017: HTTP 429: {"error":{"message":"Rate limit reached for gpt-4o-mini in organization org-GAm6cx3nTdYsPn2VvLcotuLu on tokens per min (TPM): Limit 2000000, Used 2000000, Requested 534. Please try again in 16ms. Visit https://platform.openai.com/account/rate-limits to learn more.","type":"tokens","param":null,"code":"rate_limit_exceeded"}}
[node_0] Auditor error for polar_bears: HTTP 429: {"error":{"message":"Rate limit reached for gpt-4o-mini in organization org-GAm6cx3nTdYsPn2VvLcotuLu on tokens per min (TPM): Limit 2000000, Used 2000000, Requested 503. Please try again in 15ms. Visit https://platform.openai.com/account/rate-limits to learn more.","type":"tokens","param":null,"code":"rate_limit_exceeded"}}
[node_0] Auditor error for scopex_2017: HTTP 429: {"error":{"message":"Rate limit reached for gpt-4o-mini in organization org-GAm6cx3nTdYsPn2VvLcotuLu on tokens per min (TPM): Limit 2000000, Used 2000000, Requested 539. Please try again in 16ms. Visit https://platform.openai.com/account/rate-limits to learn more.","type":"tokens","param":null,"code":"rate_limit_exceeded"}}
[node_0] Auditor error for scopex_2017: HTTP 429: {"error":{"message":"Rate limit reached for gpt-4o-mini in organization org-GAm6cx3nTdYsPn2VvLcotuLu on tokens per min (TPM): Limit 2000000, Used 2000000, Requested 581. Please try again in 17ms. Visit https://platform.openai.com/account/rate-limits to learn more.","type":"tokens","param":null,"code":"rate_limit_exceeded"}}
[node_0] Auditor error for polar_bears: HTTP 429: {"error":{"message":"Rate limit reached for gpt-4o-mini in organization org-GAm6cx3nTdYsPn2VvLcotuLu on tokens per min (TPM): Limit 2000000, Used 2000000, Requested 535. Please try again in 16ms. Visit https://platform.openai.com/account/rate-limits to learn more.","type":"tokens","param":null,"code":"rate_limit_exceeded"}}
[node_0] Auditor error for scopex_2017: HTTP 429: {"error":{"message":"Rate limit reached for gpt-4o-mini in organization org-GAm6cx3nTdYsPn2VvLcotuLu on tokens per min (TPM): Limit 2000000, Used 2000000, Requested 545. Please try again in 16ms. Visit https://platform.openai.com/account/rate-limits to learn more.","type":"tokens","param":null,"code":"rate_limit_exceeded"}}
[node_0] Auditor error for scopex_2017: HTTP 429: {"error":{"message":"Rate limit reached for gpt-4o-mini in organization org-GAm6cx3nTdYsPn2VvLcotuLu on tokens per min (TPM): Limit 2000000, Used 1999695, Requested 518. Please try again in 6ms. Visit https://platform.openai.com/account/rate-limits to learn more.","type":"tokens","param":null,"code":"rate_limit_exceeded"}}
[node_0] Auditor error for scopex_2017: HTTP 429: {"error":{"message":"Rate limit reached for gpt-4o-mini in organization org-GAm6cx3nTdYsPn2VvLcotuLu on tokens per min (TPM): Limit 2000000, Used 2000000, Requested 507. Please try again in 15ms. Visit https://platform.openai.com/account/rate-limits to learn more.","type":"tokens","param":null,"code":"rate_limit_exceeded"}}
[node_0] Auditor error for scopex_2017: HTTP 429: {"error":{"message":"Rate limit reached for gpt-4o-mini in organization org-GAm6cx3nTdYsPn2VvLcotuLu on tokens per min (TPM): Limit 2000000, Used 2000000, Requested 505. Please try again in 15ms. Visit https://platform.openai.com/account/rate-limits to learn more.","type":"tokens","param":null,"code":"rate_limit_exceeded"}}
[node_0] Auditor error for polar_bears: HTTP 429: {"error":{"message":"Rate limit reached for gpt-4o-mini in organization org-GAm6cx3nTdYsPn2VvLcotuLu on tokens per min (TPM): Limit 2000000, Used 2000000, Requested 521. Please try again in 15ms. Visit https://platform.openai.com/account/rate-limits to learn more.","type":"tokens","param":null,"code":"rate_limit_exceeded"}}
[node_0] Auditor error for polar_bears: HTTP 429: {"error":{"message":"Rate limit reached for gpt-4o-mini in organization org-GAm6cx3nTdYsPn2VvLcotuLu on tokens per min (TPM): Limit 2000000, Used 2000000, Requested 572. Please try again in 17ms. Visit https://platform.openai.com/account/rate-limits to learn more.","type":"tokens","param":null,"code":"rate_limit_exceeded"}}
[node_0] Auditor error for polar_bears: HTTP 429: {"error":{"message":"Rate limit reached for gpt-4o-mini in organization org-GAm6cx3nTdYsPn2VvLcotuLu on tokens per min (TPM): Limit 2000000, Used 2000000, Requested 525. Please try again in 15ms. Visit https://platform.openai.com/account/rate-limits to learn more.","type":"tokens","param":null,"code":"rate_limit_exceeded"}}
[Simulation]   Scoring node_1
[node_0] Auditor error for polar_bears: HTTP 429: {"error":{"message":"Rate limit reached for gpt-4o-mini in organization org-GAm6cx3nTdYsPn2VvLcotuLu on tokens per min (TPM): Limit 2000000, Used 2000000, Requested 527. Please try again in 15ms. Visit https://platform.openai.com/account/rate-limits to learn more.","type":"tokens","param":null,"code":"rate_limit_exceeded"}}
[node_1] Auditor error for scopex_2017: HTTP 429: {"error":{"message":"Rate limit reached for gpt-4o-mini in organization org-GAm6cx3nTdYsPn2VvLcotuLu on tokens per min (TPM): Limit 2000000, Used 2000000, Requested 570. Please try again in 17ms. Visit https://platform.openai.com/account/rate-limits to learn more.","type":"tokens","param":null,"code":"rate_limit_exceeded"}}
[node_0] Auditor error for polar_bears: HTTP 429: {"error":{"message":"Rate limit reached for gpt-4o-mini in organization org-GAm6cx3nTdYsPn2VvLcotuLu on tokens per min (TPM): Limit 2000000, Used 2000000, Requested 564. Please try again in 16ms. Visit https://platform.openai.com/account/rate-limits to learn more.","type":"tokens","param":null,"code":"rate_limit_exceeded"}}
[node_1] Auditor error for scopex_2017: HTTP 429: {"error":{"message":"Rate limit reached for gpt-4o-mini in organization org-GAm6cx3nTdYsPn2VvLcotuLu on tokens per min (TPM): Limit 2000000, Used 2000000, Requested 581. Please try again in 17ms. Visit https://platform.openai.com/account/rate-limits to learn more.","type":"tokens","param":null,"code":"rate_limit_exceeded"}}
[node_0] Auditor error for polar_bears: HTTP 429: {"error":{"message":"Rate limit reached for gpt-4o-mini in organization org-GAm6cx3nTdYsPn2VvLcotuLu on tokens per min (TPM): Limit 2000000, Used 2000000, Requested 487. Please try again in 14ms. Visit https://platform.openai.com/account/rate-limits to learn more.","type":"tokens","param":null,"code":"rate_limit_exceeded"}}
[Simulation]   Scoring node_1
[node_1] Auditor error for scopex_2017: HTTP 429: {"error":{"message":"Rate limit reached for gpt-4o-mini in organization org-GAm6cx3nTdYsPn2VvLcotuLu on tokens per min (TPM): Limit 2000000, Used 2000000, Requested 510. Please try again in 15ms. Visit https://platform.openai.com/account/rate-limits to learn more.","type":"tokens","param":null,"code":"rate_limit_exceeded"}}
[node_1] Auditor error for polar_bears: HTTP 429: {"error":{"message":"Rate limit reached for gpt-4o-mini in organization org-GAm6cx3nTdYsPn2VvLcotuLu on tokens per min (TPM): Limit 2000000, Used 2000000, Requested 532. Please try again in 15ms. Visit https://platform.openai.com/account/rate-limits to learn more.","type":"tokens","param":null,"code":"rate_limit_exceeded"}}
[node_1] Auditor error for scopex_2017: HTTP 429: {"error":{"message":"Rate limit reached for gpt-4o-mini in organization org-GAm6cx3nTdYsPn2VvLcotuLu on tokens per min (TPM): Limit 2000000, Used 2000000, Requested 540. Please try again in 16ms. Visit https://platform.openai.com/account/rate-limits to learn more.","type":"tokens","param":null,"code":"rate_limit_exceeded"}}
[node_1] Auditor error for polar_bears: HTTP 429: {"error":{"message":"Rate limit reached for gpt-4o-mini in organization org-GAm6cx3nTdYsPn2VvLcotuLu on tokens per min (TPM): Limit 2000000, Used 2000000, Requested 527. Please try again in 15ms. Visit https://platform.openai.com/account/rate-limits to learn more.","type":"tokens","param":null,"code":"rate_limit_exceeded"}}
[node_1] Auditor error for scopex_2017: HTTP 429: {"error":{"message":"Rate limit reached for gpt-4o-mini in organization org-GAm6cx3nTdYsPn2VvLcotuLu on tokens per min (TPM): Limit 2000000, Used 2000000, Requested 542. Please try again in 16ms. Visit https://platform.openai.com/account/rate-limits to learn more.","type":"tokens","param":null,"code":"rate_limit_exceeded"}}
[node_1] Auditor error for polar_bears: HTTP 429: {"error":{"message":"Rate limit reached for gpt-4o-mini in organization org-GAm6cx3nTdYsPn2VvLcotuLu on tokens per min (TPM): Limit 2000000, Used 2000000, Requested 525. Please try again in 15ms. Visit https://platform.openai.com/account/rate-limits to learn more.","type":"tokens","param":null,"code":"rate_limit_exceeded"}}
[node_1] Auditor error for scopex_2017: HTTP 429: {"error":{"message":"Rate limit reached for gpt-4o-mini in organization org-GAm6cx3nTdYsPn2VvLcotuLu on tokens per min (TPM): Limit 2000000, Used 2000000, Requested 603. Please try again in 18ms. Visit https://platform.openai.com/account/rate-limits to learn more.","type":"tokens","param":null,"code":"rate_limit_exceeded"}}
[node_1] Auditor error for polar_bears: HTTP 429: {"error":{"message":"Rate limit reached for gpt-4o-mini in organization org-GAm6cx3nTdYsPn2VvLcotuLu on tokens per min (TPM): Limit 2000000, Used 2000000, Requested 499. Please try again in 14ms. Visit https://platform.openai.com/account/rate-limits to learn more.","type":"tokens","param":null,"code":"rate_limit_exceeded"}}
[node_1] Auditor error for scopex_2017: HTTP 429: {"error":{"message":"Rate limit reached for gpt-4o-mini in organization org-GAm6cx3nTdYsPn2VvLcotuLu on tokens per min (TPM): Limit 2000000, Used 2000000, Requested 537. Please try again in 16ms. Visit https://platform.openai.com/account/rate-limits to learn more.","type":"tokens","param":null,"code":"rate_limit_exceeded"}}
[node_1] Auditor error for polar_bears: HTTP 429: {"error":{"message":"Rate limit reached for gpt-4o-mini in organization org-GAm6cx3nTdYsPn2VvLcotuLu on tokens per min (TPM): Limit 2000000, Used 2000000, Requested 507. Please try again in 15ms. Visit https://platform.openai.com/account/rate-limits to learn more.","type":"tokens","param":null,"code":"rate_limit_exceeded"}}
[node_1] Auditor error for scopex_2017: HTTP 429: {"error":{"message":"Rate limit reached for gpt-4o-mini in organization org-GAm6cx3nTdYsPn2VvLcotuLu on tokens per min (TPM): Limit 2000000, Used 2000000, Requested 492. Please try again in 14ms. Visit https://platform.openai.com/account/rate-limits to learn more.","type":"tokens","param":null,"code":"rate_limit_exceeded"}}
[node_1] Auditor error for polar_bears: HTTP 429: {"error":{"message":"Rate limit reached for gpt-4o-mini in organization org-GAm6cx3nTdYsPn2VvLcotuLu on tokens per min (TPM): Limit 2000000, Used 2000000, Requested 505. Please try again in 15ms. Visit https://platform.openai.com/account/rate-limits to learn more.","type":"tokens","param":null,"code":"rate_limit_exceeded"}}
[node_1] Auditor error for scopex_2017: HTTP 429: {"error":{"message":"Rate limit reached for gpt-4o-mini in organization org-GAm6cx3nTdYsPn2VvLcotuLu on tokens per min (TPM): Limit 2000000, Used 2000000, Requested 597. Please try again in 17ms. Visit https://platform.openai.com/account/rate-limits to learn more.","type":"tokens","param":null,"code":"rate_limit_exceeded"}}
[node_1] Auditor error for polar_bears: HTTP 429: {"error":{"message":"Rate limit reached for gpt-4o-mini in organization org-GAm6cx3nTdYsPn2VvLcotuLu on tokens per min (TPM): Limit 2000000, Used 2000000, Requested 520. Please try again in 15ms. Visit https://platform.openai.com/account/rate-limits to learn more.","type":"tokens","param":null,"code":"rate_limit_exceeded"}}
[node_1] Auditor error for scopex_2017: HTTP 429: {"error":{"message":"Rate limit reached for gpt-4o-mini in organization org-GAm6cx3nTdYsPn2VvLcotuLu on tokens per min (TPM): Limit 2000000, Used 2000000, Requested 546. Please try again in 16ms. Visit https://platform.openai.com/account/rate-limits to learn more.","type":"tokens","param":null,"code":"rate_limit_exceeded"}}
[Simulation]   Scoring node_2
[node_1] Auditor error for polar_bears: HTTP 429: {"error":{"message":"Rate limit reached for gpt-4o-mini in organization org-GAm6cx3nTdYsPn2VvLcotuLu on tokens per min (TPM): Limit 2000000, Used 2000000, Requested 552. Please try again in 16ms. Visit https://platform.openai.com/account/rate-limits to learn more.","type":"tokens","param":null,"code":"rate_limit_exceeded"}}
[node_2] Auditor error for scopex_2017: HTTP 429: {"error":{"message":"Rate limit reached for gpt-4o-mini in organization org-GAm6cx3nTdYsPn2VvLcotuLu on tokens per min (TPM): Limit 2000000, Used 2000000, Requested 586. Please try again in 17ms. Visit https://platform.openai.com/account/rate-limits to learn more.","type":"tokens","param":null,"code":"rate_limit_exceeded"}}
[node_1] Auditor error for polar_bears: HTTP 429: {"error":{"message":"Rate limit reached for gpt-4o-mini in organization org-GAm6cx3nTdYsPn2VvLcotuLu on tokens per min (TPM): Limit 2000000, Used 2000000, Requested 566. Please try again in 16ms. Visit https://platform.openai.com/account/rate-limits to learn more.","type":"tokens","param":null,"code":"rate_limit_exceeded"}}
[node_1] Auditor error for polar_bears: HTTP 429: {"error":{"message":"Rate limit reached for gpt-4o-mini in organization org-GAm6cx3nTdYsPn2VvLcotuLu on tokens per min (TPM): Limit 2000000, Used 2000000, Requested 540. Please try again in 16ms. Visit https://platform.openai.com/account/rate-limits to learn more.","type":"tokens","param":null,"code":"rate_limit_exceeded"}}
[node_2] Auditor error for scopex_2017: HTTP 429: {"error":{"message":"Rate limit reached for gpt-4o-mini in organization org-GAm6cx3nTdYsPn2VvLcotuLu on tokens per min (TPM): Limit 2000000, Used 2000000, Requested 524. Please try again in 15ms. Visit https://platform.openai.com/account/rate-limits to learn more.","type":"tokens","param":null,"code":"rate_limit_exceeded"}}
[node_1] Auditor error for polar_bears: HTTP 429: {"error":{"message":"Rate limit reached for gpt-4o-mini in organization org-GAm6cx3nTdYsPn2VvLcotuLu on tokens per min (TPM): Limit 2000000, Used 2000000, Requested 501. Please try again in 15ms. Visit https://platform.openai.com/account/rate-limits to learn more.","type":"tokens","param":null,"code":"rate_limit_exceeded"}}
[node_1] Auditor error for polar_bears: HTTP 429: {"error":{"message":"Rate limit reached for gpt-4o-mini in organization org-GAm6cx3nTdYsPn2VvLcotuLu on tokens per min (TPM): Limit 2000000, Used 2000000, Requested 541. Please try again in 16ms. Visit https://platform.openai.com/account/rate-limits to learn more.","type":"tokens","param":null,"code":"rate_limit_exceeded"}}
[node_1] Auditor error for polar_bears: HTTP 429: {"error":{"message":"Rate limit reached for gpt-4o-mini in organization org-GAm6cx3nTdYsPn2VvLcotuLu on tokens per min (TPM): Limit 2000000, Used 2000000, Requested 548. Please try again in 16ms. Visit https://platform.openai.com/account/rate-limits to learn more.","type":"tokens","param":null,"code":"rate_limit_exceeded"}}
[Simulation]   Scoring node_2
[node_2] Auditor error for polar_bears: HTTP 429: {"error":{"message":"Rate limit reached for gpt-4o-mini in organization org-GAm6cx3nTdYsPn2VvLcotuLu on tokens per min (TPM): Limit 2000000, Used 2000000, Requested 527. Please try again in 15ms. Visit https://platform.openai.com/account/rate-limits to learn more.","type":"tokens","param":null,"code":"rate_limit_exceeded"}}
[node_2] Auditor error for polar_bears: HTTP 429: {"error":{"message":"Rate limit reached for gpt-4o-mini in organization org-GAm6cx3nTdYsPn2VvLcotuLu on tokens per min (TPM): Limit 2000000, Used 2000000, Requested 527. Please try again in 15ms. Visit https://platform.openai.com/account/rate-limits to learn more.","type":"tokens","param":null,"code":"rate_limit_exceeded"}}
[node_2] Auditor error for polar_bears: HTTP 429: {"error":{"message":"Rate limit reached for gpt-4o-mini in organization org-GAm6cx3nTdYsPn2VvLcotuLu on tokens per min (TPM): Limit 2000000, Used 2000000, Requested 524. Please try again in 15ms. Visit https://platform.openai.com/account/rate-limits to learn more.","type":"tokens","param":null,"code":"rate_limit_exceeded"}}
[node_2] Auditor error for polar_bears: HTTP 429: {"error":{"message":"Rate limit reached for gpt-4o-mini in organization org-GAm6cx3nTdYsPn2VvLcotuLu on tokens per min (TPM): Limit 2000000, Used 2000000, Requested 561. Please try again in 16ms. Visit https://platform.openai.com/account/rate-limits to learn more.","type":"tokens","param":null,"code":"rate_limit_exceeded"}}
[node_2] Auditor error for scopex_2017: HTTP 429: {"error":{"message":"Rate limit reached for gpt-4o-mini in organization org-GAm6cx3nTdYsPn2VvLcotuLu on tokens per min (TPM): Limit 2000000, Used 2000000, Requested 563. Please try again in 16ms. Visit https://platform.openai.com/account/rate-limits to learn more.","type":"tokens","param":null,"code":"rate_limit_exceeded"}}
[node_2] Auditor error for polar_bears: HTTP 429: {"error":{"message":"Rate limit reached for gpt-4o-mini in organization org-GAm6cx3nTdYsPn2VvLcotuLu on tokens per min (TPM): Limit 2000000, Used 2000000, Requested 530. Please try again in 15ms. Visit https://platform.openai.com/account/rate-limits to learn more.","type":"tokens","param":null,"code":"rate_limit_exceeded"}}
[node_2] Auditor error for scopex_2017: HTTP 429: {"error":{"message":"Rate limit reached for gpt-4o-mini in organization org-GAm6cx3nTdYsPn2VvLcotuLu on tokens per min (TPM): Limit 2000000, Used 2000000, Requested 559. Please try again in 16ms. Visit https://platform.openai.com/account/rate-limits to learn more.","type":"tokens","param":null,"code":"rate_limit_exceeded"}}
[node_2] Auditor error for scopex_2017: HTTP 429: {"error":{"message":"Rate limit reached for gpt-4o-mini in organization org-GAm6cx3nTdYsPn2VvLcotuLu on tokens per min (TPM): Limit 2000000, Used 2000000, Requested 540. Please try again in 16ms. Visit https://platform.openai.com/account/rate-limits to learn more.","type":"tokens","param":null,"code":"rate_limit_exceeded"}}
[node_2] Auditor error for polar_bears: HTTP 429: {"error":{"message":"Rate limit reached for gpt-4o-mini in organization org-GAm6cx3nTdYsPn2VvLcotuLu on tokens per min (TPM): Limit 2000000, Used 2000000, Requested 513. Please try again in 15ms. Visit https://platform.openai.com/account/rate-limits to learn more.","type":"tokens","param":null,"code":"rate_limit_exceeded"}}
[node_2] Auditor error for polar_bears: HTTP 429: {"error":{"message":"Rate limit reached for gpt-4o-mini in organization org-GAm6cx3nTdYsPn2VvLcotuLu on tokens per min (TPM): Limit 2000000, Used 2000000, Requested 508. Please try again in 15ms. Visit https://platform.openai.com/account/rate-limits to learn more.","type":"tokens","param":null,"code":"rate_limit_exceeded"}}
[node_2] Auditor error for scopex_2017: HTTP 429: {"error":{"message":"Rate limit reached for gpt-4o-mini in organization org-GAm6cx3nTdYsPn2VvLcotuLu on tokens per min (TPM): Limit 2000000, Used 2000000, Requested 505. Please try again in 15ms. Visit https://platform.openai.com/account/rate-limits to learn more.","type":"tokens","param":null,"code":"rate_limit_exceeded"}}
[node_2] Auditor error for polar_bears: HTTP 429: {"error":{"message":"Rate limit reached for gpt-4o-mini in organization org-GAm6cx3nTdYsPn2VvLcotuLu on tokens per min (TPM): Limit 2000000, Used 2000000, Requested 510. Please try again in 15ms. Visit https://platform.openai.com/account/rate-limits to learn more.","type":"tokens","param":null,"code":"rate_limit_exceeded"}}
[node_2] Auditor error for scopex_2017: HTTP 429: {"error":{"message":"Rate limit reached for gpt-4o-mini in organization org-GAm6cx3nTdYsPn2VvLcotuLu on tokens per min (TPM): Limit 2000000, Used 2000000, Requested 525. Please try again in 15ms. Visit https://platform.openai.com/account/rate-limits to learn more.","type":"tokens","param":null,"code":"rate_limit_exceeded"}}
[node_2] Auditor error for polar_bears: HTTP 429: {"error":{"message":"Rate limit reached for gpt-4o-mini in organization org-GAm6cx3nTdYsPn2VvLcotuLu on tokens per min (TPM): Limit 2000000, Used 2000000, Requested 503. Please try again in 15ms. Visit https://platform.openai.com/account/rate-limits to learn more.","type":"tokens","param":null,"code":"rate_limit_exceeded"}}
[node_2] Auditor error for scopex_2017: HTTP 429: {"error":{"message":"Rate limit reached for gpt-4o-mini in organization org-GAm6cx3nTdYsPn2VvLcotuLu on tokens per min (TPM): Limit 2000000, Used 2000000, Requested 539. Please try again in 16ms. Visit https://platform.openai.com/account/rate-limits to learn more.","type":"tokens","param":null,"code":"rate_limit_exceeded"}}
[node_2] Auditor error for polar_bears: HTTP 429: {"error":{"message":"Rate limit reached for gpt-4o-mini in organization org-GAm6cx3nTdYsPn2VvLcotuLu on tokens per min (TPM): Limit 2000000, Used 2000000, Requested 496. Please try again in 14ms. Visit https://platform.openai.com/account/rate-limits to learn more.","type":"tokens","param":null,"code":"rate_limit_exceeded"}}
[node_2] Auditor error for scopex_2017: HTTP 429: {"error":{"message":"Rate limit reached for gpt-4o-mini in organization org-GAm6cx3nTdYsPn2VvLcotuLu on tokens per min (TPM): Limit 2000000, Used 2000000, Requested 538. Please try again in 16ms. Visit https://platform.openai.com/account/rate-limits to learn more.","type":"tokens","param":null,"code":"rate_limit_exceeded"}}
[node_2] Auditor error for polar_bears: HTTP 429: {"error":{"message":"Rate limit reached for gpt-4o-mini in organization org-GAm6cx3nTdYsPn2VvLcotuLu on tokens per min (TPM): Limit 2000000, Used 1999820, Requested 494. Please try again in 9ms. Visit https://platform.openai.com/account/rate-limits to learn more.","type":"tokens","param":null,"code":"rate_limit_exceeded"}}
[node_2] Auditor error for scopex_2017: HTTP 429: {"error":{"message":"Rate limit reached for gpt-4o-mini in organization org-GAm6cx3nTdYsPn2VvLcotuLu on tokens per min (TPM): Limit 2000000, Used 2000000, Requested 577. Please try again in 17ms. Visit https://platform.openai.com/account/rate-limits to learn more.","type":"tokens","param":null,"code":"rate_limit_exceeded"}}
[Simulation]   Scoring node_3
[node_2] Auditor error for polar_bears: HTTP 429: {"error":{"message":"Rate limit reached for gpt-4o-mini in organization org-GAm6cx3nTdYsPn2VvLcotuLu on tokens per min (TPM): Limit 2000000, Used 2000000, Requested 564. Please try again in 16ms. Visit https://platform.openai.com/account/rate-limits to learn more.","type":"tokens","param":null,"code":"rate_limit_exceeded"}}
[node_3] Auditor error for scopex_2017: HTTP 429: {"error":{"message":"Rate limit reached for gpt-4o-mini in organization org-GAm6cx3nTdYsPn2VvLcotuLu on tokens per min (TPM): Limit 2000000, Used 2000000, Requested 540. Please try again in 16ms. Visit https://platform.openai.com/account/rate-limits to learn more.","type":"tokens","param":null,"code":"rate_limit_exceeded"}}
[node_2] Auditor error for polar_bears: HTTP 429: {"error":{"message":"Rate limit reached for gpt-4o-mini in organization org-GAm6cx3nTdYsPn2VvLcotuLu on tokens per min (TPM): Limit 2000000, Used 2000000, Requested 572. Please try again in 17ms. Visit https://platform.openai.com/account/rate-limits to learn more.","type":"tokens","param":null,"code":"rate_limit_exceeded"}}
[node_2] Auditor error for polar_bears: HTTP 429: {"error":{"message":"Rate limit reached for gpt-4o-mini in organization org-GAm6cx3nTdYsPn2VvLcotuLu on tokens per min (TPM): Limit 2000000, Used 2000000, Requested 549. Please try again in 16ms. Visit https://platform.openai.com/account/rate-limits to learn more.","type":"tokens","param":null,"code":"rate_limit_exceeded"}}
[node_2] Auditor error for polar_bears: HTTP 429: {"error":{"message":"Rate limit reached for gpt-4o-mini in organization org-GAm6cx3nTdYsPn2VvLcotuLu on tokens per min (TPM): Limit 2000000, Used 2000000, Requested 498. Please try again in 14ms. Visit https://platform.openai.com/account/rate-limits to learn more.","type":"tokens","param":null,"code":"rate_limit_exceeded"}}
[node_2] Auditor error for polar_bears: HTTP 429: {"error":{"message":"Rate limit reached for gpt-4o-mini in organization org-GAm6cx3nTdYsPn2VvLcotuLu on tokens per min (TPM): Limit 2000000, Used 2000000, Requested 554. Please try again in 16ms. Visit https://platform.openai.com/account/rate-limits to learn more.","type":"tokens","param":null,"code":"rate_limit_exceeded"}}
[node_2] Auditor error for polar_bears: HTTP 429: {"error":{"message":"Rate limit reached for gpt-4o-mini in organization org-GAm6cx3nTdYsPn2VvLcotuLu on tokens per min (TPM): Limit 2000000, Used 2000000, Requested 500. Please try again in 15ms. Visit https://platform.openai.com/account/rate-limits to learn more.","type":"tokens","param":null,"code":"rate_limit_exceeded"}}
[node_2] Auditor error for polar_bears: HTTP 429: {"error":{"message":"Rate limit reached for gpt-4o-mini in organization org-GAm6cx3nTdYsPn2VvLcotuLu on tokens per min (TPM): Limit 2000000, Used 2000000, Requested 500. Please try again in 15ms. Visit https://platform.openai.com/account/rate-limits to learn more.","type":"tokens","param":null,"code":"rate_limit_exceeded"}}
[node_2] Auditor error for polar_bears: HTTP 429: {"error":{"message":"Rate limit reached for gpt-4o-mini in organization org-GAm6cx3nTdYsPn2VvLcotuLu on tokens per min (TPM): Limit 2000000, Used 2000000, Requested 521. Please try again in 15ms. Visit https://platform.openai.com/account/rate-limits to learn more.","type":"tokens","param":null,"code":"rate_limit_exceeded"}}
[node_3] Auditor error for scopex_2017: HTTP 429: {"error":{"message":"Rate limit reached for gpt-4o-mini in organization org-GAm6cx3nTdYsPn2VvLcotuLu on tokens per min (TPM): Limit 2000000, Used 2000000, Requested 510. Please try again in 15ms. Visit https://platform.openai.com/account/rate-limits to learn more.","type":"tokens","param":null,"code":"rate_limit_exceeded"}}
[node_2] Auditor error for polar_bears: HTTP 429: {"error":{"message":"Rate limit reached for gpt-4o-mini in organization org-GAm6cx3nTdYsPn2VvLcotuLu on tokens per min (TPM): Limit 2000000, Used 2000000, Requested 525. Please try again in 15ms. Visit https://platform.openai.com/account/rate-limits to learn more.","type":"tokens","param":null,"code":"rate_limit_exceeded"}}
[Simulation]   Scoring node_3
[node_3] Auditor error for scopex_2017: HTTP 429: {"error":{"message":"Rate limit reached for gpt-4o-mini in organization org-GAm6cx3nTdYsPn2VvLcotuLu on tokens per min (TPM): Limit 2000000, Used 2000000, Requested 522. Please try again in 15ms. Visit https://platform.openai.com/account/rate-limits to learn more.","type":"tokens","param":null,"code":"rate_limit_exceeded"}}
[node_3] Auditor error for polar_bears: HTTP 429: {"error":{"message":"Rate limit reached for gpt-4o-mini in organization org-GAm6cx3nTdYsPn2VvLcotuLu on tokens per min (TPM): Limit 2000000, Used 2000000, Requested 525. Please try again in 15ms. Visit https://platform.openai.com/account/rate-limits to learn more.","type":"tokens","param":null,"code":"rate_limit_exceeded"}}
[node_3] Auditor error for scopex_2017: HTTP 429: {"error":{"message":"Rate limit reached for gpt-4o-mini in organization org-GAm6cx3nTdYsPn2VvLcotuLu on tokens per min (TPM): Limit 2000000, Used 2000000, Requested 532. Please try again in 15ms. Visit https://platform.openai.com/account/rate-limits to learn more.","type":"tokens","param":null,"code":"rate_limit_exceeded"}}
[node_3] Auditor error for polar_bears: HTTP 429: {"error":{"message":"Rate limit reached for gpt-4o-mini in organization org-GAm6cx3nTdYsPn2VvLcotuLu on tokens per min (TPM): Limit 2000000, Used 2000000, Requested 555. Please try again in 16ms. Visit https://platform.openai.com/account/rate-limits to learn more.","type":"tokens","param":null,"code":"rate_limit_exceeded"}}
[node_3] Auditor error for polar_bears: HTTP 429: {"error":{"message":"Rate limit reached for gpt-4o-mini in organization org-GAm6cx3nTdYsPn2VvLcotuLu on tokens per min (TPM): Limit 2000000, Used 2000000, Requested 525. Please try again in 15ms. Visit https://platform.openai.com/account/rate-limits to learn more.","type":"tokens","param":null,"code":"rate_limit_exceeded"}}
[node_3] Auditor error for scopex_2017: HTTP 429: {"error":{"message":"Rate limit reached for gpt-4o-mini in organization org-GAm6cx3nTdYsPn2VvLcotuLu on tokens per min (TPM): Limit 2000000, Used 2000000, Requested 535. Please try again in 16ms. Visit https://platform.openai.com/account/rate-limits to learn more.","type":"tokens","param":null,"code":"rate_limit_exceeded"}}
[node_3] Auditor error for polar_bears: HTTP 429: {"error":{"message":"Rate limit reached for gpt-4o-mini in organization org-GAm6cx3nTdYsPn2VvLcotuLu on tokens per min (TPM): Limit 2000000, Used 2000000, Requested 539. Please try again in 16ms. Visit https://platform.openai.com/account/rate-limits to learn more.","type":"tokens","param":null,"code":"rate_limit_exceeded"}}
[node_3] Auditor error for scopex_2017: HTTP 429: {"error":{"message":"Rate limit reached for gpt-4o-mini in organization org-GAm6cx3nTdYsPn2VvLcotuLu on tokens per min (TPM): Limit 2000000, Used 2000000, Requested 561. Please try again in 16ms. Visit https://platform.openai.com/account/rate-limits to learn more.","type":"tokens","param":null,"code":"rate_limit_exceeded"}}
[node_3] Auditor error for polar_bears: HTTP 429: {"error":{"message":"Rate limit reached for gpt-4o-mini in organization org-GAm6cx3nTdYsPn2VvLcotuLu on tokens per min (TPM): Limit 2000000, Used 2000000, Requested 501. Please try again in 15ms. Visit https://platform.openai.com/account/rate-limits to learn more.","type":"tokens","param":null,"code":"rate_limit_exceeded"}}
[node_3] Auditor error for scopex_2017: HTTP 429: {"error":{"message":"Rate limit reached for gpt-4o-mini in organization org-GAm6cx3nTdYsPn2VvLcotuLu on tokens per min (TPM): Limit 2000000, Used 2000000, Requested 586. Please try again in 17ms. Visit https://platform.openai.com/account/rate-limits to learn more.","type":"tokens","param":null,"code":"rate_limit_exceeded"}}
[Simulation]   Scoring node_4
[node_3] Auditor error for polar_bears: HTTP 429: {"error":{"message":"Rate limit reached for gpt-4o-mini in organization org-GAm6cx3nTdYsPn2VvLcotuLu on tokens per min (TPM): Limit 2000000, Used 2000000, Requested 552. Please try again in 16ms. Visit https://platform.openai.com/account/rate-limits to learn more.","type":"tokens","param":null,"code":"rate_limit_exceeded"}}
[node_4] Auditor error for scopex_2017: HTTP 429: {"error":{"message":"Rate limit reached for gpt-4o-mini in organization org-GAm6cx3nTdYsPn2VvLcotuLu on tokens per min (TPM): Limit 2000000, Used 2000000, Requested 523. Please try again in 15ms. Visit https://platform.openai.com/account/rate-limits to learn more.","type":"tokens","param":null,"code":"rate_limit_exceeded"}}
[node_3] Auditor error for polar_bears: HTTP 429: {"error":{"message":"Rate limit reached for gpt-4o-mini in organization org-GAm6cx3nTdYsPn2VvLcotuLu on tokens per min (TPM): Limit 2000000, Used 2000000, Requested 536. Please try again in 16ms. Visit https://platform.openai.com/account/rate-limits to learn more.","type":"tokens","param":null,"code":"rate_limit_exceeded"}}
[node_4] Auditor error for scopex_2017: HTTP 429: {"error":{"message":"Rate limit reached for gpt-4o-mini in organization org-GAm6cx3nTdYsPn2VvLcotuLu on tokens per min (TPM): Limit 2000000, Used 2000000, Requested 534. Please try again in 16ms. Visit https://platform.openai.com/account/rate-limits to learn more.","type":"tokens","param":null,"code":"rate_limit_exceeded"}}
[node_3] Auditor error for polar_bears: HTTP 429: {"error":{"message":"Rate limit reached for gpt-4o-mini in organization org-GAm6cx3nTdYsPn2VvLcotuLu on tokens per min (TPM): Limit 2000000, Used 2000000, Requested 506. Please try again in 15ms. Visit https://platform.openai.com/account/rate-limits to learn more.","type":"tokens","param":null,"code":"rate_limit_exceeded"}}
[node_4] Auditor error for scopex_2017: HTTP 429: {"error":{"message":"Rate limit reached for gpt-4o-mini in organization org-GAm6cx3nTdYsPn2VvLcotuLu on tokens per min (TPM): Limit 2000000, Used 2000000, Requested 522. Please try again in 15ms. Visit https://platform.openai.com/account/rate-limits to learn more.","type":"tokens","param":null,"code":"rate_limit_exceeded"}}
[node_3] Auditor error for polar_bears: HTTP 429: {"error":{"message":"Rate limit reached for gpt-4o-mini in organization org-GAm6cx3nTdYsPn2VvLcotuLu on tokens per min (TPM): Limit 2000000, Used 2000000, Requested 566. Please try again in 16ms. Visit https://platform.openai.com/account/rate-limits to learn more.","type":"tokens","param":null,"code":"rate_limit_exceeded"}}
[node_4] Auditor error for scopex_2017: HTTP 429: {"error":{"message":"Rate limit reached for gpt-4o-mini in organization org-GAm6cx3nTdYsPn2VvLcotuLu on tokens per min (TPM): Limit 2000000, Used 2000000, Requested 510. Please try again in 15ms. Visit https://platform.openai.com/account/rate-limits to learn more.","type":"tokens","param":null,"code":"rate_limit_exceeded"}}
[node_3] Auditor error for polar_bears: HTTP 429: {"error":{"message":"Rate limit reached for gpt-4o-mini in organization org-GAm6cx3nTdYsPn2VvLcotuLu on tokens per min (TPM): Limit 2000000, Used 2000000, Requested 546. Please try again in 16ms. Visit https://platform.openai.com/account/rate-limits to learn more.","type":"tokens","param":null,"code":"rate_limit_exceeded"}}
[node_4] Auditor error for scopex_2017: HTTP 429: {"error":{"message":"Rate limit reached for gpt-4o-mini in organization org-GAm6cx3nTdYsPn2VvLcotuLu on tokens per min (TPM): Limit 2000000, Used 2000000, Requested 520. Please try again in 15ms. Visit https://platform.openai.com/account/rate-limits to learn more.","type":"tokens","param":null,"code":"rate_limit_exceeded"}}
[node_4] Auditor error for scopex_2017: HTTP 429: {"error":{"message":"Rate limit reached for gpt-4o-mini in organization org-GAm6cx3nTdYsPn2VvLcotuLu on tokens per min (TPM): Limit 2000000, Used 2000000, Requested 541. Please try again in 16ms. Visit https://platform.openai.com/account/rate-limits to learn more.","type":"tokens","param":null,"code":"rate_limit_exceeded"}}
[node_4] Auditor error for scopex_2017: HTTP 429: {"error":{"message":"Rate limit reached for gpt-4o-mini in organization org-GAm6cx3nTdYsPn2VvLcotuLu on tokens per min (TPM): Limit 2000000, Used 2000000, Requested 575. Please try again in 17ms. Visit https://platform.openai.com/account/rate-limits to learn more.","type":"tokens","param":null,"code":"rate_limit_exceeded"}}
[node_4] Auditor error for scopex_2017: HTTP 429: {"error":{"message":"Rate limit reached for gpt-4o-mini in organization org-GAm6cx3nTdYsPn2VvLcotuLu on tokens per min (TPM): Limit 2000000, Used 2000000, Requested 506. Please try again in 15ms. Visit https://platform.openai.com/account/rate-limits to learn more.","type":"tokens","param":null,"code":"rate_limit_exceeded"}}
[node_4] Auditor error for scopex_2017: HTTP 429: {"error":{"message":"Rate limit reached for gpt-4o-mini in organization org-GAm6cx3nTdYsPn2VvLcotuLu on tokens per min (TPM): Limit 2000000, Used 2000000, Requested 569. Please try again in 17ms. Visit https://platform.openai.com/account/rate-limits to learn more.","type":"tokens","param":null,"code":"rate_limit_exceeded"}}
[node_4] Auditor error for scopex_2017: HTTP 429: {"error":{"message":"Rate limit reached for gpt-4o-mini in organization org-GAm6cx3nTdYsPn2VvLcotuLu on tokens per min (TPM): Limit 2000000, Used 2000000, Requested 536. Please try again in 16ms. Visit https://platform.openai.com/account/rate-limits to learn more.","type":"tokens","param":null,"code":"rate_limit_exceeded"}}
[Simulation]   Scoring node_4
[node_4] Auditor error for scopex_2017: HTTP 429: {"error":{"message":"Rate limit reached for gpt-4o-mini in organization org-GAm6cx3nTdYsPn2VvLcotuLu on tokens per min (TPM): Limit 2000000, Used 1999856, Requested 546. Please try again in 12ms. Visit https://platform.openai.com/account/rate-limits to learn more.","type":"tokens","param":null,"code":"rate_limit_exceeded"}}
[node_4] Auditor error for polar_bears: HTTP 429: {"error":{"message":"Rate limit reached for gpt-4o-mini in organization org-GAm6cx3nTdYsPn2VvLcotuLu on tokens per min (TPM): Limit 2000000, Used 2000000, Requested 534. Please try again in 16ms. Visit https://platform.openai.com/account/rate-limits to learn more.","type":"tokens","param":null,"code":"rate_limit_exceeded"}}
[node_4] Auditor error for scopex_2017: HTTP 429: {"error":{"message":"Rate limit reached for gpt-4o-mini in organization org-GAm6cx3nTdYsPn2VvLcotuLu on tokens per min (TPM): Limit 2000000, Used 1999959, Requested 516. Please try again in 14ms. Visit https://platform.openai.com/account/rate-limits to learn more.","type":"tokens","param":null,"code":"rate_limit_exceeded"}}
[node_4] Auditor error for polar_bears: HTTP 429: {"error":{"message":"Rate limit reached for gpt-4o-mini in organization org-GAm6cx3nTdYsPn2VvLcotuLu on tokens per min (TPM): Limit 2000000, Used 2000000, Requested 568. Please try again in 17ms. Visit https://platform.openai.com/account/rate-limits to learn more.","type":"tokens","param":null,"code":"rate_limit_exceeded"}}
[node_4] Auditor error for scopex_2017: HTTP 429: {"error":{"message":"Rate limit reached for gpt-4o-mini in organization org-GAm6cx3nTdYsPn2VvLcotuLu on tokens per min (TPM): Limit 2000000, Used 2000000, Requested 570. Please try again in 17ms. Visit https://platform.openai.com/account/rate-limits to learn more.","type":"tokens","param":null,"code":"rate_limit_exceeded"}}
[node_4] Auditor error for polar_bears: HTTP 429: {"error":{"message":"Rate limit reached for gpt-4o-mini in organization org-GAm6cx3nTdYsPn2VvLcotuLu on tokens per min (TPM): Limit 2000000, Used 2000000, Requested 496. Please try again in 14ms. Visit https://platform.openai.com/account/rate-limits to learn more.","type":"tokens","param":null,"code":"rate_limit_exceeded"}}
[node_4] Auditor error for scopex_2017: HTTP 429: {"error":{"message":"Rate limit reached for gpt-4o-mini in organization org-GAm6cx3nTdYsPn2VvLcotuLu on tokens per min (TPM): Limit 2000000, Used 2000000, Requested 534. Please try again in 16ms. Visit https://platform.openai.com/account/rate-limits to learn more.","type":"tokens","param":null,"code":"rate_limit_exceeded"}}
[node_4] Auditor error for polar_bears: HTTP 429: {"error":{"message":"Rate limit reached for gpt-4o-mini in organization org-GAm6cx3nTdYsPn2VvLcotuLu on tokens per min (TPM): Limit 2000000, Used 2000000, Requested 561. Please try again in 16ms. Visit https://platform.openai.com/account/rate-limits to learn more.","type":"tokens","param":null,"code":"rate_limit_exceeded"}}
[node_4] Auditor error for scopex_2017: HTTP 429: {"error":{"message":"Rate limit reached for gpt-4o-mini in organization org-GAm6cx3nTdYsPn2VvLcotuLu on tokens per min (TPM): Limit 2000000, Used 2000000, Requested 580. Please try again in 17ms. Visit https://platform.openai.com/account/rate-limits to learn more.","type":"tokens","param":null,"code":"rate_limit_exceeded"}}
[node_4] Auditor error for polar_bears: HTTP 429: {"error":{"message":"Rate limit reached for gpt-4o-mini in organization org-GAm6cx3nTdYsPn2VvLcotuLu on tokens per min (TPM): Limit 2000000, Used 2000000, Requested 568. Please try again in 17ms. Visit https://platform.openai.com/account/rate-limits to learn more.","type":"tokens","param":null,"code":"rate_limit_exceeded"}}
[node_4] Auditor error for scopex_2017: HTTP 429: {"error":{"message":"Rate limit reached for gpt-4o-mini in organization org-GAm6cx3nTdYsPn2VvLcotuLu on tokens per min (TPM): Limit 2000000, Used 2000000, Requested 540. Please try again in 16ms. Visit https://platform.openai.com/account/rate-limits to learn more.","type":"tokens","param":null,"code":"rate_limit_exceeded"}}
[Simulation]   Scoring node_5
[node_4] Auditor error for polar_bears: HTTP 429: {"error":{"message":"Rate limit reached for gpt-4o-mini in organization org-GAm6cx3nTdYsPn2VvLcotuLu on tokens per min (TPM): Limit 2000000, Used 2000000, Requested 552. Please try again in 16ms. Visit https://platform.openai.com/account/rate-limits to learn more.","type":"tokens","param":null,"code":"rate_limit_exceeded"}}
[node_5] Auditor error for scopex_2017: HTTP 429: {"error":{"message":"Rate limit reached for gpt-4o-mini in organization org-GAm6cx3nTdYsPn2VvLcotuLu on tokens per min (TPM): Limit 2000000, Used 2000000, Requested 536. Please try again in 16ms. Visit https://platform.openai.com/account/rate-limits to learn more.","type":"tokens","param":null,"code":"rate_limit_exceeded"}}
[Simulation]   Scoring node_6
[node_4] Auditor error for polar_bears: HTTP 429: {"error":{"message":"Rate limit reached for gpt-4o-mini in organization org-GAm6cx3nTdYsPn2VvLcotuLu on tokens per min (TPM): Limit 2000000, Used 2000000, Requested 549. Please try again in 16ms. Visit https://platform.openai.com/account/rate-limits to learn more.","type":"tokens","param":null,"code":"rate_limit_exceeded"}}
[node_6] Auditor error for scopex_2017: HTTP 429: {"error":{"message":"Rate limit reached for gpt-4o-mini in organization org-GAm6cx3nTdYsPn2VvLcotuLu on tokens per min (TPM): Limit 2000000, Used 2000000, Requested 545. Please try again in 16ms. Visit https://platform.openai.com/account/rate-limits to learn more.","type":"tokens","param":null,"code":"rate_limit_exceeded"}}
[node_4] Auditor error for polar_bears: HTTP 429: {"error":{"message":"Rate limit reached for gpt-4o-mini in organization org-GAm6cx3nTdYsPn2VvLcotuLu on tokens per min (TPM): Limit 2000000, Used 2000000, Requested 568. Please try again in 17ms. Visit https://platform.openai.com/account/rate-limits to learn more.","type":"tokens","param":null,"code":"rate_limit_exceeded"}}
[node_6] Auditor error for scopex_2017: HTTP 429: {"error":{"message":"Rate limit reached for gpt-4o-mini in organization org-GAm6cx3nTdYsPn2VvLcotuLu on tokens per min (TPM): Limit 2000000, Used 2000000, Requested 524. Please try again in 15ms. Visit https://platform.openai.com/account/rate-limits to learn more.","type":"tokens","param":null,"code":"rate_limit_exceeded"}}
[node_4] Auditor error for polar_bears: HTTP 429: {"error":{"message":"Rate limit reached for gpt-4o-mini in organization org-GAm6cx3nTdYsPn2VvLcotuLu on tokens per min (TPM): Limit 2000000, Used 2000000, Requested 501. Please try again in 15ms. Visit https://platform.openai.com/account/rate-limits to learn more.","type":"tokens","param":null,"code":"rate_limit_exceeded"}}
[node_6] Auditor error for scopex_2017: HTTP 429: {"error":{"message":"Rate limit reached for gpt-4o-mini in organization org-GAm6cx3nTdYsPn2VvLcotuLu on tokens per min (TPM): Limit 2000000, Used 1999959, Requested 534. Please try again in 14ms. Visit https://platform.openai.com/account/rate-limits to learn more.","type":"tokens","param":null,"code":"rate_limit_exceeded"}}
[node_4] Auditor error for polar_bears: HTTP 429: {"error":{"message":"Rate limit reached for gpt-4o-mini in organization org-GAm6cx3nTdYsPn2VvLcotuLu on tokens per min (TPM): Limit 2000000, Used 2000000, Requested 530. Please try again in 15ms. Visit https://platform.openai.com/account/rate-limits to learn more.","type":"tokens","param":null,"code":"rate_limit_exceeded"}}
[node_6] Auditor error for scopex_2017: HTTP 429: {"error":{"message":"Rate limit reached for gpt-4o-mini in organization org-GAm6cx3nTdYsPn2VvLcotuLu on tokens per min (TPM): Limit 2000000, Used 2000000, Requested 523. Please try again in 15ms. Visit https://platform.openai.com/account/rate-limits to learn more.","type":"tokens","param":null,"code":"rate_limit_exceeded"}}
[node_4] Auditor error for polar_bears: HTTP 429: {"error":{"message":"Rate limit reached for gpt-4o-mini in organization org-GAm6cx3nTdYsPn2VvLcotuLu on tokens per min (TPM): Limit 2000000, Used 2000000, Requested 543. Please try again in 16ms. Visit https://platform.openai.com/account/rate-limits to learn more.","type":"tokens","param":null,"code":"rate_limit_exceeded"}}
[node_6] Auditor error for scopex_2017: HTTP 429: {"error":{"message":"Rate limit reached for gpt-4o-mini in organization org-GAm6cx3nTdYsPn2VvLcotuLu on tokens per min (TPM): Limit 2000000, Used 2000000, Requested 534. Please try again in 16ms. Visit https://platform.openai.com/account/rate-limits to learn more.","type":"tokens","param":null,"code":"rate_limit_exceeded"}}
[node_4] Auditor error for polar_bears: HTTP 429: {"error":{"message":"Rate limit reached for gpt-4o-mini in organization org-GAm6cx3nTdYsPn2VvLcotuLu on tokens per min (TPM): Limit 2000000, Used 2000000, Requested 498. Please try again in 14ms. Visit https://platform.openai.com/account/rate-limits to learn more.","type":"tokens","param":null,"code":"rate_limit_exceeded"}}
[node_6] Auditor error for scopex_2017: HTTP 429: {"error":{"message":"Rate limit reached for gpt-4o-mini in organization org-GAm6cx3nTdYsPn2VvLcotuLu on tokens per min (TPM): Limit 2000000, Used 2000000, Requested 522. Please try again in 15ms. Visit https://platform.openai.com/account/rate-limits to learn more.","type":"tokens","param":null,"code":"rate_limit_exceeded"}}
[node_4] Auditor error for polar_bears: HTTP 429: {"error":{"message":"Rate limit reached for gpt-4o-mini in organization org-GAm6cx3nTdYsPn2VvLcotuLu on tokens per min (TPM): Limit 2000000, Used 2000000, Requested 494. Please try again in 14ms. Visit https://platform.openai.com/account/rate-limits to learn more.","type":"tokens","param":null,"code":"rate_limit_exceeded"}}
[node_6] Auditor error for scopex_2017: HTTP 429: {"error":{"message":"Rate limit reached for gpt-4o-mini in organization org-GAm6cx3nTdYsPn2VvLcotuLu on tokens per min (TPM): Limit 2000000, Used 2000000, Requested 520. Please try again in 15ms. Visit https://platform.openai.com/account/rate-limits to learn more.","type":"tokens","param":null,"code":"rate_limit_exceeded"}}
[node_4] Auditor error for polar_bears: HTTP 429: {"error":{"message":"Rate limit reached for gpt-4o-mini in organization org-GAm6cx3nTdYsPn2VvLcotuLu on tokens per min (TPM): Limit 2000000, Used 2000000, Requested 497. Please try again in 14ms. Visit https://platform.openai.com/account/rate-limits to learn more.","type":"tokens","param":null,"code":"rate_limit_exceeded"}}
[node_4] Auditor error for polar_bears: HTTP 429: {"error":{"message":"Rate limit reached for gpt-4o-mini in organization org-GAm6cx3nTdYsPn2VvLcotuLu on tokens per min (TPM): Limit 2000000, Used 2000000, Requested 507. Please try again in 15ms. Visit https://platform.openai.com/account/rate-limits to learn more.","type":"tokens","param":null,"code":"rate_limit_exceeded"}}
[node_4] Auditor error for polar_bears: HTTP 429: {"error":{"message":"Rate limit reached for gpt-4o-mini in organization org-GAm6cx3nTdYsPn2VvLcotuLu on tokens per min (TPM): Limit 2000000, Used 2000000, Requested 498. Please try again in 14ms. Visit https://platform.openai.com/account/rate-limits to learn more.","type":"tokens","param":null,"code":"rate_limit_exceeded"}}
[Simulation]   Scoring node_5
[Simulation]   Scoring node_6
[node_6] Auditor error for polar_bears: HTTP 429: {"error":{"message":"Rate limit reached for gpt-4o-mini in organization org-GAm6cx3nTdYsPn2VvLcotuLu on tokens per min (TPM): Limit 2000000, Used 2000000, Requested 568. Please try again in 17ms. Visit https://platform.openai.com/account/rate-limits to learn more.","type":"tokens","param":null,"code":"rate_limit_exceeded"}}
[node_6] Auditor error for polar_bears: HTTP 429: {"error":{"message":"Rate limit reached for gpt-4o-mini in organization org-GAm6cx3nTdYsPn2VvLcotuLu on tokens per min (TPM): Limit 2000000, Used 2000000, Requested 527. Please try again in 15ms. Visit https://platform.openai.com/account/rate-limits to learn more.","type":"tokens","param":null,"code":"rate_limit_exceeded"}}
[node_6] Auditor error for polar_bears: HTTP 429: {"error":{"message":"Rate limit reached for gpt-4o-mini in organization org-GAm6cx3nTdYsPn2VvLcotuLu on tokens per min (TPM): Limit 2000000, Used 2000000, Requested 524. Please try again in 15ms. Visit https://platform.openai.com/account/rate-limits to learn more.","type":"tokens","param":null,"code":"rate_limit_exceeded"}}
[node_6] Auditor error for scopex_2017: HTTP 429: {"error":{"message":"Rate limit reached for gpt-4o-mini in organization org-GAm6cx3nTdYsPn2VvLcotuLu on tokens per min (TPM): Limit 2000000, Used 2000000, Requested 544. Please try again in 16ms. Visit https://platform.openai.com/account/rate-limits to learn more.","type":"tokens","param":null,"code":"rate_limit_exceeded"}}
[node_6] Auditor error for scopex_2017: HTTP 429: {"error":{"message":"Rate limit reached for gpt-4o-mini in organization org-GAm6cx3nTdYsPn2VvLcotuLu on tokens per min (TPM): Limit 2000000, Used 2000000, Requested 559. Please try again in 16ms. Visit https://platform.openai.com/account/rate-limits to learn more.","type":"tokens","param":null,"code":"rate_limit_exceeded"}}
[node_6] Auditor error for scopex_2017: HTTP 429: {"error":{"message":"Rate limit reached for gpt-4o-mini in organization org-GAm6cx3nTdYsPn2VvLcotuLu on tokens per min (TPM): Limit 2000000, Used 2000000, Requested 524. Please try again in 15ms. Visit https://platform.openai.com/account/rate-limits to learn more.","type":"tokens","param":null,"code":"rate_limit_exceeded"}}
[node_6] Auditor error for scopex_2017: HTTP 429: {"error":{"message":"Rate limit reached for gpt-4o-mini in organization org-GAm6cx3nTdYsPn2VvLcotuLu on tokens per min (TPM): Limit 2000000, Used 2000000, Requested 540. Please try again in 16ms. Visit https://platform.openai.com/account/rate-limits to learn more.","type":"tokens","param":null,"code":"rate_limit_exceeded"}}
[node_6] Auditor error for scopex_2017: HTTP 429: {"error":{"message":"Rate limit reached for gpt-4o-mini in organization org-GAm6cx3nTdYsPn2VvLcotuLu on tokens per min (TPM): Limit 2000000, Used 2000000, Requested 505. Please try again in 15ms. Visit https://platform.openai.com/account/rate-limits to learn more.","type":"tokens","param":null,"code":"rate_limit_exceeded"}}
[node_6] Auditor error for scopex_2017: HTTP 429: {"error":{"message":"Rate limit reached for gpt-4o-mini in organization org-GAm6cx3nTdYsPn2VvLcotuLu on tokens per min (TPM): Limit 2000000, Used 2000000, Requested 554. Please try again in 16ms. Visit https://platform.openai.com/account/rate-limits to learn more.","type":"tokens","param":null,"code":"rate_limit_exceeded"}}
[Simulation]   Scoring node_7
[node_7] Auditor error for scopex_2017: HTTP 429: {"error":{"message":"Rate limit reached for gpt-4o-mini in organization org-GAm6cx3nTdYsPn2VvLcotuLu on tokens per min (TPM): Limit 2000000, Used 2000000, Requested 529. Please try again in 15ms. Visit https://platform.openai.com/account/rate-limits to learn more.","type":"tokens","param":null,"code":"rate_limit_exceeded"}}
[node_6] Auditor error for polar_bears: HTTP 429: {"error":{"message":"Rate limit reached for gpt-4o-mini in organization org-GAm6cx3nTdYsPn2VvLcotuLu on tokens per min (TPM): Limit 2000000, Used 2000000, Requested 530. Please try again in 15ms. Visit https://platform.openai.com/account/rate-limits to learn more.","type":"tokens","param":null,"code":"rate_limit_exceeded"}}
[node_7] Auditor error for scopex_2017: HTTP 429: {"error":{"message":"Rate limit reached for gpt-4o-mini in organization org-GAm6cx3nTdYsPn2VvLcotuLu on tokens per min (TPM): Limit 2000000, Used 2000000, Requested 564. Please try again in 16ms. Visit https://platform.openai.com/account/rate-limits to learn more.","type":"tokens","param":null,"code":"rate_limit_exceeded"}}
[node_6] Auditor error for polar_bears: HTTP 429: {"error":{"message":"Rate limit reached for gpt-4o-mini in organization org-GAm6cx3nTdYsPn2VvLcotuLu on tokens per min (TPM): Limit 2000000, Used 2000000, Requested 502. Please try again in 15ms. Visit https://platform.openai.com/account/rate-limits to learn more.","type":"tokens","param":null,"code":"rate_limit_exceeded"}}
[node_7] Auditor error for scopex_2017: HTTP 429: {"error":{"message":"Rate limit reached for gpt-4o-mini in organization org-GAm6cx3nTdYsPn2VvLcotuLu on tokens per min (TPM): Limit 2000000, Used 2000000, Requested 499. Please try again in 14ms. Visit https://platform.openai.com/account/rate-limits to learn more.","type":"tokens","param":null,"code":"rate_limit_exceeded"}}
[node_6] Auditor error for polar_bears: HTTP 429: {"error":{"message":"Rate limit reached for gpt-4o-mini in organization org-GAm6cx3nTdYsPn2VvLcotuLu on tokens per min (TPM): Limit 2000000, Used 2000000, Requested 490. Please try again in 14ms. Visit https://platform.openai.com/account/rate-limits to learn more.","type":"tokens","param":null,"code":"rate_limit_exceeded"}}
[node_7] Auditor error for scopex_2017: HTTP 429: {"error":{"message":"Rate limit reached for gpt-4o-mini in organization org-GAm6cx3nTdYsPn2VvLcotuLu on tokens per min (TPM): Limit 2000000, Used 2000000, Requested 540. Please try again in 16ms. Visit https://platform.openai.com/account/rate-limits to learn more.","type":"tokens","param":null,"code":"rate_limit_exceeded"}}
[node_6] Auditor error for polar_bears: HTTP 429: {"error":{"message":"Rate limit reached for gpt-4o-mini in organization org-GAm6cx3nTdYsPn2VvLcotuLu on tokens per min (TPM): Limit 2000000, Used 2000000, Requested 565. Please try again in 16ms. Visit https://platform.openai.com/account/rate-limits to learn more.","type":"tokens","param":null,"code":"rate_limit_exceeded"}}
[node_7] Auditor error for scopex_2017: HTTP 429: {"error":{"message":"Rate limit reached for gpt-4o-mini in organization org-GAm6cx3nTdYsPn2VvLcotuLu on tokens per min (TPM): Limit 2000000, Used 2000000, Requested 560. Please try again in 16ms. Visit https://platform.openai.com/account/rate-limits to learn more.","type":"tokens","param":null,"code":"rate_limit_exceeded"}}
[node_6] Auditor error for polar_bears: HTTP 429: {"error":{"message":"Rate limit reached for gpt-4o-mini in organization org-GAm6cx3nTdYsPn2VvLcotuLu on tokens per min (TPM): Limit 2000000, Used 2000000, Requested 538. Please try again in 16ms. Visit https://platform.openai.com/account/rate-limits to learn more.","type":"tokens","param":null,"code":"rate_limit_exceeded"}}
[node_7] Auditor error for scopex_2017: HTTP 429: {"error":{"message":"Rate limit reached for gpt-4o-mini in organization org-GAm6cx3nTdYsPn2VvLcotuLu on tokens per min (TPM): Limit 2000000, Used 2000000, Requested 572. Please try again in 17ms. Visit https://platform.openai.com/account/rate-limits to learn more.","type":"tokens","param":null,"code":"rate_limit_exceeded"}}

[Simulation] === Auditing: chemtrails_gates_2018_2021 ===
[Simulation]   Scoring node_0
[node_6] Auditor error for polar_bears: HTTP 429: {"error":{"message":"Rate limit reached for gpt-4o-mini in organization org-GAm6cx3nTdYsPn2VvLcotuLu on tokens per min (TPM): Limit 2000000, Used 2000000, Requested 561. Please try again in 16ms. Visit https://platform.openai.com/account/rate-limits to learn more.","type":"tokens","param":null,"code":"rate_limit_exceeded"}}
[node_0] Auditor error for chemtrails_gates_2018_2021: HTTP 429: {"error":{"message":"Rate limit reached for gpt-4o-mini in organization org-GAm6cx3nTdYsPn2VvLcotuLu on tokens per min (TPM): Limit 2000000, Used 1999393, Requested 695. Please try again in 2ms. Visit https://platform.openai.com/account/rate-limits to learn more.","type":"tokens","param":null,"code":"rate_limit_exceeded"}}
[node_6] Auditor error for polar_bears: HTTP 429: {"error":{"message":"Rate limit reached for gpt-4o-mini in organization org-GAm6cx3nTdYsPn2VvLcotuLu on tokens per min (TPM): Limit 2000000, Used 2000000, Requested 518. Please try again in 15ms. Visit https://platform.openai.com/account/rate-limits to learn more.","type":"tokens","param":null,"code":"rate_limit_exceeded"}}
[node_0] Auditor error for chemtrails_gates_2018_2021: HTTP 429: {"error":{"message":"Rate limit reached for gpt-4o-mini in organization org-GAm6cx3nTdYsPn2VvLcotuLu on tokens per min (TPM): Limit 2000000, Used 2000000, Requested 630. Please try again in 18ms. Visit https://platform.openai.com/account/rate-limits to learn more.","type":"tokens","param":null,"code":"rate_limit_exceeded"}}
[node_6] Auditor error for polar_bears: HTTP 429: {"error":{"message":"Rate limit reached for gpt-4o-mini in organization org-GAm6cx3nTdYsPn2VvLcotuLu on tokens per min (TPM): Limit 2000000, Used 2000000, Requested 543. Please try again in 16ms. Visit https://platform.openai.com/account/rate-limits to learn more.","type":"tokens","param":null,"code":"rate_limit_exceeded"}}
[node_0] Auditor error for chemtrails_gates_2018_2021: HTTP 429: {"error":{"message":"Rate limit reached for gpt-4o-mini in organization org-GAm6cx3nTdYsPn2VvLcotuLu on tokens per min (TPM): Limit 2000000, Used 2000000, Requested 695. Please try again in 20ms. Visit https://platform.openai.com/account/rate-limits to learn more.","type":"tokens","param":null,"code":"rate_limit_exceeded"}}
[node_6] Auditor error for polar_bears: HTTP 429: {"error":{"message":"Rate limit reached for gpt-4o-mini in organization org-GAm6cx3nTdYsPn2VvLcotuLu on tokens per min (TPM): Limit 2000000, Used 2000000, Requested 529. Please try again in 15ms. Visit https://platform.openai.com/account/rate-limits to learn more.","type":"tokens","param":null,"code":"rate_limit_exceeded"}}
[node_6] Auditor error for polar_bears: HTTP 429: {"error":{"message":"Rate limit reached for gpt-4o-mini in organization org-GAm6cx3nTdYsPn2VvLcotuLu on tokens per min (TPM): Limit 2000000, Used 2000000, Requested 540. Please try again in 16ms. Visit https://platform.openai.com/account/rate-limits to learn more.","type":"tokens","param":null,"code":"rate_limit_exceeded"}}
[node_0] Auditor error for chemtrails_gates_2018_2021: HTTP 429: {"error":{"message":"Rate limit reached for gpt-4o-mini in organization org-GAm6cx3nTdYsPn2VvLcotuLu on tokens per min (TPM): Limit 2000000, Used 2000000, Requested 634. Please try again in 19ms. Visit https://platform.openai.com/account/rate-limits to learn more.","type":"tokens","param":null,"code":"rate_limit_exceeded"}}
[node_0] Auditor error for chemtrails_gates_2018_2021: HTTP 429: {"error":{"message":"Rate limit reached for gpt-4o-mini in organization org-GAm6cx3nTdYsPn2VvLcotuLu on tokens per min (TPM): Limit 2000000, Used 2000000, Requested 695. Please try again in 20ms. Visit https://platform.openai.com/account/rate-limits to learn more.","type":"tokens","param":null,"code":"rate_limit_exceeded"}}
[node_0] Auditor error for chemtrails_gates_2018_2021: HTTP 429: {"error":{"message":"Rate limit reached for gpt-4o-mini in organization org-GAm6cx3nTdYsPn2VvLcotuLu on tokens per min (TPM): Limit 2000000, Used 2000000, Requested 630. Please try again in 18ms. Visit https://platform.openai.com/account/rate-limits to learn more.","type":"tokens","param":null,"code":"rate_limit_exceeded"}}
[node_0] Auditor error for chemtrails_gates_2018_2021: HTTP 429: {"error":{"message":"Rate limit reached for gpt-4o-mini in organization org-GAm6cx3nTdYsPn2VvLcotuLu on tokens per min (TPM): Limit 2000000, Used 2000000, Requested 597. Please try again in 17ms. Visit https://platform.openai.com/account/rate-limits to learn more.","type":"tokens","param":null,"code":"rate_limit_exceeded"}}
[node_0] Auditor error for chemtrails_gates_2018_2021: HTTP 429: {"error":{"message":"Rate limit reached for gpt-4o-mini in organization org-GAm6cx3nTdYsPn2VvLcotuLu on tokens per min (TPM): Limit 2000000, Used 2000000, Requested 608. Please try again in 18ms. Visit https://platform.openai.com/account/rate-limits to learn more.","type":"tokens","param":null,"code":"rate_limit_exceeded"}}
[node_0] Auditor error for chemtrails_gates_2018_2021: HTTP 429: {"error":{"message":"Rate limit reached for gpt-4o-mini in organization org-GAm6cx3nTdYsPn2VvLcotuLu on tokens per min (TPM): Limit 2000000, Used 2000000, Requested 572. Please try again in 17ms. Visit https://platform.openai.com/account/rate-limits to learn more.","type":"tokens","param":null,"code":"rate_limit_exceeded"}}
[node_6] Auditor error for polar_bears: HTTP 429: {"error":{"message":"Rate limit reached for gpt-4o-mini in organization org-GAm6cx3nTdYsPn2VvLcotuLu on tokens per min (TPM): Limit 2000000, Used 2000000, Requested 494. Please try again in 14ms. Visit https://platform.openai.com/account/rate-limits to learn more.","type":"tokens","param":null,"code":"rate_limit_exceeded"}}
[node_0] Auditor error for chemtrails_gates_2018_2021: HTTP 429: {"error":{"message":"Rate limit reached for gpt-4o-mini in organization org-GAm6cx3nTdYsPn2VvLcotuLu on tokens per min (TPM): Limit 2000000, Used 2000000, Requested 569. Please try again in 17ms. Visit https://platform.openai.com/account/rate-limits to learn more.","type":"tokens","param":null,"code":"rate_limit_exceeded"}}
[node_6] Auditor error for polar_bears: HTTP 429: {"error":{"message":"Rate limit reached for gpt-4o-mini in organization org-GAm6cx3nTdYsPn2VvLcotuLu on tokens per min (TPM): Limit 2000000, Used 2000000, Requested 507. Please try again in 15ms. Visit https://platform.openai.com/account/rate-limits to learn more.","type":"tokens","param":null,"code":"rate_limit_exceeded"}}
[node_6] Auditor error for polar_bears: HTTP 429: {"error":{"message":"Rate limit reached for gpt-4o-mini in organization org-GAm6cx3nTdYsPn2VvLcotuLu on tokens per min (TPM): Limit 2000000, Used 2000000, Requested 521. Please try again in 15ms. Visit https://platform.openai.com/account/rate-limits to learn more.","type":"tokens","param":null,"code":"rate_limit_exceeded"}}
[node_0] Auditor error for chemtrails_gates_2018_2021: HTTP 429: {"error":{"message":"Rate limit reached for gpt-4o-mini in organization org-GAm6cx3nTdYsPn2VvLcotuLu on tokens per min (TPM): Limit 2000000, Used 2000000, Requested 626. Please try again in 18ms. Visit https://platform.openai.com/account/rate-limits to learn more.","type":"tokens","param":null,"code":"rate_limit_exceeded"}}
[node_6] Auditor error for polar_bears: HTTP 429: {"error":{"message":"Rate limit reached for gpt-4o-mini in organization org-GAm6cx3nTdYsPn2VvLcotuLu on tokens per min (TPM): Limit 2000000, Used 2000000, Requested 549. Please try again in 16ms. Visit https://platform.openai.com/account/rate-limits to learn more.","type":"tokens","param":null,"code":"rate_limit_exceeded"}}
[Simulation]   Scoring node_7
[node_0] Auditor error for chemtrails_gates_2018_2021: HTTP 429: {"error":{"message":"Rate limit reached for gpt-4o-mini in organization org-GAm6cx3nTdYsPn2VvLcotuLu on tokens per min (TPM): Limit 2000000, Used 2000000, Requested 627. Please try again in 18ms. Visit https://platform.openai.com/account/rate-limits to learn more.","type":"tokens","param":null,"code":"rate_limit_exceeded"}}
[node_7] Auditor error for polar_bears: HTTP 429: {"error":{"message":"Rate limit reached for gpt-4o-mini in organization org-GAm6cx3nTdYsPn2VvLcotuLu on tokens per min (TPM): Limit 2000000, Used 2000000, Requested 527. Please try again in 15ms. Visit https://platform.openai.com/account/rate-limits to learn more.","type":"tokens","param":null,"code":"rate_limit_exceeded"}}
[node_0] Auditor error for chemtrails_gates_2018_2021: HTTP 429: {"error":{"message":"Rate limit reached for gpt-4o-mini in organization org-GAm6cx3nTdYsPn2VvLcotuLu on tokens per min (TPM): Limit 2000000, Used 2000000, Requested 561. Please try again in 16ms. Visit https://platform.openai.com/account/rate-limits to learn more.","type":"tokens","param":null,"code":"rate_limit_exceeded"}}
[node_0] Auditor error for chemtrails_gates_2018_2021: HTTP 429: {"error":{"message":"Request too large for gpt-4o-mini in organization org-GAm6cx3nTdYsPn2VvLcotuLu on tokens per min (TPM): Limit 2000000, Requested 555. The input or output tokens must be reduced in order to run successfully. Visit https://platform.openai.com/account/rate-limits to learn more.","type":"tokens","param":null,"code":"rate_limit_exceeded"}}
[node_7] Auditor error for polar_bears: HTTP 429: {"error":{"message":"Rate limit reached for gpt-4o-mini in organization org-GAm6cx3nTdYsPn2VvLcotuLu on tokens per min (TPM): Limit 2000000, Used 2000000, Requested 536. Please try again in 16ms. Visit https://platform.openai.com/account/rate-limits to learn more.","type":"tokens","param":null,"code":"rate_limit_exceeded"}}
[node_0] Auditor error for chemtrails_gates_2018_2021: HTTP 429: {"error":{"message":"Rate limit reached for gpt-4o-mini in organization org-GAm6cx3nTdYsPn2VvLcotuLu on tokens per min (TPM): Limit 2000000, Used 2000000, Requested 597. Please try again in 17ms. Visit https://platform.openai.com/account/rate-limits to learn more.","type":"tokens","param":null,"code":"rate_limit_exceeded"}}
[node_7] Auditor error for polar_bears: HTTP 429: {"error":{"message":"Rate limit reached for gpt-4o-mini in organization org-GAm6cx3nTdYsPn2VvLcotuLu on tokens per min (TPM): Limit 2000000, Used 2000000, Requested 507. Please try again in 15ms. Visit https://platform.openai.com/account/rate-limits to learn more.","type":"tokens","param":null,"code":"rate_limit_exceeded"}}
[node_0] Auditor error for chemtrails_gates_2018_2021: HTTP 429: {"error":{"message":"Rate limit reached for gpt-4o-mini in organization org-GAm6cx3nTdYsPn2VvLcotuLu on tokens per min (TPM): Limit 2000000, Used 2000000, Requested 627. Please try again in 18ms. Visit https://platform.openai.com/account/rate-limits to learn more.","type":"tokens","param":null,"code":"rate_limit_exceeded"}}
[node_7] Auditor error for polar_bears: HTTP 429: {"error":{"message":"Rate limit reached for gpt-4o-mini in organization org-GAm6cx3nTdYsPn2VvLcotuLu on tokens per min (TPM): Limit 2000000, Used 2000000, Requested 509. Please try again in 15ms. Visit https://platform.openai.com/account/rate-limits to learn more.","type":"tokens","param":null,"code":"rate_limit_exceeded"}}
[node_0] Auditor error for chemtrails_gates_2018_2021: HTTP 429: {"error":{"message":"Rate limit reached for gpt-4o-mini in organization org-GAm6cx3nTdYsPn2VvLcotuLu on tokens per min (TPM): Limit 2000000, Used 2000000, Requested 608. Please try again in 18ms. Visit https://platform.openai.com/account/rate-limits to learn more.","type":"tokens","param":null,"code":"rate_limit_exceeded"}}
[node_7] Auditor error for polar_bears: HTTP 429: {"error":{"message":"Rate limit reached for gpt-4o-mini in organization org-GAm6cx3nTdYsPn2VvLcotuLu on tokens per min (TPM): Limit 2000000, Used 2000000, Requested 566. Please try again in 16ms. Visit https://platform.openai.com/account/rate-limits to learn more.","type":"tokens","param":null,"code":"rate_limit_exceeded"}}
[node_7] Auditor error for polar_bears: HTTP 429: {"error":{"message":"Rate limit reached for gpt-4o-mini in organization org-GAm6cx3nTdYsPn2VvLcotuLu on tokens per min (TPM): Limit 2000000, Used 2000000, Requested 499. Please try again in 14ms. Visit https://platform.openai.com/account/rate-limits to learn more.","type":"tokens","param":null,"code":"rate_limit_exceeded"}}
[node_7] Auditor error for polar_bears: HTTP 429: {"error":{"message":"Rate limit reached for gpt-4o-mini in organization org-GAm6cx3nTdYsPn2VvLcotuLu on tokens per min (TPM): Limit 2000000, Used 2000000, Requested 568. Please try again in 17ms. Visit https://platform.openai.com/account/rate-limits to learn more.","type":"tokens","param":null,"code":"rate_limit_exceeded"}}
[Simulation] LLM usage: 1067 calls, 484406 prompt / 84618 completion tokens ~$0.1234

[Simulation] Done. Results in: /workspace/thesisExperiment/runs_phase2/T2d_He_echo_chamber_mix_01_2026-09-19_04-13-27

═══ SUMMARY ═══

Article: scopex_2017
Node         Persona                      MPR    Severity
-----------------------------------------------------------------
node_0       conspiracy_depopulation      2.72   lie
node_1       climate_justice_youth        3.15   propaganda
node_2       conspiracy_depopulation      2.39   lie
node_3       environmental_concern        3.10   propaganda
node_4       conspiracy_depopulation      3.43   propaganda
node_5       biodiversity_food_security   3.00   lie
node_6       conspiracy_depopulation      3.37   propaganda
node_7       climate_justice_youth        3.33   propaganda
  Gini coefficient:   0.059
  Structural virality: 1.750
  MI half-life tick:  4

Article: chemtrails_gates_2018_2021
Node         Persona                      MPR    Severity
-----------------------------------------------------------------
node_0       conspiracy_depopulation      4.74   propaganda
node_1       climate_justice_youth        4.00   propaganda
node_2       conspiracy_depopulation      4.88   propaganda
node_3       environmental_concern        3.09   propaganda
node_4       conspiracy_depopulation      4.90   propaganda
node_5       biodiversity_food_security   3.00   lie
node_6       conspiracy_depopulation      4.89   propaganda
node_7       climate_justice_youth        3.27   propaganda
  Gini coefficient:   0.106
  Structural virality: 1.714
  MI half-life tick:  4

Article: sai_geoengineering
Node         Persona                      MPR    Severity
-----------------------------------------------------------------
node_0       conspiracy_depopulation      1.09   lie
node_1       climate_justice_youth        0.47   factual_error
node_2       conspiracy_depopulation      1.32   lie
node_3       environmental_concern        0.50   factual_error
node_4       conspiracy_depopulation      1.14   lie
node_5       biodiversity_food_security   0.00   factual_error
node_6       conspiracy_depopulation      1.14   lie
node_7       climate_justice_youth        0.00   factual_error
  Gini coefficient:   0.183
  Structural virality: 1.571
  MI half-life tick:  4

Article: paris_agreement
Node         Persona                      MPR    Severity
-----------------------------------------------------------------
node_0       conspiracy_depopulation      5.00   propaganda
node_1       climate_justice_youth        3.00   lie
node_2       conspiracy_depopulation      5.00   propaganda
node_3       environmental_concern        0.00   factual_error
node_4       conspiracy_depopulation      5.00   propaganda
node_5       biodiversity_food_security   0.00   factual_error
node_6       conspiracy_depopulation      5.00   propaganda
node_7       climate_justice_youth        0.00   factual_error
  Gini coefficient:   0.070
  Structural virality: 1.750
  MI half-life tick:  5

Article: climate_consensus
Node         Persona                      MPR    Severity
-----------------------------------------------------------------
node_0       conspiracy_depopulation      0.00   factual_error
node_1       climate_justice_youth        0.00   factual_error
node_2       conspiracy_depopulation      0.00   factual_error
node_3       environmental_concern        0.00   factual_error
node_4       conspiracy_depopulation      0.00   factual_error
node_5       biodiversity_food_security   0.00   factual_error
node_6       conspiracy_depopulation      0.00   factual_error
node_7       climate_justice_youth        0.00   factual_error
  Gini coefficient:   0.000
  Structural virality: 0.000

Article: polar_bears
Node         Persona                      MPR    Severity
-----------------------------------------------------------------
node_0       conspiracy_depopulation      2.00   lie
node_1       climate_justice_youth        0.00   factual_error
node_2       conspiracy_depopulation      0.00   factual_error
node_3       environmental_concern        2.00   lie
node_4       conspiracy_depopulation      0.00   factual_error
node_5       biodiversity_food_security   0.00   factual_error
node_6       conspiracy_depopulation      0.00   factual_error
node_7       climate_justice_youth        0.00   factual_error
  Gini coefficient:   0.500
  Structural virality: 1.476
[node_0] Auditor error for chemtrails_gates_2018_2021: HTTP 429: {"error":{"message":"Rate limit reached for gpt-4o-mini in organization org-GAm6cx3nTdYsPn2VvLcotuLu on tokens per min (TPM): Limit 2000000, Used 2000000, Requested 592. Please try again in 17ms. Visit https://platform.openai.com/account/rate-limits to learn more.","type":"tokens","param":null,"code":"rate_limit_exceeded"}}
[Simulation]   Scoring node_1
[node_1] Auditor error for chemtrails_gates_2018_2021: HTTP 429: {"error":{"message":"Rate limit reached for gpt-4o-mini in organization org-GAm6cx3nTdYsPn2VvLcotuLu on tokens per min (TPM): Limit 2000000, Used 2000000, Requested 610. Please try again in 18ms. Visit https://platform.openai.com/account/rate-limits to learn more.","type":"tokens","param":null,"code":"rate_limit_exceeded"}}
[node_1] Auditor error for chemtrails_gates_2018_2021: HTTP 429: {"error":{"message":"Rate limit reached for gpt-4o-mini in organization org-GAm6cx3nTdYsPn2VvLcotuLu on tokens per min (TPM): Limit 2000000, Used 2000000, Requested 605. Please try again in 18ms. Visit https://platform.openai.com/account/rate-limits to learn more.","type":"tokens","param":null,"code":"rate_limit_exceeded"}}
[node_1] Auditor error for chemtrails_gates_2018_2021: HTTP 429: {"error":{"message":"Rate limit reached for gpt-4o-mini in organization org-GAm6cx3nTdYsPn2VvLcotuLu on tokens per min (TPM): Limit 2000000, Used 2000000, Requested 588. Please try again in 17ms. Visit https://platform.openai.com/account/rate-limits to learn more.","type":"tokens","param":null,"code":"rate_limit_exceeded"}}
[node_1] Auditor error for chemtrails_gates_2018_2021: HTTP 429: {"error":{"message":"Rate limit reached for gpt-4o-mini in organization org-GAm6cx3nTdYsPn2VvLcotuLu on tokens per min (TPM): Limit 2000000, Used 2000000, Requested 612. Please try again in 18ms. Visit https://platform.openai.com/account/rate-limits to learn more.","type":"tokens","param":null,"code":"rate_limit_exceeded"}}
[node_1] Auditor error for chemtrails_gates_2018_2021: HTTP 429: {"error":{"message":"Rate limit reached for gpt-4o-mini in organization org-GAm6cx3nTdYsPn2VvLcotuLu on tokens per min (TPM): Limit 2000000, Used 2000000, Requested 555. Please try again in 16ms. Visit https://platform.openai.com/account/rate-limits to learn more.","type":"tokens","param":null,"code":"rate_limit_exceeded"}}
[node_1] Auditor error for chemtrails_gates_2018_2021: HTTP 429: {"error":{"message":"Rate limit reached for gpt-4o-mini in organization org-GAm6cx3nTdYsPn2VvLcotuLu on tokens per min (TPM): Limit 2000000, Used 1999505, Requested 627. Please try again in 3ms. Visit https://platform.openai.com/account/rate-limits to learn more.","type":"tokens","param":null,"code":"rate_limit_exceeded"}}
[node_1] Auditor error for chemtrails_gates_2018_2021: HTTP 429: {"error":{"message":"Rate limit reached for gpt-4o-mini in organization org-GAm6cx3nTdYsPn2VvLcotuLu on tokens per min (TPM): Limit 2000000, Used 2000000, Requested 569. Please try again in 17ms. Visit https://platform.openai.com/account/rate-limits to learn more.","type":"tokens","param":null,"code":"rate_limit_exceeded"}}
[node_1] Auditor error for chemtrails_gates_2018_2021: HTTP 429: {"error":{"message":"Rate limit reached for gpt-4o-mini in organization org-GAm6cx3nTdYsPn2VvLcotuLu on tokens per min (TPM): Limit 2000000, Used 2000000, Requested 538. Please try again in 16ms. Visit https://platform.openai.com/account/rate-limits to learn more.","type":"tokens","param":null,"code":"rate_limit_exceeded"}}
[node_1] Auditor error for chemtrails_gates_2018_2021: HTTP 429: {"error":{"message":"Rate limit reached for gpt-4o-mini in organization org-GAm6cx3nTdYsPn2VvLcotuLu on tokens per min (TPM): Limit 2000000, Used 2000000, Requested 586. Please try again in 17ms. Visit https://platform.openai.com/account/rate-limits to learn more.","type":"tokens","param":null,"code":"rate_limit_exceeded"}}
[node_1] Auditor error for chemtrails_gates_2018_2021: HTTP 429: {"error":{"message":"Rate limit reached for gpt-4o-mini in organization org-GAm6cx3nTdYsPn2VvLcotuLu on tokens per min (TPM): Limit 2000000, Used 2000000, Requested 572. Please try again in 17ms. Visit https://platform.openai.com/account/rate-limits to learn more.","type":"tokens","param":null,"code":"rate_limit_exceeded"}}
[node_1] Auditor error for chemtrails_gates_2018_2021: HTTP 429: {"error":{"message":"Rate limit reached for gpt-4o-mini in organization org-GAm6cx3nTdYsPn2VvLcotuLu on tokens per min (TPM): Limit 2000000, Used 2000000, Requested 548. Please try again in 16ms. Visit https://platform.openai.com/account/rate-limits to learn more.","type":"tokens","param":null,"code":"rate_limit_exceeded"}}
[node_1] Auditor error for chemtrails_gates_2018_2021: HTTP 429: {"error":{"message":"Rate limit reached for gpt-4o-mini in organization org-GAm6cx3nTdYsPn2VvLcotuLu on tokens per min (TPM): Limit 2000000, Used 2000000, Requested 601. Please try again in 18ms. Visit https://platform.openai.com/account/rate-limits to learn more.","type":"tokens","param":null,"code":"rate_limit_exceeded"}}
[node_1] Auditor error for chemtrails_gates_2018_2021: HTTP 429: {"error":{"message":"Rate limit reached for gpt-4o-mini in organization org-GAm6cx3nTdYsPn2VvLcotuLu on tokens per min (TPM): Limit 2000000, Used 2000000, Requested 552. Please try again in 16ms. Visit https://platform.openai.com/account/rate-limits to learn more.","type":"tokens","param":null,"code":"rate_limit_exceeded"}}
[node_1] Auditor error for chemtrails_gates_2018_2021: HTTP 429: {"error":{"message":"Rate limit reached for gpt-4o-mini in organization org-GAm6cx3nTdYsPn2VvLcotuLu on tokens per min (TPM): Limit 2000000, Used 2000000, Requested 593. Please try again in 17ms. Visit https://platform.openai.com/account/rate-limits to learn more.","type":"tokens","param":null,"code":"rate_limit_exceeded"}}
[node_1] Auditor error for chemtrails_gates_2018_2021: HTTP 429: {"error":{"message":"Rate limit reached for gpt-4o-mini in organization org-GAm6cx3nTdYsPn2VvLcotuLu on tokens per min (TPM): Limit 2000000, Used 2000000, Requested 532. Please try again in 15ms. Visit https://platform.openai.com/account/rate-limits to learn more.","type":"tokens","param":null,"code":"rate_limit_exceeded"}}
[Simulation]   Scoring node_2
[node_2] Auditor error for chemtrails_gates_2018_2021: HTTP 429: {"error":{"message":"Rate limit reached for gpt-4o-mini in organization org-GAm6cx3nTdYsPn2VvLcotuLu on tokens per min (TPM): Limit 2000000, Used 2000000, Requested 653. Please try again in 19ms. Visit https://platform.openai.com/account/rate-limits to learn more.","type":"tokens","param":null,"code":"rate_limit_exceeded"}}
[node_2] Auditor error for chemtrails_gates_2018_2021: HTTP 429: {"error":{"message":"Rate limit reached for gpt-4o-mini in organization org-GAm6cx3nTdYsPn2VvLcotuLu on tokens per min (TPM): Limit 2000000, Used 2000000, Requested 598. Please try again in 17ms. Visit https://platform.openai.com/account/rate-limits to learn more.","type":"tokens","param":null,"code":"rate_limit_exceeded"}}
[node_2] Auditor error for chemtrails_gates_2018_2021: HTTP 429: {"error":{"message":"Rate limit reached for gpt-4o-mini in organization org-GAm6cx3nTdYsPn2VvLcotuLu on tokens per min (TPM): Limit 2000000, Used 2000000, Requested 588. Please try again in 17ms. Visit https://platform.openai.com/account/rate-limits to learn more.","type":"tokens","param":null,"code":"rate_limit_exceeded"}}
[node_2] Auditor error for chemtrails_gates_2018_2021: HTTP 429: {"error":{"message":"Rate limit reached for gpt-4o-mini in organization org-GAm6cx3nTdYsPn2VvLcotuLu on tokens per min (TPM): Limit 2000000, Used 2000000, Requested 573. Please try again in 17ms. Visit https://platform.openai.com/account/rate-limits to learn more.","type":"tokens","param":null,"code":"rate_limit_exceeded"}}
[node_2] Auditor error for chemtrails_gates_2018_2021: HTTP 429: {"error":{"message":"Rate limit reached for gpt-4o-mini in organization org-GAm6cx3nTdYsPn2VvLcotuLu on tokens per min (TPM): Limit 2000000, Used 2000000, Requested 695. Please try again in 20ms. Visit https://platform.openai.com/account/rate-limits to learn more.","type":"tokens","param":null,"code":"rate_limit_exceeded"}}
[node_2] Auditor error for chemtrails_gates_2018_2021: HTTP 429: {"error":{"message":"Rate limit reached for gpt-4o-mini in organization org-GAm6cx3nTdYsPn2VvLcotuLu on tokens per min (TPM): Limit 2000000, Used 2000000, Requested 645. Please try again in 19ms. Visit https://platform.openai.com/account/rate-limits to learn more.","type":"tokens","param":null,"code":"rate_limit_exceeded"}}
[node_2] Auditor error for chemtrails_gates_2018_2021: HTTP 429: {"error":{"message":"Rate limit reached for gpt-4o-mini in organization org-GAm6cx3nTdYsPn2VvLcotuLu on tokens per min (TPM): Limit 2000000, Used 2000000, Requested 653. Please try again in 19ms. Visit https://platform.openai.com/account/rate-limits to learn more.","type":"tokens","param":null,"code":"rate_limit_exceeded"}}
[node_2] Auditor error for chemtrails_gates_2018_2021: HTTP 429: {"error":{"message":"Rate limit reached for gpt-4o-mini in organization org-GAm6cx3nTdYsPn2VvLcotuLu on tokens per min (TPM): Limit 2000000, Used 2000000, Requested 573. Please try again in 17ms. Visit https://platform.openai.com/account/rate-limits to learn more.","type":"tokens","param":null,"code":"rate_limit_exceeded"}}
[node_2] Auditor error for chemtrails_gates_2018_2021: HTTP 429: {"error":{"message":"Rate limit reached for gpt-4o-mini in organization org-GAm6cx3nTdYsPn2VvLcotuLu on tokens per min (TPM): Limit 2000000, Used 2000000, Requested 606. Please try again in 18ms. Visit https://platform.openai.com/account/rate-limits to learn more.","type":"tokens","param":null,"code":"rate_limit_exceeded"}}
[node_2] Auditor error for chemtrails_gates_2018_2021: HTTP 429: {"error":{"message":"Rate limit reached for gpt-4o-mini in organization org-GAm6cx3nTdYsPn2VvLcotuLu on tokens per min (TPM): Limit 2000000, Used 2000000, Requested 563. Please try again in 16ms. Visit https://platform.openai.com/account/rate-limits to learn more.","type":"tokens","param":null,"code":"rate_limit_exceeded"}}
[node_2] Auditor error for chemtrails_gates_2018_2021: HTTP 429: {"error":{"message":"Rate limit reached for gpt-4o-mini in organization org-GAm6cx3nTdYsPn2VvLcotuLu on tokens per min (TPM): Limit 2000000, Used 2000000, Requested 574. Please try again in 17ms. Visit https://platform.openai.com/account/rate-limits to learn more.","type":"tokens","param":null,"code":"rate_limit_exceeded"}}
[node_2] Auditor error for chemtrails_gates_2018_2021: HTTP 429: {"error":{"message":"Rate limit reached for gpt-4o-mini in organization org-GAm6cx3nTdYsPn2VvLcotuLu on tokens per min (TPM): Limit 2000000, Used 2000000, Requested 586. Please try again in 17ms. Visit https://platform.openai.com/account/rate-limits to learn more.","type":"tokens","param":null,"code":"rate_limit_exceeded"}}
[node_2] Auditor error for chemtrails_gates_2018_2021: HTTP 429: {"error":{"message":"Rate limit reached for gpt-4o-mini in organization org-GAm6cx3nTdYsPn2VvLcotuLu on tokens per min (TPM): Limit 2000000, Used 2000000, Requested 608. Please try again in 18ms. Visit https://platform.openai.com/account/rate-limits to learn more.","type":"tokens","param":null,"code":"rate_limit_exceeded"}}
[node_2] Auditor error for chemtrails_gates_2018_2021: HTTP 429: {"error":{"message":"Rate limit reached for gpt-4o-mini in organization org-GAm6cx3nTdYsPn2VvLcotuLu on tokens per min (TPM): Limit 2000000, Used 2000000, Requested 598. Please try again in 17ms. Visit https://platform.openai.com/account/rate-limits to learn more.","type":"tokens","param":null,"code":"rate_limit_exceeded"}}
[node_2] Auditor error for chemtrails_gates_2018_2021: HTTP 429: {"error":{"message":"Rate limit reached for gpt-4o-mini in organization org-GAm6cx3nTdYsPn2VvLcotuLu on tokens per min (TPM): Limit 2000000, Used 2000000, Requested 627. Please try again in 18ms. Visit https://platform.openai.com/account/rate-limits to learn more.","type":"tokens","param":null,"code":"rate_limit_exceeded"}}
[node_2] Auditor error for chemtrails_gates_2018_2021: HTTP 429: {"error":{"message":"Rate limit reached for gpt-4o-mini in organization org-GAm6cx3nTdYsPn2VvLcotuLu on tokens per min (TPM): Limit 2000000, Used 2000000, Requested 546. Please try again in 16ms. Visit https://platform.openai.com/account/rate-limits to learn more.","type":"tokens","param":null,"code":"rate_limit_exceeded"}}
[node_2] Auditor error for chemtrails_gates_2018_2021: HTTP 429: {"error":{"message":"Rate limit reached for gpt-4o-mini in organization org-GAm6cx3nTdYsPn2VvLcotuLu on tokens per min (TPM): Limit 2000000, Used 2000000, Requested 552. Please try again in 16ms. Visit https://platform.openai.com/account/rate-limits to learn more.","type":"tokens","param":null,"code":"rate_limit_exceeded"}}
[node_2] Auditor error for chemtrails_gates_2018_2021: HTTP 429: {"error":{"message":"Rate limit reached for gpt-4o-mini in organization org-GAm6cx3nTdYsPn2VvLcotuLu on tokens per min (TPM): Limit 2000000, Used 2000000, Requested 597. Please try again in 17ms. Visit https://platform.openai.com/account/rate-limits to learn more.","type":"tokens","param":null,"code":"rate_limit_exceeded"}}
[node_2] Auditor error for chemtrails_gates_2018_2021: HTTP 429: {"error":{"message":"Rate limit reached for gpt-4o-mini in organization org-GAm6cx3nTdYsPn2VvLcotuLu on tokens per min (TPM): Limit 2000000, Used 2000000, Requested 586. Please try again in 17ms. Visit https://platform.openai.com/account/rate-limits to learn more.","type":"tokens","param":null,"code":"rate_limit_exceeded"}}
[Simulation]   Scoring node_3
[node_3] Auditor error for chemtrails_gates_2018_2021: HTTP 429: {"error":{"message":"Rate limit reached for gpt-4o-mini in organization org-GAm6cx3nTdYsPn2VvLcotuLu on tokens per min (TPM): Limit 2000000, Used 2000000, Requested 627. Please try again in 18ms. Visit https://platform.openai.com/account/rate-limits to learn more.","type":"tokens","param":null,"code":"rate_limit_exceeded"}}
[node_3] Auditor error for chemtrails_gates_2018_2021: HTTP 429: {"error":{"message":"Rate limit reached for gpt-4o-mini in organization org-GAm6cx3nTdYsPn2VvLcotuLu on tokens per min (TPM): Limit 2000000, Used 2000000, Requested 569. Please try again in 17ms. Visit https://platform.openai.com/account/rate-limits to learn more.","type":"tokens","param":null,"code":"rate_limit_exceeded"}}
[node_3] Auditor error for chemtrails_gates_2018_2021: HTTP 429: {"error":{"message":"Rate limit reached for gpt-4o-mini in organization org-GAm6cx3nTdYsPn2VvLcotuLu on tokens per min (TPM): Limit 2000000, Used 2000000, Requested 575. Please try again in 17ms. Visit https://platform.openai.com/account/rate-limits to learn more.","type":"tokens","param":null,"code":"rate_limit_exceeded"}}
[node_3] Auditor error for chemtrails_gates_2018_2021: HTTP 429: {"error":{"message":"Rate limit reached for gpt-4o-mini in organization org-GAm6cx3nTdYsPn2VvLcotuLu on tokens per min (TPM): Limit 2000000, Used 1999515, Requested 563. Please try again in 2ms. Visit https://platform.openai.com/account/rate-limits to learn more.","type":"tokens","param":null,"code":"rate_limit_exceeded"}}
[node_3] Auditor error for chemtrails_gates_2018_2021: HTTP 429: {"error":{"message":"Rate limit reached for gpt-4o-mini in organization org-GAm6cx3nTdYsPn2VvLcotuLu on tokens per min (TPM): Limit 2000000, Used 2000000, Requested 559. Please try again in 16ms. Visit https://platform.openai.com/account/rate-limits to learn more.","type":"tokens","param":null,"code":"rate_limit_exceeded"}}
[node_3] Auditor error for chemtrails_gates_2018_2021: HTTP 429: {"error":{"message":"Rate limit reached for gpt-4o-mini in organization org-GAm6cx3nTdYsPn2VvLcotuLu on tokens per min (TPM): Limit 2000000, Used 2000000, Requested 597. Please try again in 17ms. Visit https://platform.openai.com/account/rate-limits to learn more.","type":"tokens","param":null,"code":"rate_limit_exceeded"}}
[node_3] Auditor error for chemtrails_gates_2018_2021: HTTP 429: {"error":{"message":"Rate limit reached for gpt-4o-mini in organization org-GAm6cx3nTdYsPn2VvLcotuLu on requests per min (RPM): Limit 5000, Used 5000, Requested 1. Please try again in 12ms. Visit https://platform.openai.com/account/rate-limits to learn more.","type":"requests","param":null,"code":"rate_limit_exceeded"}}
[node_3] Auditor error for chemtrails_gates_2018_2021: HTTP 429: {"error":{"message":"Rate limit reached for gpt-4o-mini in organization org-GAm6cx3nTdYsPn2VvLcotuLu on tokens per min (TPM): Limit 2000000, Used 2000000, Requested 635. Please try again in 19ms. Visit https://platform.openai.com/account/rate-limits to learn more.","type":"tokens","param":null,"code":"rate_limit_exceeded"}}
[node_3] Auditor error for chemtrails_gates_2018_2021: HTTP 429: {"error":{"message":"Rate limit reached for gpt-4o-mini in organization org-GAm6cx3nTdYsPn2VvLcotuLu on tokens per min (TPM): Limit 2000000, Used 2000000, Requested 586. Please try again in 17ms. Visit https://platform.openai.com/account/rate-limits to learn more.","type":"tokens","param":null,"code":"rate_limit_exceeded"}}
[node_3] Auditor error for chemtrails_gates_2018_2021: HTTP 429: {"error":{"message":"Rate limit reached for gpt-4o-mini in organization org-GAm6cx3nTdYsPn2VvLcotuLu on requests per min (RPM): Limit 5000, Used 5000, Requested 1. Please try again in 12ms. Visit https://platform.openai.com/account/rate-limits to learn more.","type":"requests","param":null,"code":"rate_limit_exceeded"}}
[node_3] Auditor error for chemtrails_gates_2018_2021: HTTP 429: {"error":{"message":"Rate limit reached for gpt-4o-mini in organization org-GAm6cx3nTdYsPn2VvLcotuLu on requests per min (RPM): Limit 5000, Used 5000, Requested 1. Please try again in 12ms. Visit https://platform.openai.com/account/rate-limits to learn more.","type":"requests","param":null,"code":"rate_limit_exceeded"}}
[node_3] Auditor error for chemtrails_gates_2018_2021: HTTP 429: {"error":{"message":"Rate limit reached for gpt-4o-mini in organization org-GAm6cx3nTdYsPn2VvLcotuLu on tokens per min (TPM): Limit 2000000, Used 2000000, Requested 586. Please try again in 17ms. Visit https://platform.openai.com/account/rate-limits to learn more.","type":"tokens","param":null,"code":"rate_limit_exceeded"}}
[Simulation]   Scoring node_4
[node_4] Auditor error for chemtrails_gates_2018_2021: HTTP 429: {"error":{"message":"Rate limit reached for gpt-4o-mini in organization org-GAm6cx3nTdYsPn2VvLcotuLu on requests per min (RPM): Limit 5000, Used 5000, Requested 1. Please try again in 12ms. Visit https://platform.openai.com/account/rate-limits to learn more.","type":"requests","param":null,"code":"rate_limit_exceeded"}}
[node_4] Auditor error for chemtrails_gates_2018_2021: HTTP 429: {"error":{"message":"Rate limit reached for gpt-4o-mini in organization org-GAm6cx3nTdYsPn2VvLcotuLu on requests per min (RPM): Limit 5000, Used 5000, Requested 1. Please try again in 12ms. Visit https://platform.openai.com/account/rate-limits to learn more.","type":"requests","param":null,"code":"rate_limit_exceeded"}}
[node_4] Auditor error for chemtrails_gates_2018_2021: HTTP 429: {"error":{"message":"Rate limit reached for gpt-4o-mini in organization org-GAm6cx3nTdYsPn2VvLcotuLu on tokens per min (TPM): Limit 2000000, Used 2000000, Requested 588. Please try again in 17ms. Visit https://platform.openai.com/account/rate-limits to learn more.","type":"tokens","param":null,"code":"rate_limit_exceeded"}}
[node_4] Auditor error for chemtrails_gates_2018_2021: HTTP 429: {"error":{"message":"Rate limit reached for gpt-4o-mini in organization org-GAm6cx3nTdYsPn2VvLcotuLu on requests per min (RPM): Limit 5000, Used 5000, Requested 1. Please try again in 12ms. Visit https://platform.openai.com/account/rate-limits to learn more.","type":"requests","param":null,"code":"rate_limit_exceeded"}}
[node_4] Auditor error for chemtrails_gates_2018_2021: HTTP 429: {"error":{"message":"Rate limit reached for gpt-4o-mini in organization org-GAm6cx3nTdYsPn2VvLcotuLu on requests per min (RPM): Limit 5000, Used 5000, Requested 1. Please try again in 12ms. Visit https://platform.openai.com/account/rate-limits to learn more.","type":"requests","param":null,"code":"rate_limit_exceeded"}}
[node_4] Auditor error for chemtrails_gates_2018_2021: HTTP 429: {"error":{"message":"Rate limit reached for gpt-4o-mini in organization org-GAm6cx3nTdYsPn2VvLcotuLu on requests per min (RPM): Limit 5000, Used 5000, Requested 1. Please try again in 12ms. Visit https://platform.openai.com/account/rate-limits to learn more.","type":"requests","param":null,"code":"rate_limit_exceeded"}}
[node_4] Auditor error for chemtrails_gates_2018_2021: HTTP 429: {"error":{"message":"Rate limit reached for gpt-4o-mini in organization org-GAm6cx3nTdYsPn2VvLcotuLu on tokens per min (TPM): Limit 2000000, Used 2000000, Requested 565. Please try again in 16ms. Visit https://platform.openai.com/account/rate-limits to learn more.","type":"tokens","param":null,"code":"rate_limit_exceeded"}}
[node_4] Auditor error for chemtrails_gates_2018_2021: HTTP 429: {"error":{"message":"Rate limit reached for gpt-4o-mini in organization org-GAm6cx3nTdYsPn2VvLcotuLu on requests per min (RPM): Limit 5000, Used 5000, Requested 1. Please try again in 12ms. Visit https://platform.openai.com/account/rate-limits to learn more.","type":"requests","param":null,"code":"rate_limit_exceeded"}}
[node_4] Auditor error for chemtrails_gates_2018_2021: HTTP 429: {"error":{"message":"Rate limit reached for gpt-4o-mini in organization org-GAm6cx3nTdYsPn2VvLcotuLu on tokens per min (TPM): Limit 2000000, Used 1999749, Requested 550. Please try again in 8ms. Visit https://platform.openai.com/account/rate-limits to learn more.","type":"tokens","param":null,"code":"rate_limit_exceeded"}}
[node_4] Auditor error for chemtrails_gates_2018_2021: HTTP 429: {"error":{"message":"Rate limit reached for gpt-4o-mini in organization org-GAm6cx3nTdYsPn2VvLcotuLu on tokens per min (TPM): Limit 2000000, Used 2000000, Requested 580. Please try again in 17ms. Visit https://platform.openai.com/account/rate-limits to learn more.","type":"tokens","param":null,"code":"rate_limit_exceeded"}}
[node_4] Auditor error for chemtrails_gates_2018_2021: HTTP 429: {"error":{"message":"Rate limit reached for gpt-4o-mini in organization org-GAm6cx3nTdYsPn2VvLcotuLu on tokens per min (TPM): Limit 2000000, Used 2000000, Requested 597. Please try again in 17ms. Visit https://platform.openai.com/account/rate-limits to learn more.","type":"tokens","param":null,"code":"rate_limit_exceeded"}}
[node_4] Auditor error for chemtrails_gates_2018_2021: HTTP 429: {"error":{"message":"Rate limit reached for gpt-4o-mini in organization org-GAm6cx3nTdYsPn2VvLcotuLu on tokens per min (TPM): Limit 2000000, Used 2000000, Requested 565. Please try again in 16ms. Visit https://platform.openai.com/account/rate-limits to learn more.","type":"tokens","param":null,"code":"rate_limit_exceeded"}}
[node_4] Auditor error for chemtrails_gates_2018_2021: HTTP 429: {"error":{"message":"Rate limit reached for gpt-4o-mini in organization org-GAm6cx3nTdYsPn2VvLcotuLu on tokens per min (TPM): Limit 2000000, Used 2000000, Requested 653. Please try again in 19ms. Visit https://platform.openai.com/account/rate-limits to learn more.","type":"tokens","param":null,"code":"rate_limit_exceeded"}}
[node_4] Auditor error for chemtrails_gates_2018_2021: HTTP 429: {"error":{"message":"Rate limit reached for gpt-4o-mini in organization org-GAm6cx3nTdYsPn2VvLcotuLu on tokens per min (TPM): Limit 2000000, Used 2000000, Requested 596. Please try again in 17ms. Visit https://platform.openai.com/account/rate-limits to learn more.","type":"tokens","param":null,"code":"rate_limit_exceeded"}}
[node_4] Auditor error for chemtrails_gates_2018_2021: HTTP 429: {"error":{"message":"Rate limit reached for gpt-4o-mini in organization org-GAm6cx3nTdYsPn2VvLcotuLu on tokens per min (TPM): Limit 2000000, Used 2000000, Requested 626. Please try again in 18ms. Visit https://platform.openai.com/account/rate-limits to learn more.","type":"tokens","param":null,"code":"rate_limit_exceeded"}}
[node_4] Auditor error for chemtrails_gates_2018_2021: HTTP 429: {"error":{"message":"Rate limit reached for gpt-4o-mini in organization org-GAm6cx3nTdYsPn2VvLcotuLu on tokens per min (TPM): Limit 2000000, Used 2000000, Requested 585. Please try again in 17ms. Visit https://platform.openai.com/account/rate-limits to learn more.","type":"tokens","param":null,"code":"rate_limit_exceeded"}}
[node_4] Auditor error for chemtrails_gates_2018_2021: HTTP 429: {"error":{"message":"Rate limit reached for gpt-4o-mini in organization org-GAm6cx3nTdYsPn2VvLcotuLu on tokens per min (TPM): Limit 2000000, Used 2000000, Requested 614. Please try again in 18ms. Visit https://platform.openai.com/account/rate-limits to learn more.","type":"tokens","param":null,"code":"rate_limit_exceeded"}}
[node_4] Auditor error for chemtrails_gates_2018_2021: HTTP 429: {"error":{"message":"Rate limit reached for gpt-4o-mini in organization org-GAm6cx3nTdYsPn2VvLcotuLu on tokens per min (TPM): Limit 2000000, Used 2000000, Requested 561. Please try again in 16ms. Visit https://platform.openai.com/account/rate-limits to learn more.","type":"tokens","param":null,"code":"rate_limit_exceeded"}}
[node_4] Auditor error for chemtrails_gates_2018_2021: HTTP 429: {"error":{"message":"Rate limit reached for gpt-4o-mini in organization org-GAm6cx3nTdYsPn2VvLcotuLu on requests per min (RPM): Limit 5000, Used 5000, Requested 1. Please try again in 12ms. Visit https://platform.openai.com/account/rate-limits to learn more.","type":"requests","param":null,"code":"rate_limit_exceeded"}}
[Simulation]   Scoring node_5
[node_5] Auditor error for chemtrails_gates_2018_2021: HTTP 429: {"error":{"message":"Rate limit reached for gpt-4o-mini in organization org-GAm6cx3nTdYsPn2VvLcotuLu on requests per min (RPM): Limit 5000, Used 5000, Requested 1. Please try again in 12ms. Visit https://platform.openai.com/account/rate-limits to learn more.","type":"requests","param":null,"code":"rate_limit_exceeded"}}
[Simulation]   Scoring node_6
[node_6] Auditor error for chemtrails_gates_2018_2021: HTTP 429: {"error":{"message":"Rate limit reached for gpt-4o-mini in organization org-GAm6cx3nTdYsPn2VvLcotuLu on tokens per min (TPM): Limit 2000000, Used 2000000, Requested 695. Please try again in 20ms. Visit https://platform.openai.com/account/rate-limits to learn more.","type":"tokens","param":null,"code":"rate_limit_exceeded"}}
[node_6] Auditor error for chemtrails_gates_2018_2021: HTTP 429: {"error":{"message":"Rate limit reached for gpt-4o-mini in organization org-GAm6cx3nTdYsPn2VvLcotuLu on tokens per min (TPM): Limit 2000000, Used 2000000, Requested 653. Please try again in 19ms. Visit https://platform.openai.com/account/rate-limits to learn more.","type":"tokens","param":null,"code":"rate_limit_exceeded"}}
[node_6] Auditor error for chemtrails_gates_2018_2021: HTTP 429: {"error":{"message":"Rate limit reached for gpt-4o-mini in organization org-GAm6cx3nTdYsPn2VvLcotuLu on requests per min (RPM): Limit 5000, Used 5000, Requested 1. Please try again in 12ms. Visit https://platform.openai.com/account/rate-limits to learn more.","type":"requests","param":null,"code":"rate_limit_exceeded"}}
[node_6] Auditor error for chemtrails_gates_2018_2021: HTTP 429: {"error":{"message":"Rate limit reached for gpt-4o-mini in organization org-GAm6cx3nTdYsPn2VvLcotuLu on requests per min (RPM): Limit 5000, Used 5000, Requested 1. Please try again in 12ms. Visit https://platform.openai.com/account/rate-limits to learn more.","type":"requests","param":null,"code":"rate_limit_exceeded"}}
[node_6] Auditor error for chemtrails_gates_2018_2021: HTTP 429: {"error":{"message":"Rate limit reached for gpt-4o-mini in organization org-GAm6cx3nTdYsPn2VvLcotuLu on tokens per min (TPM): Limit 2000000, Used 2000000, Requested 555. Please try again in 16ms. Visit https://platform.openai.com/account/rate-limits to learn more.","type":"tokens","param":null,"code":"rate_limit_exceeded"}}
[node_6] Auditor error for chemtrails_gates_2018_2021: HTTP 429: {"error":{"message":"Rate limit reached for gpt-4o-mini in organization org-GAm6cx3nTdYsPn2VvLcotuLu on tokens per min (TPM): Limit 2000000, Used 2000000, Requested 634. Please try again in 19ms. Visit https://platform.openai.com/account/rate-limits to learn more.","type":"tokens","param":null,"code":"rate_limit_exceeded"}}
[node_6] Auditor error for chemtrails_gates_2018_2021: HTTP 429: {"error":{"message":"Rate limit reached for gpt-4o-mini in organization org-GAm6cx3nTdYsPn2VvLcotuLu on requests per min (RPM): Limit 5000, Used 5000, Requested 1. Please try again in 12ms. Visit https://platform.openai.com/account/rate-limits to learn more.","type":"requests","param":null,"code":"rate_limit_exceeded"}}
[node_6] Auditor error for chemtrails_gates_2018_2021: HTTP 429: {"error":{"message":"Rate limit reached for gpt-4o-mini in organization org-GAm6cx3nTdYsPn2VvLcotuLu on requests per min (RPM): Limit 5000, Used 5000, Requested 1. Please try again in 12ms. Visit https://platform.openai.com/account/rate-limits to learn more.","type":"requests","param":null,"code":"rate_limit_exceeded"}}
[node_6] Auditor error for chemtrails_gates_2018_2021: HTTP 429: {"error":{"message":"Rate limit reached for gpt-4o-mini in organization org-GAm6cx3nTdYsPn2VvLcotuLu on requests per min (RPM): Limit 5000, Used 5000, Requested 1. Please try again in 12ms. Visit https://platform.openai.com/account/rate-limits to learn more.","type":"requests","param":null,"code":"rate_limit_exceeded"}}
[node_6] Auditor error for chemtrails_gates_2018_2021: HTTP 429: {"error":{"message":"Rate limit reached for gpt-4o-mini in organization org-GAm6cx3nTdYsPn2VvLcotuLu on requests per min (RPM): Limit 5000, Used 5000, Requested 1. Please try again in 12ms. Visit https://platform.openai.com/account/rate-limits to learn more.","type":"requests","param":null,"code":"rate_limit_exceeded"}}
[node_6] Auditor error for chemtrails_gates_2018_2021: HTTP 429: {"error":{"message":"Rate limit reached for gpt-4o-mini in organization org-GAm6cx3nTdYsPn2VvLcotuLu on requests per min (RPM): Limit 5000, Used 5000, Requested 1. Please try again in 12ms. Visit https://platform.openai.com/account/rate-limits to learn more.","type":"requests","param":null,"code":"rate_limit_exceeded"}}
[node_6] Auditor error for chemtrails_gates_2018_2021: HTTP 429: {"error":{"message":"Rate limit reached for gpt-4o-mini in organization org-GAm6cx3nTdYsPn2VvLcotuLu on tokens per min (TPM): Limit 2000000, Used 2000000, Requested 695. Please try again in 20ms. Visit https://platform.openai.com/account/rate-limits to learn more.","type":"tokens","param":null,"code":"rate_limit_exceeded"}}
[node_6] Auditor error for chemtrails_gates_2018_2021: HTTP 429: {"error":{"message":"Rate limit reached for gpt-4o-mini in organization org-GAm6cx3nTdYsPn2VvLcotuLu on requests per min (RPM): Limit 5000, Used 5000, Requested 1. Please try again in 12ms. Visit https://platform.openai.com/account/rate-limits to learn more.","type":"requests","param":null,"code":"rate_limit_exceeded"}}
[node_6] Auditor error for chemtrails_gates_2018_2021: HTTP 429: {"error":{"message":"Rate limit reached for gpt-4o-mini in organization org-GAm6cx3nTdYsPn2VvLcotuLu on tokens per min (TPM): Limit 2000000, Used 2000000, Requested 626. Please try again in 18ms. Visit https://platform.openai.com/account/rate-limits to learn more.","type":"tokens","param":null,"code":"rate_limit_exceeded"}}
[node_6] Auditor error for chemtrails_gates_2018_2021: HTTP 429: {"error":{"message":"Rate limit reached for gpt-4o-mini in organization org-GAm6cx3nTdYsPn2VvLcotuLu on requests per min (RPM): Limit 5000, Used 5000, Requested 1. Please try again in 12ms. Visit https://platform.openai.com/account/rate-limits to learn more.","type":"requests","param":null,"code":"rate_limit_exceeded"}}
[node_6] Auditor error for chemtrails_gates_2018_2021: HTTP 429: {"error":{"message":"Rate limit reached for gpt-4o-mini in organization org-GAm6cx3nTdYsPn2VvLcotuLu on tokens per min (TPM): Limit 2000000, Used 2000000, Requested 605. Please try again in 18ms. Visit https://platform.openai.com/account/rate-limits to learn more.","type":"tokens","param":null,"code":"rate_limit_exceeded"}}
[node_6] Auditor error for chemtrails_gates_2018_2021: HTTP 429: {"error":{"message":"Rate limit reached for gpt-4o-mini in organization org-GAm6cx3nTdYsPn2VvLcotuLu on tokens per min (TPM): Limit 2000000, Used 2000000, Requested 600. Please try again in 18ms. Visit https://platform.openai.com/account/rate-limits to learn more.","type":"tokens","param":null,"code":"rate_limit_exceeded"}}
[Simulation]   Scoring node_7
[node_7] Auditor error for chemtrails_gates_2018_2021: HTTP 429: {"error":{"message":"Rate limit reached for gpt-4o-mini in organization org-GAm6cx3nTdYsPn2VvLcotuLu on tokens per min (TPM): Limit 2000000, Used 2000000, Requested 610. Please try again in 18ms. Visit https://platform.openai.com/account/rate-limits to learn more.","type":"tokens","param":null,"code":"rate_limit_exceeded"}}
[node_7] Auditor error for chemtrails_gates_2018_2021: HTTP 429: {"error":{"message":"Rate limit reached for gpt-4o-mini in organization org-GAm6cx3nTdYsPn2VvLcotuLu on tokens per min (TPM): Limit 2000000, Used 2000000, Requested 562. Please try again in 16ms. Visit https://platform.openai.com/account/rate-limits to learn more.","type":"tokens","param":null,"code":"rate_limit_exceeded"}}
[node_7] Auditor error for chemtrails_gates_2018_2021: HTTP 429: {"error":{"message":"Rate limit reached for gpt-4o-mini in organization org-GAm6cx3nTdYsPn2VvLcotuLu on requests per min (RPM): Limit 5000, Used 5000, Requested 1. Please try again in 12ms. Visit https://platform.openai.com/account/rate-limits to learn more.","type":"requests","param":null,"code":"rate_limit_exceeded"}}
[node_7] Auditor error for chemtrails_gates_2018_2021: HTTP 429: {"error":{"message":"Rate limit reached for gpt-4o-mini in organization org-GAm6cx3nTdYsPn2VvLcotuLu on tokens per min (TPM): Limit 2000000, Used 2000000, Requested 555. Please try again in 16ms. Visit https://platform.openai.com/account/rate-limits to learn more.","type":"tokens","param":null,"code":"rate_limit_exceeded"}}
[node_7] Auditor error for chemtrails_gates_2018_2021: HTTP 429: {"error":{"message":"Rate limit reached for gpt-4o-mini in organization org-GAm6cx3nTdYsPn2VvLcotuLu on tokens per min (TPM): Limit 2000000, Used 2000000, Requested 586. Please try again in 17ms. Visit https://platform.openai.com/account/rate-limits to learn more.","type":"tokens","param":null,"code":"rate_limit_exceeded"}}
[node_7] Auditor error for chemtrails_gates_2018_2021: HTTP 429: {"error":{"message":"Rate limit reached for gpt-4o-mini in organization org-GAm6cx3nTdYsPn2VvLcotuLu on tokens per min (TPM): Limit 2000000, Used 2000000, Requested 569. Please try again in 17ms. Visit https://platform.openai.com/account/rate-limits to learn more.","type":"tokens","param":null,"code":"rate_limit_exceeded"}}
[node_7] Auditor error for chemtrails_gates_2018_2021: HTTP 429: {"error":{"message":"Rate limit reached for gpt-4o-mini in organization org-GAm6cx3nTdYsPn2VvLcotuLu on requests per min (RPM): Limit 5000, Used 5000, Requested 1. Please try again in 12ms. Visit https://platform.openai.com/account/rate-limits to learn more.","type":"requests","param":null,"code":"rate_limit_exceeded"}}
[node_7] Auditor error for chemtrails_gates_2018_2021: HTTP 429: {"error":{"message":"Rate limit reached for gpt-4o-mini in organization org-GAm6cx3nTdYsPn2VvLcotuLu on requests per min (RPM): Limit 5000, Used 5000, Requested 1. Please try again in 12ms. Visit https://platform.openai.com/account/rate-limits to learn more.","type":"requests","param":null,"code":"rate_limit_exceeded"}}
[node_7] Auditor error for chemtrails_gates_2018_2021: HTTP 429: {"error":{"message":"Rate limit reached for gpt-4o-mini in organization org-GAm6cx3nTdYsPn2VvLcotuLu on requests per min (RPM): Limit 5000, Used 5000, Requested 1. Please try again in 12ms. Visit https://platform.openai.com/account/rate-limits to learn more.","type":"requests","param":null,"code":"rate_limit_exceeded"}}
[node_7] Auditor error for chemtrails_gates_2018_2021: HTTP 429: {"error":{"message":"Rate limit reached for gpt-4o-mini in organization org-GAm6cx3nTdYsPn2VvLcotuLu on requests per min (RPM): Limit 5000, Used 5000, Requested 1. Please try again in 12ms. Visit https://platform.openai.com/account/rate-limits to learn more.","type":"requests","param":null,"code":"rate_limit_exceeded"}}

[Simulation] === Auditing: sai_geoengineering ===
[Simulation]   Scoring node_0
[node_0] Auditor error for sai_geoengineering: HTTP 429: {"error":{"message":"Rate limit reached for gpt-4o-mini in organization org-GAm6cx3nTdYsPn2VvLcotuLu on tokens per min (TPM): Limit 2000000, Used 2000000, Requested 570. Please try again in 17ms. Visit https://platform.openai.com/account/rate-limits to learn more.","type":"tokens","param":null,"code":"rate_limit_exceeded"}}
[node_0] Auditor error for sai_geoengineering: HTTP 429: {"error":{"message":"Rate limit reached for gpt-4o-mini in organization org-GAm6cx3nTdYsPn2VvLcotuLu on requests per min (RPM): Limit 5000, Used 5000, Requested 1. Please try again in 12ms. Visit https://platform.openai.com/account/rate-limits to learn more.","type":"requests","param":null,"code":"rate_limit_exceeded"}}
[node_0] Auditor error for sai_geoengineering: HTTP 429: {"error":{"message":"Rate limit reached for gpt-4o-mini in organization org-GAm6cx3nTdYsPn2VvLcotuLu on requests per min (RPM): Limit 5000, Used 5000, Requested 1. Please try again in 12ms. Visit https://platform.openai.com/account/rate-limits to learn more.","type":"requests","param":null,"code":"rate_limit_exceeded"}}
[node_0] Auditor error for sai_geoengineering: HTTP 429: {"error":{"message":"Rate limit reached for gpt-4o-mini in organization org-GAm6cx3nTdYsPn2VvLcotuLu on requests per min (RPM): Limit 5000, Used 5000, Requested 1. Please try again in 12ms. Visit https://platform.openai.com/account/rate-limits to learn more.","type":"requests","param":null,"code":"rate_limit_exceeded"}}
[node_0] Auditor error for sai_geoengineering: HTTP 429: {"error":{"message":"Rate limit reached for gpt-4o-mini in organization org-GAm6cx3nTdYsPn2VvLcotuLu on requests per min (RPM): Limit 5000, Used 5000, Requested 1. Please try again in 12ms. Visit https://platform.openai.com/account/rate-limits to learn more.","type":"requests","param":null,"code":"rate_limit_exceeded"}}
[node_0] Auditor error for sai_geoengineering: HTTP 429: {"error":{"message":"Rate limit reached for gpt-4o-mini in organization org-GAm6cx3nTdYsPn2VvLcotuLu on requests per min (RPM): Limit 5000, Used 5000, Requested 1. Please try again in 12ms. Visit https://platform.openai.com/account/rate-limits to learn more.","type":"requests","param":null,"code":"rate_limit_exceeded"}}
[node_0] Auditor error for sai_geoengineering: HTTP 429: {"error":{"message":"Rate limit reached for gpt-4o-mini in organization org-GAm6cx3nTdYsPn2VvLcotuLu on tokens per min (TPM): Limit 2000000, Used 2000000, Requested 616. Please try again in 18ms. Visit https://platform.openai.com/account/rate-limits to learn more.","type":"tokens","param":null,"code":"rate_limit_exceeded"}}
[node_0] Auditor error for sai_geoengineering: HTTP 429: {"error":{"message":"Rate limit reached for gpt-4o-mini in organization org-GAm6cx3nTdYsPn2VvLcotuLu on tokens per min (TPM): Limit 2000000, Used 2000000, Requested 565. Please try again in 16ms. Visit https://platform.openai.com/account/rate-limits to learn more.","type":"tokens","param":null,"code":"rate_limit_exceeded"}}
[node_0] Auditor error for sai_geoengineering: HTTP 429: {"error":{"message":"Rate limit reached for gpt-4o-mini in organization org-GAm6cx3nTdYsPn2VvLcotuLu on tokens per min (TPM): Limit 2000000, Used 2000000, Requested 580. Please try again in 17ms. Visit https://platform.openai.com/account/rate-limits to learn more.","type":"tokens","param":null,"code":"rate_limit_exceeded"}}
[node_0] Auditor error for sai_geoengineering: HTTP 429: {"error":{"message":"Rate limit reached for gpt-4o-mini in organization org-GAm6cx3nTdYsPn2VvLcotuLu on requests per min (RPM): Limit 5000, Used 5000, Requested 1. Please try again in 12ms. Visit https://platform.openai.com/account/rate-limits to learn more.","type":"requests","param":null,"code":"rate_limit_exceeded"}}
[node_0] Auditor error for sai_geoengineering: HTTP 429: {"error":{"message":"Rate limit reached for gpt-4o-mini in organization org-GAm6cx3nTdYsPn2VvLcotuLu on tokens per min (TPM): Limit 2000000, Used 2000000, Requested 527. Please try again in 15ms. Visit https://platform.openai.com/account/rate-limits to learn more.","type":"tokens","param":null,"code":"rate_limit_exceeded"}}
[node_0] Auditor error for sai_geoengineering: HTTP 429: {"error":{"message":"Rate limit reached for gpt-4o-mini in organization org-GAm6cx3nTdYsPn2VvLcotuLu on tokens per min (TPM): Limit 2000000, Used 2000000, Requested 509. Please try again in 15ms. Visit https://platform.openai.com/account/rate-limits to learn more.","type":"tokens","param":null,"code":"rate_limit_exceeded"}}
[node_0] Auditor error for sai_geoengineering: HTTP 429: {"error":{"message":"Rate limit reached for gpt-4o-mini in organization org-GAm6cx3nTdYsPn2VvLcotuLu on tokens per min (TPM): Limit 2000000, Used 2000000, Requested 567. Please try again in 17ms. Visit https://platform.openai.com/account/rate-limits to learn more.","type":"tokens","param":null,"code":"rate_limit_exceeded"}}
[node_0] Auditor error for sai_geoengineering: HTTP 429: {"error":{"message":"Rate limit reached for gpt-4o-mini in organization org-GAm6cx3nTdYsPn2VvLcotuLu on tokens per min (TPM): Limit 2000000, Used 2000000, Requested 546. Please try again in 16ms. Visit https://platform.openai.com/account/rate-limits to learn more.","type":"tokens","param":null,"code":"rate_limit_exceeded"}}
[node_0] Auditor error for sai_geoengineering: HTTP 429: {"error":{"message":"Rate limit reached for gpt-4o-mini in organization org-GAm6cx3nTdYsPn2VvLcotuLu on tokens per min (TPM): Limit 2000000, Used 2000000, Requested 575. Please try again in 17ms. Visit https://platform.openai.com/account/rate-limits to learn more.","type":"tokens","param":null,"code":"rate_limit_exceeded"}}
[node_0] Auditor error for sai_geoengineering: HTTP 429: {"error":{"message":"Rate limit reached for gpt-4o-mini in organization org-GAm6cx3nTdYsPn2VvLcotuLu on tokens per min (TPM): Limit 2000000, Used 2000000, Requested 580. Please try again in 17ms. Visit https://platform.openai.com/account/rate-limits to learn more.","type":"tokens","param":null,"code":"rate_limit_exceeded"}}
[node_0] Auditor error for sai_geoengineering: HTTP 429: {"error":{"message":"Rate limit reached for gpt-4o-mini in organization org-GAm6cx3nTdYsPn2VvLcotuLu on tokens per min (TPM): Limit 2000000, Used 2000000, Requested 528. Please try again in 15ms. Visit https://platform.openai.com/account/rate-limits to learn more.","type":"tokens","param":null,"code":"rate_limit_exceeded"}}
[node_0] Auditor error for sai_geoengineering: HTTP 429: {"error":{"message":"Rate limit reached for gpt-4o-mini in organization org-GAm6cx3nTdYsPn2VvLcotuLu on requests per min (RPM): Limit 5000, Used 5000, Requested 1. Please try again in 12ms. Visit https://platform.openai.com/account/rate-limits to learn more.","type":"requests","param":null,"code":"rate_limit_exceeded"}}
[node_0] Auditor error for sai_geoengineering: HTTP 429: {"error":{"message":"Rate limit reached for gpt-4o-mini in organization org-GAm6cx3nTdYsPn2VvLcotuLu on tokens per min (TPM): Limit 2000000, Used 2000000, Requested 584. Please try again in 17ms. Visit https://platform.openai.com/account/rate-limits to learn more.","type":"tokens","param":null,"code":"rate_limit_exceeded"}}
[Simulation]   Scoring node_1
[node_1] Auditor error for sai_geoengineering: HTTP 429: {"error":{"message":"Rate limit reached for gpt-4o-mini in organization org-GAm6cx3nTdYsPn2VvLcotuLu on requests per min (RPM): Limit 5000, Used 5000, Requested 1. Please try again in 12ms. Visit https://platform.openai.com/account/rate-limits to learn more.","type":"requests","param":null,"code":"rate_limit_exceeded"}}
[node_1] Auditor error for sai_geoengineering: HTTP 429: {"error":{"message":"Rate limit reached for gpt-4o-mini in organization org-GAm6cx3nTdYsPn2VvLcotuLu on requests per min (RPM): Limit 5000, Used 5000, Requested 1. Please try again in 12ms. Visit https://platform.openai.com/account/rate-limits to learn more.","type":"requests","param":null,"code":"rate_limit_exceeded"}}
[node_1] Auditor error for sai_geoengineering: HTTP 429: {"error":{"message":"Rate limit reached for gpt-4o-mini in organization org-GAm6cx3nTdYsPn2VvLcotuLu on requests per min (RPM): Limit 5000, Used 5000, Requested 1. Please try again in 12ms. Visit https://platform.openai.com/account/rate-limits to learn more.","type":"requests","param":null,"code":"rate_limit_exceeded"}}
[node_1] Auditor error for sai_geoengineering: HTTP 429: {"error":{"message":"Rate limit reached for gpt-4o-mini in organization org-GAm6cx3nTdYsPn2VvLcotuLu on tokens per min (TPM): Limit 2000000, Used 2000000, Requested 541. Please try again in 16ms. Visit https://platform.openai.com/account/rate-limits to learn more.","type":"tokens","param":null,"code":"rate_limit_exceeded"}}
[node_1] Auditor error for sai_geoengineering: HTTP 429: {"error":{"message":"Rate limit reached for gpt-4o-mini in organization org-GAm6cx3nTdYsPn2VvLcotuLu on tokens per min (TPM): Limit 2000000, Used 2000000, Requested 601. Please try again in 18ms. Visit https://platform.openai.com/account/rate-limits to learn more.","type":"tokens","param":null,"code":"rate_limit_exceeded"}}
[node_1] Auditor error for sai_geoengineering: HTTP 429: {"error":{"message":"Rate limit reached for gpt-4o-mini in organization org-GAm6cx3nTdYsPn2VvLcotuLu on tokens per min (TPM): Limit 2000000, Used 2000000, Requested 563. Please try again in 16ms. Visit https://platform.openai.com/account/rate-limits to learn more.","type":"tokens","param":null,"code":"rate_limit_exceeded"}}
[node_1] Auditor error for sai_geoengineering: HTTP 429: {"error":{"message":"Rate limit reached for gpt-4o-mini in organization org-GAm6cx3nTdYsPn2VvLcotuLu on requests per min (RPM): Limit 5000, Used 5000, Requested 1. Please try again in 12ms. Visit https://platform.openai.com/account/rate-limits to learn more.","type":"requests","param":null,"code":"rate_limit_exceeded"}}
[node_1] Auditor error for sai_geoengineering: HTTP 429: {"error":{"message":"Rate limit reached for gpt-4o-mini in organization org-GAm6cx3nTdYsPn2VvLcotuLu on tokens per min (TPM): Limit 2000000, Used 2000000, Requested 573. Please try again in 17ms. Visit https://platform.openai.com/account/rate-limits to learn more.","type":"tokens","param":null,"code":"rate_limit_exceeded"}}
[node_1] Auditor error for sai_geoengineering: HTTP 429: {"error":{"message":"Rate limit reached for gpt-4o-mini in organization org-GAm6cx3nTdYsPn2VvLcotuLu on requests per min (RPM): Limit 5000, Used 5000, Requested 1. Please try again in 12ms. Visit https://platform.openai.com/account/rate-limits to learn more.","type":"requests","param":null,"code":"rate_limit_exceeded"}}
[node_1] Auditor error for sai_geoengineering: HTTP 429: {"error":{"message":"Rate limit reached for gpt-4o-mini in organization org-GAm6cx3nTdYsPn2VvLcotuLu on requests per min (RPM): Limit 5000, Used 5000, Requested 1. Please try again in 12ms. Visit https://platform.openai.com/account/rate-limits to learn more.","type":"requests","param":null,"code":"rate_limit_exceeded"}}
[node_1] Auditor error for sai_geoengineering: HTTP 429: {"error":{"message":"Rate limit reached for gpt-4o-mini in organization org-GAm6cx3nTdYsPn2VvLcotuLu on requests per min (RPM): Limit 5000, Used 5000, Requested 1. Please try again in 12ms. Visit https://platform.openai.com/account/rate-limits to learn more.","type":"requests","param":null,"code":"rate_limit_exceeded"}}
[node_1] Auditor error for sai_geoengineering: HTTP 429: {"error":{"message":"Rate limit reached for gpt-4o-mini in organization org-GAm6cx3nTdYsPn2VvLcotuLu on requests per min (RPM): Limit 5000, Used 5000, Requested 1. Please try again in 12ms. Visit https://platform.openai.com/account/rate-limits to learn more.","type":"requests","param":null,"code":"rate_limit_exceeded"}}
[node_1] Auditor error for sai_geoengineering: HTTP 429: {"error":{"message":"Rate limit reached for gpt-4o-mini in organization org-GAm6cx3nTdYsPn2VvLcotuLu on tokens per min (TPM): Limit 2000000, Used 2000000, Requested 556. Please try again in 16ms. Visit https://platform.openai.com/account/rate-limits to learn more.","type":"tokens","param":null,"code":"rate_limit_exceeded"}}
[Simulation]   Scoring node_2
[node_2] Auditor error for sai_geoengineering: HTTP 429: {"error":{"message":"Rate limit reached for gpt-4o-mini in organization org-GAm6cx3nTdYsPn2VvLcotuLu on tokens per min (TPM): Limit 2000000, Used 2000000, Requested 570. Please try again in 17ms. Visit https://platform.openai.com/account/rate-limits to learn more.","type":"tokens","param":null,"code":"rate_limit_exceeded"}}
[node_2] Auditor error for sai_geoengineering: HTTP 429: {"error":{"message":"Rate limit reached for gpt-4o-mini in organization org-GAm6cx3nTdYsPn2VvLcotuLu on requests per min (RPM): Limit 5000, Used 5000, Requested 1. Please try again in 12ms. Visit https://platform.openai.com/account/rate-limits to learn more.","type":"requests","param":null,"code":"rate_limit_exceeded"}}
[node_2] Auditor error for sai_geoengineering: HTTP 429: {"error":{"message":"Rate limit reached for gpt-4o-mini in organization org-GAm6cx3nTdYsPn2VvLcotuLu on requests per min (RPM): Limit 5000, Used 5000, Requested 1. Please try again in 12ms. Visit https://platform.openai.com/account/rate-limits to learn more.","type":"requests","param":null,"code":"rate_limit_exceeded"}}
[node_2] Auditor error for sai_geoengineering: HTTP 429: {"error":{"message":"Rate limit reached for gpt-4o-mini in organization org-GAm6cx3nTdYsPn2VvLcotuLu on tokens per min (TPM): Limit 2000000, Used 2000000, Requested 606. Please try again in 18ms. Visit https://platform.openai.com/account/rate-limits to learn more.","type":"tokens","param":null,"code":"rate_limit_exceeded"}}
[node_2] Auditor error for sai_geoengineering: HTTP 429: {"error":{"message":"Rate limit reached for gpt-4o-mini in organization org-GAm6cx3nTdYsPn2VvLcotuLu on tokens per min (TPM): Limit 2000000, Used 2000000, Requested 585. Please try again in 17ms. Visit https://platform.openai.com/account/rate-limits to learn more.","type":"tokens","param":null,"code":"rate_limit_exceeded"}}
[node_2] Auditor error for sai_geoengineering: HTTP 429: {"error":{"message":"Rate limit reached for gpt-4o-mini in organization org-GAm6cx3nTdYsPn2VvLcotuLu on tokens per min (TPM): Limit 2000000, Used 2000000, Requested 547. Please try again in 16ms. Visit https://platform.openai.com/account/rate-limits to learn more.","type":"tokens","param":null,"code":"rate_limit_exceeded"}}
[node_2] Auditor error for sai_geoengineering: HTTP 429: {"error":{"message":"Rate limit reached for gpt-4o-mini in organization org-GAm6cx3nTdYsPn2VvLcotuLu on tokens per min (TPM): Limit 2000000, Used 2000000, Requested 546. Please try again in 16ms. Visit https://platform.openai.com/account/rate-limits to learn more.","type":"tokens","param":null,"code":"rate_limit_exceeded"}}
[node_2] Auditor error for sai_geoengineering: HTTP 429: {"error":{"message":"Rate limit reached for gpt-4o-mini in organization org-GAm6cx3nTdYsPn2VvLcotuLu on tokens per min (TPM): Limit 2000000, Used 2000000, Requested 616. Please try again in 18ms. Visit https://platform.openai.com/account/rate-limits to learn more.","type":"tokens","param":null,"code":"rate_limit_exceeded"}}
[node_2] Auditor error for sai_geoengineering: HTTP 429: {"error":{"message":"Rate limit reached for gpt-4o-mini in organization org-GAm6cx3nTdYsPn2VvLcotuLu on tokens per min (TPM): Limit 2000000, Used 2000000, Requested 539. Please try again in 16ms. Visit https://platform.openai.com/account/rate-limits to learn more.","type":"tokens","param":null,"code":"rate_limit_exceeded"}}
[node_2] Auditor error for sai_geoengineering: HTTP 429: {"error":{"message":"Rate limit reached for gpt-4o-mini in organization org-GAm6cx3nTdYsPn2VvLcotuLu on tokens per min (TPM): Limit 2000000, Used 2000000, Requested 541. Please try again in 16ms. Visit https://platform.openai.com/account/rate-limits to learn more.","type":"tokens","param":null,"code":"rate_limit_exceeded"}}
[node_2] Auditor error for sai_geoengineering: HTTP 429: {"error":{"message":"Rate limit reached for gpt-4o-mini in organization org-GAm6cx3nTdYsPn2VvLcotuLu on tokens per min (TPM): Limit 2000000, Used 2000000, Requested 581. Please try again in 17ms. Visit https://platform.openai.com/account/rate-limits to learn more.","type":"tokens","param":null,"code":"rate_limit_exceeded"}}
[node_2] Auditor error for sai_geoengineering: HTTP 429: {"error":{"message":"Rate limit reached for gpt-4o-mini in organization org-GAm6cx3nTdYsPn2VvLcotuLu on tokens per min (TPM): Limit 2000000, Used 2000000, Requested 551. Please try again in 16ms. Visit https://platform.openai.com/account/rate-limits to learn more.","type":"tokens","param":null,"code":"rate_limit_exceeded"}}
[node_2] Auditor error for sai_geoengineering: HTTP 429: {"error":{"message":"Rate limit reached for gpt-4o-mini in organization org-GAm6cx3nTdYsPn2VvLcotuLu on tokens per min (TPM): Limit 2000000, Used 2000000, Requested 567. Please try again in 17ms. Visit https://platform.openai.com/account/rate-limits to learn more.","type":"tokens","param":null,"code":"rate_limit_exceeded"}}
[node_2] Auditor error for sai_geoengineering: HTTP 429: {"error":{"message":"Rate limit reached for gpt-4o-mini in organization org-GAm6cx3nTdYsPn2VvLcotuLu on requests per min (RPM): Limit 5000, Used 5000, Requested 1. Please try again in 12ms. Visit https://platform.openai.com/account/rate-limits to learn more.","type":"requests","param":null,"code":"rate_limit_exceeded"}}
[node_2] Auditor error for sai_geoengineering: HTTP 429: {"error":{"message":"Rate limit reached for gpt-4o-mini in organization org-GAm6cx3nTdYsPn2VvLcotuLu on tokens per min (TPM): Limit 2000000, Used 2000000, Requested 541. Please try again in 16ms. Visit https://platform.openai.com/account/rate-limits to learn more.","type":"tokens","param":null,"code":"rate_limit_exceeded"}}
[node_2] Auditor error for sai_geoengineering: HTTP 429: {"error":{"message":"Rate limit reached for gpt-4o-mini in organization org-GAm6cx3nTdYsPn2VvLcotuLu on tokens per min (TPM): Limit 2000000, Used 2000000, Requested 539. Please try again in 16ms. Visit https://platform.openai.com/account/rate-limits to learn more.","type":"tokens","param":null,"code":"rate_limit_exceeded"}}
[node_2] Auditor error for sai_geoengineering: HTTP 429: {"error":{"message":"Rate limit reached for gpt-4o-mini in organization org-GAm6cx3nTdYsPn2VvLcotuLu on requests per min (RPM): Limit 5000, Used 5000, Requested 1. Please try again in 12ms. Visit https://platform.openai.com/account/rate-limits to learn more.","type":"requests","param":null,"code":"rate_limit_exceeded"}}
[Simulation]   Scoring node_3
[node_3] Auditor error for sai_geoengineering: HTTP 429: {"error":{"message":"Rate limit reached for gpt-4o-mini in organization org-GAm6cx3nTdYsPn2VvLcotuLu on tokens per min (TPM): Limit 2000000, Used 2000000, Requested 598. Please try again in 17ms. Visit https://platform.openai.com/account/rate-limits to learn more.","type":"tokens","param":null,"code":"rate_limit_exceeded"}}
[node_3] Auditor error for sai_geoengineering: HTTP 429: {"error":{"message":"Rate limit reached for gpt-4o-mini in organization org-GAm6cx3nTdYsPn2VvLcotuLu on requests per min (RPM): Limit 5000, Used 5000, Requested 1. Please try again in 12ms. Visit https://platform.openai.com/account/rate-limits to learn more.","type":"requests","param":null,"code":"rate_limit_exceeded"}}
[node_3] Auditor error for sai_geoengineering: HTTP 429: {"error":{"message":"Rate limit reached for gpt-4o-mini in organization org-GAm6cx3nTdYsPn2VvLcotuLu on tokens per min (TPM): Limit 2000000, Used 2000000, Requested 528. Please try again in 15ms. Visit https://platform.openai.com/account/rate-limits to learn more.","type":"tokens","param":null,"code":"rate_limit_exceeded"}}
[node_3] Auditor error for sai_geoengineering: HTTP 429: {"error":{"message":"Rate limit reached for gpt-4o-mini in organization org-GAm6cx3nTdYsPn2VvLcotuLu on tokens per min (TPM): Limit 2000000, Used 2000000, Requested 615. Please try again in 18ms. Visit https://platform.openai.com/account/rate-limits to learn more.","type":"tokens","param":null,"code":"rate_limit_exceeded"}}
[node_3] Auditor error for sai_geoengineering: HTTP 429: {"error":{"message":"Rate limit reached for gpt-4o-mini in organization org-GAm6cx3nTdYsPn2VvLcotuLu on requests per min (RPM): Limit 5000, Used 5000, Requested 1. Please try again in 12ms. Visit https://platform.openai.com/account/rate-limits to learn more.","type":"requests","param":null,"code":"rate_limit_exceeded"}}
[node_3] Auditor error for sai_geoengineering: HTTP 429: {"error":{"message":"Rate limit reached for gpt-4o-mini in organization org-GAm6cx3nTdYsPn2VvLcotuLu on requests per min (RPM): Limit 5000, Used 5000, Requested 1. Please try again in 12ms. Visit https://platform.openai.com/account/rate-limits to learn more.","type":"requests","param":null,"code":"rate_limit_exceeded"}}
[node_3] Auditor error for sai_geoengineering: HTTP 429: {"error":{"message":"Rate limit reached for gpt-4o-mini in organization org-GAm6cx3nTdYsPn2VvLcotuLu on tokens per min (TPM): Limit 2000000, Used 2000000, Requested 604. Please try again in 18ms. Visit https://platform.openai.com/account/rate-limits to learn more.","type":"tokens","param":null,"code":"rate_limit_exceeded"}}
[node_3] Auditor error for sai_geoengineering: HTTP 429: {"error":{"message":"Rate limit reached for gpt-4o-mini in organization org-GAm6cx3nTdYsPn2VvLcotuLu on tokens per min (TPM): Limit 2000000, Used 2000000, Requested 592. Please try again in 17ms. Visit https://platform.openai.com/account/rate-limits to learn more.","type":"tokens","param":null,"code":"rate_limit_exceeded"}}
[node_3] Auditor error for sai_geoengineering: HTTP 429: {"error":{"message":"Rate limit reached for gpt-4o-mini in organization org-GAm6cx3nTdYsPn2VvLcotuLu on tokens per min (TPM): Limit 2000000, Used 2000000, Requested 612. Please try again in 18ms. Visit https://platform.openai.com/account/rate-limits to learn more.","type":"tokens","param":null,"code":"rate_limit_exceeded"}}
[node_3] Auditor error for sai_geoengineering: HTTP 429: {"error":{"message":"Rate limit reached for gpt-4o-mini in organization org-GAm6cx3nTdYsPn2VvLcotuLu on tokens per min (TPM): Limit 2000000, Used 2000000, Requested 573. Please try again in 17ms. Visit https://platform.openai.com/account/rate-limits to learn more.","type":"tokens","param":null,"code":"rate_limit_exceeded"}}
[node_3] Auditor error for sai_geoengineering: HTTP 429: {"error":{"message":"Rate limit reached for gpt-4o-mini in organization org-GAm6cx3nTdYsPn2VvLcotuLu on requests per min (RPM): Limit 5000, Used 5000, Requested 1. Please try again in 12ms. Visit https://platform.openai.com/account/rate-limits to learn more.","type":"requests","param":null,"code":"rate_limit_exceeded"}}
[node_3] Auditor error for sai_geoengineering: HTTP 429: {"error":{"message":"Rate limit reached for gpt-4o-mini in organization org-GAm6cx3nTdYsPn2VvLcotuLu on requests per min (RPM): Limit 5000, Used 5000, Requested 1. Please try again in 12ms. Visit https://platform.openai.com/account/rate-limits to learn more.","type":"requests","param":null,"code":"rate_limit_exceeded"}}
[Simulation]   Scoring node_4
[node_4] Auditor error for sai_geoengineering: HTTP 429: {"error":{"message":"Rate limit reached for gpt-4o-mini in organization org-GAm6cx3nTdYsPn2VvLcotuLu on tokens per min (TPM): Limit 2000000, Used 2000000, Requested 611. Please try again in 18ms. Visit https://platform.openai.com/account/rate-limits to learn more.","type":"tokens","param":null,"code":"rate_limit_exceeded"}}
[node_4] Auditor error for sai_geoengineering: HTTP 429: {"error":{"message":"Rate limit reached for gpt-4o-mini in organization org-GAm6cx3nTdYsPn2VvLcotuLu on tokens per min (TPM): Limit 2000000, Used 2000000, Requested 544. Please try again in 16ms. Visit https://platform.openai.com/account/rate-limits to learn more.","type":"tokens","param":null,"code":"rate_limit_exceeded"}}
[node_4] Auditor error for sai_geoengineering: HTTP 429: {"error":{"message":"Rate limit reached for gpt-4o-mini in organization org-GAm6cx3nTdYsPn2VvLcotuLu on requests per min (RPM): Limit 5000, Used 5000, Requested 1. Please try again in 12ms. Visit https://platform.openai.com/account/rate-limits to learn more.","type":"requests","param":null,"code":"rate_limit_exceeded"}}
[node_4] Auditor error for sai_geoengineering: HTTP 429: {"error":{"message":"Rate limit reached for gpt-4o-mini in organization org-GAm6cx3nTdYsPn2VvLcotuLu on tokens per min (TPM): Limit 2000000, Used 2000000, Requested 563. Please try again in 16ms. Visit https://platform.openai.com/account/rate-limits to learn more.","type":"tokens","param":null,"code":"rate_limit_exceeded"}}
[node_4] Auditor error for sai_geoengineering: HTTP 429: {"error":{"message":"Rate limit reached for gpt-4o-mini in organization org-GAm6cx3nTdYsPn2VvLcotuLu on tokens per min (TPM): Limit 2000000, Used 2000000, Requested 590. Please try again in 17ms. Visit https://platform.openai.com/account/rate-limits to learn more.","type":"tokens","param":null,"code":"rate_limit_exceeded"}}
[node_4] Auditor error for sai_geoengineering: HTTP 429: {"error":{"message":"Rate limit reached for gpt-4o-mini in organization org-GAm6cx3nTdYsPn2VvLcotuLu on requests per min (RPM): Limit 5000, Used 5000, Requested 1. Please try again in 12ms. Visit https://platform.openai.com/account/rate-limits to learn more.","type":"requests","param":null,"code":"rate_limit_exceeded"}}
[node_4] Auditor error for sai_geoengineering: HTTP 429: {"error":{"message":"Rate limit reached for gpt-4o-mini in organization org-GAm6cx3nTdYsPn2VvLcotuLu on tokens per min (TPM): Limit 2000000, Used 2000000, Requested 589. Please try again in 17ms. Visit https://platform.openai.com/account/rate-limits to learn more.","type":"tokens","param":null,"code":"rate_limit_exceeded"}}
[node_4] Auditor error for sai_geoengineering: HTTP 429: {"error":{"message":"Rate limit reached for gpt-4o-mini in organization org-GAm6cx3nTdYsPn2VvLcotuLu on tokens per min (TPM): Limit 2000000, Used 2000000, Requested 580. Please try again in 17ms. Visit https://platform.openai.com/account/rate-limits to learn more.","type":"tokens","param":null,"code":"rate_limit_exceeded"}}
[node_4] Auditor error for sai_geoengineering: HTTP 429: {"error":{"message":"Rate limit reached for gpt-4o-mini in organization org-GAm6cx3nTdYsPn2VvLcotuLu on requests per min (RPM): Limit 5000, Used 5000, Requested 1. Please try again in 12ms. Visit https://platform.openai.com/account/rate-limits to learn more.","type":"requests","param":null,"code":"rate_limit_exceeded"}}
[node_4] Auditor error for sai_geoengineering: HTTP 429: {"error":{"message":"Rate limit reached for gpt-4o-mini in organization org-GAm6cx3nTdYsPn2VvLcotuLu on requests per min (RPM): Limit 5000, Used 5000, Requested 1. Please try again in 12ms. Visit https://platform.openai.com/account/rate-limits to learn more.","type":"requests","param":null,"code":"rate_limit_exceeded"}}
[node_4] Auditor error for sai_geoengineering: HTTP 429: {"error":{"message":"Rate limit reached for gpt-4o-mini in organization org-GAm6cx3nTdYsPn2VvLcotuLu on tokens per min (TPM): Limit 2000000, Used 2000000, Requested 559. Please try again in 16ms. Visit https://platform.openai.com/account/rate-limits to learn more.","type":"tokens","param":null,"code":"rate_limit_exceeded"}}
[node_4] Auditor error for sai_geoengineering: HTTP 429: {"error":{"message":"Rate limit reached for gpt-4o-mini in organization org-GAm6cx3nTdYsPn2VvLcotuLu on requests per min (RPM): Limit 5000, Used 5000, Requested 1. Please try again in 12ms. Visit https://platform.openai.com/account/rate-limits to learn more.","type":"requests","param":null,"code":"rate_limit_exceeded"}}
[node_4] Auditor error for sai_geoengineering: HTTP 429: {"error":{"message":"Rate limit reached for gpt-4o-mini in organization org-GAm6cx3nTdYsPn2VvLcotuLu on tokens per min (TPM): Limit 2000000, Used 2000000, Requested 554. Please try again in 16ms. Visit https://platform.openai.com/account/rate-limits to learn more.","type":"tokens","param":null,"code":"rate_limit_exceeded"}}
[node_4] Auditor error for sai_geoengineering: HTTP 429: {"error":{"message":"Rate limit reached for gpt-4o-mini in organization org-GAm6cx3nTdYsPn2VvLcotuLu on requests per min (RPM): Limit 5000, Used 5000, Requested 1. Please try again in 12ms. Visit https://platform.openai.com/account/rate-limits to learn more.","type":"requests","param":null,"code":"rate_limit_exceeded"}}
[node_4] Auditor error for sai_geoengineering: HTTP 429: {"error":{"message":"Rate limit reached for gpt-4o-mini in organization org-GAm6cx3nTdYsPn2VvLcotuLu on requests per min (RPM): Limit 5000, Used 5000, Requested 1. Please try again in 12ms. Visit https://platform.openai.com/account/rate-limits to learn more.","type":"requests","param":null,"code":"rate_limit_exceeded"}}
[node_4] Auditor error for sai_geoengineering: HTTP 429: {"error":{"message":"Rate limit reached for gpt-4o-mini in organization org-GAm6cx3nTdYsPn2VvLcotuLu on tokens per min (TPM): Limit 2000000, Used 2000000, Requested 528. Please try again in 15ms. Visit https://platform.openai.com/account/rate-limits to learn more.","type":"tokens","param":null,"code":"rate_limit_exceeded"}}
[node_4] Auditor error for sai_geoengineering: HTTP 429: {"error":{"message":"Rate limit reached for gpt-4o-mini in organization org-GAm6cx3nTdYsPn2VvLcotuLu on tokens per min (TPM): Limit 2000000, Used 2000000, Requested 566. Please try again in 16ms. Visit https://platform.openai.com/account/rate-limits to learn more.","type":"tokens","param":null,"code":"rate_limit_exceeded"}}
[Simulation]   Scoring node_5
[node_5] Auditor error for sai_geoengineering: HTTP 429: {"error":{"message":"Rate limit reached for gpt-4o-mini in organization org-GAm6cx3nTdYsPn2VvLcotuLu on tokens per min (TPM): Limit 2000000, Used 2000000, Requested 551. Please try again in 16ms. Visit https://platform.openai.com/account/rate-limits to learn more.","type":"tokens","param":null,"code":"rate_limit_exceeded"}}
[node_5] Auditor error for sai_geoengineering: HTTP 429: {"error":{"message":"Rate limit reached for gpt-4o-mini in organization org-GAm6cx3nTdYsPn2VvLcotuLu on tokens per min (TPM): Limit 2000000, Used 2000000, Requested 528. Please try again in 15ms. Visit https://platform.openai.com/account/rate-limits to learn more.","type":"tokens","param":null,"code":"rate_limit_exceeded"}}
[Simulation]   Scoring node_6
[node_6] Auditor error for sai_geoengineering: HTTP 429: {"error":{"message":"Rate limit reached for gpt-4o-mini in organization org-GAm6cx3nTdYsPn2VvLcotuLu on tokens per min (TPM): Limit 2000000, Used 2000000, Requested 540. Please try again in 16ms. Visit https://platform.openai.com/account/rate-limits to learn more.","type":"tokens","param":null,"code":"rate_limit_exceeded"}}
[node_6] Auditor error for sai_geoengineering: HTTP 429: {"error":{"message":"Rate limit reached for gpt-4o-mini in organization org-GAm6cx3nTdYsPn2VvLcotuLu on tokens per min (TPM): Limit 2000000, Used 2000000, Requested 550. Please try again in 16ms. Visit https://platform.openai.com/account/rate-limits to learn more.","type":"tokens","param":null,"code":"rate_limit_exceeded"}}
[node_6] Auditor error for sai_geoengineering: HTTP 429: {"error":{"message":"Rate limit reached for gpt-4o-mini in organization org-GAm6cx3nTdYsPn2VvLcotuLu on requests per min (RPM): Limit 5000, Used 5000, Requested 1. Please try again in 12ms. Visit https://platform.openai.com/account/rate-limits to learn more.","type":"requests","param":null,"code":"rate_limit_exceeded"}}
[node_6] Auditor error for sai_geoengineering: HTTP 429: {"error":{"message":"Rate limit reached for gpt-4o-mini in organization org-GAm6cx3nTdYsPn2VvLcotuLu on requests per min (RPM): Limit 5000, Used 5000, Requested 1. Please try again in 12ms. Visit https://platform.openai.com/account/rate-limits to learn more.","type":"requests","param":null,"code":"rate_limit_exceeded"}}
[node_6] Auditor error for sai_geoengineering: HTTP 429: {"error":{"message":"Rate limit reached for gpt-4o-mini in organization org-GAm6cx3nTdYsPn2VvLcotuLu on requests per min (RPM): Limit 5000, Used 5000, Requested 1. Please try again in 12ms. Visit https://platform.openai.com/account/rate-limits to learn more.","type":"requests","param":null,"code":"rate_limit_exceeded"}}
[node_6] Auditor error for sai_geoengineering: HTTP 429: {"error":{"message":"Rate limit reached for gpt-4o-mini in organization org-GAm6cx3nTdYsPn2VvLcotuLu on tokens per min (TPM): Limit 2000000, Used 2000000, Requested 525. Please try again in 15ms. Visit https://platform.openai.com/account/rate-limits to learn more.","type":"tokens","param":null,"code":"rate_limit_exceeded"}}
[node_6] Auditor error for sai_geoengineering: HTTP 429: {"error":{"message":"Rate limit reached for gpt-4o-mini in organization org-GAm6cx3nTdYsPn2VvLcotuLu on tokens per min (TPM): Limit 2000000, Used 2000000, Requested 544. Please try again in 16ms. Visit https://platform.openai.com/account/rate-limits to learn more.","type":"tokens","param":null,"code":"rate_limit_exceeded"}}
[node_6] Auditor error for sai_geoengineering: HTTP 429: {"error":{"message":"Rate limit reached for gpt-4o-mini in organization org-GAm6cx3nTdYsPn2VvLcotuLu on tokens per min (TPM): Limit 2000000, Used 2000000, Requested 527. Please try again in 15ms. Visit https://platform.openai.com/account/rate-limits to learn more.","type":"tokens","param":null,"code":"rate_limit_exceeded"}}
[node_6] Auditor error for sai_geoengineering: HTTP 429: {"error":{"message":"Rate limit reached for gpt-4o-mini in organization org-GAm6cx3nTdYsPn2VvLcotuLu on tokens per min (TPM): Limit 2000000, Used 2000000, Requested 541. Please try again in 16ms. Visit https://platform.openai.com/account/rate-limits to learn more.","type":"tokens","param":null,"code":"rate_limit_exceeded"}}
[node_6] Auditor error for sai_geoengineering: HTTP 429: {"error":{"message":"Rate limit reached for gpt-4o-mini in organization org-GAm6cx3nTdYsPn2VvLcotuLu on tokens per min (TPM): Limit 2000000, Used 2000000, Requested 549. Please try again in 16ms. Visit https://platform.openai.com/account/rate-limits to learn more.","type":"tokens","param":null,"code":"rate_limit_exceeded"}}
[node_6] Auditor error for sai_geoengineering: HTTP 429: {"error":{"message":"Rate limit reached for gpt-4o-mini in organization org-GAm6cx3nTdYsPn2VvLcotuLu on requests per min (RPM): Limit 5000, Used 5000, Requested 1. Please try again in 12ms. Visit https://platform.openai.com/account/rate-limits to learn more.","type":"requests","param":null,"code":"rate_limit_exceeded"}}
[node_6] Auditor error for sai_geoengineering: HTTP 429: {"error":{"message":"Rate limit reached for gpt-4o-mini in organization org-GAm6cx3nTdYsPn2VvLcotuLu on tokens per min (TPM): Limit 2000000, Used 2000000, Requested 507. Please try again in 15ms. Visit https://platform.openai.com/account/rate-limits to learn more.","type":"tokens","param":null,"code":"rate_limit_exceeded"}}
[node_6] Auditor error for sai_geoengineering: HTTP 429: {"error":{"message":"Rate limit reached for gpt-4o-mini in organization org-GAm6cx3nTdYsPn2VvLcotuLu on tokens per min (TPM): Limit 2000000, Used 2000000, Requested 526. Please try again in 15ms. Visit https://platform.openai.com/account/rate-limits to learn more.","type":"tokens","param":null,"code":"rate_limit_exceeded"}}
[node_6] Auditor error for sai_geoengineering: HTTP 429: {"error":{"message":"Rate limit reached for gpt-4o-mini in organization org-GAm6cx3nTdYsPn2VvLcotuLu on tokens per min (TPM): Limit 2000000, Used 2000000, Requested 589. Please try again in 17ms. Visit https://platform.openai.com/account/rate-limits to learn more.","type":"tokens","param":null,"code":"rate_limit_exceeded"}}
[node_6] Auditor error for sai_geoengineering: HTTP 429: {"error":{"message":"Rate limit reached for gpt-4o-mini in organization org-GAm6cx3nTdYsPn2VvLcotuLu on tokens per min (TPM): Limit 2000000, Used 2000000, Requested 539. Please try again in 16ms. Visit https://platform.openai.com/account/rate-limits to learn more.","type":"tokens","param":null,"code":"rate_limit_exceeded"}}
[node_6] Auditor error for sai_geoengineering: HTTP 429: {"error":{"message":"Rate limit reached for gpt-4o-mini in organization org-GAm6cx3nTdYsPn2VvLcotuLu on tokens per min (TPM): Limit 2000000, Used 2000000, Requested 569. Please try again in 17ms. Visit https://platform.openai.com/account/rate-limits to learn more.","type":"tokens","param":null,"code":"rate_limit_exceeded"}}
[Simulation]   Scoring node_7
[node_7] Auditor error for sai_geoengineering: HTTP 429: {"error":{"message":"Rate limit reached for gpt-4o-mini in organization org-GAm6cx3nTdYsPn2VvLcotuLu on tokens per min (TPM): Limit 2000000, Used 2000000, Requested 595. Please try again in 17ms. Visit https://platform.openai.com/account/rate-limits to learn more.","type":"tokens","param":null,"code":"rate_limit_exceeded"}}
[node_7] Auditor error for sai_geoengineering: HTTP 429: {"error":{"message":"Rate limit reached for gpt-4o-mini in organization org-GAm6cx3nTdYsPn2VvLcotuLu on requests per min (RPM): Limit 5000, Used 5000, Requested 1. Please try again in 12ms. Visit https://platform.openai.com/account/rate-limits to learn more.","type":"requests","param":null,"code":"rate_limit_exceeded"}}
[node_7] Auditor error for sai_geoengineering: HTTP 429: {"error":{"message":"Rate limit reached for gpt-4o-mini in organization org-GAm6cx3nTdYsPn2VvLcotuLu on tokens per min (TPM): Limit 2000000, Used 2000000, Requested 579. Please try again in 17ms. Visit https://platform.openai.com/account/rate-limits to learn more.","type":"tokens","param":null,"code":"rate_limit_exceeded"}}
[node_7] Auditor error for sai_geoengineering: HTTP 429: {"error":{"message":"Rate limit reached for gpt-4o-mini in organization org-GAm6cx3nTdYsPn2VvLcotuLu on requests per min (RPM): Limit 5000, Used 5000, Requested 1. Please try again in 12ms. Visit https://platform.openai.com/account/rate-limits to learn more.","type":"requests","param":null,"code":"rate_limit_exceeded"}}
[node_7] Auditor error for sai_geoengineering: HTTP 429: {"error":{"message":"Rate limit reached for gpt-4o-mini in organization org-GAm6cx3nTdYsPn2VvLcotuLu on tokens per min (TPM): Limit 2000000, Used 2000000, Requested 548. Please try again in 16ms. Visit https://platform.openai.com/account/rate-limits to learn more.","type":"tokens","param":null,"code":"rate_limit_exceeded"}}
[node_7] Auditor error for sai_geoengineering: HTTP 429: {"error":{"message":"Rate limit reached for gpt-4o-mini in organization org-GAm6cx3nTdYsPn2VvLcotuLu on requests per min (RPM): Limit 5000, Used 5000, Requested 1. Please try again in 12ms. Visit https://platform.openai.com/account/rate-limits to learn more.","type":"requests","param":null,"code":"rate_limit_exceeded"}}
[node_7] Auditor error for sai_geoengineering: HTTP 429: {"error":{"message":"Rate limit reached for gpt-4o-mini in organization org-GAm6cx3nTdYsPn2VvLcotuLu on tokens per min (TPM): Limit 2000000, Used 2000000, Requested 573. Please try again in 17ms. Visit https://platform.openai.com/account/rate-limits to learn more.","type":"tokens","param":null,"code":"rate_limit_exceeded"}}
[node_7] Auditor error for sai_geoengineering: HTTP 429: {"error":{"message":"Rate limit reached for gpt-4o-mini in organization org-GAm6cx3nTdYsPn2VvLcotuLu on tokens per min (TPM): Limit 2000000, Used 2000000, Requested 554. Please try again in 16ms. Visit https://platform.openai.com/account/rate-limits to learn more.","type":"tokens","param":null,"code":"rate_limit_exceeded"}}

[Simulation] === Auditing: paris_agreement ===
[Simulation]   Scoring node_0
[Simulation]   Scoring node_1
[Simulation]   Scoring node_2
[Simulation]   Scoring node_3
[Simulation]   Scoring node_4
[Simulation]   Scoring node_5
[Simulation]   Scoring node_6
[Simulation]   Scoring node_7

[Simulation] === Auditing: climate_consensus ===
[Simulation]   Scoring node_0
[node_0] Auditor error for climate_consensus: HTTP 429: {"error":{"message":"Rate limit reached for gpt-4o-mini in organization org-GAm6cx3nTdYsPn2VvLcotuLu on requests per min (RPM): Limit 5000, Used 5000, Requested 1. Please try again in 12ms. Visit https://platform.openai.com/account/rate-limits to learn more.","type":"requests","param":null,"code":"rate_limit_exceeded"}}
[node_0] Auditor error for climate_consensus: HTTP 429: {"error":{"message":"Rate limit reached for gpt-4o-mini in organization org-GAm6cx3nTdYsPn2VvLcotuLu on tokens per min (TPM): Limit 2000000, Used 2000000, Requested 589. Please try again in 17ms. Visit https://platform.openai.com/account/rate-limits to learn more.","type":"tokens","param":null,"code":"rate_limit_exceeded"}}
[node_0] Auditor error for climate_consensus: HTTP 429: {"error":{"message":"Rate limit reached for gpt-4o-mini in organization org-GAm6cx3nTdYsPn2VvLcotuLu on requests per min (RPM): Limit 5000, Used 5000, Requested 1. Please try again in 12ms. Visit https://platform.openai.com/account/rate-limits to learn more.","type":"requests","param":null,"code":"rate_limit_exceeded"}}
[node_0] Auditor error for climate_consensus: HTTP 429: {"error":{"message":"Rate limit reached for gpt-4o-mini in organization org-GAm6cx3nTdYsPn2VvLcotuLu on tokens per min (TPM): Limit 2000000, Used 2000000, Requested 543. Please try again in 16ms. Visit https://platform.openai.com/account/rate-limits to learn more.","type":"tokens","param":null,"code":"rate_limit_exceeded"}}
[node_0] Auditor error for climate_consensus: HTTP 429: {"error":{"message":"Rate limit reached for gpt-4o-mini in organization org-GAm6cx3nTdYsPn2VvLcotuLu on tokens per min (TPM): Limit 2000000, Used 2000000, Requested 570. Please try again in 17ms. Visit https://platform.openai.com/account/rate-limits to learn more.","type":"tokens","param":null,"code":"rate_limit_exceeded"}}
[node_0] Auditor error for climate_consensus: HTTP 429: {"error":{"message":"Rate limit reached for gpt-4o-mini in organization org-GAm6cx3nTdYsPn2VvLcotuLu on tokens per min (TPM): Limit 2000000, Used 2000000, Requested 520. Please try again in 15ms. Visit https://platform.openai.com/account/rate-limits to learn more.","type":"tokens","param":null,"code":"rate_limit_exceeded"}}
[node_0] Auditor error for climate_consensus: HTTP 429: {"error":{"message":"Rate limit reached for gpt-4o-mini in organization org-GAm6cx3nTdYsPn2VvLcotuLu on tokens per min (TPM): Limit 2000000, Used 2000000, Requested 575. Please try again in 17ms. Visit https://platform.openai.com/account/rate-limits to learn more.","type":"tokens","param":null,"code":"rate_limit_exceeded"}}
[node_0] Auditor error for climate_consensus: HTTP 429: {"error":{"message":"Rate limit reached for gpt-4o-mini in organization org-GAm6cx3nTdYsPn2VvLcotuLu on tokens per min (TPM): Limit 2000000, Used 2000000, Requested 524. Please try again in 15ms. Visit https://platform.openai.com/account/rate-limits to learn more.","type":"tokens","param":null,"code":"rate_limit_exceeded"}}
[node_0] Auditor error for climate_consensus: HTTP 429: {"error":{"message":"Rate limit reached for gpt-4o-mini in organization org-GAm6cx3nTdYsPn2VvLcotuLu on tokens per min (TPM): Limit 2000000, Used 2000000, Requested 563. Please try again in 16ms. Visit https://platform.openai.com/account/rate-limits to learn more.","type":"tokens","param":null,"code":"rate_limit_exceeded"}}
[node_0] Auditor error for climate_consensus: HTTP 429: {"error":{"message":"Rate limit reached for gpt-4o-mini in organization org-GAm6cx3nTdYsPn2VvLcotuLu on tokens per min (TPM): Limit 2000000, Used 2000000, Requested 610. Please try again in 18ms. Visit https://platform.openai.com/account/rate-limits to learn more.","type":"tokens","param":null,"code":"rate_limit_exceeded"}}
[node_0] Auditor error for climate_consensus: HTTP 429: {"error":{"message":"Rate limit reached for gpt-4o-mini in organization org-GAm6cx3nTdYsPn2VvLcotuLu on tokens per min (TPM): Limit 2000000, Used 2000000, Requested 608. Please try again in 18ms. Visit https://platform.openai.com/account/rate-limits to learn more.","type":"tokens","param":null,"code":"rate_limit_exceeded"}}
[node_0] Auditor error for climate_consensus: HTTP 429: {"error":{"message":"Rate limit reached for gpt-4o-mini in organization org-GAm6cx3nTdYsPn2VvLcotuLu on tokens per min (TPM): Limit 2000000, Used 2000000, Requested 526. Please try again in 15ms. Visit https://platform.openai.com/account/rate-limits to learn more.","type":"tokens","param":null,"code":"rate_limit_exceeded"}}
[node_0] Auditor error for climate_consensus: HTTP 429: {"error":{"message":"Rate limit reached for gpt-4o-mini in organization org-GAm6cx3nTdYsPn2VvLcotuLu on requests per min (RPM): Limit 5000, Used 5000, Requested 1. Please try again in 12ms. Visit https://platform.openai.com/account/rate-limits to learn more.","type":"requests","param":null,"code":"rate_limit_exceeded"}}
[node_0] Auditor error for climate_consensus: HTTP 429: {"error":{"message":"Rate limit reached for gpt-4o-mini in organization org-GAm6cx3nTdYsPn2VvLcotuLu on tokens per min (TPM): Limit 2000000, Used 2000000, Requested 539. Please try again in 16ms. Visit https://platform.openai.com/account/rate-limits to learn more.","type":"tokens","param":null,"code":"rate_limit_exceeded"}}
[node_0] Auditor error for climate_consensus: HTTP 429: {"error":{"message":"Rate limit reached for gpt-4o-mini in organization org-GAm6cx3nTdYsPn2VvLcotuLu on tokens per min (TPM): Limit 2000000, Used 2000000, Requested 584. Please try again in 17ms. Visit https://platform.openai.com/account/rate-limits to learn more.","type":"tokens","param":null,"code":"rate_limit_exceeded"}}
[node_0] Auditor error for climate_consensus: HTTP 429: {"error":{"message":"Rate limit reached for gpt-4o-mini in organization org-GAm6cx3nTdYsPn2VvLcotuLu on requests per min (RPM): Limit 5000, Used 5000, Requested 1. Please try again in 12ms. Visit https://platform.openai.com/account/rate-limits to learn more.","type":"requests","param":null,"code":"rate_limit_exceeded"}}
[node_0] Auditor error for climate_consensus: HTTP 429: {"error":{"message":"Rate limit reached for gpt-4o-mini in organization org-GAm6cx3nTdYsPn2VvLcotuLu on requests per min (RPM): Limit 5000, Used 5000, Requested 1. Please try again in 12ms. Visit https://platform.openai.com/account/rate-limits to learn more.","type":"requests","param":null,"code":"rate_limit_exceeded"}}
[node_0] Auditor error for climate_consensus: HTTP 429: {"error":{"message":"Rate limit reached for gpt-4o-mini in organization org-GAm6cx3nTdYsPn2VvLcotuLu on requests per min (RPM): Limit 5000, Used 5000, Requested 1. Please try again in 12ms. Visit https://platform.openai.com/account/rate-limits to learn more.","type":"requests","param":null,"code":"rate_limit_exceeded"}}
[Simulation]   Scoring node_1
[node_1] Auditor error for climate_consensus: HTTP 429: {"error":{"message":"Rate limit reached for gpt-4o-mini in organization org-GAm6cx3nTdYsPn2VvLcotuLu on tokens per min (TPM): Limit 2000000, Used 2000000, Requested 574. Please try again in 17ms. Visit https://platform.openai.com/account/rate-limits to learn more.","type":"tokens","param":null,"code":"rate_limit_exceeded"}}
[node_1] Auditor error for climate_consensus: HTTP 429: {"error":{"message":"Rate limit reached for gpt-4o-mini in organization org-GAm6cx3nTdYsPn2VvLcotuLu on tokens per min (TPM): Limit 2000000, Used 2000000, Requested 566. Please try again in 16ms. Visit https://platform.openai.com/account/rate-limits to learn more.","type":"tokens","param":null,"code":"rate_limit_exceeded"}}
[node_1] Auditor error for climate_consensus: HTTP 429: {"error":{"message":"Rate limit reached for gpt-4o-mini in organization org-GAm6cx3nTdYsPn2VvLcotuLu on tokens per min (TPM): Limit 2000000, Used 2000000, Requested 547. Please try again in 16ms. Visit https://platform.openai.com/account/rate-limits to learn more.","type":"tokens","param":null,"code":"rate_limit_exceeded"}}
[node_1] Auditor error for climate_consensus: HTTP 429: {"error":{"message":"Rate limit reached for gpt-4o-mini in organization org-GAm6cx3nTdYsPn2VvLcotuLu on tokens per min (TPM): Limit 2000000, Used 2000000, Requested 533. Please try again in 15ms. Visit https://platform.openai.com/account/rate-limits to learn more.","type":"tokens","param":null,"code":"rate_limit_exceeded"}}
[node_1] Auditor error for climate_consensus: HTTP 429: {"error":{"message":"Rate limit reached for gpt-4o-mini in organization org-GAm6cx3nTdYsPn2VvLcotuLu on tokens per min (TPM): Limit 2000000, Used 2000000, Requested 599. Please try again in 17ms. Visit https://platform.openai.com/account/rate-limits to learn more.","type":"tokens","param":null,"code":"rate_limit_exceeded"}}
[node_1] Auditor error for climate_consensus: HTTP 429: {"error":{"message":"Rate limit reached for gpt-4o-mini in organization org-GAm6cx3nTdYsPn2VvLcotuLu on requests per min (RPM): Limit 5000, Used 5000, Requested 1. Please try again in 12ms. Visit https://platform.openai.com/account/rate-limits to learn more.","type":"requests","param":null,"code":"rate_limit_exceeded"}}
[node_1] Auditor error for climate_consensus: HTTP 429: {"error":{"message":"Rate limit reached for gpt-4o-mini in organization org-GAm6cx3nTdYsPn2VvLcotuLu on tokens per min (TPM): Limit 2000000, Used 2000000, Requested 543. Please try again in 16ms. Visit https://platform.openai.com/account/rate-limits to learn more.","type":"tokens","param":null,"code":"rate_limit_exceeded"}}
[node_1] Auditor error for climate_consensus: HTTP 429: {"error":{"message":"Rate limit reached for gpt-4o-mini in organization org-GAm6cx3nTdYsPn2VvLcotuLu on tokens per min (TPM): Limit 2000000, Used 2000000, Requested 611. Please try again in 18ms. Visit https://platform.openai.com/account/rate-limits to learn more.","type":"tokens","param":null,"code":"rate_limit_exceeded"}}
[node_1] Auditor error for climate_consensus: HTTP 429: {"error":{"message":"Rate limit reached for gpt-4o-mini in organization org-GAm6cx3nTdYsPn2VvLcotuLu on tokens per min (TPM): Limit 2000000, Used 2000000, Requested 524. Please try again in 15ms. Visit https://platform.openai.com/account/rate-limits to learn more.","type":"tokens","param":null,"code":"rate_limit_exceeded"}}
[node_1] Auditor error for climate_consensus: HTTP 429: {"error":{"message":"Rate limit reached for gpt-4o-mini in organization org-GAm6cx3nTdYsPn2VvLcotuLu on requests per min (RPM): Limit 5000, Used 5000, Requested 1. Please try again in 12ms. Visit https://platform.openai.com/account/rate-limits to learn more.","type":"requests","param":null,"code":"rate_limit_exceeded"}}
[node_1] Auditor error for climate_consensus: HTTP 429: {"error":{"message":"Rate limit reached for gpt-4o-mini in organization org-GAm6cx3nTdYsPn2VvLcotuLu on tokens per min (TPM): Limit 2000000, Used 2000000, Requested 574. Please try again in 17ms. Visit https://platform.openai.com/account/rate-limits to learn more.","type":"tokens","param":null,"code":"rate_limit_exceeded"}}
[node_1] Auditor error for climate_consensus: HTTP 429: {"error":{"message":"Rate limit reached for gpt-4o-mini in organization org-GAm6cx3nTdYsPn2VvLcotuLu on requests per min (RPM): Limit 5000, Used 5000, Requested 1. Please try again in 12ms. Visit https://platform.openai.com/account/rate-limits to learn more.","type":"requests","param":null,"code":"rate_limit_exceeded"}}
[node_1] Auditor error for climate_consensus: HTTP 429: {"error":{"message":"Rate limit reached for gpt-4o-mini in organization org-GAm6cx3nTdYsPn2VvLcotuLu on tokens per min (TPM): Limit 2000000, Used 2000000, Requested 581. Please try again in 17ms. Visit https://platform.openai.com/account/rate-limits to learn more.","type":"tokens","param":null,"code":"rate_limit_exceeded"}}
[node_1] Auditor error for climate_consensus: HTTP 429: {"error":{"message":"Rate limit reached for gpt-4o-mini in organization org-GAm6cx3nTdYsPn2VvLcotuLu on requests per min (RPM): Limit 5000, Used 5000, Requested 1. Please try again in 12ms. Visit https://platform.openai.com/account/rate-limits to learn more.","type":"requests","param":null,"code":"rate_limit_exceeded"}}
[Simulation]   Scoring node_2
[node_2] Auditor error for climate_consensus: HTTP 429: {"error":{"message":"Rate limit reached for gpt-4o-mini in organization org-GAm6cx3nTdYsPn2VvLcotuLu on requests per min (RPM): Limit 5000, Used 5000, Requested 1. Please try again in 12ms. Visit https://platform.openai.com/account/rate-limits to learn more.","type":"requests","param":null,"code":"rate_limit_exceeded"}}
[node_2] Auditor error for climate_consensus: HTTP 429: {"error":{"message":"Rate limit reached for gpt-4o-mini in organization org-GAm6cx3nTdYsPn2VvLcotuLu on requests per min (RPM): Limit 5000, Used 5000, Requested 1. Please try again in 12ms. Visit https://platform.openai.com/account/rate-limits to learn more.","type":"requests","param":null,"code":"rate_limit_exceeded"}}
[node_2] Auditor error for climate_consensus: HTTP 429: {"error":{"message":"Rate limit reached for gpt-4o-mini in organization org-GAm6cx3nTdYsPn2VvLcotuLu on tokens per min (TPM): Limit 2000000, Used 2000000, Requested 584. Please try again in 17ms. Visit https://platform.openai.com/account/rate-limits to learn more.","type":"tokens","param":null,"code":"rate_limit_exceeded"}}
[node_2] Auditor error for climate_consensus: HTTP 429: {"error":{"message":"Rate limit reached for gpt-4o-mini in organization org-GAm6cx3nTdYsPn2VvLcotuLu on requests per min (RPM): Limit 5000, Used 5000, Requested 1. Please try again in 12ms. Visit https://platform.openai.com/account/rate-limits to learn more.","type":"requests","param":null,"code":"rate_limit_exceeded"}}
[node_2] Auditor error for climate_consensus: HTTP 429: {"error":{"message":"Rate limit reached for gpt-4o-mini in organization org-GAm6cx3nTdYsPn2VvLcotuLu on tokens per min (TPM): Limit 2000000, Used 2000000, Requested 565. Please try again in 16ms. Visit https://platform.openai.com/account/rate-limits to learn more.","type":"tokens","param":null,"code":"rate_limit_exceeded"}}
[node_2] Auditor error for climate_consensus: HTTP 429: {"error":{"message":"Rate limit reached for gpt-4o-mini in organization org-GAm6cx3nTdYsPn2VvLcotuLu on requests per min (RPM): Limit 5000, Used 5000, Requested 1. Please try again in 12ms. Visit https://platform.openai.com/account/rate-limits to learn more.","type":"requests","param":null,"code":"rate_limit_exceeded"}}
[node_2] Auditor error for climate_consensus: HTTP 429: {"error":{"message":"Rate limit reached for gpt-4o-mini in organization org-GAm6cx3nTdYsPn2VvLcotuLu on tokens per min (TPM): Limit 2000000, Used 2000000, Requested 568. Please try again in 17ms. Visit https://platform.openai.com/account/rate-limits to learn more.","type":"tokens","param":null,"code":"rate_limit_exceeded"}}
[node_2] Auditor error for climate_consensus: HTTP 429: {"error":{"message":"Rate limit reached for gpt-4o-mini in organization org-GAm6cx3nTdYsPn2VvLcotuLu on tokens per min (TPM): Limit 2000000, Used 2000000, Requested 595. Please try again in 17ms. Visit https://platform.openai.com/account/rate-limits to learn more.","type":"tokens","param":null,"code":"rate_limit_exceeded"}}
[node_2] Auditor error for climate_consensus: HTTP 429: {"error":{"message":"Rate limit reached for gpt-4o-mini in organization org-GAm6cx3nTdYsPn2VvLcotuLu on requests per min (RPM): Limit 5000, Used 5000, Requested 1. Please try again in 12ms. Visit https://platform.openai.com/account/rate-limits to learn more.","type":"requests","param":null,"code":"rate_limit_exceeded"}}
[node_2] Auditor error for climate_consensus: HTTP 429: {"error":{"message":"Rate limit reached for gpt-4o-mini in organization org-GAm6cx3nTdYsPn2VvLcotuLu on tokens per min (TPM): Limit 2000000, Used 2000000, Requested 581. Please try again in 17ms. Visit https://platform.openai.com/account/rate-limits to learn more.","type":"tokens","param":null,"code":"rate_limit_exceeded"}}
[node_2] Auditor error for climate_consensus: HTTP 429: {"error":{"message":"Rate limit reached for gpt-4o-mini in organization org-GAm6cx3nTdYsPn2VvLcotuLu on tokens per min (TPM): Limit 2000000, Used 2000000, Requested 554. Please try again in 16ms. Visit https://platform.openai.com/account/rate-limits to learn more.","type":"tokens","param":null,"code":"rate_limit_exceeded"}}
[node_2] Auditor error for climate_consensus: HTTP 429: {"error":{"message":"Rate limit reached for gpt-4o-mini in organization org-GAm6cx3nTdYsPn2VvLcotuLu on requests per min (RPM): Limit 5000, Used 5000, Requested 1. Please try again in 12ms. Visit https://platform.openai.com/account/rate-limits to learn more.","type":"requests","param":null,"code":"rate_limit_exceeded"}}
[Simulation]   Scoring node_3
[node_3] Auditor error for climate_consensus: HTTP 429: {"error":{"message":"Rate limit reached for gpt-4o-mini in organization org-GAm6cx3nTdYsPn2VvLcotuLu on tokens per min (TPM): Limit 2000000, Used 2000000, Requested 556. Please try again in 16ms. Visit https://platform.openai.com/account/rate-limits to learn more.","type":"tokens","param":null,"code":"rate_limit_exceeded"}}
[node_3] Auditor error for climate_consensus: HTTP 429: {"error":{"message":"Rate limit reached for gpt-4o-mini in organization org-GAm6cx3nTdYsPn2VvLcotuLu on requests per min (RPM): Limit 5000, Used 5000, Requested 1. Please try again in 12ms. Visit https://platform.openai.com/account/rate-limits to learn more.","type":"requests","param":null,"code":"rate_limit_exceeded"}}
[node_3] Auditor error for climate_consensus: HTTP 429: {"error":{"message":"Rate limit reached for gpt-4o-mini in organization org-GAm6cx3nTdYsPn2VvLcotuLu on tokens per min (TPM): Limit 2000000, Used 2000000, Requested 581. Please try again in 17ms. Visit https://platform.openai.com/account/rate-limits to learn more.","type":"tokens","param":null,"code":"rate_limit_exceeded"}}
[node_3] Auditor error for climate_consensus: HTTP 429: {"error":{"message":"Rate limit reached for gpt-4o-mini in organization org-GAm6cx3nTdYsPn2VvLcotuLu on requests per min (RPM): Limit 5000, Used 5000, Requested 1. Please try again in 12ms. Visit https://platform.openai.com/account/rate-limits to learn more.","type":"requests","param":null,"code":"rate_limit_exceeded"}}
[node_3] Auditor error for climate_consensus: HTTP 429: {"error":{"message":"Rate limit reached for gpt-4o-mini in organization org-GAm6cx3nTdYsPn2VvLcotuLu on tokens per min (TPM): Limit 2000000, Used 2000000, Requested 558. Please try again in 16ms. Visit https://platform.openai.com/account/rate-limits to learn more.","type":"tokens","param":null,"code":"rate_limit_exceeded"}}
[node_3] Auditor error for climate_consensus: HTTP 429: {"error":{"message":"Rate limit reached for gpt-4o-mini in organization org-GAm6cx3nTdYsPn2VvLcotuLu on tokens per min (TPM): Limit 2000000, Used 2000000, Requested 574. Please try again in 17ms. Visit https://platform.openai.com/account/rate-limits to learn more.","type":"tokens","param":null,"code":"rate_limit_exceeded"}}
[node_3] Auditor error for climate_consensus: HTTP 429: {"error":{"message":"Rate limit reached for gpt-4o-mini in organization org-GAm6cx3nTdYsPn2VvLcotuLu on requests per min (RPM): Limit 5000, Used 5000, Requested 1. Please try again in 12ms. Visit https://platform.openai.com/account/rate-limits to learn more.","type":"requests","param":null,"code":"rate_limit_exceeded"}}
[node_3] Auditor error for climate_consensus: HTTP 429: {"error":{"message":"Rate limit reached for gpt-4o-mini in organization org-GAm6cx3nTdYsPn2VvLcotuLu on requests per min (RPM): Limit 5000, Used 5000, Requested 1. Please try again in 12ms. Visit https://platform.openai.com/account/rate-limits to learn more.","type":"requests","param":null,"code":"rate_limit_exceeded"}}
[node_3] Auditor error for climate_consensus: HTTP 429: {"error":{"message":"Rate limit reached for gpt-4o-mini in organization org-GAm6cx3nTdYsPn2VvLcotuLu on requests per min (RPM): Limit 5000, Used 5000, Requested 1. Please try again in 12ms. Visit https://platform.openai.com/account/rate-limits to learn more.","type":"requests","param":null,"code":"rate_limit_exceeded"}}
[node_3] Auditor error for climate_consensus: HTTP 429: {"error":{"message":"Rate limit reached for gpt-4o-mini in organization org-GAm6cx3nTdYsPn2VvLcotuLu on tokens per min (TPM): Limit 2000000, Used 2000000, Requested 576. Please try again in 17ms. Visit https://platform.openai.com/account/rate-limits to learn more.","type":"tokens","param":null,"code":"rate_limit_exceeded"}}
[node_3] Auditor error for climate_consensus: HTTP 429: {"error":{"message":"Rate limit reached for gpt-4o-mini in organization org-GAm6cx3nTdYsPn2VvLcotuLu on tokens per min (TPM): Limit 2000000, Used 2000000, Requested 616. Please try again in 18ms. Visit https://platform.openai.com/account/rate-limits to learn more.","type":"tokens","param":null,"code":"rate_limit_exceeded"}}
[Simulation]   Scoring node_4
[node_4] Auditor error for climate_consensus: HTTP 429: {"error":{"message":"Rate limit reached for gpt-4o-mini in organization org-GAm6cx3nTdYsPn2VvLcotuLu on requests per min (RPM): Limit 5000, Used 5000, Requested 1. Please try again in 12ms. Visit https://platform.openai.com/account/rate-limits to learn more.","type":"requests","param":null,"code":"rate_limit_exceeded"}}
[node_4] Auditor error for climate_consensus: HTTP 429: {"error":{"message":"Rate limit reached for gpt-4o-mini in organization org-GAm6cx3nTdYsPn2VvLcotuLu on tokens per min (TPM): Limit 2000000, Used 2000000, Requested 607. Please try again in 18ms. Visit https://platform.openai.com/account/rate-limits to learn more.","type":"tokens","param":null,"code":"rate_limit_exceeded"}}
[node_4] Auditor error for climate_consensus: HTTP 429: {"error":{"message":"Rate limit reached for gpt-4o-mini in organization org-GAm6cx3nTdYsPn2VvLcotuLu on tokens per min (TPM): Limit 2000000, Used 2000000, Requested 589. Please try again in 17ms. Visit https://platform.openai.com/account/rate-limits to learn more.","type":"tokens","param":null,"code":"rate_limit_exceeded"}}
[node_4] Auditor error for climate_consensus: HTTP 429: {"error":{"message":"Rate limit reached for gpt-4o-mini in organization org-GAm6cx3nTdYsPn2VvLcotuLu on tokens per min (TPM): Limit 2000000, Used 2000000, Requested 561. Please try again in 16ms. Visit https://platform.openai.com/account/rate-limits to learn more.","type":"tokens","param":null,"code":"rate_limit_exceeded"}}
[node_4] Auditor error for climate_consensus: HTTP 429: {"error":{"message":"Rate limit reached for gpt-4o-mini in organization org-GAm6cx3nTdYsPn2VvLcotuLu on requests per min (RPM): Limit 5000, Used 5000, Requested 1. Please try again in 12ms. Visit https://platform.openai.com/account/rate-limits to learn more.","type":"requests","param":null,"code":"rate_limit_exceeded"}}
[node_4] Auditor error for climate_consensus: HTTP 429: {"error":{"message":"Rate limit reached for gpt-4o-mini in organization org-GAm6cx3nTdYsPn2VvLcotuLu on requests per min (RPM): Limit 5000, Used 5000, Requested 1. Please try again in 12ms. Visit https://platform.openai.com/account/rate-limits to learn more.","type":"requests","param":null,"code":"rate_limit_exceeded"}}
[node_4] Auditor error for climate_consensus: HTTP 429: {"error":{"message":"Rate limit reached for gpt-4o-mini in organization org-GAm6cx3nTdYsPn2VvLcotuLu on tokens per min (TPM): Limit 2000000, Used 2000000, Requested 543. Please try again in 16ms. Visit https://platform.openai.com/account/rate-limits to learn more.","type":"tokens","param":null,"code":"rate_limit_exceeded"}}
[node_4] Auditor error for climate_consensus: HTTP 429: {"error":{"message":"Rate limit reached for gpt-4o-mini in organization org-GAm6cx3nTdYsPn2VvLcotuLu on tokens per min (TPM): Limit 2000000, Used 2000000, Requested 611. Please try again in 18ms. Visit https://platform.openai.com/account/rate-limits to learn more.","type":"tokens","param":null,"code":"rate_limit_exceeded"}}
[node_4] Auditor error for climate_consensus: HTTP 429: {"error":{"message":"Rate limit reached for gpt-4o-mini in organization org-GAm6cx3nTdYsPn2VvLcotuLu on tokens per min (TPM): Limit 2000000, Used 2000000, Requested 562. Please try again in 16ms. Visit https://platform.openai.com/account/rate-limits to learn more.","type":"tokens","param":null,"code":"rate_limit_exceeded"}}
[node_4] Auditor error for climate_consensus: HTTP 429: {"error":{"message":"Rate limit reached for gpt-4o-mini in organization org-GAm6cx3nTdYsPn2VvLcotuLu on tokens per min (TPM): Limit 2000000, Used 2000000, Requested 590. Please try again in 17ms. Visit https://platform.openai.com/account/rate-limits to learn more.","type":"tokens","param":null,"code":"rate_limit_exceeded"}}
[node_4] Auditor error for climate_consensus: HTTP 429: {"error":{"message":"Rate limit reached for gpt-4o-mini in organization org-GAm6cx3nTdYsPn2VvLcotuLu on tokens per min (TPM): Limit 2000000, Used 2000000, Requested 575. Please try again in 17ms. Visit https://platform.openai.com/account/rate-limits to learn more.","type":"tokens","param":null,"code":"rate_limit_exceeded"}}
[node_4] Auditor error for climate_consensus: HTTP 429: {"error":{"message":"Rate limit reached for gpt-4o-mini in organization org-GAm6cx3nTdYsPn2VvLcotuLu on requests per min (RPM): Limit 5000, Used 5000, Requested 1. Please try again in 12ms. Visit https://platform.openai.com/account/rate-limits to learn more.","type":"requests","param":null,"code":"rate_limit_exceeded"}}
[node_4] Auditor error for climate_consensus: HTTP 429: {"error":{"message":"Rate limit reached for gpt-4o-mini in organization org-GAm6cx3nTdYsPn2VvLcotuLu on tokens per min (TPM): Limit 2000000, Used 2000000, Requested 539. Please try again in 16ms. Visit https://platform.openai.com/account/rate-limits to learn more.","type":"tokens","param":null,"code":"rate_limit_exceeded"}}
[node_4] Auditor error for climate_consensus: HTTP 429: {"error":{"message":"Rate limit reached for gpt-4o-mini in organization org-GAm6cx3nTdYsPn2VvLcotuLu on requests per min (RPM): Limit 5000, Used 5000, Requested 1. Please try again in 12ms. Visit https://platform.openai.com/account/rate-limits to learn more.","type":"requests","param":null,"code":"rate_limit_exceeded"}}
[node_4] Auditor error for climate_consensus: HTTP 429: {"error":{"message":"Rate limit reached for gpt-4o-mini in organization org-GAm6cx3nTdYsPn2VvLcotuLu on requests per min (RPM): Limit 5000, Used 5000, Requested 1. Please try again in 12ms. Visit https://platform.openai.com/account/rate-limits to learn more.","type":"requests","param":null,"code":"rate_limit_exceeded"}}
[node_4] Auditor error for climate_consensus: HTTP 429: {"error":{"message":"Rate limit reached for gpt-4o-mini in organization org-GAm6cx3nTdYsPn2VvLcotuLu on tokens per min (TPM): Limit 2000000, Used 2000000, Requested 549. Please try again in 16ms. Visit https://platform.openai.com/account/rate-limits to learn more.","type":"tokens","param":null,"code":"rate_limit_exceeded"}}
[node_4] Auditor error for climate_consensus: HTTP 429: {"error":{"message":"Rate limit reached for gpt-4o-mini in organization org-GAm6cx3nTdYsPn2VvLcotuLu on tokens per min (TPM): Limit 2000000, Used 2000000, Requested 542. Please try again in 16ms. Visit https://platform.openai.com/account/rate-limits to learn more.","type":"tokens","param":null,"code":"rate_limit_exceeded"}}
[node_4] Auditor error for climate_consensus: HTTP 429: {"error":{"message":"Rate limit reached for gpt-4o-mini in organization org-GAm6cx3nTdYsPn2VvLcotuLu on requests per min (RPM): Limit 5000, Used 5000, Requested 1. Please try again in 12ms. Visit https://platform.openai.com/account/rate-limits to learn more.","type":"requests","param":null,"code":"rate_limit_exceeded"}}
[node_4] Auditor error for climate_consensus: HTTP 429: {"error":{"message":"Rate limit reached for gpt-4o-mini in organization org-GAm6cx3nTdYsPn2VvLcotuLu on tokens per min (TPM): Limit 2000000, Used 2000000, Requested 581. Please try again in 17ms. Visit https://platform.openai.com/account/rate-limits to learn more.","type":"tokens","param":null,"code":"rate_limit_exceeded"}}
[node_4] Auditor error for climate_consensus: HTTP 429: {"error":{"message":"Rate limit reached for gpt-4o-mini in organization org-GAm6cx3nTdYsPn2VvLcotuLu on tokens per min (TPM): Limit 2000000, Used 2000000, Requested 527. Please try again in 15ms. Visit https://platform.openai.com/account/rate-limits to learn more.","type":"tokens","param":null,"code":"rate_limit_exceeded"}}
[node_4] Auditor error for climate_consensus: HTTP 429: {"error":{"message":"Rate limit reached for gpt-4o-mini in organization org-GAm6cx3nTdYsPn2VvLcotuLu on tokens per min (TPM): Limit 2000000, Used 1999702, Requested 584. Please try again in 8ms. Visit https://platform.openai.com/account/rate-limits to learn more.","type":"tokens","param":null,"code":"rate_limit_exceeded"}}
[node_4] Auditor error for climate_consensus: HTTP 429: {"error":{"message":"Rate limit reached for gpt-4o-mini in organization org-GAm6cx3nTdYsPn2VvLcotuLu on requests per min (RPM): Limit 5000, Used 5000, Requested 1. Please try again in 12ms. Visit https://platform.openai.com/account/rate-limits to learn more.","type":"requests","param":null,"code":"rate_limit_exceeded"}}
[Simulation]   Scoring node_5
[node_5] Auditor error for climate_consensus: HTTP 429: {"error":{"message":"Rate limit reached for gpt-4o-mini in organization org-GAm6cx3nTdYsPn2VvLcotuLu on tokens per min (TPM): Limit 2000000, Used 2000000, Requested 563. Please try again in 16ms. Visit https://platform.openai.com/account/rate-limits to learn more.","type":"tokens","param":null,"code":"rate_limit_exceeded"}}
[node_5] Auditor error for climate_consensus: HTTP 429: {"error":{"message":"Rate limit reached for gpt-4o-mini in organization org-GAm6cx3nTdYsPn2VvLcotuLu on tokens per min (TPM): Limit 2000000, Used 2000000, Requested 536. Please try again in 16ms. Visit https://platform.openai.com/account/rate-limits to learn more.","type":"tokens","param":null,"code":"rate_limit_exceeded"}}
[node_5] Auditor error for climate_consensus: HTTP 429: {"error":{"message":"Rate limit reached for gpt-4o-mini in organization org-GAm6cx3nTdYsPn2VvLcotuLu on tokens per min (TPM): Limit 2000000, Used 2000000, Requested 579. Please try again in 17ms. Visit https://platform.openai.com/account/rate-limits to learn more.","type":"tokens","param":null,"code":"rate_limit_exceeded"}}
[node_5] Auditor error for climate_consensus: HTTP 429: {"error":{"message":"Rate limit reached for gpt-4o-mini in organization org-GAm6cx3nTdYsPn2VvLcotuLu on tokens per min (TPM): Limit 2000000, Used 2000000, Requested 562. Please try again in 16ms. Visit https://platform.openai.com/account/rate-limits to learn more.","type":"tokens","param":null,"code":"rate_limit_exceeded"}}
[node_5] Auditor error for climate_consensus: HTTP 429: {"error":{"message":"Rate limit reached for gpt-4o-mini in organization org-GAm6cx3nTdYsPn2VvLcotuLu on tokens per min (TPM): Limit 2000000, Used 2000000, Requested 622. Please try again in 18ms. Visit https://platform.openai.com/account/rate-limits to learn more.","type":"tokens","param":null,"code":"rate_limit_exceeded"}}
[Simulation]   Scoring node_6
[node_6] Auditor error for climate_consensus: HTTP 429: {"error":{"message":"Rate limit reached for gpt-4o-mini in organization org-GAm6cx3nTdYsPn2VvLcotuLu on tokens per min (TPM): Limit 2000000, Used 2000000, Requested 566. Please try again in 16ms. Visit https://platform.openai.com/account/rate-limits to learn more.","type":"tokens","param":null,"code":"rate_limit_exceeded"}}
[node_6] Auditor error for climate_consensus: HTTP 429: {"error":{"message":"Rate limit reached for gpt-4o-mini in organization org-GAm6cx3nTdYsPn2VvLcotuLu on tokens per min (TPM): Limit 2000000, Used 2000000, Requested 561. Please try again in 16ms. Visit https://platform.openai.com/account/rate-limits to learn more.","type":"tokens","param":null,"code":"rate_limit_exceeded"}}
[node_6] Auditor error for climate_consensus: HTTP 429: {"error":{"message":"Rate limit reached for gpt-4o-mini in organization org-GAm6cx3nTdYsPn2VvLcotuLu on requests per min (RPM): Limit 5000, Used 5000, Requested 1. Please try again in 12ms. Visit https://platform.openai.com/account/rate-limits to learn more.","type":"requests","param":null,"code":"rate_limit_exceeded"}}
[node_6] Auditor error for climate_consensus: HTTP 429: {"error":{"message":"Rate limit reached for gpt-4o-mini in organization org-GAm6cx3nTdYsPn2VvLcotuLu on tokens per min (TPM): Limit 2000000, Used 2000000, Requested 555. Please try again in 16ms. Visit https://platform.openai.com/account/rate-limits to learn more.","type":"tokens","param":null,"code":"rate_limit_exceeded"}}
[node_6] Auditor error for climate_consensus: HTTP 429: {"error":{"message":"Rate limit reached for gpt-4o-mini in organization org-GAm6cx3nTdYsPn2VvLcotuLu on requests per min (RPM): Limit 5000, Used 5000, Requested 1. Please try again in 12ms. Visit https://platform.openai.com/account/rate-limits to learn more.","type":"requests","param":null,"code":"rate_limit_exceeded"}}
[node_6] Auditor error for climate_consensus: HTTP 429: {"error":{"message":"Rate limit reached for gpt-4o-mini in organization org-GAm6cx3nTdYsPn2VvLcotuLu on tokens per min (TPM): Limit 2000000, Used 2000000, Requested 584. Please try again in 17ms. Visit https://platform.openai.com/account/rate-limits to learn more.","type":"tokens","param":null,"code":"rate_limit_exceeded"}}
[node_6] Auditor error for climate_consensus: HTTP 429: {"error":{"message":"Rate limit reached for gpt-4o-mini in organization org-GAm6cx3nTdYsPn2VvLcotuLu on tokens per min (TPM): Limit 2000000, Used 2000000, Requested 553. Please try again in 16ms. Visit https://platform.openai.com/account/rate-limits to learn more.","type":"tokens","param":null,"code":"rate_limit_exceeded"}}
[node_6] Auditor error for climate_consensus: HTTP 429: {"error":{"message":"Rate limit reached for gpt-4o-mini in organization org-GAm6cx3nTdYsPn2VvLcotuLu on requests per min (RPM): Limit 5000, Used 5000, Requested 1. Please try again in 12ms. Visit https://platform.openai.com/account/rate-limits to learn more.","type":"requests","param":null,"code":"rate_limit_exceeded"}}
[node_6] Auditor error for climate_consensus: HTTP 429: {"error":{"message":"Rate limit reached for gpt-4o-mini in organization org-GAm6cx3nTdYsPn2VvLcotuLu on requests per min (RPM): Limit 5000, Used 5000, Requested 1. Please try again in 12ms. Visit https://platform.openai.com/account/rate-limits to learn more.","type":"requests","param":null,"code":"rate_limit_exceeded"}}
[node_6] Auditor error for climate_consensus: HTTP 429: {"error":{"message":"Rate limit reached for gpt-4o-mini in organization org-GAm6cx3nTdYsPn2VvLcotuLu on requests per min (RPM): Limit 5000, Used 5000, Requested 1. Please try again in 12ms. Visit https://platform.openai.com/account/rate-limits to learn more.","type":"requests","param":null,"code":"rate_limit_exceeded"}}
[node_6] Auditor error for climate_consensus: HTTP 429: {"error":{"message":"Rate limit reached for gpt-4o-mini in organization org-GAm6cx3nTdYsPn2VvLcotuLu on requests per min (RPM): Limit 5000, Used 5000, Requested 1. Please try again in 12ms. Visit https://platform.openai.com/account/rate-limits to learn more.","type":"requests","param":null,"code":"rate_limit_exceeded"}}
[node_6] Auditor error for climate_consensus: HTTP 429: {"error":{"message":"Rate limit reached for gpt-4o-mini in organization org-GAm6cx3nTdYsPn2VvLcotuLu on requests per min (RPM): Limit 5000, Used 5000, Requested 1. Please try again in 12ms. Visit https://platform.openai.com/account/rate-limits to learn more.","type":"requests","param":null,"code":"rate_limit_exceeded"}}
[node_6] Auditor error for climate_consensus: HTTP 429: {"error":{"message":"Rate limit reached for gpt-4o-mini in organization org-GAm6cx3nTdYsPn2VvLcotuLu on tokens per min (TPM): Limit 2000000, Used 2000000, Requested 526. Please try again in 15ms. Visit https://platform.openai.com/account/rate-limits to learn more.","type":"tokens","param":null,"code":"rate_limit_exceeded"}}
[node_6] Auditor error for climate_consensus: HTTP 429: {"error":{"message":"Rate limit reached for gpt-4o-mini in organization org-GAm6cx3nTdYsPn2VvLcotuLu on requests per min (RPM): Limit 5000, Used 5000, Requested 1. Please try again in 12ms. Visit https://platform.openai.com/account/rate-limits to learn more.","type":"requests","param":null,"code":"rate_limit_exceeded"}}
[node_6] Auditor error for climate_consensus: HTTP 429: {"error":{"message":"Rate limit reached for gpt-4o-mini in organization org-GAm6cx3nTdYsPn2VvLcotuLu on tokens per min (TPM): Limit 2000000, Used 2000000, Requested 581. Please try again in 17ms. Visit https://platform.openai.com/account/rate-limits to learn more.","type":"tokens","param":null,"code":"rate_limit_exceeded"}}
[node_6] Auditor error for climate_consensus: HTTP 429: {"error":{"message":"Rate limit reached for gpt-4o-mini in organization org-GAm6cx3nTdYsPn2VvLcotuLu on tokens per min (TPM): Limit 2000000, Used 2000000, Requested 562. Please try again in 16ms. Visit https://platform.openai.com/account/rate-limits to learn more.","type":"tokens","param":null,"code":"rate_limit_exceeded"}}
[node_6] Auditor error for climate_consensus: HTTP 429: {"error":{"message":"Rate limit reached for gpt-4o-mini in organization org-GAm6cx3nTdYsPn2VvLcotuLu on tokens per min (TPM): Limit 2000000, Used 2000000, Requested 589. Please try again in 17ms. Visit https://platform.openai.com/account/rate-limits to learn more.","type":"tokens","param":null,"code":"rate_limit_exceeded"}}
[Simulation]   Scoring node_7
[node_7] Auditor error for climate_consensus: HTTP 429: {"error":{"message":"Rate limit reached for gpt-4o-mini in organization org-GAm6cx3nTdYsPn2VvLcotuLu on tokens per min (TPM): Limit 2000000, Used 2000000, Requested 558. Please try again in 16ms. Visit https://platform.openai.com/account/rate-limits to learn more.","type":"tokens","param":null,"code":"rate_limit_exceeded"}}
[node_7] Auditor error for climate_consensus: HTTP 429: {"error":{"message":"Rate limit reached for gpt-4o-mini in organization org-GAm6cx3nTdYsPn2VvLcotuLu on requests per min (RPM): Limit 5000, Used 5000, Requested 1. Please try again in 12ms. Visit https://platform.openai.com/account/rate-limits to learn more.","type":"requests","param":null,"code":"rate_limit_exceeded"}}
[node_7] Auditor error for climate_consensus: HTTP 429: {"error":{"message":"Rate limit reached for gpt-4o-mini in organization org-GAm6cx3nTdYsPn2VvLcotuLu on requests per min (RPM): Limit 5000, Used 5000, Requested 1. Please try again in 12ms. Visit https://platform.openai.com/account/rate-limits to learn more.","type":"requests","param":null,"code":"rate_limit_exceeded"}}
[node_7] Auditor error for climate_consensus: HTTP 429: {"error":{"message":"Rate limit reached for gpt-4o-mini in organization org-GAm6cx3nTdYsPn2VvLcotuLu on tokens per min (TPM): Limit 2000000, Used 2000000, Requested 568. Please try again in 17ms. Visit https://platform.openai.com/account/rate-limits to learn more.","type":"tokens","param":null,"code":"rate_limit_exceeded"}}
[node_7] Auditor error for climate_consensus: HTTP 429: {"error":{"message":"Rate limit reached for gpt-4o-mini in organization org-GAm6cx3nTdYsPn2VvLcotuLu on tokens per min (TPM): Limit 2000000, Used 2000000, Requested 539. Please try again in 16ms. Visit https://platform.openai.com/account/rate-limits to learn more.","type":"tokens","param":null,"code":"rate_limit_exceeded"}}
[node_7] Auditor error for climate_consensus: HTTP 429: {"error":{"message":"Rate limit reached for gpt-4o-mini in organization org-GAm6cx3nTdYsPn2VvLcotuLu on tokens per min (TPM): Limit 2000000, Used 2000000, Requested 570. Please try again in 17ms. Visit https://platform.openai.com/account/rate-limits to learn more.","type":"tokens","param":null,"code":"rate_limit_exceeded"}}
[node_7] Auditor error for climate_consensus: HTTP 429: {"error":{"message":"Rate limit reached for gpt-4o-mini in organization org-GAm6cx3nTdYsPn2VvLcotuLu on tokens per min (TPM): Limit 2000000, Used 2000000, Requested 611. Please try again in 18ms. Visit https://platform.openai.com/account/rate-limits to learn more.","type":"tokens","param":null,"code":"rate_limit_exceeded"}}
[node_7] Auditor error for climate_consensus: HTTP 429: {"error":{"message":"Rate limit reached for gpt-4o-mini in organization org-GAm6cx3nTdYsPn2VvLcotuLu on tokens per min (TPM): Limit 2000000, Used 2000000, Requested 614. Please try again in 18ms. Visit https://platform.openai.com/account/rate-limits to learn more.","type":"tokens","param":null,"code":"rate_limit_exceeded"}}

[Simulation] === Auditing: polar_bears ===
[Simulation]   Scoring node_0
[node_0] Auditor error for polar_bears: HTTP 429: {"error":{"message":"Rate limit reached for gpt-4o-mini in organization org-GAm6cx3nTdYsPn2VvLcotuLu on tokens per min (TPM): Limit 2000000, Used 2000000, Requested 516. Please try again in 15ms. Visit https://platform.openai.com/account/rate-limits to learn more.","type":"tokens","param":null,"code":"rate_limit_exceeded"}}
[node_0] Auditor error for polar_bears: HTTP 429: {"error":{"message":"Rate limit reached for gpt-4o-mini in organization org-GAm6cx3nTdYsPn2VvLcotuLu on tokens per min (TPM): Limit 2000000, Used 2000000, Requested 522. Please try again in 15ms. Visit https://platform.openai.com/account/rate-limits to learn more.","type":"tokens","param":null,"code":"rate_limit_exceeded"}}
[node_0] Auditor error for polar_bears: HTTP 429: {"error":{"message":"Rate limit reached for gpt-4o-mini in organization org-GAm6cx3nTdYsPn2VvLcotuLu on tokens per min (TPM): Limit 2000000, Used 2000000, Requested 512. Please try again in 15ms. Visit https://platform.openai.com/account/rate-limits to learn more.","type":"tokens","param":null,"code":"rate_limit_exceeded"}}
[node_0] Auditor error for polar_bears: HTTP 429: {"error":{"message":"Rate limit reached for gpt-4o-mini in organization org-GAm6cx3nTdYsPn2VvLcotuLu on tokens per min (TPM): Limit 2000000, Used 2000000, Requested 516. Please try again in 15ms. Visit https://platform.openai.com/account/rate-limits to learn more.","type":"tokens","param":null,"code":"rate_limit_exceeded"}}
[node_0] Auditor error for polar_bears: HTTP 429: {"error":{"message":"Rate limit reached for gpt-4o-mini in organization org-GAm6cx3nTdYsPn2VvLcotuLu on requests per min (RPM): Limit 5000, Used 5000, Requested 1. Please try again in 12ms. Visit https://platform.openai.com/account/rate-limits to learn more.","type":"requests","param":null,"code":"rate_limit_exceeded"}}
[node_0] Auditor error for polar_bears: HTTP 429: {"error":{"message":"Rate limit reached for gpt-4o-mini in organization org-GAm6cx3nTdYsPn2VvLcotuLu on requests per min (RPM): Limit 5000, Used 5000, Requested 1. Please try again in 12ms. Visit https://platform.openai.com/account/rate-limits to learn more.","type":"requests","param":null,"code":"rate_limit_exceeded"}}
[node_0] Auditor error for polar_bears: HTTP 429: {"error":{"message":"Rate limit reached for gpt-4o-mini in organization org-GAm6cx3nTdYsPn2VvLcotuLu on requests per min (RPM): Limit 5000, Used 5000, Requested 1. Please try again in 12ms. Visit https://platform.openai.com/account/rate-limits to learn more.","type":"requests","param":null,"code":"rate_limit_exceeded"}}
[node_0] Auditor error for polar_bears: HTTP 429: {"error":{"message":"Rate limit reached for gpt-4o-mini in organization org-GAm6cx3nTdYsPn2VvLcotuLu on requests per min (RPM): Limit 5000, Used 5000, Requested 1. Please try again in 12ms. Visit https://platform.openai.com/account/rate-limits to learn more.","type":"requests","param":null,"code":"rate_limit_exceeded"}}
[node_0] Auditor error for polar_bears: HTTP 429: {"error":{"message":"Rate limit reached for gpt-4o-mini in organization org-GAm6cx3nTdYsPn2VvLcotuLu on requests per min (RPM): Limit 5000, Used 5000, Requested 1. Please try again in 12ms. Visit https://platform.openai.com/account/rate-limits to learn more.","type":"requests","param":null,"code":"rate_limit_exceeded"}}
[node_0] Auditor error for polar_bears: HTTP 429: {"error":{"message":"Rate limit reached for gpt-4o-mini in organization org-GAm6cx3nTdYsPn2VvLcotuLu on tokens per min (TPM): Limit 2000000, Used 2000000, Requested 546. Please try again in 16ms. Visit https://platform.openai.com/account/rate-limits to learn more.","type":"tokens","param":null,"code":"rate_limit_exceeded"}}
[node_0] Auditor error for polar_bears: HTTP 429: {"error":{"message":"Rate limit reached for gpt-4o-mini in organization org-GAm6cx3nTdYsPn2VvLcotuLu on requests per min (RPM): Limit 5000, Used 5000, Requested 1. Please try again in 12ms. Visit https://platform.openai.com/account/rate-limits to learn more.","type":"requests","param":null,"code":"rate_limit_exceeded"}}
[node_0] Auditor error for polar_bears: HTTP 429: {"error":{"message":"Rate limit reached for gpt-4o-mini in organization org-GAm6cx3nTdYsPn2VvLcotuLu on tokens per min (TPM): Limit 2000000, Used 2000000, Requested 502. Please try again in 15ms. Visit https://platform.openai.com/account/rate-limits to learn more.","type":"tokens","param":null,"code":"rate_limit_exceeded"}}
[node_0] Auditor error for polar_bears: HTTP 429: {"error":{"message":"Rate limit reached for gpt-4o-mini in organization org-GAm6cx3nTdYsPn2VvLcotuLu on tokens per min (TPM): Limit 2000000, Used 2000000, Requested 522. Please try again in 15ms. Visit https://platform.openai.com/account/rate-limits to learn more.","type":"tokens","param":null,"code":"rate_limit_exceeded"}}
[node_0] Auditor error for polar_bears: HTTP 429: {"error":{"message":"Rate limit reached for gpt-4o-mini in organization org-GAm6cx3nTdYsPn2VvLcotuLu on requests per min (RPM): Limit 5000, Used 5000, Requested 1. Please try again in 12ms. Visit https://platform.openai.com/account/rate-limits to learn more.","type":"requests","param":null,"code":"rate_limit_exceeded"}}
[node_0] Auditor error for polar_bears: HTTP 429: {"error":{"message":"Rate limit reached for gpt-4o-mini in organization org-GAm6cx3nTdYsPn2VvLcotuLu on tokens per min (TPM): Limit 2000000, Used 2000000, Requested 499. Please try again in 14ms. Visit https://platform.openai.com/account/rate-limits to learn more.","type":"tokens","param":null,"code":"rate_limit_exceeded"}}
[node_0] Auditor error for polar_bears: HTTP 429: {"error":{"message":"Rate limit reached for gpt-4o-mini in organization org-GAm6cx3nTdYsPn2VvLcotuLu on tokens per min (TPM): Limit 2000000, Used 2000000, Requested 553. Please try again in 16ms. Visit https://platform.openai.com/account/rate-limits to learn more.","type":"tokens","param":null,"code":"rate_limit_exceeded"}}
[node_0] Auditor error for polar_bears: HTTP 429: {"error":{"message":"Rate limit reached for gpt-4o-mini in organization org-GAm6cx3nTdYsPn2VvLcotuLu on requests per min (RPM): Limit 5000, Used 5000, Requested 1. Please try again in 12ms. Visit https://platform.openai.com/account/rate-limits to learn more.","type":"requests","param":null,"code":"rate_limit_exceeded"}}
[node_0] Auditor error for polar_bears: HTTP 429: {"error":{"message":"Rate limit reached for gpt-4o-mini in organization org-GAm6cx3nTdYsPn2VvLcotuLu on tokens per min (TPM): Limit 2000000, Used 2000000, Requested 520. Please try again in 15ms. Visit https://platform.openai.com/account/rate-limits to learn more.","type":"tokens","param":null,"code":"rate_limit_exceeded"}}
[node_0] Auditor error for polar_bears: HTTP 429: {"error":{"message":"Rate limit reached for gpt-4o-mini in organization org-GAm6cx3nTdYsPn2VvLcotuLu on tokens per min (TPM): Limit 2000000, Used 2000000, Requested 522. Please try again in 15ms. Visit https://platform.openai.com/account/rate-limits to learn more.","type":"tokens","param":null,"code":"rate_limit_exceeded"}}
[node_0] Auditor error for polar_bears: HTTP 429: {"error":{"message":"Rate limit reached for gpt-4o-mini in organization org-GAm6cx3nTdYsPn2VvLcotuLu on tokens per min (TPM): Limit 2000000, Used 2000000, Requested 523. Please try again in 15ms. Visit https://platform.openai.com/account/rate-limits to learn more.","type":"tokens","param":null,"code":"rate_limit_exceeded"}}
[node_0] Auditor error for polar_bears: HTTP 429: {"error":{"message":"Rate limit reached for gpt-4o-mini in organization org-GAm6cx3nTdYsPn2VvLcotuLu on tokens per min (TPM): Limit 2000000, Used 2000000, Requested 511. Please try again in 15ms. Visit https://platform.openai.com/account/rate-limits to learn more.","type":"tokens","param":null,"code":"rate_limit_exceeded"}}
[node_0] Auditor error for polar_bears: HTTP 429: {"error":{"message":"Rate limit reached for gpt-4o-mini in organization org-GAm6cx3nTdYsPn2VvLcotuLu on tokens per min (TPM): Limit 2000000, Used 2000000, Requested 499. Please try again in 14ms. Visit https://platform.openai.com/account/rate-limits to learn more.","type":"tokens","param":null,"code":"rate_limit_exceeded"}}
[Simulation]   Scoring node_1
[node_1] Auditor error for polar_bears: HTTP 429: {"error":{"message":"Rate limit reached for gpt-4o-mini in organization org-GAm6cx3nTdYsPn2VvLcotuLu on tokens per min (TPM): Limit 2000000, Used 2000000, Requested 515. Please try again in 15ms. Visit https://platform.openai.com/account/rate-limits to learn more.","type":"tokens","param":null,"code":"rate_limit_exceeded"}}
[node_1] Auditor error for polar_bears: HTTP 429: {"error":{"message":"Rate limit reached for gpt-4o-mini in organization org-GAm6cx3nTdYsPn2VvLcotuLu on tokens per min (TPM): Limit 2000000, Used 2000000, Requested 516. Please try again in 15ms. Visit https://platform.openai.com/account/rate-limits to learn more.","type":"tokens","param":null,"code":"rate_limit_exceeded"}}
[node_1] Auditor error for polar_bears: HTTP 429: {"error":{"message":"Rate limit reached for gpt-4o-mini in organization org-GAm6cx3nTdYsPn2VvLcotuLu on tokens per min (TPM): Limit 2000000, Used 2000000, Requested 502. Please try again in 15ms. Visit https://platform.openai.com/account/rate-limits to learn more.","type":"tokens","param":null,"code":"rate_limit_exceeded"}}
[node_1] Auditor error for polar_bears: HTTP 429: {"error":{"message":"Rate limit reached for gpt-4o-mini in organization org-GAm6cx3nTdYsPn2VvLcotuLu on tokens per min (TPM): Limit 2000000, Used 2000000, Requested 508. Please try again in 15ms. Visit https://platform.openai.com/account/rate-limits to learn more.","type":"tokens","param":null,"code":"rate_limit_exceeded"}}
[node_1] Auditor error for polar_bears: HTTP 429: {"error":{"message":"Rate limit reached for gpt-4o-mini in organization org-GAm6cx3nTdYsPn2VvLcotuLu on tokens per min (TPM): Limit 2000000, Used 2000000, Requested 499. Please try again in 14ms. Visit https://platform.openai.com/account/rate-limits to learn more.","type":"tokens","param":null,"code":"rate_limit_exceeded"}}
[node_1] Auditor error for polar_bears: HTTP 429: {"error":{"message":"Rate limit reached for gpt-4o-mini in organization org-GAm6cx3nTdYsPn2VvLcotuLu on tokens per min (TPM): Limit 2000000, Used 2000000, Requested 559. Please try again in 16ms. Visit https://platform.openai.com/account/rate-limits to learn more.","type":"tokens","param":null,"code":"rate_limit_exceeded"}}
[node_1] Auditor error for polar_bears: HTTP 429: {"error":{"message":"Rate limit reached for gpt-4o-mini in organization org-GAm6cx3nTdYsPn2VvLcotuLu on requests per min (RPM): Limit 5000, Used 5000, Requested 1. Please try again in 12ms. Visit https://platform.openai.com/account/rate-limits to learn more.","type":"requests","param":null,"code":"rate_limit_exceeded"}}
[node_1] Auditor error for polar_bears: HTTP 429: {"error":{"message":"Rate limit reached for gpt-4o-mini in organization org-GAm6cx3nTdYsPn2VvLcotuLu on tokens per min (TPM): Limit 2000000, Used 2000000, Requested 577. Please try again in 17ms. Visit https://platform.openai.com/account/rate-limits to learn more.","type":"tokens","param":null,"code":"rate_limit_exceeded"}}
[node_1] Auditor error for polar_bears: HTTP 429: {"error":{"message":"Rate limit reached for gpt-4o-mini in organization org-GAm6cx3nTdYsPn2VvLcotuLu on requests per min (RPM): Limit 5000, Used 5000, Requested 1. Please try again in 12ms. Visit https://platform.openai.com/account/rate-limits to learn more.","type":"requests","param":null,"code":"rate_limit_exceeded"}}
[node_1] Auditor error for polar_bears: HTTP 429: {"error":{"message":"Rate limit reached for gpt-4o-mini in organization org-GAm6cx3nTdYsPn2VvLcotuLu on requests per min (RPM): Limit 5000, Used 5000, Requested 1. Please try again in 12ms. Visit https://platform.openai.com/account/rate-limits to learn more.","type":"requests","param":null,"code":"rate_limit_exceeded"}}
[node_1] Auditor error for polar_bears: HTTP 429: {"error":{"message":"Rate limit reached for gpt-4o-mini in organization org-GAm6cx3nTdYsPn2VvLcotuLu on requests per min (RPM): Limit 5000, Used 5000, Requested 1. Please try again in 12ms. Visit https://platform.openai.com/account/rate-limits to learn more.","type":"requests","param":null,"code":"rate_limit_exceeded"}}
[node_1] Auditor error for polar_bears: HTTP 429: {"error":{"message":"Rate limit reached for gpt-4o-mini in organization org-GAm6cx3nTdYsPn2VvLcotuLu on tokens per min (TPM): Limit 2000000, Used 2000000, Requested 518. Please try again in 15ms. Visit https://platform.openai.com/account/rate-limits to learn more.","type":"tokens","param":null,"code":"rate_limit_exceeded"}}
[node_1] Auditor error for polar_bears: HTTP 429: {"error":{"message":"Rate limit reached for gpt-4o-mini in organization org-GAm6cx3nTdYsPn2VvLcotuLu on requests per min (RPM): Limit 5000, Used 5000, Requested 1. Please try again in 12ms. Visit https://platform.openai.com/account/rate-limits to learn more.","type":"requests","param":null,"code":"rate_limit_exceeded"}}
[node_1] Auditor error for polar_bears: HTTP 429: {"error":{"message":"Rate limit reached for gpt-4o-mini in organization org-GAm6cx3nTdYsPn2VvLcotuLu on requests per min (RPM): Limit 5000, Used 5000, Requested 1. Please try again in 12ms. Visit https://platform.openai.com/account/rate-limits to learn more.","type":"requests","param":null,"code":"rate_limit_exceeded"}}
[Simulation]   Scoring node_2
[node_2] Auditor error for polar_bears: HTTP 429: {"error":{"message":"Rate limit reached for gpt-4o-mini in organization org-GAm6cx3nTdYsPn2VvLcotuLu on requests per min (RPM): Limit 5000, Used 5000, Requested 1. Please try again in 12ms. Visit https://platform.openai.com/account/rate-limits to learn more.","type":"requests","param":null,"code":"rate_limit_exceeded"}}
[node_2] Auditor error for polar_bears: HTTP 429: {"error":{"message":"Rate limit reached for gpt-4o-mini in organization org-GAm6cx3nTdYsPn2VvLcotuLu on requests per min (RPM): Limit 5000, Used 5000, Requested 1. Please try again in 12ms. Visit https://platform.openai.com/account/rate-limits to learn more.","type":"requests","param":null,"code":"rate_limit_exceeded"}}
[node_2] Auditor error for polar_bears: HTTP 429: {"error":{"message":"Rate limit reached for gpt-4o-mini in organization org-GAm6cx3nTdYsPn2VvLcotuLu on tokens per min (TPM): Limit 2000000, Used 2000000, Requested 563. Please try again in 16ms. Visit https://platform.openai.com/account/rate-limits to learn more.","type":"tokens","param":null,"code":"rate_limit_exceeded"}}
[node_2] Auditor error for polar_bears: HTTP 429: {"error":{"message":"Rate limit reached for gpt-4o-mini in organization org-GAm6cx3nTdYsPn2VvLcotuLu on tokens per min (TPM): Limit 2000000, Used 2000000, Requested 520. Please try again in 15ms. Visit https://platform.openai.com/account/rate-limits to learn more.","type":"tokens","param":null,"code":"rate_limit_exceeded"}}
[node_2] Auditor error for polar_bears: HTTP 429: {"error":{"message":"Rate limit reached for gpt-4o-mini in organization org-GAm6cx3nTdYsPn2VvLcotuLu on tokens per min (TPM): Limit 2000000, Used 2000000, Requested 557. Please try again in 16ms. Visit https://platform.openai.com/account/rate-limits to learn more.","type":"tokens","param":null,"code":"rate_limit_exceeded"}}
[node_2] Auditor error for polar_bears: HTTP 429: {"error":{"message":"Rate limit reached for gpt-4o-mini in organization org-GAm6cx3nTdYsPn2VvLcotuLu on requests per min (RPM): Limit 5000, Used 5000, Requested 1. Please try again in 12ms. Visit https://platform.openai.com/account/rate-limits to learn more.","type":"requests","param":null,"code":"rate_limit_exceeded"}}
[node_2] Auditor error for polar_bears: HTTP 429: {"error":{"message":"Rate limit reached for gpt-4o-mini in organization org-GAm6cx3nTdYsPn2VvLcotuLu on tokens per min (TPM): Limit 2000000, Used 2000000, Requested 522. Please try again in 15ms. Visit https://platform.openai.com/account/rate-limits to learn more.","type":"tokens","param":null,"code":"rate_limit_exceeded"}}
[node_2] Auditor error for polar_bears: HTTP 429: {"error":{"message":"Rate limit reached for gpt-4o-mini in organization org-GAm6cx3nTdYsPn2VvLcotuLu on tokens per min (TPM): Limit 2000000, Used 2000000, Requested 536. Please try again in 16ms. Visit https://platform.openai.com/account/rate-limits to learn more.","type":"tokens","param":null,"code":"rate_limit_exceeded"}}
[node_2] Auditor error for polar_bears: HTTP 429: {"error":{"message":"Rate limit reached for gpt-4o-mini in organization org-GAm6cx3nTdYsPn2VvLcotuLu on tokens per min (TPM): Limit 2000000, Used 2000000, Requested 523. Please try again in 15ms. Visit https://platform.openai.com/account/rate-limits to learn more.","type":"tokens","param":null,"code":"rate_limit_exceeded"}}
[node_2] Auditor error for polar_bears: HTTP 429: {"error":{"message":"Rate limit reached for gpt-4o-mini in organization org-GAm6cx3nTdYsPn2VvLcotuLu on tokens per min (TPM): Limit 2000000, Used 2000000, Requested 562. Please try again in 16ms. Visit https://platform.openai.com/account/rate-limits to learn more.","type":"tokens","param":null,"code":"rate_limit_exceeded"}}
[node_2] Auditor error for polar_bears: HTTP 429: {"error":{"message":"Rate limit reached for gpt-4o-mini in organization org-GAm6cx3nTdYsPn2VvLcotuLu on tokens per min (TPM): Limit 2000000, Used 2000000, Requested 563. Please try again in 16ms. Visit https://platform.openai.com/account/rate-limits to learn more.","type":"tokens","param":null,"code":"rate_limit_exceeded"}}
[node_2] Auditor error for polar_bears: HTTP 429: {"error":{"message":"Rate limit reached for gpt-4o-mini in organization org-GAm6cx3nTdYsPn2VvLcotuLu on tokens per min (TPM): Limit 2000000, Used 2000000, Requested 564. Please try again in 16ms. Visit https://platform.openai.com/account/rate-limits to learn more.","type":"tokens","param":null,"code":"rate_limit_exceeded"}}
[node_2] Auditor error for polar_bears: HTTP 429: {"error":{"message":"Rate limit reached for gpt-4o-mini in organization org-GAm6cx3nTdYsPn2VvLcotuLu on tokens per min (TPM): Limit 2000000, Used 2000000, Requested 553. Please try again in 16ms. Visit https://platform.openai.com/account/rate-limits to learn more.","type":"tokens","param":null,"code":"rate_limit_exceeded"}}
[node_2] Auditor error for polar_bears: HTTP 429: {"error":{"message":"Rate limit reached for gpt-4o-mini in organization org-GAm6cx3nTdYsPn2VvLcotuLu on tokens per min (TPM): Limit 2000000, Used 2000000, Requested 553. Please try again in 16ms. Visit https://platform.openai.com/account/rate-limits to learn more.","type":"tokens","param":null,"code":"rate_limit_exceeded"}}
[node_2] Auditor error for polar_bears: HTTP 429: {"error":{"message":"Rate limit reached for gpt-4o-mini in organization org-GAm6cx3nTdYsPn2VvLcotuLu on tokens per min (TPM): Limit 2000000, Used 2000000, Requested 543. Please try again in 16ms. Visit https://platform.openai.com/account/rate-limits to learn more.","type":"tokens","param":null,"code":"rate_limit_exceeded"}}
[node_2] Auditor error for polar_bears: HTTP 429: {"error":{"message":"Rate limit reached for gpt-4o-mini in organization org-GAm6cx3nTdYsPn2VvLcotuLu on tokens per min (TPM): Limit 2000000, Used 2000000, Requested 562. Please try again in 16ms. Visit https://platform.openai.com/account/rate-limits to learn more.","type":"tokens","param":null,"code":"rate_limit_exceeded"}}
[node_2] Auditor error for polar_bears: HTTP 429: {"error":{"message":"Rate limit reached for gpt-4o-mini in organization org-GAm6cx3nTdYsPn2VvLcotuLu on requests per min (RPM): Limit 5000, Used 5000, Requested 1. Please try again in 12ms. Visit https://platform.openai.com/account/rate-limits to learn more.","type":"requests","param":null,"code":"rate_limit_exceeded"}}
[Simulation]   Scoring node_3
[node_3] Auditor error for polar_bears: HTTP 429: {"error":{"message":"Rate limit reached for gpt-4o-mini in organization org-GAm6cx3nTdYsPn2VvLcotuLu on requests per min (RPM): Limit 5000, Used 5000, Requested 1. Please try again in 12ms. Visit https://platform.openai.com/account/rate-limits to learn more.","type":"requests","param":null,"code":"rate_limit_exceeded"}}
[node_3] Auditor error for polar_bears: HTTP 429: {"error":{"message":"Rate limit reached for gpt-4o-mini in organization org-GAm6cx3nTdYsPn2VvLcotuLu on tokens per min (TPM): Limit 2000000, Used 2000000, Requested 518. Please try again in 15ms. Visit https://platform.openai.com/account/rate-limits to learn more.","type":"tokens","param":null,"code":"rate_limit_exceeded"}}
[node_3] Auditor error for polar_bears: HTTP 429: {"error":{"message":"Rate limit reached for gpt-4o-mini in organization org-GAm6cx3nTdYsPn2VvLcotuLu on requests per min (RPM): Limit 5000, Used 5000, Requested 1. Please try again in 12ms. Visit https://platform.openai.com/account/rate-limits to learn more.","type":"requests","param":null,"code":"rate_limit_exceeded"}}
[node_3] Auditor error for polar_bears: HTTP 429: {"error":{"message":"Rate limit reached for gpt-4o-mini in organization org-GAm6cx3nTdYsPn2VvLcotuLu on tokens per min (TPM): Limit 2000000, Used 2000000, Requested 543. Please try again in 16ms. Visit https://platform.openai.com/account/rate-limits to learn more.","type":"tokens","param":null,"code":"rate_limit_exceeded"}}
[node_3] Auditor error for polar_bears: HTTP 429: {"error":{"message":"Rate limit reached for gpt-4o-mini in organization org-GAm6cx3nTdYsPn2VvLcotuLu on requests per min (RPM): Limit 5000, Used 5000, Requested 1. Please try again in 12ms. Visit https://platform.openai.com/account/rate-limits to learn more.","type":"requests","param":null,"code":"rate_limit_exceeded"}}
[node_3] Auditor error for polar_bears: HTTP 429: {"error":{"message":"Rate limit reached for gpt-4o-mini in organization org-GAm6cx3nTdYsPn2VvLcotuLu on requests per min (RPM): Limit 5000, Used 5000, Requested 1. Please try again in 12ms. Visit https://platform.openai.com/account/rate-limits to learn more.","type":"requests","param":null,"code":"rate_limit_exceeded"}}
[node_3] Auditor error for polar_bears: HTTP 429: {"error":{"message":"Rate limit reached for gpt-4o-mini in organization org-GAm6cx3nTdYsPn2VvLcotuLu on requests per min (RPM): Limit 5000, Used 5000, Requested 1. Please try again in 12ms. Visit https://platform.openai.com/account/rate-limits to learn more.","type":"requests","param":null,"code":"rate_limit_exceeded"}}
[node_3] Auditor error for polar_bears: HTTP 429: {"error":{"message":"Rate limit reached for gpt-4o-mini in organization org-GAm6cx3nTdYsPn2VvLcotuLu on tokens per min (TPM): Limit 2000000, Used 2000000, Requested 517. Please try again in 15ms. Visit https://platform.openai.com/account/rate-limits to learn more.","type":"tokens","param":null,"code":"rate_limit_exceeded"}}
[node_3] Auditor error for polar_bears: HTTP 429: {"error":{"message":"Rate limit reached for gpt-4o-mini in organization org-GAm6cx3nTdYsPn2VvLcotuLu on tokens per min (TPM): Limit 2000000, Used 2000000, Requested 520. Please try again in 15ms. Visit https://platform.openai.com/account/rate-limits to learn more.","type":"tokens","param":null,"code":"rate_limit_exceeded"}}
[node_3] Auditor error for polar_bears: HTTP 429: {"error":{"message":"Rate limit reached for gpt-4o-mini in organization org-GAm6cx3nTdYsPn2VvLcotuLu on requests per min (RPM): Limit 5000, Used 5000, Requested 1. Please try again in 12ms. Visit https://platform.openai.com/account/rate-limits to learn more.","type":"requests","param":null,"code":"rate_limit_exceeded"}}
[node_3] Auditor error for polar_bears: HTTP 429: {"error":{"message":"Rate limit reached for gpt-4o-mini in organization org-GAm6cx3nTdYsPn2VvLcotuLu on requests per min (RPM): Limit 5000, Used 5000, Requested 1. Please try again in 12ms. Visit https://platform.openai.com/account/rate-limits to learn more.","type":"requests","param":null,"code":"rate_limit_exceeded"}}
[node_3] Auditor error for polar_bears: HTTP 429: {"error":{"message":"Rate limit reached for gpt-4o-mini in organization org-GAm6cx3nTdYsPn2VvLcotuLu on tokens per min (TPM): Limit 2000000, Used 2000000, Requested 543. Please try again in 16ms. Visit https://platform.openai.com/account/rate-limits to learn more.","type":"tokens","param":null,"code":"rate_limit_exceeded"}}
[Simulation]   Scoring node_4
[node_4] Auditor error for polar_bears: HTTP 429: {"error":{"message":"Rate limit reached for gpt-4o-mini in organization org-GAm6cx3nTdYsPn2VvLcotuLu on tokens per min (TPM): Limit 2000000, Used 2000000, Requested 560. Please try again in 16ms. Visit https://platform.openai.com/account/rate-limits to learn more.","type":"tokens","param":null,"code":"rate_limit_exceeded"}}
[node_4] Auditor error for polar_bears: HTTP 429: {"error":{"message":"Rate limit reached for gpt-4o-mini in organization org-GAm6cx3nTdYsPn2VvLcotuLu on tokens per min (TPM): Limit 2000000, Used 2000000, Requested 557. Please try again in 16ms. Visit https://platform.openai.com/account/rate-limits to learn more.","type":"tokens","param":null,"code":"rate_limit_exceeded"}}
[node_4] Auditor error for polar_bears: HTTP 429: {"error":{"message":"Rate limit reached for gpt-4o-mini in organization org-GAm6cx3nTdYsPn2VvLcotuLu on tokens per min (TPM): Limit 2000000, Used 2000000, Requested 543. Please try again in 16ms. Visit https://platform.openai.com/account/rate-limits to learn more.","type":"tokens","param":null,"code":"rate_limit_exceeded"}}
[node_4] Auditor error for polar_bears: HTTP 429: {"error":{"message":"Rate limit reached for gpt-4o-mini in organization org-GAm6cx3nTdYsPn2VvLcotuLu on tokens per min (TPM): Limit 2000000, Used 2000000, Requested 563. Please try again in 16ms. Visit https://platform.openai.com/account/rate-limits to learn more.","type":"tokens","param":null,"code":"rate_limit_exceeded"}}
[node_4] Auditor error for polar_bears: HTTP 429: {"error":{"message":"Rate limit reached for gpt-4o-mini in organization org-GAm6cx3nTdYsPn2VvLcotuLu on tokens per min (TPM): Limit 2000000, Used 2000000, Requested 577. Please try again in 17ms. Visit https://platform.openai.com/account/rate-limits to learn more.","type":"tokens","param":null,"code":"rate_limit_exceeded"}}
[node_4] Auditor error for polar_bears: HTTP 429: {"error":{"message":"Rate limit reached for gpt-4o-mini in organization org-GAm6cx3nTdYsPn2VvLcotuLu on tokens per min (TPM): Limit 2000000, Used 2000000, Requested 523. Please try again in 15ms. Visit https://platform.openai.com/account/rate-limits to learn more.","type":"tokens","param":null,"code":"rate_limit_exceeded"}}
[node_4] Auditor error for polar_bears: HTTP 429: {"error":{"message":"Rate limit reached for gpt-4o-mini in organization org-GAm6cx3nTdYsPn2VvLcotuLu on tokens per min (TPM): Limit 2000000, Used 2000000, Requested 520. Please try again in 15ms. Visit https://platform.openai.com/account/rate-limits to learn more.","type":"tokens","param":null,"code":"rate_limit_exceeded"}}
[node_4] Auditor error for polar_bears: HTTP 429: {"error":{"message":"Rate limit reached for gpt-4o-mini in organization org-GAm6cx3nTdYsPn2VvLcotuLu on tokens per min (TPM): Limit 2000000, Used 2000000, Requested 557. Please try again in 16ms. Visit https://platform.openai.com/account/rate-limits to learn more.","type":"tokens","param":null,"code":"rate_limit_exceeded"}}
[node_4] Auditor error for polar_bears: HTTP 429: {"error":{"message":"Rate limit reached for gpt-4o-mini in organization org-GAm6cx3nTdYsPn2VvLcotuLu on requests per min (RPM): Limit 5000, Used 5000, Requested 1. Please try again in 12ms. Visit https://platform.openai.com/account/rate-limits to learn more.","type":"requests","param":null,"code":"rate_limit_exceeded"}}
[node_4] Auditor error for polar_bears: HTTP 429: {"error":{"message":"Rate limit reached for gpt-4o-mini in organization org-GAm6cx3nTdYsPn2VvLcotuLu on requests per min (RPM): Limit 5000, Used 5000, Requested 1. Please try again in 12ms. Visit https://platform.openai.com/account/rate-limits to learn more.","type":"requests","param":null,"code":"rate_limit_exceeded"}}
[node_4] Auditor error for polar_bears: HTTP 429: {"error":{"message":"Rate limit reached for gpt-4o-mini in organization org-GAm6cx3nTdYsPn2VvLcotuLu on tokens per min (TPM): Limit 2000000, Used 2000000, Requested 523. Please try again in 15ms. Visit https://platform.openai.com/account/rate-limits to learn more.","type":"tokens","param":null,"code":"rate_limit_exceeded"}}
[node_4] Auditor error for polar_bears: HTTP 429: {"error":{"message":"Rate limit reached for gpt-4o-mini in organization org-GAm6cx3nTdYsPn2VvLcotuLu on tokens per min (TPM): Limit 2000000, Used 2000000, Requested 499. Please try again in 14ms. Visit https://platform.openai.com/account/rate-limits to learn more.","type":"tokens","param":null,"code":"rate_limit_exceeded"}}
[node_4] Auditor error for polar_bears: HTTP 429: {"error":{"message":"Rate limit reached for gpt-4o-mini in organization org-GAm6cx3nTdYsPn2VvLcotuLu on tokens per min (TPM): Limit 2000000, Used 2000000, Requested 520. Please try again in 15ms. Visit https://platform.openai.com/account/rate-limits to learn more.","type":"tokens","param":null,"code":"rate_limit_exceeded"}}
[node_4] Auditor error for polar_bears: HTTP 429: {"error":{"message":"Rate limit reached for gpt-4o-mini in organization org-GAm6cx3nTdYsPn2VvLcotuLu on requests per min (RPM): Limit 5000, Used 5000, Requested 1. Please try again in 12ms. Visit https://platform.openai.com/account/rate-limits to learn more.","type":"requests","param":null,"code":"rate_limit_exceeded"}}
[node_4] Auditor error for polar_bears: HTTP 429: {"error":{"message":"Rate limit reached for gpt-4o-mini in organization org-GAm6cx3nTdYsPn2VvLcotuLu on requests per min (RPM): Limit 5000, Used 5000, Requested 1. Please try again in 12ms. Visit https://platform.openai.com/account/rate-limits to learn more.","type":"requests","param":null,"code":"rate_limit_exceeded"}}
[node_4] Auditor error for polar_bears: HTTP 429: {"error":{"message":"Rate limit reached for gpt-4o-mini in organization org-GAm6cx3nTdYsPn2VvLcotuLu on requests per min (RPM): Limit 5000, Used 5000, Requested 1. Please try again in 12ms. Visit https://platform.openai.com/account/rate-limits to learn more.","type":"requests","param":null,"code":"rate_limit_exceeded"}}
[Simulation]   Scoring node_5
[node_5] Auditor error for polar_bears: HTTP 429: {"error":{"message":"Rate limit reached for gpt-4o-mini in organization org-GAm6cx3nTdYsPn2VvLcotuLu on requests per min (RPM): Limit 5000, Used 5000, Requested 1. Please try again in 12ms. Visit https://platform.openai.com/account/rate-limits to learn more.","type":"requests","param":null,"code":"rate_limit_exceeded"}}
[node_5] Auditor error for polar_bears: HTTP 429: {"error":{"message":"Rate limit reached for gpt-4o-mini in organization org-GAm6cx3nTdYsPn2VvLcotuLu on tokens per min (TPM): Limit 2000000, Used 2000000, Requested 511. Please try again in 15ms. Visit https://platform.openai.com/account/rate-limits to learn more.","type":"tokens","param":null,"code":"rate_limit_exceeded"}}
[node_5] Auditor error for polar_bears: HTTP 429: {"error":{"message":"Rate limit reached for gpt-4o-mini in organization org-GAm6cx3nTdYsPn2VvLcotuLu on requests per min (RPM): Limit 5000, Used 5000, Requested 1. Please try again in 12ms. Visit https://platform.openai.com/account/rate-limits to learn more.","type":"requests","param":null,"code":"rate_limit_exceeded"}}
[node_5] Auditor error for polar_bears: HTTP 429: {"error":{"message":"Rate limit reached for gpt-4o-mini in organization org-GAm6cx3nTdYsPn2VvLcotuLu on tokens per min (TPM): Limit 2000000, Used 1999596, Requested 540. Please try again in 4ms. Visit https://platform.openai.com/account/rate-limits to learn more.","type":"tokens","param":null,"code":"rate_limit_exceeded"}}
[Simulation]   Scoring node_6
[node_6] Auditor error for polar_bears: HTTP 429: {"error":{"message":"Rate limit reached for gpt-4o-mini in organization org-GAm6cx3nTdYsPn2VvLcotuLu on requests per min (RPM): Limit 5000, Used 5000, Requested 1. Please try again in 12ms. Visit https://platform.openai.com/account/rate-limits to learn more.","type":"requests","param":null,"code":"rate_limit_exceeded"}}
[node_6] Auditor error for polar_bears: HTTP 429: {"error":{"message":"Rate limit reached for gpt-4o-mini in organization org-GAm6cx3nTdYsPn2VvLcotuLu on tokens per min (TPM): Limit 2000000, Used 2000000, Requested 523. Please try again in 15ms. Visit https://platform.openai.com/account/rate-limits to learn more.","type":"tokens","param":null,"code":"rate_limit_exceeded"}}
[node_6] Auditor error for polar_bears: HTTP 429: {"error":{"message":"Rate limit reached for gpt-4o-mini in organization org-GAm6cx3nTdYsPn2VvLcotuLu on tokens per min (TPM): Limit 2000000, Used 2000000, Requested 531. Please try again in 15ms. Visit https://platform.openai.com/account/rate-limits to learn more.","type":"tokens","param":null,"code":"rate_limit_exceeded"}}
[node_6] Auditor error for polar_bears: HTTP 429: {"error":{"message":"Rate limit reached for gpt-4o-mini in organization org-GAm6cx3nTdYsPn2VvLcotuLu on requests per min (RPM): Limit 5000, Used 5000, Requested 1. Please try again in 12ms. Visit https://platform.openai.com/account/rate-limits to learn more.","type":"requests","param":null,"code":"rate_limit_exceeded"}}
[node_6] Auditor error for polar_bears: HTTP 429: {"error":{"message":"Rate limit reached for gpt-4o-mini in organization org-GAm6cx3nTdYsPn2VvLcotuLu on requests per min (RPM): Limit 5000, Used 5000, Requested 1. Please try again in 12ms. Visit https://platform.openai.com/account/rate-limits to learn more.","type":"requests","param":null,"code":"rate_limit_exceeded"}}
[node_6] Auditor error for polar_bears: HTTP 429: {"error":{"message":"Rate limit reached for gpt-4o-mini in organization org-GAm6cx3nTdYsPn2VvLcotuLu on tokens per min (TPM): Limit 2000000, Used 2000000, Requested 518. Please try again in 15ms. Visit https://platform.openai.com/account/rate-limits to learn more.","type":"tokens","param":null,"code":"rate_limit_exceeded"}}
[node_6] Auditor error for polar_bears: HTTP 429: {"error":{"message":"Rate limit reached for gpt-4o-mini in organization org-GAm6cx3nTdYsPn2VvLcotuLu on tokens per min (TPM): Limit 2000000, Used 2000000, Requested 558. Please try again in 16ms. Visit https://platform.openai.com/account/rate-limits to learn more.","type":"tokens","param":null,"code":"rate_limit_exceeded"}}
[node_6] Auditor error for polar_bears: HTTP 429: {"error":{"message":"Rate limit reached for gpt-4o-mini in organization org-GAm6cx3nTdYsPn2VvLcotuLu on tokens per min (TPM): Limit 2000000, Used 2000000, Requested 522. Please try again in 15ms. Visit https://platform.openai.com/account/rate-limits to learn more.","type":"tokens","param":null,"code":"rate_limit_exceeded"}}
[node_6] Auditor error for polar_bears: HTTP 429: {"error":{"message":"Rate limit reached for gpt-4o-mini in organization org-GAm6cx3nTdYsPn2VvLcotuLu on tokens per min (TPM): Limit 2000000, Used 2000000, Requested 536. Please try again in 16ms. Visit https://platform.openai.com/account/rate-limits to learn more.","type":"tokens","param":null,"code":"rate_limit_exceeded"}}
[node_6] Auditor error for polar_bears: HTTP 429: {"error":{"message":"Rate limit reached for gpt-4o-mini in organization org-GAm6cx3nTdYsPn2VvLcotuLu on tokens per min (TPM): Limit 2000000, Used 2000000, Requested 523. Please try again in 15ms. Visit https://platform.openai.com/account/rate-limits to learn more.","type":"tokens","param":null,"code":"rate_limit_exceeded"}}
[node_6] Auditor error for polar_bears: HTTP 429: {"error":{"message":"Rate limit reached for gpt-4o-mini in organization org-GAm6cx3nTdYsPn2VvLcotuLu on tokens per min (TPM): Limit 2000000, Used 2000000, Requested 562. Please try again in 16ms. Visit https://platform.openai.com/account/rate-limits to learn more.","type":"tokens","param":null,"code":"rate_limit_exceeded"}}
[node_6] Auditor error for polar_bears: HTTP 429: {"error":{"message":"Rate limit reached for gpt-4o-mini in organization org-GAm6cx3nTdYsPn2VvLcotuLu on tokens per min (TPM): Limit 2000000, Used 2000000, Requested 505. Please try again in 15ms. Visit https://platform.openai.com/account/rate-limits to learn more.","type":"tokens","param":null,"code":"rate_limit_exceeded"}}
[node_6] Auditor error for polar_bears: HTTP 429: {"error":{"message":"Rate limit reached for gpt-4o-mini in organization org-GAm6cx3nTdYsPn2VvLcotuLu on tokens per min (TPM): Limit 2000000, Used 2000000, Requested 557. Please try again in 16ms. Visit https://platform.openai.com/account/rate-limits to learn more.","type":"tokens","param":null,"code":"rate_limit_exceeded"}}
[node_6] Auditor error for polar_bears: HTTP 429: {"error":{"message":"Rate limit reached for gpt-4o-mini in organization org-GAm6cx3nTdYsPn2VvLcotuLu on tokens per min (TPM): Limit 2000000, Used 2000000, Requested 502. Please try again in 15ms. Visit https://platform.openai.com/account/rate-limits to learn more.","type":"tokens","param":null,"code":"rate_limit_exceeded"}}
[node_6] Auditor error for polar_bears: HTTP 429: {"error":{"message":"Rate limit reached for gpt-4o-mini in organization org-GAm6cx3nTdYsPn2VvLcotuLu on requests per min (RPM): Limit 5000, Used 5000, Requested 1. Please try again in 12ms. Visit https://platform.openai.com/account/rate-limits to learn more.","type":"requests","param":null,"code":"rate_limit_exceeded"}}
[node_6] Auditor error for polar_bears: HTTP 429: {"error":{"message":"Rate limit reached for gpt-4o-mini in organization org-GAm6cx3nTdYsPn2VvLcotuLu on tokens per min (TPM): Limit 2000000, Used 2000000, Requested 520. Please try again in 15ms. Visit https://platform.openai.com/account/rate-limits to learn more.","type":"tokens","param":null,"code":"rate_limit_exceeded"}}
[node_6] Auditor error for polar_bears: HTTP 429: {"error":{"message":"Rate limit reached for gpt-4o-mini in organization org-GAm6cx3nTdYsPn2VvLcotuLu on requests per min (RPM): Limit 5000, Used 5000, Requested 1. Please try again in 12ms. Visit https://platform.openai.com/account/rate-limits to learn more.","type":"requests","param":null,"code":"rate_limit_exceeded"}}
[node_6] Auditor error for polar_bears: HTTP 429: {"error":{"message":"Rate limit reached for gpt-4o-mini in organization org-GAm6cx3nTdYsPn2VvLcotuLu on requests per min (RPM): Limit 5000, Used 5000, Requested 1. Please try again in 12ms. Visit https://platform.openai.com/account/rate-limits to learn more.","type":"requests","param":null,"code":"rate_limit_exceeded"}}
[node_6] Auditor error for polar_bears: HTTP 429: {"error":{"message":"Rate limit reached for gpt-4o-mini in organization org-GAm6cx3nTdYsPn2VvLcotuLu on requests per min (RPM): Limit 5000, Used 5000, Requested 1. Please try again in 12ms. Visit https://platform.openai.com/account/rate-limits to learn more.","type":"requests","param":null,"code":"rate_limit_exceeded"}}
[node_6] Auditor error for polar_bears: HTTP 429: {"error":{"message":"Rate limit reached for gpt-4o-mini in organization org-GAm6cx3nTdYsPn2VvLcotuLu on requests per min (RPM): Limit 5000, Used 5000, Requested 1. Please try again in 12ms. Visit https://platform.openai.com/account/rate-limits to learn more.","type":"requests","param":null,"code":"rate_limit_exceeded"}}
[Simulation]   Scoring node_7
[node_7] Auditor error for polar_bears: HTTP 429: {"error":{"message":"Rate limit reached for gpt-4o-mini in organization org-GAm6cx3nTdYsPn2VvLcotuLu on requests per min (RPM): Limit 5000, Used 5000, Requested 1. Please try again in 12ms. Visit https://platform.openai.com/account/rate-limits to learn more.","type":"requests","param":null,"code":"rate_limit_exceeded"}}
[node_7] Auditor error for polar_bears: HTTP 429: {"error":{"message":"Rate limit reached for gpt-4o-mini in organization org-GAm6cx3nTdYsPn2VvLcotuLu on requests per min (RPM): Limit 5000, Used 5000, Requested 1. Please try again in 12ms. Visit https://platform.openai.com/account/rate-limits to learn more.","type":"requests","param":null,"code":"rate_limit_exceeded"}}
[node_7] Auditor error for polar_bears: HTTP 429: {"error":{"message":"Rate limit reached for gpt-4o-mini in organization org-GAm6cx3nTdYsPn2VvLcotuLu on requests per min (RPM): Limit 5000, Used 5000, Requested 1. Please try again in 12ms. Visit https://platform.openai.com/account/rate-limits to learn more.","type":"requests","param":null,"code":"rate_limit_exceeded"}}
[node_7] Auditor error for polar_bears: HTTP 429: {"error":{"message":"Rate limit reached for gpt-4o-mini in organization org-GAm6cx3nTdYsPn2VvLcotuLu on tokens per min (TPM): Limit 2000000, Used 2000000, Requested 577. Please try again in 17ms. Visit https://platform.openai.com/account/rate-limits to learn more.","type":"tokens","param":null,"code":"rate_limit_exceeded"}}
[node_7] Auditor error for polar_bears: HTTP 429: {"error":{"message":"Rate limit reached for gpt-4o-mini in organization org-GAm6cx3nTdYsPn2VvLcotuLu on tokens per min (TPM): Limit 2000000, Used 2000000, Requested 511. Please try again in 15ms. Visit https://platform.openai.com/account/rate-limits to learn more.","type":"tokens","param":null,"code":"rate_limit_exceeded"}}
[node_7] Auditor error for polar_bears: HTTP 429: {"error":{"message":"Rate limit reached for gpt-4o-mini in organization org-GAm6cx3nTdYsPn2VvLcotuLu on tokens per min (TPM): Limit 2000000, Used 2000000, Requested 502. Please try again in 15ms. Visit https://platform.openai.com/account/rate-limits to learn more.","type":"tokens","param":null,"code":"rate_limit_exceeded"}}
[Simulation] LLM usage: 351 calls, 140493 prompt / 55166 completion tokens ~$0.0542

[Simulation] Done. Results in: /workspace/thesisExperiment/runs_phase2/T2d_He_echo_chamber_mix_01_2026-09-19_04-20-32

═══ SUMMARY ═══

Article: scopex_2017
Node         Persona                      MPR    Severity
-----------------------------------------------------------------
node_0       conspiracy_depopulation      3.00   lie
node_1       climate_justice_youth        0.00   factual_error
node_2       conspiracy_depopulation      4.00   propaganda
node_3       environmental_concern        3.00   lie
node_4       conspiracy_depopulation      0.00   factual_error
node_5       biodiversity_food_security   0.00   factual_error
node_6       conspiracy_depopulation      4.00   propaganda
node_7       climate_justice_youth        0.00   factual_error
  Gini coefficient:   0.071
  Structural virality: 1.607
  MI half-life tick:  7

Article: chemtrails_gates_2018_2021
Node         Persona                      MPR    Severity
-----------------------------------------------------------------
node_0       conspiracy_depopulation      1.50   lie
node_1       climate_justice_youth        2.00   lie
node_2       conspiracy_depopulation      4.00   propaganda
node_3       environmental_concern        0.00   factual_error
node_4       conspiracy_depopulation      0.00   factual_error
node_5       biodiversity_food_security   0.00   factual_error
node_6       conspiracy_depopulation      0.00   factual_error
node_7       climate_justice_youth        0.00   factual_error
  Gini coefficient:   0.222
  Structural virality: 1.714
  MI half-life tick:  8

Article: sai_geoengineering
Node         Persona                      MPR    Severity
-----------------------------------------------------------------
node_0       conspiracy_depopulation      0.00   factual_error
node_1       climate_justice_youth        0.00   factual_error
node_2       conspiracy_depopulation      0.00   factual_error
node_3       environmental_concern        0.00   factual_error
node_4       conspiracy_depopulation      3.00   lie
node_5       biodiversity_food_security   0.00   factual_error
node_6       conspiracy_depopulation      2.00   lie
node_7       climate_justice_youth        0.00   factual_error
  Gini coefficient:   0.400
  Structural virality: 1.714
  MI half-life tick:  8

Article: paris_agreement
Node         Persona                      MPR    Severity
-----------------------------------------------------------------
node_0       conspiracy_depopulation      0.00   factual_error
node_1       climate_justice_youth        0.00   factual_error
node_2       conspiracy_depopulation      0.00   factual_error
node_3       environmental_concern        0.00   factual_error
node_4       conspiracy_depopulation      0.00   factual_error
node_5       biodiversity_food_security   0.00   factual_error
node_6       conspiracy_depopulation      0.00   factual_error
node_7       climate_justice_youth        0.00   factual_error
  Gini coefficient:   0.000
  Structural virality: 0.000

Article: climate_consensus
Node         Persona                      MPR    Severity
-----------------------------------------------------------------
node_0       conspiracy_depopulation      5.00   propaganda
node_1       climate_justice_youth        2.00   lie
node_2       conspiracy_depopulation      5.00   propaganda
node_3       environmental_concern        4.00   propaganda
node_4       conspiracy_depopulation      0.00   factual_error
node_5       biodiversity_food_security   0.00   factual_error
node_6       conspiracy_depopulation      0.00   factual_error
node_7       climate_justice_youth        0.00   factual_error
  Gini coefficient:   0.156
  Structural virality: 1.607
  MI half-life tick:  8

Article: polar_bears
Node         Persona                      MPR    Severity
-----------------------------------------------------------------
node_0       conspiracy_depopulation      0.00   factual_error
node_1       climate_justice_youth        0.00   factual_error
node_2       conspiracy_depopulation      0.00   factual_error
node_3       environmental_concern        0.00   factual_error
node_4       conspiracy_depopulation      0.00   factual_error
node_5       biodiversity_food_security   0.00   factual_error
node_6       conspiracy_depopulation      0.00   factual_error
node_7       climate_justice_youth        0.00   factual_error
  Gini coefficient:   0.000
  Structural virality: 1.607
