runDir,experimentName,slice,arm,topology,rest,miScoringMode,articleId,status,llmCalls,nEvents,nScored,dead,meanMI,meanNodeMPR,maxMI,meanDiscreteMI,meanContinuousMI,meanDualGap,meanAgreement,kStarDiscrete,kStarContinuous,kStarCensoredDiscrete,hatchStatus,hatchNote
T2c_H_echo_chamber_biodiversity_food_security_2026-09-19_04-43-08,T2c_H_echo_chamber_biodiversity_food_security,T2c_H,H,echo_chamber,biodiversity_food_security,continuous,scopex_2017,complete,1076,161,141,false,0.0496,0.055,0.9999999999999998,,0.0496,,,,,false,live,
T2c_H_echo_chamber_biodiversity_food_security_2026-09-19_04-43-08,T2c_H_echo_chamber_biodiversity_food_security,T2c_H,H,echo_chamber,biodiversity_food_security,continuous,chemtrails_gates_2018_2021,complete,1076,167,142,false,1,1,0.9999999999999998,,1,,,,,false,live,
T2c_H_echo_chamber_biodiversity_food_security_2026-09-19_04-43-08,T2c_H_echo_chamber_biodiversity_food_security,T2c_H,H,echo_chamber,biodiversity_food_security,continuous,sai_geoengineering,complete,1076,149,122,false,0.1148,0.1183,1.5000000000000002,,0.1148,,,,,false,live,
T2c_H_echo_chamber_biodiversity_food_security_2026-09-19_04-43-08,T2c_H_echo_chamber_biodiversity_food_security,T2c_H,H,echo_chamber,biodiversity_food_security,continuous,paris_agreement,complete,1076,164,139,false,0.2209,0.2239,2,,0.2209,,,,,false,live,
T2c_H_echo_chamber_biodiversity_food_security_2026-09-19_04-43-08,T2c_H_echo_chamber_biodiversity_food_security,T2c_H,H,echo_chamber,biodiversity_food_security,continuous,climate_consensus,complete,1076,1,0,true,,,,,,,,,,false,hatched_dead_after_llm,nScored <= 1 but llmCalls>0; keep the row; do not drop; do not read as mix immunises
T2c_H_echo_chamber_biodiversity_food_security_2026-09-19_04-43-08,T2c_H_echo_chamber_biodiversity_food_security,T2c_H,H,echo_chamber,biodiversity_food_security,continuous,polar_bears,complete,1076,155,133,false,0,0,0,,0,,,,,false,live,
T2c_H_echo_chamber_climate_action_advocate_2026-09-19_04-30-38,T2c_H_echo_chamber_climate_action_advocate,T2c_H,H,echo_chamber,climate_action_advocate,continuous,scopex_2017,complete,38,167,8,false,0,0,0,,0,,,,,false,live,
T2c_H_echo_chamber_climate_action_advocate_2026-09-19_04-30-38,T2c_H_echo_chamber_climate_action_advocate,T2c_H,H,echo_chamber,climate_action_advocate,continuous,chemtrails_gates_2018_2021,complete,38,150,6,false,0.0833,0.0833,0.4999999999999999,,0.0833,,,,,false,live,
T2c_H_echo_chamber_climate_action_advocate_2026-09-19_04-30-38,T2c_H_echo_chamber_climate_action_advocate,T2c_H,H,echo_chamber,climate_action_advocate,continuous,sai_geoengineering,complete,38,1,0,true,,,,,,,,,,false,hatched_dead_after_llm,nScored <= 1 but llmCalls>0; keep the row; do not drop; do not read as mix immunises
T2c_H_echo_chamber_climate_action_advocate_2026-09-19_04-30-38,T2c_H_echo_chamber_climate_action_advocate,T2c_H,H,echo_chamber,climate_action_advocate,continuous,paris_agreement,complete,38,167,6,false,0,0,0,,0,,,,,false,live,
T2c_H_echo_chamber_climate_action_advocate_2026-09-19_04-30-38,T2c_H_echo_chamber_climate_action_advocate,T2c_H,H,echo_chamber,climate_action_advocate,continuous,climate_consensus,complete,38,1,0,true,,,,,,,,,,false,hatched_dead_after_llm,nScored <= 1 but llmCalls>0; keep the row; do not drop; do not read as mix immunises
T2c_H_echo_chamber_climate_action_advocate_2026-09-19_04-30-38,T2c_H_echo_chamber_climate_action_advocate,T2c_H,H,echo_chamber,climate_action_advocate,continuous,polar_bears,complete,38,1,0,true,,,,,,,,,,false,hatched_dead_after_llm,nScored <= 1 but llmCalls>0; keep the row; do not drop; do not read as mix immunises
T2c_H_echo_chamber_climate_justice_youth_2026-09-19_04-31-18,T2c_H_echo_chamber_climate_justice_youth,T2c_H,H,echo_chamber,climate_justice_youth,continuous,scopex_2017,complete,929,164,142,false,0.0176,0.0199,1.5000000000000002,,0.0176,,,,,false,live,
T2c_H_echo_chamber_climate_justice_youth_2026-09-19_04-31-18,T2c_H_echo_chamber_climate_justice_youth,T2c_H,H,echo_chamber,climate_justice_youth,continuous,chemtrails_gates_2018_2021,complete,929,161,136,false,0.0956,0.0913,0.9999999999999998,,0.0956,,,,,false,live,
T2c_H_echo_chamber_climate_justice_youth_2026-09-19_04-31-18,T2c_H_echo_chamber_climate_justice_youth,T2c_H,H,echo_chamber,climate_justice_youth,continuous,sai_geoengineering,complete,929,162,139,false,0.0468,0.0472,0.4999999999999999,,0.0468,,,,,false,live,
T2c_H_echo_chamber_climate_justice_youth_2026-09-19_04-31-18,T2c_H_echo_chamber_climate_justice_youth,T2c_H,H,echo_chamber,climate_justice_youth,continuous,paris_agreement,complete,929,159,134,false,0.0187,0.017,0.9999999999999998,,0.0187,,,,,false,live,
T2c_H_echo_chamber_climate_justice_youth_2026-09-19_04-31-18,T2c_H_echo_chamber_climate_justice_youth,T2c_H,H,echo_chamber,climate_justice_youth,continuous,climate_consensus,complete,929,147,125,false,0.056,0.0598,1.5000000000000002,,0.056,,,,,false,live,
T2c_H_echo_chamber_climate_justice_youth_2026-09-19_04-31-18,T2c_H_echo_chamber_climate_justice_youth,T2c_H,H,echo_chamber,climate_justice_youth,continuous,polar_bears,complete,929,152,114,false,0.0044,0.0042,0.4999999999999999,,0.0044,,,,,false,live,
T2c_H_echo_chamber_climate_scientist_2026-09-19_04-45-38,T2c_H_echo_chamber_climate_scientist,T2c_H,H,echo_chamber,climate_scientist,continuous,scopex_2017,complete,1122,154,139,false,0,0,0,,0,,,,,false,live,
T2c_H_echo_chamber_climate_scientist_2026-09-19_04-45-38,T2c_H_echo_chamber_climate_scientist,T2c_H,H,echo_chamber,climate_scientist,continuous,chemtrails_gates_2018_2021,complete,1122,166,147,false,0.0102,0.01,0.4999999999999999,,0.0102,,,,,false,live,
T2c_H_echo_chamber_climate_scientist_2026-09-19_04-45-38,T2c_H_echo_chamber_climate_scientist,T2c_H,H,echo_chamber,climate_scientist,continuous,sai_geoengineering,complete,1122,159,134,false,0.0037,0.0035,0.4999999999999999,,0.0037,,,,,false,live,
T2c_H_echo_chamber_climate_scientist_2026-09-19_04-45-38,T2c_H_echo_chamber_climate_scientist,T2c_H,H,echo_chamber,climate_scientist,continuous,paris_agreement,complete,1122,167,148,false,0.0338,0.0362,2,,0.0338,,,,,false,live,
T2c_H_echo_chamber_climate_scientist_2026-09-19_04-45-38,T2c_H_echo_chamber_climate_scientist,T2c_H,H,echo_chamber,climate_scientist,continuous,climate_consensus,complete,1122,1,0,true,,,,,,,,,,false,hatched_dead_after_llm,nScored <= 1 but llmCalls>0; keep the row; do not drop; do not read as mix immunises
T2c_H_echo_chamber_climate_scientist_2026-09-19_04-45-38,T2c_H_echo_chamber_climate_scientist,T2c_H,H,echo_chamber,climate_scientist,continuous,polar_bears,complete,1122,160,135,false,0,0,0,,0,,,,,false,live,
T2c_H_echo_chamber_conspiracy_believer_2026-09-19_04-13-27,T2c_H_echo_chamber_conspiracy_believer,T2c_H,H,echo_chamber,conspiracy_believer,continuous,scopex_2017,complete,564,165,59,false,2.2881,2.3606,5,,2.2881,,,,,false,live,
T2c_H_echo_chamber_conspiracy_believer_2026-09-19_04-13-27,T2c_H_echo_chamber_conspiracy_believer,T2c_H,H,echo_chamber,conspiracy_believer,continuous,chemtrails_gates_2018_2021,complete,564,158,12,false,2.8333,3,3.5,,2.8333,,,,5,false,live,
T2c_H_echo_chamber_conspiracy_believer_2026-09-19_04-13-27,T2c_H_echo_chamber_conspiracy_believer,T2c_H,H,echo_chamber,conspiracy_believer,continuous,sai_geoengineering,complete,564,162,5,false,0.4,0.3333,0.9999999999999998,,0.4,,,,,false,live,
T2c_H_echo_chamber_conspiracy_believer_2026-09-19_04-13-27,T2c_H_echo_chamber_conspiracy_believer,T2c_H,H,echo_chamber,conspiracy_believer,continuous,paris_agreement,complete,564,145,7,false,4.6429,4.6429,5,,4.6429,,,,6,false,live,
T2c_H_echo_chamber_conspiracy_believer_2026-09-19_04-13-27,T2c_H_echo_chamber_conspiracy_believer,T2c_H,H,echo_chamber,conspiracy_believer,continuous,climate_consensus,complete,564,165,5,false,5,5,5,,5,,,,4,false,live,
T2c_H_echo_chamber_conspiracy_believer_2026-09-19_04-13-27,T2c_H_echo_chamber_conspiracy_believer,T2c_H,H,echo_chamber,conspiracy_believer,continuous,polar_bears,complete,564,167,7,false,0.1429,0.2,0.9999999999999998,,0.1429,,,,,false,live,
T2c_H_echo_chamber_conspiracy_climate_piggyback_2026-09-19_04-13-27,T2c_H_echo_chamber_conspiracy_climate_piggyback,T2c_H,H,echo_chamber,conspiracy_climate_piggyback,continuous,scopex_2017,complete,480,155,13,false,1.6077,1.5125,3,,1.6077,,,,,false,live,
T2c_H_echo_chamber_conspiracy_climate_piggyback_2026-09-19_04-13-27,T2c_H_echo_chamber_conspiracy_climate_piggyback,T2c_H,H,echo_chamber,conspiracy_climate_piggyback,continuous,chemtrails_gates_2018_2021,complete,480,150,5,false,3.8,3.8,4,,3.8,,,,6,false,live,
T2c_H_echo_chamber_conspiracy_climate_piggyback_2026-09-19_04-13-27,T2c_H_echo_chamber_conspiracy_climate_piggyback,T2c_H,H,echo_chamber,conspiracy_climate_piggyback,continuous,sai_geoengineering,complete,480,165,6,false,0.4167,0.4,1.5000000000000002,,0.4167,,,,,false,live,
T2c_H_echo_chamber_conspiracy_climate_piggyback_2026-09-19_04-13-27,T2c_H_echo_chamber_conspiracy_climate_piggyback,T2c_H,H,echo_chamber,conspiracy_climate_piggyback,continuous,paris_agreement,complete,480,165,2,false,1.5,1.5,2,,1.5,,,,,false,live,
T2c_H_echo_chamber_conspiracy_climate_piggyback_2026-09-19_04-13-27,T2c_H_echo_chamber_conspiracy_climate_piggyback,T2c_H,H,echo_chamber,conspiracy_climate_piggyback,continuous,climate_consensus,complete,480,157,7,false,5,5,5,,5,,,,6,false,live,
T2c_H_echo_chamber_conspiracy_climate_piggyback_2026-09-19_04-13-27,T2c_H_echo_chamber_conspiracy_climate_piggyback,T2c_H,H,echo_chamber,conspiracy_climate_piggyback,continuous,polar_bears,complete,480,144,5,false,0,0,0,,0,,,,,false,live,
T2c_H_echo_chamber_conspiracy_depopulation_2026-09-19_04-13-27,T2c_H_echo_chamber_conspiracy_depopulation,T2c_H,H,echo_chamber,conspiracy_depopulation,continuous,scopex_2017,complete,515,143,13,false,1.9615,1.9063,3,,1.9615,,,,,false,live,
T2c_H_echo_chamber_conspiracy_depopulation_2026-09-19_04-13-27,T2c_H_echo_chamber_conspiracy_depopulation,T2c_H,H,echo_chamber,conspiracy_depopulation,continuous,chemtrails_gates_2018_2021,complete,515,167,6,false,3.3333,3.4,3.5,,3.3333,,,,,false,live,
T2c_H_echo_chamber_conspiracy_depopulation_2026-09-19_04-13-27,T2c_H_echo_chamber_conspiracy_depopulation,T2c_H,H,echo_chamber,conspiracy_depopulation,continuous,sai_geoengineering,complete,515,153,8,false,0.375,0.5,3,,0.375,,,,,false,live,
T2c_H_echo_chamber_conspiracy_depopulation_2026-09-19_04-13-27,T2c_H_echo_chamber_conspiracy_depopulation,T2c_H,H,echo_chamber,conspiracy_depopulation,continuous,paris_agreement,complete,515,167,3,false,1.3333,1.3333,2,,1.3333,,,,,false,live,
T2c_H_echo_chamber_conspiracy_depopulation_2026-09-19_04-13-27,T2c_H_echo_chamber_conspiracy_depopulation,T2c_H,H,echo_chamber,conspiracy_depopulation,continuous,climate_consensus,complete,515,166,6,false,5,5,5,,5,,,,6,false,live,
T2c_H_echo_chamber_conspiracy_depopulation_2026-09-19_04-13-27,T2c_H_echo_chamber_conspiracy_depopulation,T2c_H,H,echo_chamber,conspiracy_depopulation,continuous,polar_bears,complete,515,158,8,false,0,0,0,,0,,,,,false,live,
T2c_H_echo_chamber_conspiracy_haarp_weather_2026-09-19_04-13-27,T2c_H_echo_chamber_conspiracy_haarp_weather,T2c_H,H,echo_chamber,conspiracy_haarp_weather,continuous,scopex_2017,complete,673,1,0,true,,,,,,,,,,false,hatched_dead_after_llm,nScored <= 1 but llmCalls>0; keep the row; do not drop; do not read as mix immunises
T2c_H_echo_chamber_conspiracy_haarp_weather_2026-09-19_04-13-27,T2c_H_echo_chamber_conspiracy_haarp_weather,T2c_H,H,echo_chamber,conspiracy_haarp_weather,continuous,chemtrails_gates_2018_2021,complete,673,165,137,false,2.8847,2.8846,5,,2.8847,,,,6,false,live,
T2c_H_echo_chamber_conspiracy_haarp_weather_2026-09-19_04-13-27,T2c_H_echo_chamber_conspiracy_haarp_weather,T2c_H,H,echo_chamber,conspiracy_haarp_weather,continuous,sai_geoengineering,complete,673,166,105,false,0.4876,0.5434,4,,0.4876,,,,,false,live,
T2c_H_echo_chamber_conspiracy_haarp_weather_2026-09-19_04-13-27,T2c_H_echo_chamber_conspiracy_haarp_weather,T2c_H,H,echo_chamber,conspiracy_haarp_weather,continuous,paris_agreement,complete,673,165,15,false,3.4,3.5625,5,,3.4,,,,,false,live,
T2c_H_echo_chamber_conspiracy_haarp_weather_2026-09-19_04-13-27,T2c_H_echo_chamber_conspiracy_haarp_weather,T2c_H,H,echo_chamber,conspiracy_haarp_weather,continuous,climate_consensus,complete,673,151,8,false,4.5625,4.375,5,,4.5625,,,,4,false,live,
T2c_H_echo_chamber_conspiracy_haarp_weather_2026-09-19_04-13-27,T2c_H_echo_chamber_conspiracy_haarp_weather,T2c_H,H,echo_chamber,conspiracy_haarp_weather,continuous,polar_bears,complete,673,158,5,false,0,0,0,,0,,,,,false,live,
T2c_H_echo_chamber_environmental_concern_2026-09-19_04-31-37,T2c_H_echo_chamber_environmental_concern,T2c_H,H,echo_chamber,environmental_concern,continuous,scopex_2017,complete,867,157,136,false,0,0,0,,0,,,,,false,live,
T2c_H_echo_chamber_environmental_concern_2026-09-19_04-31-37,T2c_H_echo_chamber_environmental_concern,T2c_H,H,echo_chamber,environmental_concern,continuous,chemtrails_gates_2018_2021,complete,867,167,139,false,0.0108,0.0116,0.4999999999999999,,0.0108,,,,,false,live,
T2c_H_echo_chamber_environmental_concern_2026-09-19_04-31-37,T2c_H_echo_chamber_environmental_concern,T2c_H,H,echo_chamber,environmental_concern,continuous,sai_geoengineering,complete,867,151,132,false,0,0,0,,0,,,,,false,live,
T2c_H_echo_chamber_environmental_concern_2026-09-19_04-31-37,T2c_H_echo_chamber_environmental_concern,T2c_H,H,echo_chamber,environmental_concern,continuous,paris_agreement,complete,867,94,72,false,0.0139,0.025,0.9999999999999998,,0.0139,,,,,false,live,
T2c_H_echo_chamber_environmental_concern_2026-09-19_04-31-37,T2c_H_echo_chamber_environmental_concern,T2c_H,H,echo_chamber,environmental_concern,continuous,climate_consensus,complete,867,166,134,false,0,0,0,,0,,,,,false,live,
T2c_H_echo_chamber_environmental_concern_2026-09-19_04-31-37,T2c_H_echo_chamber_environmental_concern,T2c_H,H,echo_chamber,environmental_concern,continuous,polar_bears,complete,867,164,136,false,0,0,0,,0,,,,,false,live,
T2c_H_echo_chamber_mitigation_first_policy_2026-09-19_04-31-24,T2c_H_echo_chamber_mitigation_first_policy,T2c_H,H,echo_chamber,mitigation_first_policy,continuous,scopex_2017,complete,818,166,143,false,0,0,0,,0,,,,,false,live,
T2c_H_echo_chamber_mitigation_first_policy_2026-09-19_04-31-24,T2c_H_echo_chamber_mitigation_first_policy,T2c_H,H,echo_chamber,mitigation_first_policy,continuous,chemtrails_gates_2018_2021,complete,818,164,143,false,0,0,0,,0,,,,,false,live,
T2c_H_echo_chamber_mitigation_first_policy_2026-09-19_04-31-24,T2c_H_echo_chamber_mitigation_first_policy,T2c_H,H,echo_chamber,mitigation_first_policy,continuous,sai_geoengineering,complete,818,144,111,false,0.018,0.0156,2,,0.018,,,,,false,live,
T2c_H_echo_chamber_mitigation_first_policy_2026-09-19_04-31-24,T2c_H_echo_chamber_mitigation_first_policy,T2c_H,H,echo_chamber,mitigation_first_policy,continuous,paris_agreement,complete,818,129,98,false,0.0459,0.0446,0.9999999999999998,,0.0459,,,,,false,live,
T2c_H_echo_chamber_mitigation_first_policy_2026-09-19_04-31-24,T2c_H_echo_chamber_mitigation_first_policy,T2c_H,H,echo_chamber,mitigation_first_policy,continuous,climate_consensus,complete,818,157,132,false,0,0,0,,0,,,,,false,live,
T2c_H_echo_chamber_mitigation_first_policy_2026-09-19_04-31-24,T2c_H_echo_chamber_mitigation_first_policy,T2c_H,H,echo_chamber,mitigation_first_policy,continuous,polar_bears,complete,818,160,138,false,0,0,0,,0,,,,,false,live,
T2c_H_echo_chamber_ozone_stratosphere_specialist_2026-09-19_04-32-32,T2c_H_echo_chamber_ozone_stratosphere_specialist,T2c_H,H,echo_chamber,ozone_stratosphere_specialist,continuous,scopex_2017,complete,1053,163,140,false,0,0,0,,0,,,,,false,live,
T2c_H_echo_chamber_ozone_stratosphere_specialist_2026-09-19_04-32-32,T2c_H_echo_chamber_ozone_stratosphere_specialist,T2c_H,H,echo_chamber,ozone_stratosphere_specialist,continuous,chemtrails_gates_2018_2021,complete,1053,165,147,false,0.385,0.3922,1.5000000000000002,,0.385,,,,,false,live,
T2c_H_echo_chamber_ozone_stratosphere_specialist_2026-09-19_04-32-32,T2c_H_echo_chamber_ozone_stratosphere_specialist,T2c_H,H,echo_chamber,ozone_stratosphere_specialist,continuous,sai_geoengineering,complete,1053,1,0,true,,,,,,,,,,false,hatched_dead_after_llm,nScored <= 1 but llmCalls>0; keep the row; do not drop; do not read as mix immunises
T2c_H_echo_chamber_ozone_stratosphere_specialist_2026-09-19_04-32-32,T2c_H_echo_chamber_ozone_stratosphere_specialist,T2c_H,H,echo_chamber,ozone_stratosphere_specialist,continuous,paris_agreement,complete,1053,165,141,false,0.0213,0.0221,0.9999999999999998,,0.0213,,,,,false,live,
T2c_H_echo_chamber_ozone_stratosphere_specialist_2026-09-19_04-32-32,T2c_H_echo_chamber_ozone_stratosphere_specialist,T2c_H,H,echo_chamber,ozone_stratosphere_specialist,continuous,climate_consensus,complete,1053,167,144,false,0.0104,0.0099,0.9999999999999998,,0.0104,,,,,false,live,
T2c_H_echo_chamber_ozone_stratosphere_specialist_2026-09-19_04-32-32,T2c_H_echo_chamber_ozone_stratosphere_specialist,T2c_H,H,echo_chamber,ozone_stratosphere_specialist,continuous,polar_bears,complete,1053,156,138,false,0.1703,0.1693,0.4999999999999999,,0.1703,,,,,false,live,
T2c_H_echo_chamber_science_journalist_2026-09-19_04-45-58,T2c_H_echo_chamber_science_journalist,T2c_H,H,echo_chamber,science_journalist,continuous,scopex_2017,complete,880,165,139,false,0,0,0,,0,,,,,false,live,
T2c_H_echo_chamber_science_journalist_2026-09-19_04-45-58,T2c_H_echo_chamber_science_journalist,T2c_H,H,echo_chamber,science_journalist,continuous,chemtrails_gates_2018_2021,complete,880,165,139,false,0.018,0.0207,0.4999999999999999,,0.018,,,,,false,live,
T2c_H_echo_chamber_science_journalist_2026-09-19_04-45-58,T2c_H_echo_chamber_science_journalist,T2c_H,H,echo_chamber,science_journalist,continuous,sai_geoengineering,complete,880,1,0,true,,,,,,,,,,false,hatched_dead_after_llm,nScored <= 1 but llmCalls>0; keep the row; do not drop; do not read as mix immunises
T2c_H_echo_chamber_science_journalist_2026-09-19_04-45-58,T2c_H_echo_chamber_science_journalist,T2c_H,H,echo_chamber,science_journalist,continuous,paris_agreement,complete,880,158,133,false,0.0414,0.0383,1.5000000000000002,,0.0414,,,,,false,live,
T2c_H_echo_chamber_science_journalist_2026-09-19_04-45-58,T2c_H_echo_chamber_science_journalist,T2c_H,H,echo_chamber,science_journalist,continuous,climate_consensus,complete,880,158,139,false,0.0288,0.028,0.9999999999999998,,0.0288,,,,,false,live,
T2c_H_echo_chamber_science_journalist_2026-09-19_04-45-58,T2c_H_echo_chamber_science_journalist,T2c_H,H,echo_chamber,science_journalist,continuous,polar_bears,complete,880,1,0,true,,,,,,,,,,false,hatched_dead_after_llm,nScored <= 1 but llmCalls>0; keep the row; do not drop; do not read as mix immunises
T2c_H_hierarchical_biodiversity_food_security_2026-09-19_04-31-12,T2c_H_hierarchical_biodiversity_food_security,T2c_H,H,hierarchical,biodiversity_food_security,continuous,scopex_2017,complete,45,83,3,false,0,0,0,,0,,,,,false,live,
T2c_H_hierarchical_biodiversity_food_security_2026-09-19_04-31-12,T2c_H_hierarchical_biodiversity_food_security,T2c_H,H,hierarchical,biodiversity_food_security,continuous,chemtrails_gates_2018_2021,complete,45,78,3,false,0,0,0,,0,,,,,false,live,
T2c_H_hierarchical_biodiversity_food_security_2026-09-19_04-31-12,T2c_H_hierarchical_biodiversity_food_security,T2c_H,H,hierarchical,biodiversity_food_security,continuous,sai_geoengineering,complete,45,1,0,true,,,,,,,,,,false,hatched_dead_after_llm,nScored <= 1 but llmCalls>0; keep the row; do not drop; do not read as mix immunises
T2c_H_hierarchical_biodiversity_food_security_2026-09-19_04-31-12,T2c_H_hierarchical_biodiversity_food_security,T2c_H,H,hierarchical,biodiversity_food_security,continuous,paris_agreement,complete,45,77,5,false,0,0,0,,0,,,,,false,live,
T2c_H_hierarchical_biodiversity_food_security_2026-09-19_04-31-12,T2c_H_hierarchical_biodiversity_food_security,T2c_H,H,hierarchical,biodiversity_food_security,continuous,climate_consensus,complete,45,82,4,false,0,0,0,,0,,,,,false,live,
T2c_H_hierarchical_biodiversity_food_security_2026-09-19_04-31-12,T2c_H_hierarchical_biodiversity_food_security,T2c_H,H,hierarchical,biodiversity_food_security,continuous,polar_bears,complete,45,79,10,false,0,0,0,,0,,,,,false,live,
T2c_H_hierarchical_climate_action_advocate_2026-09-19_04-26-01,T2c_H_hierarchical_climate_action_advocate,T2c_H,H,hierarchical,climate_action_advocate,continuous,scopex_2017,complete,143,71,0,true,,,,,,,,,,false,hatched_dead_after_llm,nScored <= 1 but llmCalls>0; keep the row; do not drop; do not read as mix immunises
T2c_H_hierarchical_climate_action_advocate_2026-09-19_04-26-01,T2c_H_hierarchical_climate_action_advocate,T2c_H,H,hierarchical,climate_action_advocate,continuous,chemtrails_gates_2018_2021,complete,143,64,3,false,1,1,0.9999999999999998,,1,,,,,false,live,
T2c_H_hierarchical_climate_action_advocate_2026-09-19_04-26-01,T2c_H_hierarchical_climate_action_advocate,T2c_H,H,hierarchical,climate_action_advocate,continuous,sai_geoengineering,complete,143,75,6,false,0.3333,0.2,2,,0.3333,,,,,false,live,
T2c_H_hierarchical_climate_action_advocate_2026-09-19_04-26-01,T2c_H_hierarchical_climate_action_advocate,T2c_H,H,hierarchical,climate_action_advocate,continuous,paris_agreement,complete,143,75,0,true,,,,,,,,,,false,hatched_dead_after_llm,nScored <= 1 but llmCalls>0; keep the row; do not drop; do not read as mix immunises
T2c_H_hierarchical_climate_action_advocate_2026-09-19_04-26-01,T2c_H_hierarchical_climate_action_advocate,T2c_H,H,hierarchical,climate_action_advocate,continuous,climate_consensus,complete,143,72,1,true,0,0,0,,0,,,,,false,hatched_dead_after_llm,nScored <= 1 but llmCalls>0; keep the row; do not drop; do not read as mix immunises
T2c_H_hierarchical_climate_action_advocate_2026-09-19_04-26-01,T2c_H_hierarchical_climate_action_advocate,T2c_H,H,hierarchical,climate_action_advocate,continuous,polar_bears,complete,143,79,5,false,0,0,0,,0,,,,,false,live,
T2c_H_hierarchical_climate_justice_youth_2026-09-19_04-26-51,T2c_H_hierarchical_climate_justice_youth,T2c_H,H,hierarchical,climate_justice_youth,continuous,scopex_2017,complete,119,78,0,true,,,,,,,,,,false,hatched_dead_after_llm,nScored <= 1 but llmCalls>0; keep the row; do not drop; do not read as mix immunises
T2c_H_hierarchical_climate_justice_youth_2026-09-19_04-26-51,T2c_H_hierarchical_climate_justice_youth,T2c_H,H,hierarchical,climate_justice_youth,continuous,chemtrails_gates_2018_2021,complete,119,83,5,false,1,1,0.9999999999999998,,1,,,,,false,live,
T2c_H_hierarchical_climate_justice_youth_2026-09-19_04-26-51,T2c_H_hierarchical_climate_justice_youth,T2c_H,H,hierarchical,climate_justice_youth,continuous,sai_geoengineering,complete,119,77,4,false,0.25,0.25,0.4999999999999999,,0.25,,,,,false,live,
T2c_H_hierarchical_climate_justice_youth_2026-09-19_04-26-51,T2c_H_hierarchical_climate_justice_youth,T2c_H,H,hierarchical,climate_justice_youth,continuous,paris_agreement,complete,119,69,0,true,,,,,,,,,,false,hatched_dead_after_llm,nScored <= 1 but llmCalls>0; keep the row; do not drop; do not read as mix immunises
T2c_H_hierarchical_climate_justice_youth_2026-09-19_04-26-51,T2c_H_hierarchical_climate_justice_youth,T2c_H,H,hierarchical,climate_justice_youth,continuous,climate_consensus,complete,119,83,4,false,0,0,0,,0,,,,,false,live,
T2c_H_hierarchical_climate_justice_youth_2026-09-19_04-26-51,T2c_H_hierarchical_climate_justice_youth,T2c_H,H,hierarchical,climate_justice_youth,continuous,polar_bears,complete,119,76,4,false,0,0,0,,0,,,,,false,live,
T2c_H_hierarchical_climate_scientist_2026-09-19_04-31-18,T2c_H_hierarchical_climate_scientist,T2c_H,H,hierarchical,climate_scientist,continuous,scopex_2017,complete,30,77,3,false,0,0,0,,0,,,,,false,live,
T2c_H_hierarchical_climate_scientist_2026-09-19_04-31-18,T2c_H_hierarchical_climate_scientist,T2c_H,H,hierarchical,climate_scientist,continuous,chemtrails_gates_2018_2021,complete,30,76,1,true,0,0,0,,0,,,,,false,hatched_dead_after_llm,nScored <= 1 but llmCalls>0; keep the row; do not drop; do not read as mix immunises
T2c_H_hierarchical_climate_scientist_2026-09-19_04-31-18,T2c_H_hierarchical_climate_scientist,T2c_H,H,hierarchical,climate_scientist,continuous,sai_geoengineering,complete,30,1,0,true,,,,,,,,,,false,hatched_dead_after_llm,nScored <= 1 but llmCalls>0; keep the row; do not drop; do not read as mix immunises
T2c_H_hierarchical_climate_scientist_2026-09-19_04-31-18,T2c_H_hierarchical_climate_scientist,T2c_H,H,hierarchical,climate_scientist,continuous,paris_agreement,complete,30,74,4,false,0,0,0,,0,,,,,false,live,
T2c_H_hierarchical_climate_scientist_2026-09-19_04-31-18,T2c_H_hierarchical_climate_scientist,T2c_H,H,hierarchical,climate_scientist,continuous,climate_consensus,complete,30,1,0,true,,,,,,,,,,false,hatched_dead_after_llm,nScored <= 1 but llmCalls>0; keep the row; do not drop; do not read as mix immunises
T2c_H_hierarchical_climate_scientist_2026-09-19_04-31-18,T2c_H_hierarchical_climate_scientist,T2c_H,H,hierarchical,climate_scientist,continuous,polar_bears,complete,30,76,2,false,0,0,0,,0,,,,,false,live,
T2c_H_hierarchical_conspiracy_believer_2026-09-19_04-17-53,T2c_H_hierarchical_conspiracy_believer,T2c_H,H,hierarchical,conspiracy_believer,continuous,scopex_2017,complete,553,64,54,false,2.3333,2.3251,5,,2.3333,,,,,false,live,
T2c_H_hierarchical_conspiracy_believer_2026-09-19_04-17-53,T2c_H_hierarchical_conspiracy_believer,T2c_H,H,hierarchical,conspiracy_believer,continuous,chemtrails_gates_2018_2021,complete,553,74,62,false,3.6468,3.6625,5,,3.6468,,,,1,false,live,
T2c_H_hierarchical_conspiracy_believer_2026-09-19_04-17-53,T2c_H_hierarchical_conspiracy_believer,T2c_H,H,hierarchical,conspiracy_believer,continuous,sai_geoengineering,complete,553,65,47,false,1.6064,1.7306,3.5,,1.6064,,,,,false,live,
T2c_H_hierarchical_conspiracy_believer_2026-09-19_04-17-53,T2c_H_hierarchical_conspiracy_believer,T2c_H,H,hierarchical,conspiracy_believer,continuous,paris_agreement,complete,553,76,66,false,4.2909,4.3532,5,,4.2909,,,,3,false,live,
T2c_H_hierarchical_conspiracy_believer_2026-09-19_04-17-53,T2c_H_hierarchical_conspiracy_believer,T2c_H,H,hierarchical,conspiracy_believer,continuous,climate_consensus,complete,553,61,53,false,4.9057,4.9306,5,,4.9057,,,,2,false,live,
T2c_H_hierarchical_conspiracy_believer_2026-09-19_04-17-53,T2c_H_hierarchical_conspiracy_believer,T2c_H,H,hierarchical,conspiracy_believer,continuous,polar_bears,complete,553,80,69,false,0.3188,0.3028,5,,0.3188,,,,,false,live,
T2c_H_hierarchical_conspiracy_climate_piggyback_2026-09-19_04-17-53,T2c_H_hierarchical_conspiracy_climate_piggyback,T2c_H,H,hierarchical,conspiracy_climate_piggyback,continuous,scopex_2017,complete,435,60,45,false,1.9778,2.0534,5,,1.9778,,,,,false,live,
T2c_H_hierarchical_conspiracy_climate_piggyback_2026-09-19_04-17-53,T2c_H_hierarchical_conspiracy_climate_piggyback,T2c_H,H,hierarchical,conspiracy_climate_piggyback,continuous,chemtrails_gates_2018_2021,complete,435,62,50,false,3.324,3.3462,4.5,,3.324,,,,4,false,live,
T2c_H_hierarchical_conspiracy_climate_piggyback_2026-09-19_04-17-53,T2c_H_hierarchical_conspiracy_climate_piggyback,T2c_H,H,hierarchical,conspiracy_climate_piggyback,continuous,sai_geoengineering,complete,435,75,64,false,0.1172,0.1159,1.5000000000000002,,0.1172,,,,,false,live,
T2c_H_hierarchical_conspiracy_climate_piggyback_2026-09-19_04-17-53,T2c_H_hierarchical_conspiracy_climate_piggyback,T2c_H,H,hierarchical,conspiracy_climate_piggyback,continuous,paris_agreement,complete,435,75,59,false,3.0729,3.0567,5,,3.0729,,,,,false,live,
T2c_H_hierarchical_conspiracy_climate_piggyback_2026-09-19_04-17-53,T2c_H_hierarchical_conspiracy_climate_piggyback,T2c_H,H,hierarchical,conspiracy_climate_piggyback,continuous,climate_consensus,complete,435,1,0,true,,,,,,,,,,false,hatched_dead_after_llm,nScored <= 1 but llmCalls>0; keep the row; do not drop; do not read as mix immunises
T2c_H_hierarchical_conspiracy_climate_piggyback_2026-09-19_04-17-53,T2c_H_hierarchical_conspiracy_climate_piggyback,T2c_H,H,hierarchical,conspiracy_climate_piggyback,continuous,polar_bears,complete,435,75,64,false,0,0,0,,0,,,,,false,live,
T2c_H_hierarchical_conspiracy_depopulation_2026-09-19_04-17-53,T2c_H_hierarchical_conspiracy_depopulation,T2c_H,H,hierarchical,conspiracy_depopulation,continuous,scopex_2017,complete,504,73,57,false,2.0351,2.0199,5,,2.0351,,,,,false,live,
T2c_H_hierarchical_conspiracy_depopulation_2026-09-19_04-17-53,T2c_H_hierarchical_conspiracy_depopulation,T2c_H,H,hierarchical,conspiracy_depopulation,continuous,chemtrails_gates_2018_2021,complete,504,1,0,true,,,,,,,,,,false,hatched_dead_after_llm,nScored <= 1 but llmCalls>0; keep the row; do not drop; do not read as mix immunises
T2c_H_hierarchical_conspiracy_depopulation_2026-09-19_04-17-53,T2c_H_hierarchical_conspiracy_depopulation,T2c_H,H,hierarchical,conspiracy_depopulation,continuous,sai_geoengineering,complete,504,71,57,false,0.2807,0.2646,4,,0.2807,,,,,false,live,
T2c_H_hierarchical_conspiracy_depopulation_2026-09-19_04-17-53,T2c_H_hierarchical_conspiracy_depopulation,T2c_H,H,hierarchical,conspiracy_depopulation,continuous,paris_agreement,complete,504,73,63,false,2.6556,2.6341,5,,2.6556,,,,,false,live,
T2c_H_hierarchical_conspiracy_depopulation_2026-09-19_04-17-53,T2c_H_hierarchical_conspiracy_depopulation,T2c_H,H,hierarchical,conspiracy_depopulation,continuous,climate_consensus,complete,504,80,72,false,4.1583,4.1461,5,,4.1583,,,,1,false,live,
T2c_H_hierarchical_conspiracy_depopulation_2026-09-19_04-17-53,T2c_H_hierarchical_conspiracy_depopulation,T2c_H,H,hierarchical,conspiracy_depopulation,continuous,polar_bears,complete,504,80,67,false,0.0149,0.0182,0.4999999999999999,,0.0149,,,,,false,live,
T2c_H_hierarchical_conspiracy_haarp_weather_2026-09-19_04-17-53,T2c_H_hierarchical_conspiracy_haarp_weather,T2c_H,H,hierarchical,conspiracy_haarp_weather,continuous,scopex_2017,complete,410,74,61,false,2.5016,2.4244,5,,2.5016,,,,,false,live,
T2c_H_hierarchical_conspiracy_haarp_weather_2026-09-19_04-17-53,T2c_H_hierarchical_conspiracy_haarp_weather,T2c_H,H,hierarchical,conspiracy_haarp_weather,continuous,chemtrails_gates_2018_2021,complete,410,1,0,true,,,,,,,,,,false,hatched_dead_after_llm,nScored <= 1 but llmCalls>0; keep the row; do not drop; do not read as mix immunises
T2c_H_hierarchical_conspiracy_haarp_weather_2026-09-19_04-17-53,T2c_H_hierarchical_conspiracy_haarp_weather,T2c_H,H,hierarchical,conspiracy_haarp_weather,continuous,sai_geoengineering,complete,410,73,58,false,1.5207,1.5502,4,,1.5207,,,,,false,live,
T2c_H_hierarchical_conspiracy_haarp_weather_2026-09-19_04-17-53,T2c_H_hierarchical_conspiracy_haarp_weather,T2c_H,H,hierarchical,conspiracy_haarp_weather,continuous,paris_agreement,complete,410,81,73,false,3.7808,3.773,5,,3.7808,,,,4,false,live,
T2c_H_hierarchical_conspiracy_haarp_weather_2026-09-19_04-17-53,T2c_H_hierarchical_conspiracy_haarp_weather,T2c_H,H,hierarchical,conspiracy_haarp_weather,continuous,climate_consensus,complete,410,4,1,true,0,0,0,,0,,,,,false,hatched_dead_after_llm,nScored <= 1 but llmCalls>0; keep the row; do not drop; do not read as mix immunises
T2c_H_hierarchical_conspiracy_haarp_weather_2026-09-19_04-17-53,T2c_H_hierarchical_conspiracy_haarp_weather,T2c_H,H,hierarchical,conspiracy_haarp_weather,continuous,polar_bears,complete,410,75,62,false,0,0,0,,0,,,,,false,live,
T2c_H_hierarchical_environmental_concern_2026-09-19_04-28-19,T2c_H_hierarchical_environmental_concern,T2c_H,H,hierarchical,environmental_concern,continuous,scopex_2017,complete,67,82,2,false,0,0,0,,0,,,,,false,live,
T2c_H_hierarchical_environmental_concern_2026-09-19_04-28-19,T2c_H_hierarchical_environmental_concern,T2c_H,H,hierarchical,environmental_concern,continuous,chemtrails_gates_2018_2021,complete,67,64,0,true,,,,,,,,,,false,hatched_dead_after_llm,nScored <= 1 but llmCalls>0; keep the row; do not drop; do not read as mix immunises
T2c_H_hierarchical_environmental_concern_2026-09-19_04-28-19,T2c_H_hierarchical_environmental_concern,T2c_H,H,hierarchical,environmental_concern,continuous,sai_geoengineering,complete,67,66,4,false,0,0,0,,0,,,,,false,live,
T2c_H_hierarchical_environmental_concern_2026-09-19_04-28-19,T2c_H_hierarchical_environmental_concern,T2c_H,H,hierarchical,environmental_concern,continuous,paris_agreement,complete,67,77,4,false,0,0,0,,0,,,,,false,live,
T2c_H_hierarchical_environmental_concern_2026-09-19_04-28-19,T2c_H_hierarchical_environmental_concern,T2c_H,H,hierarchical,environmental_concern,continuous,climate_consensus,complete,67,80,2,false,0,0,0,,0,,,,,false,live,
T2c_H_hierarchical_environmental_concern_2026-09-19_04-28-19,T2c_H_hierarchical_environmental_concern,T2c_H,H,hierarchical,environmental_concern,continuous,polar_bears,complete,67,80,4,false,0,0,0,,0,,,,,false,live,
T2c_H_hierarchical_mitigation_first_policy_2026-09-19_04-28-02,T2c_H_hierarchical_mitigation_first_policy,T2c_H,H,hierarchical,mitigation_first_policy,continuous,scopex_2017,complete,72,74,5,false,0,0,0,,0,,,,,false,live,
T2c_H_hierarchical_mitigation_first_policy_2026-09-19_04-28-02,T2c_H_hierarchical_mitigation_first_policy,T2c_H,H,hierarchical,mitigation_first_policy,continuous,chemtrails_gates_2018_2021,complete,72,81,0,true,,,,,,,,,,false,hatched_dead_after_llm,nScored <= 1 but llmCalls>0; keep the row; do not drop; do not read as mix immunises
T2c_H_hierarchical_mitigation_first_policy_2026-09-19_04-28-02,T2c_H_hierarchical_mitigation_first_policy,T2c_H,H,hierarchical,mitigation_first_policy,continuous,sai_geoengineering,complete,72,82,1,true,0,0,0,,0,,,,,false,hatched_dead_after_llm,nScored <= 1 but llmCalls>0; keep the row; do not drop; do not read as mix immunises
T2c_H_hierarchical_mitigation_first_policy_2026-09-19_04-28-02,T2c_H_hierarchical_mitigation_first_policy,T2c_H,H,hierarchical,mitigation_first_policy,continuous,paris_agreement,complete,72,68,3,false,0.3333,0.3333,0.9999999999999998,,0.3333,,,,,false,live,
T2c_H_hierarchical_mitigation_first_policy_2026-09-19_04-28-02,T2c_H_hierarchical_mitigation_first_policy,T2c_H,H,hierarchical,mitigation_first_policy,continuous,climate_consensus,complete,72,75,1,true,0,0,0,,0,,,,,false,hatched_dead_after_llm,nScored <= 1 but llmCalls>0; keep the row; do not drop; do not read as mix immunises
T2c_H_hierarchical_mitigation_first_policy_2026-09-19_04-28-02,T2c_H_hierarchical_mitigation_first_policy,T2c_H,H,hierarchical,mitigation_first_policy,continuous,polar_bears,complete,72,76,3,false,0,0,0,,0,,,,,false,live,
T2c_H_hierarchical_ozone_stratosphere_specialist_2026-09-19_04-31-07,T2c_H_hierarchical_ozone_stratosphere_specialist,T2c_H,H,hierarchical,ozone_stratosphere_specialist,continuous,scopex_2017,complete,30,43,0,true,,,,,,,,,,false,hatched_dead_after_llm,nScored <= 1 but llmCalls>0; keep the row; do not drop; do not read as mix immunises
T2c_H_hierarchical_ozone_stratosphere_specialist_2026-09-19_04-31-07,T2c_H_hierarchical_ozone_stratosphere_specialist,T2c_H,H,hierarchical,ozone_stratosphere_specialist,continuous,chemtrails_gates_2018_2021,complete,30,66,2,false,0,0,0,,0,,,,,false,live,
T2c_H_hierarchical_ozone_stratosphere_specialist_2026-09-19_04-31-07,T2c_H_hierarchical_ozone_stratosphere_specialist,T2c_H,H,hierarchical,ozone_stratosphere_specialist,continuous,sai_geoengineering,complete,30,81,4,false,0,0,0,,0,,,,,false,live,
T2c_H_hierarchical_ozone_stratosphere_specialist_2026-09-19_04-31-07,T2c_H_hierarchical_ozone_stratosphere_specialist,T2c_H,H,hierarchical,ozone_stratosphere_specialist,continuous,paris_agreement,complete,30,82,1,true,0,0,0,,0,,,,,false,hatched_dead_after_llm,nScored <= 1 but llmCalls>0; keep the row; do not drop; do not read as mix immunises
T2c_H_hierarchical_ozone_stratosphere_specialist_2026-09-19_04-31-07,T2c_H_hierarchical_ozone_stratosphere_specialist,T2c_H,H,hierarchical,ozone_stratosphere_specialist,continuous,climate_consensus,complete,30,74,6,false,0,0,0,,0,,,,,false,live,
T2c_H_hierarchical_ozone_stratosphere_specialist_2026-09-19_04-31-07,T2c_H_hierarchical_ozone_stratosphere_specialist,T2c_H,H,hierarchical,ozone_stratosphere_specialist,continuous,polar_bears,complete,30,67,1,true,0,0,0,,0,,,,,false,hatched_dead_after_llm,nScored <= 1 but llmCalls>0; keep the row; do not drop; do not read as mix immunises
T2c_H_hierarchical_science_journalist_2026-09-19_04-31-27,T2c_H_hierarchical_science_journalist,T2c_H,H,hierarchical,science_journalist,continuous,scopex_2017,complete,220,75,3,false,0,0,0,,0,,,,,false,live,
T2c_H_hierarchical_science_journalist_2026-09-19_04-31-27,T2c_H_hierarchical_science_journalist,T2c_H,H,hierarchical,science_journalist,continuous,chemtrails_gates_2018_2021,complete,220,77,3,false,0,0,0,,0,,,,,false,live,
T2c_H_hierarchical_science_journalist_2026-09-19_04-31-27,T2c_H_hierarchical_science_journalist,T2c_H,H,hierarchical,science_journalist,continuous,sai_geoengineering,complete,220,76,3,false,0,0,0,,0,,,,,false,live,
T2c_H_hierarchical_science_journalist_2026-09-19_04-31-27,T2c_H_hierarchical_science_journalist,T2c_H,H,hierarchical,science_journalist,continuous,paris_agreement,complete,220,65,41,false,0.0488,0.0335,0.9999999999999998,,0.0488,,,,,false,live,
T2c_H_hierarchical_science_journalist_2026-09-19_04-31-27,T2c_H_hierarchical_science_journalist,T2c_H,H,hierarchical,science_journalist,continuous,climate_consensus,complete,220,81,72,false,0,0,0,,0,,,,,false,live,
T2c_H_hierarchical_science_journalist_2026-09-19_04-31-27,T2c_H_hierarchical_science_journalist,T2c_H,H,hierarchical,science_journalist,continuous,polar_bears,complete,220,85,75,false,0,0,0,,0,,,,,false,live,
T2c_H_linear_chain_biodiversity_food_security_2026-09-19_02-52-45,T2c_H_linear_chain_biodiversity_food_security,T2c_H,H,linear_chain,biodiversity_food_security,continuous,scopex_2017,complete,61,7,6,false,0.5,0.5,0.9999999999999998,,0.5,,,,,false,live,
T2c_H_linear_chain_biodiversity_food_security_2026-09-19_02-52-45,T2c_H_linear_chain_biodiversity_food_security,T2c_H,H,linear_chain,biodiversity_food_security,continuous,chemtrails_gates_2018_2021,complete,61,6,5,false,1,1,0.9999999999999998,,1,,,,,false,live,
T2c_H_linear_chain_biodiversity_food_security_2026-09-19_02-52-45,T2c_H_linear_chain_biodiversity_food_security,T2c_H,H,linear_chain,biodiversity_food_security,continuous,sai_geoengineering,complete,61,6,5,false,0,0,0,,0,,,,,false,live,
T2c_H_linear_chain_biodiversity_food_security_2026-09-19_02-52-45,T2c_H_linear_chain_biodiversity_food_security,T2c_H,H,linear_chain,biodiversity_food_security,continuous,paris_agreement,complete,61,8,8,false,0,0,0,,0,,,,,false,live,
T2c_H_linear_chain_biodiversity_food_security_2026-09-19_02-52-45,T2c_H_linear_chain_biodiversity_food_security,T2c_H,H,linear_chain,biodiversity_food_security,continuous,climate_consensus,complete,61,2,1,true,0,0,0,,0,,,,,false,hatched_dead_after_llm,nScored <= 1 but llmCalls>0; keep the row; do not drop; do not read as mix immunises
T2c_H_linear_chain_biodiversity_food_security_2026-09-19_02-52-45,T2c_H_linear_chain_biodiversity_food_security,T2c_H,H,linear_chain,biodiversity_food_security,continuous,polar_bears,complete,61,8,7,false,0,0,0,,0,,,,,false,live,
T2c_H_linear_chain_climate_action_advocate_2026-09-19_02-50-46,T2c_H_linear_chain_climate_action_advocate,T2c_H,H,linear_chain,climate_action_advocate,continuous,scopex_2017,complete,67,8,8,false,0,0,0,,0,,,,,false,live,
T2c_H_linear_chain_climate_action_advocate_2026-09-19_02-50-46,T2c_H_linear_chain_climate_action_advocate,T2c_H,H,linear_chain,climate_action_advocate,continuous,chemtrails_gates_2018_2021,complete,67,8,8,false,0.9375,0.9375,0.9999999999999998,,0.9375,,,,,false,live,
T2c_H_linear_chain_climate_action_advocate_2026-09-19_02-50-46,T2c_H_linear_chain_climate_action_advocate,T2c_H,H,linear_chain,climate_action_advocate,continuous,sai_geoengineering,complete,67,3,2,false,0,0,0,,0,,,,,false,live,
T2c_H_linear_chain_climate_action_advocate_2026-09-19_02-50-46,T2c_H_linear_chain_climate_action_advocate,T2c_H,H,linear_chain,climate_action_advocate,continuous,paris_agreement,complete,67,8,8,false,0,0,0,,0,,,,,false,live,
T2c_H_linear_chain_climate_action_advocate_2026-09-19_02-50-46,T2c_H_linear_chain_climate_action_advocate,T2c_H,H,linear_chain,climate_action_advocate,continuous,climate_consensus,complete,67,4,3,false,0,0,0,,0,,,,,false,live,
T2c_H_linear_chain_climate_action_advocate_2026-09-19_02-50-46,T2c_H_linear_chain_climate_action_advocate,T2c_H,H,linear_chain,climate_action_advocate,continuous,polar_bears,complete,67,8,8,false,0,0,0,,0,,,,,false,live,
T2c_H_linear_chain_climate_justice_youth_2026-09-19_02-51-20,T2c_H_linear_chain_climate_justice_youth,T2c_H,H,linear_chain,climate_justice_youth,continuous,scopex_2017,complete,66,8,8,false,1.0625,1.0625,2.5,,1.0625,,,,,false,live,
T2c_H_linear_chain_climate_justice_youth_2026-09-19_02-51-20,T2c_H_linear_chain_climate_justice_youth,T2c_H,H,linear_chain,climate_justice_youth,continuous,chemtrails_gates_2018_2021,complete,66,8,8,false,0.875,0.875,0.9999999999999998,,0.875,,,,,false,live,
T2c_H_linear_chain_climate_justice_youth_2026-09-19_02-51-20,T2c_H_linear_chain_climate_justice_youth,T2c_H,H,linear_chain,climate_justice_youth,continuous,sai_geoengineering,complete,66,8,8,false,0,0,0,,0,,,,,false,live,
T2c_H_linear_chain_climate_justice_youth_2026-09-19_02-51-20,T2c_H_linear_chain_climate_justice_youth,T2c_H,H,linear_chain,climate_justice_youth,continuous,paris_agreement,complete,66,4,3,false,0,0,0,,0,,,,,false,live,
T2c_H_linear_chain_climate_justice_youth_2026-09-19_02-51-20,T2c_H_linear_chain_climate_justice_youth,T2c_H,H,linear_chain,climate_justice_youth,continuous,climate_consensus,complete,66,8,8,false,0.75,0.75,1.5000000000000002,,0.75,,,,,false,live,
T2c_H_linear_chain_climate_justice_youth_2026-09-19_02-51-20,T2c_H_linear_chain_climate_justice_youth,T2c_H,H,linear_chain,climate_justice_youth,continuous,polar_bears,complete,66,2,1,true,0,0,0,,0,,,,,false,hatched_dead_after_llm,nScored <= 1 but llmCalls>0; keep the row; do not drop; do not read as mix immunises
T2c_H_linear_chain_climate_scientist_2026-09-19_02-53-23,T2c_H_linear_chain_climate_scientist,T2c_H,H,linear_chain,climate_scientist,continuous,scopex_2017,complete,80,8,8,false,0,0,0,,0,,,,,false,live,
T2c_H_linear_chain_climate_scientist_2026-09-19_02-53-23,T2c_H_linear_chain_climate_scientist,T2c_H,H,linear_chain,climate_scientist,continuous,chemtrails_gates_2018_2021,complete,80,8,8,false,0,0,0,,0,,,,,false,live,
T2c_H_linear_chain_climate_scientist_2026-09-19_02-53-23,T2c_H_linear_chain_climate_scientist,T2c_H,H,linear_chain,climate_scientist,continuous,sai_geoengineering,complete,80,8,8,false,0,0,0,,0,,,,,false,live,
T2c_H_linear_chain_climate_scientist_2026-09-19_02-53-23,T2c_H_linear_chain_climate_scientist,T2c_H,H,linear_chain,climate_scientist,continuous,paris_agreement,complete,80,2,1,true,0,0,0,,0,,,,,false,hatched_dead_after_llm,nScored <= 1 but llmCalls>0; keep the row; do not drop; do not read as mix immunises
T2c_H_linear_chain_climate_scientist_2026-09-19_02-53-23,T2c_H_linear_chain_climate_scientist,T2c_H,H,linear_chain,climate_scientist,continuous,climate_consensus,complete,80,8,8,false,0,0,0,,0,,,,,false,live,
T2c_H_linear_chain_climate_scientist_2026-09-19_02-53-23,T2c_H_linear_chain_climate_scientist,T2c_H,H,linear_chain,climate_scientist,continuous,polar_bears,complete,80,8,8,false,0,0,0,,0,,,,,false,live,
T2c_H_linear_chain_conspiracy_believer_2026-09-19_02-49-25,T2c_H_linear_chain_conspiracy_believer,T2c_H,H,linear_chain,conspiracy_believer,continuous,scopex_2017,complete,83,8,8,false,1.5625,1.5625,3,,1.5625,,,,,false,live,
T2c_H_linear_chain_conspiracy_believer_2026-09-19_02-49-25,T2c_H_linear_chain_conspiracy_believer,T2c_H,H,linear_chain,conspiracy_believer,continuous,chemtrails_gates_2018_2021,complete,83,6,5,false,3,3,4,,3,,,,5,false,live,
T2c_H_linear_chain_conspiracy_believer_2026-09-19_02-49-25,T2c_H_linear_chain_conspiracy_believer,T2c_H,H,linear_chain,conspiracy_believer,continuous,sai_geoengineering,complete,83,8,8,false,0,0,0,,0,,,,,false,live,
T2c_H_linear_chain_conspiracy_believer_2026-09-19_02-49-25,T2c_H_linear_chain_conspiracy_believer,T2c_H,H,linear_chain,conspiracy_believer,continuous,paris_agreement,complete,83,8,8,false,4.75,4.75,5,,4.75,,,,7,false,live,
T2c_H_linear_chain_conspiracy_believer_2026-09-19_02-49-25,T2c_H_linear_chain_conspiracy_believer,T2c_H,H,linear_chain,conspiracy_believer,continuous,climate_consensus,complete,83,8,8,false,5,5,5,,5,,,,1,false,live,
T2c_H_linear_chain_conspiracy_believer_2026-09-19_02-49-25,T2c_H_linear_chain_conspiracy_believer,T2c_H,H,linear_chain,conspiracy_believer,continuous,polar_bears,complete,83,8,8,false,0,0,0,,0,,,,,false,live,
T2c_H_linear_chain_conspiracy_climate_piggyback_2026-09-19_02-49-25,T2c_H_linear_chain_conspiracy_climate_piggyback,T2c_H,H,linear_chain,conspiracy_climate_piggyback,continuous,scopex_2017,complete,53,3,2,false,0.25,0.25,0.4999999999999999,,0.25,,,,,false,live,
T2c_H_linear_chain_conspiracy_climate_piggyback_2026-09-19_02-49-25,T2c_H_linear_chain_conspiracy_climate_piggyback,T2c_H,H,linear_chain,conspiracy_climate_piggyback,continuous,chemtrails_gates_2018_2021,complete,53,8,8,false,2.9625,2.9625,4,,2.9625,,,,,false,live,
T2c_H_linear_chain_conspiracy_climate_piggyback_2026-09-19_02-49-25,T2c_H_linear_chain_conspiracy_climate_piggyback,T2c_H,H,linear_chain,conspiracy_climate_piggyback,continuous,sai_geoengineering,complete,53,3,2,false,0,0,0,,0,,,,,false,live,
T2c_H_linear_chain_conspiracy_climate_piggyback_2026-09-19_02-49-25,T2c_H_linear_chain_conspiracy_climate_piggyback,T2c_H,H,linear_chain,conspiracy_climate_piggyback,continuous,paris_agreement,complete,53,7,6,false,3.1667,3.1667,5,,3.1667,,,,4,false,live,
T2c_H_linear_chain_conspiracy_climate_piggyback_2026-09-19_02-49-25,T2c_H_linear_chain_conspiracy_climate_piggyback,T2c_H,H,linear_chain,conspiracy_climate_piggyback,continuous,climate_consensus,complete,53,2,1,true,5,5,5,,5,,,,1,false,hatched_dead_after_llm,nScored <= 1 but llmCalls>0; keep the row; do not drop; do not read as mix immunises
T2c_H_linear_chain_conspiracy_climate_piggyback_2026-09-19_02-49-25,T2c_H_linear_chain_conspiracy_climate_piggyback,T2c_H,H,linear_chain,conspiracy_climate_piggyback,continuous,polar_bears,complete,53,8,8,false,0,0,0,,0,,,,,false,live,
T2c_H_linear_chain_conspiracy_depopulation_2026-09-19_02-49-24,T2c_H_linear_chain_conspiracy_depopulation,T2c_H,H,linear_chain,conspiracy_depopulation,continuous,scopex_2017,complete,91,8,8,false,1.875,1.875,5,,1.875,,,,,false,live,
T2c_H_linear_chain_conspiracy_depopulation_2026-09-19_02-49-24,T2c_H_linear_chain_conspiracy_depopulation,T2c_H,H,linear_chain,conspiracy_depopulation,continuous,chemtrails_gates_2018_2021,complete,91,8,8,false,3.5625,3.5625,4,,3.5625,,,,2,false,live,
T2c_H_linear_chain_conspiracy_depopulation_2026-09-19_02-49-24,T2c_H_linear_chain_conspiracy_depopulation,T2c_H,H,linear_chain,conspiracy_depopulation,continuous,sai_geoengineering,complete,91,8,8,false,0,0,0,,0,,,,,false,live,
T2c_H_linear_chain_conspiracy_depopulation_2026-09-19_02-49-24,T2c_H_linear_chain_conspiracy_depopulation,T2c_H,H,linear_chain,conspiracy_depopulation,continuous,paris_agreement,complete,91,8,8,false,2.75,2.75,5,,2.75,,,,,false,live,
T2c_H_linear_chain_conspiracy_depopulation_2026-09-19_02-49-24,T2c_H_linear_chain_conspiracy_depopulation,T2c_H,H,linear_chain,conspiracy_depopulation,continuous,climate_consensus,complete,91,8,8,false,4.25,4.25,5,,4.25,,,,2,false,live,
T2c_H_linear_chain_conspiracy_depopulation_2026-09-19_02-49-24,T2c_H_linear_chain_conspiracy_depopulation,T2c_H,H,linear_chain,conspiracy_depopulation,continuous,polar_bears,complete,91,8,8,false,0,0,0,,0,,,,,false,live,
T2c_H_linear_chain_conspiracy_haarp_weather_2026-09-19_02-49-24,T2c_H_linear_chain_conspiracy_haarp_weather,T2c_H,H,linear_chain,conspiracy_haarp_weather,continuous,scopex_2017,complete,84,8,8,false,2.425,2.425,5,,2.425,,,,,false,live,
T2c_H_linear_chain_conspiracy_haarp_weather_2026-09-19_02-49-24,T2c_H_linear_chain_conspiracy_haarp_weather,T2c_H,H,linear_chain,conspiracy_haarp_weather,continuous,chemtrails_gates_2018_2021,complete,84,8,8,false,3.65,3.65,4,,3.65,,,,5,false,live,
T2c_H_linear_chain_conspiracy_haarp_weather_2026-09-19_02-49-24,T2c_H_linear_chain_conspiracy_haarp_weather,T2c_H,H,linear_chain,conspiracy_haarp_weather,continuous,sai_geoengineering,complete,84,8,8,false,0.125,0.125,0.9999999999999998,,0.125,,,,,false,live,
T2c_H_linear_chain_conspiracy_haarp_weather_2026-09-19_02-49-24,T2c_H_linear_chain_conspiracy_haarp_weather,T2c_H,H,linear_chain,conspiracy_haarp_weather,continuous,paris_agreement,complete,84,8,8,false,4.75,4.75,5,,4.75,,,,6,false,live,
T2c_H_linear_chain_conspiracy_haarp_weather_2026-09-19_02-49-24,T2c_H_linear_chain_conspiracy_haarp_weather,T2c_H,H,linear_chain,conspiracy_haarp_weather,continuous,climate_consensus,complete,84,6,5,false,5,5,5,,5,,,,1,false,live,
T2c_H_linear_chain_conspiracy_haarp_weather_2026-09-19_02-49-24,T2c_H_linear_chain_conspiracy_haarp_weather,T2c_H,H,linear_chain,conspiracy_haarp_weather,continuous,polar_bears,complete,84,8,8,false,0,0,0,,0,,,,,false,live,
T2c_H_linear_chain_environmental_concern_2026-09-19_02-51-57,T2c_H_linear_chain_environmental_concern,T2c_H,H,linear_chain,environmental_concern,continuous,scopex_2017,complete,67,8,8,false,0,0,0,,0,,,,,false,live,
T2c_H_linear_chain_environmental_concern_2026-09-19_02-51-57,T2c_H_linear_chain_environmental_concern,T2c_H,H,linear_chain,environmental_concern,continuous,chemtrails_gates_2018_2021,complete,67,8,7,false,1.1429,1.1429,2,,1.1429,,,,,false,live,
T2c_H_linear_chain_environmental_concern_2026-09-19_02-51-57,T2c_H_linear_chain_environmental_concern,T2c_H,H,linear_chain,environmental_concern,continuous,sai_geoengineering,complete,67,2,1,true,0,0,0,,0,,,,,false,hatched_dead_after_llm,nScored <= 1 but llmCalls>0; keep the row; do not drop; do not read as mix immunises
T2c_H_linear_chain_environmental_concern_2026-09-19_02-51-57,T2c_H_linear_chain_environmental_concern,T2c_H,H,linear_chain,environmental_concern,continuous,paris_agreement,complete,67,8,8,false,0,0,0,,0,,,,,false,live,
T2c_H_linear_chain_environmental_concern_2026-09-19_02-51-57,T2c_H_linear_chain_environmental_concern,T2c_H,H,linear_chain,environmental_concern,continuous,climate_consensus,complete,67,4,3,false,0,0,0,,0,,,,,false,live,
T2c_H_linear_chain_environmental_concern_2026-09-19_02-51-57,T2c_H_linear_chain_environmental_concern,T2c_H,H,linear_chain,environmental_concern,continuous,polar_bears,complete,67,8,8,false,0,0,0,,0,,,,,false,live,
T2c_H_linear_chain_mitigation_first_policy_2026-09-19_02-51-40,T2c_H_linear_chain_mitigation_first_policy,T2c_H,H,linear_chain,mitigation_first_policy,continuous,scopex_2017,complete,51,4,3,false,0,0,0,,0,,,,,false,live,
T2c_H_linear_chain_mitigation_first_policy_2026-09-19_02-51-40,T2c_H_linear_chain_mitigation_first_policy,T2c_H,H,linear_chain,mitigation_first_policy,continuous,chemtrails_gates_2018_2021,complete,51,8,8,false,0.3125,0.3125,0.4999999999999999,,0.3125,,,,,false,live,
T2c_H_linear_chain_mitigation_first_policy_2026-09-19_02-51-40,T2c_H_linear_chain_mitigation_first_policy,T2c_H,H,linear_chain,mitigation_first_policy,continuous,sai_geoengineering,complete,51,8,8,false,0,0,0,,0,,,,,false,live,
T2c_H_linear_chain_mitigation_first_policy_2026-09-19_02-51-40,T2c_H_linear_chain_mitigation_first_policy,T2c_H,H,linear_chain,mitigation_first_policy,continuous,paris_agreement,complete,51,1,0,true,,,,,,,,,,false,hatched_dead_after_llm,nScored <= 1 but llmCalls>0; keep the row; do not drop; do not read as mix immunises
T2c_H_linear_chain_mitigation_first_policy_2026-09-19_02-51-40,T2c_H_linear_chain_mitigation_first_policy,T2c_H,H,linear_chain,mitigation_first_policy,continuous,climate_consensus,complete,51,8,8,false,0.1875,0.1875,0.9999999999999998,,0.1875,,,,,false,live,
T2c_H_linear_chain_mitigation_first_policy_2026-09-19_02-51-40,T2c_H_linear_chain_mitigation_first_policy,T2c_H,H,linear_chain,mitigation_first_policy,continuous,polar_bears,complete,51,1,0,true,,,,,,,,,,false,hatched_dead_after_llm,nScored <= 1 but llmCalls>0; keep the row; do not drop; do not read as mix immunises
T2c_H_linear_chain_ozone_stratosphere_specialist_2026-09-19_02-52-16,T2c_H_linear_chain_ozone_stratosphere_specialist,T2c_H,H,linear_chain,ozone_stratosphere_specialist,continuous,scopex_2017,complete,76,8,8,false,0,0,0,,0,,,,,false,live,
T2c_H_linear_chain_ozone_stratosphere_specialist_2026-09-19_02-52-16,T2c_H_linear_chain_ozone_stratosphere_specialist,T2c_H,H,linear_chain,ozone_stratosphere_specialist,continuous,chemtrails_gates_2018_2021,complete,76,8,8,false,0.5,0.5,0.4999999999999999,,0.5,,,,,false,live,
T2c_H_linear_chain_ozone_stratosphere_specialist_2026-09-19_02-52-16,T2c_H_linear_chain_ozone_stratosphere_specialist,T2c_H,H,linear_chain,ozone_stratosphere_specialist,continuous,sai_geoengineering,complete,76,4,3,false,0,0,0,,0,,,,,false,live,
T2c_H_linear_chain_ozone_stratosphere_specialist_2026-09-19_02-52-16,T2c_H_linear_chain_ozone_stratosphere_specialist,T2c_H,H,linear_chain,ozone_stratosphere_specialist,continuous,paris_agreement,complete,76,8,8,false,0,0,0,,0,,,,,false,live,
T2c_H_linear_chain_ozone_stratosphere_specialist_2026-09-19_02-52-16,T2c_H_linear_chain_ozone_stratosphere_specialist,T2c_H,H,linear_chain,ozone_stratosphere_specialist,continuous,climate_consensus,complete,76,8,8,false,0,0,0,,0,,,,,false,live,
T2c_H_linear_chain_ozone_stratosphere_specialist_2026-09-19_02-52-16,T2c_H_linear_chain_ozone_stratosphere_specialist,T2c_H,H,linear_chain,ozone_stratosphere_specialist,continuous,polar_bears,complete,76,7,6,false,0.25,0.25,0.4999999999999999,,0.25,,,,,false,live,
T2c_H_linear_chain_science_journalist_2026-09-19_02-53-41,T2c_H_linear_chain_science_journalist,T2c_H,H,linear_chain,science_journalist,continuous,scopex_2017,complete,45,8,8,false,0,0,0,,0,,,,,false,live,
T2c_H_linear_chain_science_journalist_2026-09-19_02-53-41,T2c_H_linear_chain_science_journalist,T2c_H,H,linear_chain,science_journalist,continuous,chemtrails_gates_2018_2021,complete,45,8,8,false,0,0,0,,0,,,,,false,live,
T2c_H_linear_chain_science_journalist_2026-09-19_02-53-41,T2c_H_linear_chain_science_journalist,T2c_H,H,linear_chain,science_journalist,continuous,sai_geoengineering,complete,45,8,8,false,0,0,0,,0,,,,,false,live,
T2c_H_linear_chain_science_journalist_2026-09-19_02-53-41,T2c_H_linear_chain_science_journalist,T2c_H,H,linear_chain,science_journalist,continuous,paris_agreement,complete,45,2,1,true,0,0,0,,0,,,,,false,hatched_dead_after_llm,nScored <= 1 but llmCalls>0; keep the row; do not drop; do not read as mix immunises
T2c_H_linear_chain_science_journalist_2026-09-19_02-53-41,T2c_H_linear_chain_science_journalist,T2c_H,H,linear_chain,science_journalist,continuous,climate_consensus,complete,45,1,0,true,,,,,,,,,,false,hatched_dead_after_llm,nScored <= 1 but llmCalls>0; keep the row; do not drop; do not read as mix immunises
T2c_H_linear_chain_science_journalist_2026-09-19_02-53-41,T2c_H_linear_chain_science_journalist,T2c_H,H,linear_chain,science_journalist,continuous,polar_bears,complete,45,1,0,true,,,,,,,,,,false,hatched_dead_after_llm,nScored <= 1 but llmCalls>0; keep the row; do not drop; do not read as mix immunises
T2c_H_polarized_biodiversity_food_security_2026-09-19_04-36-59,T2c_H_polarized_biodiversity_food_security,T2c_H,H,polarized,biodiversity_food_security,continuous,scopex_2017,complete,918,137,122,false,0.373,0.3686,1.5000000000000002,,0.373,,,,,false,live,
T2c_H_polarized_biodiversity_food_security_2026-09-19_04-36-59,T2c_H_polarized_biodiversity_food_security,T2c_H,H,polarized,biodiversity_food_security,continuous,chemtrails_gates_2018_2021,complete,918,1,0,true,,,,,,,,,,false,hatched_dead_after_llm,nScored <= 1 but llmCalls>0; keep the row; do not drop; do not read as mix immunises
T2c_H_polarized_biodiversity_food_security_2026-09-19_04-36-59,T2c_H_polarized_biodiversity_food_security,T2c_H,H,polarized,biodiversity_food_security,continuous,sai_geoengineering,complete,918,144,124,false,0.225,0.2334,0.9999999999999998,,0.225,,,,,false,live,
T2c_H_polarized_biodiversity_food_security_2026-09-19_04-36-59,T2c_H_polarized_biodiversity_food_security,T2c_H,H,polarized,biodiversity_food_security,continuous,paris_agreement,complete,918,128,102,false,0.0098,0.0125,0.9999999999999998,,0.0098,,,,,false,live,
T2c_H_polarized_biodiversity_food_security_2026-09-19_04-36-59,T2c_H_polarized_biodiversity_food_security,T2c_H,H,polarized,biodiversity_food_security,continuous,climate_consensus,complete,918,138,114,false,0.2474,0.2478,0.9999999999999998,,0.2474,,,,,false,live,
T2c_H_polarized_biodiversity_food_security_2026-09-19_04-36-59,T2c_H_polarized_biodiversity_food_security,T2c_H,H,polarized,biodiversity_food_security,continuous,polar_bears,complete,918,141,117,false,0,0,0,,0,,,,,false,live,
T2c_H_polarized_climate_action_advocate_2026-09-19_04-30-42,T2c_H_polarized_climate_action_advocate,T2c_H,H,polarized,climate_action_advocate,continuous,scopex_2017,complete,37,143,8,false,0,0,0,,0,,,,,false,live,
T2c_H_polarized_climate_action_advocate_2026-09-19_04-30-42,T2c_H_polarized_climate_action_advocate,T2c_H,H,polarized,climate_action_advocate,continuous,chemtrails_gates_2018_2021,complete,37,1,0,true,,,,,,,,,,false,hatched_dead_after_llm,nScored <= 1 but llmCalls>0; keep the row; do not drop; do not read as mix immunises
T2c_H_polarized_climate_action_advocate_2026-09-19_04-30-42,T2c_H_polarized_climate_action_advocate,T2c_H,H,polarized,climate_action_advocate,continuous,sai_geoengineering,complete,37,125,3,false,0,0,0,,0,,,,,false,live,
T2c_H_polarized_climate_action_advocate_2026-09-19_04-30-42,T2c_H_polarized_climate_action_advocate,T2c_H,H,polarized,climate_action_advocate,continuous,paris_agreement,complete,37,138,4,false,0,0,0,,0,,,,,false,live,
T2c_H_polarized_climate_action_advocate_2026-09-19_04-30-42,T2c_H_polarized_climate_action_advocate,T2c_H,H,polarized,climate_action_advocate,continuous,climate_consensus,complete,37,130,5,false,0,0,0,,0,,,,,false,live,
T2c_H_polarized_climate_action_advocate_2026-09-19_04-30-42,T2c_H_polarized_climate_action_advocate,T2c_H,H,polarized,climate_action_advocate,continuous,polar_bears,complete,37,135,4,false,0,0,0,,0,,,,,false,live,
T2c_H_polarized_climate_justice_youth_2026-09-19_04-30-49,T2c_H_polarized_climate_justice_youth,T2c_H,H,polarized,climate_justice_youth,continuous,scopex_2017,complete,382,142,6,false,0,0,0,,0,,,,,false,live,
T2c_H_polarized_climate_justice_youth_2026-09-19_04-30-49,T2c_H_polarized_climate_justice_youth,T2c_H,H,polarized,climate_justice_youth,continuous,chemtrails_gates_2018_2021,complete,382,132,7,false,0,0,0,,0,,,,,false,live,
T2c_H_polarized_climate_justice_youth_2026-09-19_04-30-49,T2c_H_polarized_climate_justice_youth,T2c_H,H,polarized,climate_justice_youth,continuous,sai_geoengineering,complete,382,97,2,false,0,0,0,,0,,,,,false,live,
T2c_H_polarized_climate_justice_youth_2026-09-19_04-30-49,T2c_H_polarized_climate_justice_youth,T2c_H,H,polarized,climate_justice_youth,continuous,paris_agreement,complete,382,142,109,false,0.0413,0.0426,0.9999999999999998,,0.0413,,,,,false,live,
T2c_H_polarized_climate_justice_youth_2026-09-19_04-30-49,T2c_H_polarized_climate_justice_youth,T2c_H,H,polarized,climate_justice_youth,continuous,climate_consensus,complete,382,125,109,false,0,0,0,,0,,,,,false,live,
T2c_H_polarized_climate_justice_youth_2026-09-19_04-30-49,T2c_H_polarized_climate_justice_youth,T2c_H,H,polarized,climate_justice_youth,continuous,polar_bears,complete,382,142,125,false,0,0,0,,0,,,,,false,live,
T2c_H_polarized_climate_scientist_2026-09-19_04-42-33,T2c_H_polarized_climate_scientist,T2c_H,H,polarized,climate_scientist,continuous,scopex_2017,complete,920,142,125,false,0.016,0.0147,0.9999999999999998,,0.016,,,,,false,live,
T2c_H_polarized_climate_scientist_2026-09-19_04-42-33,T2c_H_polarized_climate_scientist,T2c_H,H,polarized,climate_scientist,continuous,chemtrails_gates_2018_2021,complete,920,145,126,false,0.0159,0.0135,0.4999999999999999,,0.0159,,,,,false,live,
T2c_H_polarized_climate_scientist_2026-09-19_04-42-33,T2c_H_polarized_climate_scientist,T2c_H,H,polarized,climate_scientist,continuous,sai_geoengineering,complete,920,1,0,true,,,,,,,,,,false,hatched_dead_after_llm,nScored <= 1 but llmCalls>0; keep the row; do not drop; do not read as mix immunises
T2c_H_polarized_climate_scientist_2026-09-19_04-42-33,T2c_H_polarized_climate_scientist,T2c_H,H,polarized,climate_scientist,continuous,paris_agreement,complete,920,140,121,false,0.0124,0.0107,0.9999999999999998,,0.0124,,,,,false,live,
T2c_H_polarized_climate_scientist_2026-09-19_04-42-33,T2c_H_polarized_climate_scientist,T2c_H,H,polarized,climate_scientist,continuous,climate_consensus,complete,920,142,119,false,0,0,0,,0,,,,,false,live,
T2c_H_polarized_climate_scientist_2026-09-19_04-42-33,T2c_H_polarized_climate_scientist,T2c_H,H,polarized,climate_scientist,continuous,polar_bears,complete,920,96,75,false,0,0,0,,0,,,,,false,live,
T2c_H_polarized_conspiracy_believer_2026-09-19_04-17-42,T2c_H_polarized_conspiracy_believer,T2c_H,H,polarized,conspiracy_believer,continuous,scopex_2017,complete,460,118,75,false,2.7867,2.7718,5,,2.7867,,,,,false,live,
T2c_H_polarized_conspiracy_believer_2026-09-19_04-17-42,T2c_H_polarized_conspiracy_believer,T2c_H,H,polarized,conspiracy_believer,continuous,chemtrails_gates_2018_2021,complete,460,1,0,true,,,,,,,,,,false,hatched_dead_after_llm,nScored <= 1 but llmCalls>0; keep the row; do not drop; do not read as mix immunises
T2c_H_polarized_conspiracy_believer_2026-09-19_04-17-42,T2c_H_polarized_conspiracy_believer,T2c_H,H,polarized,conspiracy_believer,continuous,sai_geoengineering,complete,460,129,18,false,0.2222,0.1667,0.9999999999999998,,0.2222,,,,,false,live,
T2c_H_polarized_conspiracy_believer_2026-09-19_04-17-42,T2c_H_polarized_conspiracy_believer,T2c_H,H,polarized,conspiracy_believer,continuous,paris_agreement,complete,460,135,10,false,4.6,4.4286,5,,4.6,,,,4,false,live,
T2c_H_polarized_conspiracy_believer_2026-09-19_04-17-42,T2c_H_polarized_conspiracy_believer,T2c_H,H,polarized,conspiracy_believer,continuous,climate_consensus,complete,460,144,2,false,5,5,5,,5,,,,7,false,live,
T2c_H_polarized_conspiracy_believer_2026-09-19_04-17-42,T2c_H_polarized_conspiracy_believer,T2c_H,H,polarized,conspiracy_believer,continuous,polar_bears,complete,460,145,8,false,0,0,0,,0,,,,,false,live,
T2c_H_polarized_conspiracy_climate_piggyback_2026-09-19_04-17-42,T2c_H_polarized_conspiracy_climate_piggyback,T2c_H,H,polarized,conspiracy_climate_piggyback,continuous,scopex_2017,complete,402,120,65,false,2.5846,2.4678,5,,2.5846,,,,,false,live,
T2c_H_polarized_conspiracy_climate_piggyback_2026-09-19_04-17-42,T2c_H_polarized_conspiracy_climate_piggyback,T2c_H,H,polarized,conspiracy_climate_piggyback,continuous,chemtrails_gates_2018_2021,complete,402,126,11,false,3.0455,3.0119,4,,3.0455,,,,8,false,live,
T2c_H_polarized_conspiracy_climate_piggyback_2026-09-19_04-17-42,T2c_H_polarized_conspiracy_climate_piggyback,T2c_H,H,polarized,conspiracy_climate_piggyback,continuous,sai_geoengineering,complete,402,1,0,true,,,,,,,,,,false,hatched_dead_after_llm,nScored <= 1 but llmCalls>0; keep the row; do not drop; do not read as mix immunises
T2c_H_polarized_conspiracy_climate_piggyback_2026-09-19_04-17-42,T2c_H_polarized_conspiracy_climate_piggyback,T2c_H,H,polarized,conspiracy_climate_piggyback,continuous,paris_agreement,complete,402,134,13,false,2.7615,2.7188,5,,2.7615,,,,,false,live,
T2c_H_polarized_conspiracy_climate_piggyback_2026-09-19_04-17-42,T2c_H_polarized_conspiracy_climate_piggyback,T2c_H,H,polarized,conspiracy_climate_piggyback,continuous,climate_consensus,complete,402,131,0,true,,,,,,,,,,false,hatched_dead_after_llm,nScored <= 1 but llmCalls>0; keep the row; do not drop; do not read as mix immunises
T2c_H_polarized_conspiracy_climate_piggyback_2026-09-19_04-17-42,T2c_H_polarized_conspiracy_climate_piggyback,T2c_H,H,polarized,conspiracy_climate_piggyback,continuous,polar_bears,complete,402,110,6,false,0,0,0,,0,,,,,false,live,
T2c_H_polarized_conspiracy_depopulation_2026-09-19_04-17-42,T2c_H_polarized_conspiracy_depopulation,T2c_H,H,polarized,conspiracy_depopulation,continuous,scopex_2017,complete,387,142,3,false,2,2,2.5,,2,,,,,false,live,
T2c_H_polarized_conspiracy_depopulation_2026-09-19_04-17-42,T2c_H_polarized_conspiracy_depopulation,T2c_H,H,polarized,conspiracy_depopulation,continuous,chemtrails_gates_2018_2021,complete,387,144,8,false,3.8125,3.8167,4,,3.8125,,,,4,false,live,
T2c_H_polarized_conspiracy_depopulation_2026-09-19_04-17-42,T2c_H_polarized_conspiracy_depopulation,T2c_H,H,polarized,conspiracy_depopulation,continuous,sai_geoengineering,complete,387,140,4,false,0.125,0.125,0.4999999999999999,,0.125,,,,,false,live,
T2c_H_polarized_conspiracy_depopulation_2026-09-19_04-17-42,T2c_H_polarized_conspiracy_depopulation,T2c_H,H,polarized,conspiracy_depopulation,continuous,paris_agreement,complete,387,138,4,false,4.75,4.75,5,,4.75,,,,5,false,live,
T2c_H_polarized_conspiracy_depopulation_2026-09-19_04-17-42,T2c_H_polarized_conspiracy_depopulation,T2c_H,H,polarized,conspiracy_depopulation,continuous,climate_consensus,complete,387,139,8,false,4.75,4.75,5,,4.75,,,,3,false,live,
T2c_H_polarized_conspiracy_depopulation_2026-09-19_04-17-42,T2c_H_polarized_conspiracy_depopulation,T2c_H,H,polarized,conspiracy_depopulation,continuous,polar_bears,complete,387,103,3,false,0,0,0,,0,,,,,false,live,
T2c_H_polarized_conspiracy_haarp_weather_2026-09-19_04-17-42,T2c_H_polarized_conspiracy_haarp_weather,T2c_H,H,polarized,conspiracy_haarp_weather,continuous,scopex_2017,complete,411,140,4,false,2.425,2.6167,3.2,,2.425,,,,8,false,live,
T2c_H_polarized_conspiracy_haarp_weather_2026-09-19_04-17-42,T2c_H_polarized_conspiracy_haarp_weather,T2c_H,H,polarized,conspiracy_haarp_weather,continuous,chemtrails_gates_2018_2021,complete,411,125,5,false,3.3,3.3,4,,3.3,,,,8,false,live,
T2c_H_polarized_conspiracy_haarp_weather_2026-09-19_04-17-42,T2c_H_polarized_conspiracy_haarp_weather,T2c_H,H,polarized,conspiracy_haarp_weather,continuous,sai_geoengineering,complete,411,141,3,false,1,1,0.9999999999999998,,1,,,,,false,live,
T2c_H_polarized_conspiracy_haarp_weather_2026-09-19_04-17-42,T2c_H_polarized_conspiracy_haarp_weather,T2c_H,H,polarized,conspiracy_haarp_weather,continuous,paris_agreement,complete,411,125,4,false,4.025,4.025,5,,4.025,,,,7,false,live,
T2c_H_polarized_conspiracy_haarp_weather_2026-09-19_04-17-42,T2c_H_polarized_conspiracy_haarp_weather,T2c_H,H,polarized,conspiracy_haarp_weather,continuous,climate_consensus,complete,411,142,5,false,4.8,4.8,5,,4.8,,,,6,false,live,
T2c_H_polarized_conspiracy_haarp_weather_2026-09-19_04-17-42,T2c_H_polarized_conspiracy_haarp_weather,T2c_H,H,polarized,conspiracy_haarp_weather,continuous,polar_bears,complete,411,145,6,false,0.0833,0.0833,0.4999999999999999,,0.0833,,,,,false,live,
T2c_H_polarized_environmental_concern_2026-09-19_04-31-45,T2c_H_polarized_environmental_concern,T2c_H,H,polarized,environmental_concern,continuous,scopex_2017,complete,764,142,115,false,0,0,0,,0,,,,,false,live,
T2c_H_polarized_environmental_concern_2026-09-19_04-31-45,T2c_H_polarized_environmental_concern,T2c_H,H,polarized,environmental_concern,continuous,chemtrails_gates_2018_2021,complete,764,145,126,false,0.0952,0.1122,0.4999999999999999,,0.0952,,,,,false,live,
T2c_H_polarized_environmental_concern_2026-09-19_04-31-45,T2c_H_polarized_environmental_concern,T2c_H,H,polarized,environmental_concern,continuous,sai_geoengineering,complete,764,141,122,false,0,0,0,,0,,,,,false,live,
T2c_H_polarized_environmental_concern_2026-09-19_04-31-45,T2c_H_polarized_environmental_concern,T2c_H,H,polarized,environmental_concern,continuous,paris_agreement,complete,764,109,94,false,0.0319,0.0327,0.9999999999999998,,0.0319,,,,,false,live,
T2c_H_polarized_environmental_concern_2026-09-19_04-31-45,T2c_H_polarized_environmental_concern,T2c_H,H,polarized,environmental_concern,continuous,climate_consensus,complete,764,138,119,false,0,0,0,,0,,,,,false,live,
T2c_H_polarized_environmental_concern_2026-09-19_04-31-45,T2c_H_polarized_environmental_concern,T2c_H,H,polarized,environmental_concern,continuous,polar_bears,complete,764,138,111,false,0,0,0,,0,,,,,false,live,
T2c_H_polarized_mitigation_first_policy_2026-09-19_04-31-35,T2c_H_polarized_mitigation_first_policy,T2c_H,H,polarized,mitigation_first_policy,continuous,scopex_2017,complete,727,136,118,false,0,0,0,,0,,,,,false,live,
T2c_H_polarized_mitigation_first_policy_2026-09-19_04-31-35,T2c_H_polarized_mitigation_first_policy,T2c_H,H,polarized,mitigation_first_policy,continuous,chemtrails_gates_2018_2021,complete,727,130,109,false,0,0,0,,0,,,,,false,live,
T2c_H_polarized_mitigation_first_policy_2026-09-19_04-31-35,T2c_H_polarized_mitigation_first_policy,T2c_H,H,polarized,mitigation_first_policy,continuous,sai_geoengineering,complete,727,75,67,false,0,0,0,,0,,,,,false,live,
T2c_H_polarized_mitigation_first_policy_2026-09-19_04-31-35,T2c_H_polarized_mitigation_first_policy,T2c_H,H,polarized,mitigation_first_policy,continuous,paris_agreement,complete,727,131,103,false,0.0049,0.0089,0.4999999999999999,,0.0049,,,,,false,live,
T2c_H_polarized_mitigation_first_policy_2026-09-19_04-31-35,T2c_H_polarized_mitigation_first_policy,T2c_H,H,polarized,mitigation_first_policy,continuous,climate_consensus,complete,727,144,126,false,0,0,0,,0,,,,,false,live,
T2c_H_polarized_mitigation_first_policy_2026-09-19_04-31-35,T2c_H_polarized_mitigation_first_policy,T2c_H,H,polarized,mitigation_first_policy,continuous,polar_bears,complete,727,145,123,false,0,0,0,,0,,,,,false,live,
T2c_H_polarized_ozone_stratosphere_specialist_2026-09-19_04-32-52,T2c_H_polarized_ozone_stratosphere_specialist,T2c_H,H,polarized,ozone_stratosphere_specialist,continuous,scopex_2017,complete,1061,144,126,false,0,0,0,,0,,,,,false,live,
T2c_H_polarized_ozone_stratosphere_specialist_2026-09-19_04-32-52,T2c_H_polarized_ozone_stratosphere_specialist,T2c_H,H,polarized,ozone_stratosphere_specialist,continuous,chemtrails_gates_2018_2021,complete,1061,118,104,false,0.851,0.8792,1.5000000000000002,,0.851,,,,,false,live,
T2c_H_polarized_ozone_stratosphere_specialist_2026-09-19_04-32-52,T2c_H_polarized_ozone_stratosphere_specialist,T2c_H,H,polarized,ozone_stratosphere_specialist,continuous,sai_geoengineering,complete,1061,107,95,false,0.0105,0.0139,0.9999999999999998,,0.0105,,,,,false,live,
T2c_H_polarized_ozone_stratosphere_specialist_2026-09-19_04-32-52,T2c_H_polarized_ozone_stratosphere_specialist,T2c_H,H,polarized,ozone_stratosphere_specialist,continuous,paris_agreement,complete,1061,140,112,false,0.192,0.263,3,,0.192,,,,,false,live,
T2c_H_polarized_ozone_stratosphere_specialist_2026-09-19_04-32-52,T2c_H_polarized_ozone_stratosphere_specialist,T2c_H,H,polarized,ozone_stratosphere_specialist,continuous,climate_consensus,complete,1061,143,120,false,0,0,0,,0,,,,,false,live,
T2c_H_polarized_ozone_stratosphere_specialist_2026-09-19_04-32-52,T2c_H_polarized_ozone_stratosphere_specialist,T2c_H,H,polarized,ozone_stratosphere_specialist,continuous,polar_bears,complete,1061,144,124,false,0,0,0,,0,,,,,false,live,
T2c_H_polarized_science_journalist_2026-09-19_04-43-11,T2c_H_polarized_science_journalist,T2c_H,H,polarized,science_journalist,continuous,scopex_2017,complete,859,89,74,false,0,0,0,,0,,,,,false,live,
T2c_H_polarized_science_journalist_2026-09-19_04-43-11,T2c_H_polarized_science_journalist,T2c_H,H,polarized,science_journalist,continuous,chemtrails_gates_2018_2021,complete,859,136,115,false,0.0365,0.0364,0.4999999999999999,,0.0365,,,,,false,live,
T2c_H_polarized_science_journalist_2026-09-19_04-43-11,T2c_H_polarized_science_journalist,T2c_H,H,polarized,science_journalist,continuous,sai_geoengineering,complete,859,3,1,true,0,0,0,,0,,,,,false,hatched_dead_after_llm,nScored <= 1 but llmCalls>0; keep the row; do not drop; do not read as mix immunises
T2c_H_polarized_science_journalist_2026-09-19_04-43-11,T2c_H_polarized_science_journalist,T2c_H,H,polarized,science_journalist,continuous,paris_agreement,complete,859,142,121,false,0.0785,0.0819,1.5000000000000002,,0.0785,,,,,false,live,
T2c_H_polarized_science_journalist_2026-09-19_04-43-11,T2c_H_polarized_science_journalist,T2c_H,H,polarized,science_journalist,continuous,climate_consensus,complete,859,140,122,false,0.0041,0.0035,0.4999999999999999,,0.0041,,,,,false,live,
T2c_H_polarized_science_journalist_2026-09-19_04-43-11,T2c_H_polarized_science_journalist,T2c_H,H,polarized,science_journalist,continuous,polar_bears,complete,859,143,121,false,0,0,0,,0,,,,,false,live,
T2c_H_random_er_biodiversity_food_security_2026-09-19_03-33-32,T2c_H_random_er_biodiversity_food_security,T2c_H,H,random_er,biodiversity_food_security,continuous,scopex_2017,complete,975,118,95,false,0.1,0.1023,0.4999999999999999,,0.1,,,,,false,live,
T2c_H_random_er_biodiversity_food_security_2026-09-19_03-33-32,T2c_H_random_er_biodiversity_food_security,T2c_H,H,random_er,biodiversity_food_security,continuous,chemtrails_gates_2018_2021,complete,975,127,110,false,1,1,0.9999999999999998,,1,,,,,false,live,
T2c_H_random_er_biodiversity_food_security_2026-09-19_03-33-32,T2c_H_random_er_biodiversity_food_security,T2c_H,H,random_er,biodiversity_food_security,continuous,sai_geoengineering,complete,975,108,90,false,0.0167,0.0146,0.9999999999999998,,0.0167,,,,,false,live,
T2c_H_random_er_biodiversity_food_security_2026-09-19_03-33-32,T2c_H_random_er_biodiversity_food_security,T2c_H,H,random_er,biodiversity_food_security,continuous,paris_agreement,complete,975,125,115,false,0,0,0,,0,,,,,false,live,
T2c_H_random_er_biodiversity_food_security_2026-09-19_03-33-32,T2c_H_random_er_biodiversity_food_security,T2c_H,H,random_er,biodiversity_food_security,continuous,climate_consensus,complete,975,116,106,false,0.1953,0.2028,0.9999999999999998,,0.1953,,,,,false,live,
T2c_H_random_er_biodiversity_food_security_2026-09-19_03-33-32,T2c_H_random_er_biodiversity_food_security,T2c_H,H,random_er,biodiversity_food_security,continuous,polar_bears,complete,975,119,102,false,0,0,0,,0,,,,,false,live,
T2c_H_random_er_climate_action_advocate_2026-09-19_03-10-51,T2c_H_random_er_climate_action_advocate,T2c_H,H,random_er,climate_action_advocate,continuous,scopex_2017,complete,781,118,99,false,0.5606,0.5641,1.5000000000000002,,0.5606,,,,,false,live,
T2c_H_random_er_climate_action_advocate_2026-09-19_03-10-51,T2c_H_random_er_climate_action_advocate,T2c_H,H,random_er,climate_action_advocate,continuous,chemtrails_gates_2018_2021,complete,781,125,109,false,1.0183,1.0167,2,,1.0183,,,,,false,live,
T2c_H_random_er_climate_action_advocate_2026-09-19_03-10-51,T2c_H_random_er_climate_action_advocate,T2c_H,H,random_er,climate_action_advocate,continuous,sai_geoengineering,complete,781,114,103,false,0,0,0,,0,,,,,false,live,
T2c_H_random_er_climate_action_advocate_2026-09-19_03-10-51,T2c_H_random_er_climate_action_advocate,T2c_H,H,random_er,climate_action_advocate,continuous,paris_agreement,complete,781,99,86,false,0.0116,0.0125,0.9999999999999998,,0.0116,,,,,false,live,
T2c_H_random_er_climate_action_advocate_2026-09-19_03-10-51,T2c_H_random_er_climate_action_advocate,T2c_H,H,random_er,climate_action_advocate,continuous,climate_consensus,complete,781,114,103,false,0.068,0.0666,0.9999999999999998,,0.068,,,,,false,live,
T2c_H_random_er_climate_action_advocate_2026-09-19_03-10-51,T2c_H_random_er_climate_action_advocate,T2c_H,H,random_er,climate_action_advocate,continuous,polar_bears,complete,781,1,0,true,,,,,,,,,,false,hatched_dead_after_llm,nScored <= 1 but llmCalls>0; keep the row; do not drop; do not read as mix immunises
T2c_H_random_er_climate_justice_youth_2026-09-19_03-21-04,T2c_H_random_er_climate_justice_youth,T2c_H,H,random_er,climate_justice_youth,continuous,scopex_2017,complete,634,105,96,false,0.1719,0.1911,3,,0.1719,,,,,false,live,
T2c_H_random_er_climate_justice_youth_2026-09-19_03-21-04,T2c_H_random_er_climate_justice_youth,T2c_H,H,random_er,climate_justice_youth,continuous,chemtrails_gates_2018_2021,complete,634,66,57,false,0.6667,0.7355,0.9999999999999998,,0.6667,,,,,false,live,
T2c_H_random_er_climate_justice_youth_2026-09-19_03-21-04,T2c_H_random_er_climate_justice_youth,T2c_H,H,random_er,climate_justice_youth,continuous,sai_geoengineering,complete,634,65,57,false,0.3158,0.3166,1.5000000000000002,,0.3158,,,,,false,live,
T2c_H_random_er_climate_justice_youth_2026-09-19_03-21-04,T2c_H_random_er_climate_justice_youth,T2c_H,H,random_er,climate_justice_youth,continuous,paris_agreement,complete,634,109,95,false,0,0,0,,0,,,,,false,live,
T2c_H_random_er_climate_justice_youth_2026-09-19_03-21-04,T2c_H_random_er_climate_justice_youth,T2c_H,H,random_er,climate_justice_youth,continuous,climate_consensus,complete,634,118,102,false,0.2206,0.2257,2,,0.2206,,,,,false,live,
T2c_H_random_er_climate_justice_youth_2026-09-19_03-21-04,T2c_H_random_er_climate_justice_youth,T2c_H,H,random_er,climate_justice_youth,continuous,polar_bears,complete,634,1,0,true,,,,,,,,,,false,hatched_dead_after_llm,nScored <= 1 but llmCalls>0; keep the row; do not drop; do not read as mix immunises
T2c_H_random_er_climate_scientist_2026-09-19_03-34-55,T2c_H_random_er_climate_scientist,T2c_H,H,random_er,climate_scientist,continuous,scopex_2017,complete,1018,162,132,false,0,0,0,,0,,,,,false,live,
T2c_H_random_er_climate_scientist_2026-09-19_03-34-55,T2c_H_random_er_climate_scientist,T2c_H,H,random_er,climate_scientist,continuous,chemtrails_gates_2018_2021,complete,1018,146,126,false,0.1222,0.1246,0.4999999999999999,,0.1222,,,,,false,live,
T2c_H_random_er_climate_scientist_2026-09-19_03-34-55,T2c_H_random_er_climate_scientist,T2c_H,H,random_er,climate_scientist,continuous,sai_geoengineering,complete,1018,158,136,false,0.0294,0.0277,2,,0.0294,,,,,false,live,
T2c_H_random_er_climate_scientist_2026-09-19_03-34-55,T2c_H_random_er_climate_scientist,T2c_H,H,random_er,climate_scientist,continuous,paris_agreement,complete,1018,1,0,true,,,,,,,,,,false,hatched_dead_after_llm,nScored <= 1 but llmCalls>0; keep the row; do not drop; do not read as mix immunises
T2c_H_random_er_climate_scientist_2026-09-19_03-34-55,T2c_H_random_er_climate_scientist,T2c_H,H,random_er,climate_scientist,continuous,climate_consensus,complete,1018,157,137,false,0,0,0,,0,,,,,false,live,
T2c_H_random_er_climate_scientist_2026-09-19_03-34-55,T2c_H_random_er_climate_scientist,T2c_H,H,random_er,climate_scientist,continuous,polar_bears,complete,1018,158,78,false,0.0064,0.0049,0.4999999999999999,,0.0064,,,,,false,live,
T2c_H_random_er_conspiracy_believer_2026-09-19_02-59-38,T2c_H_random_er_conspiracy_believer,T2c_H,H,random_er,conspiracy_believer,continuous,scopex_2017,complete,951,166,141,false,1.9468,1.9739,5,,1.9468,,,,,false,live,
T2c_H_random_er_conspiracy_believer_2026-09-19_02-59-38,T2c_H_random_er_conspiracy_believer,T2c_H,H,random_er,conspiracy_believer,continuous,chemtrails_gates_2018_2021,complete,951,1,0,true,,,,,,,,,,false,hatched_dead_after_llm,nScored <= 1 but llmCalls>0; keep the row; do not drop; do not read as mix immunises
T2c_H_random_er_conspiracy_believer_2026-09-19_02-59-38,T2c_H_random_er_conspiracy_believer,T2c_H,H,random_er,conspiracy_believer,continuous,sai_geoengineering,complete,951,1,0,true,,,,,,,,,,false,hatched_dead_after_llm,nScored <= 1 but llmCalls>0; keep the row; do not drop; do not read as mix immunises
T2c_H_random_er_conspiracy_believer_2026-09-19_02-59-38,T2c_H_random_er_conspiracy_believer,T2c_H,H,random_er,conspiracy_believer,continuous,paris_agreement,complete,951,177,154,false,4.6026,4.604,5,,4.6026,,,,2,false,live,
T2c_H_random_er_conspiracy_believer_2026-09-19_02-59-38,T2c_H_random_er_conspiracy_believer,T2c_H,H,random_er,conspiracy_believer,continuous,climate_consensus,complete,951,178,155,false,4.4839,4.4778,5,,4.4839,,,,3,false,live,
T2c_H_random_er_conspiracy_believer_2026-09-19_02-59-38,T2c_H_random_er_conspiracy_believer,T2c_H,H,random_er,conspiracy_believer,continuous,polar_bears,complete,951,176,150,false,0.05,0.0469,2.5,,0.05,,,,,false,live,
T2c_H_random_er_conspiracy_climate_piggyback_2026-09-19_03-00-50,T2c_H_random_er_conspiracy_climate_piggyback,T2c_H,H,random_er,conspiracy_climate_piggyback,continuous,scopex_2017,complete,1544,188,169,false,2.0136,2.0131,5,,2.0136,,,,,false,live,
T2c_H_random_er_conspiracy_climate_piggyback_2026-09-19_03-00-50,T2c_H_random_er_conspiracy_climate_piggyback,T2c_H,H,random_er,conspiracy_climate_piggyback,continuous,chemtrails_gates_2018_2021,complete,1544,182,150,false,3.248,3.2449,5,,3.248,,,,3,false,live,
T2c_H_random_er_conspiracy_climate_piggyback_2026-09-19_03-00-50,T2c_H_random_er_conspiracy_climate_piggyback,T2c_H,H,random_er,conspiracy_climate_piggyback,continuous,sai_geoengineering,complete,1544,188,153,false,0.7647,0.7684,3.5,,0.7647,,,,,false,live,
T2c_H_random_er_conspiracy_climate_piggyback_2026-09-19_03-00-50,T2c_H_random_er_conspiracy_climate_piggyback,T2c_H,H,random_er,conspiracy_climate_piggyback,continuous,paris_agreement,complete,1544,184,156,false,2.1564,2.1654,5,,2.1564,,,,,false,live,
T2c_H_random_er_conspiracy_climate_piggyback_2026-09-19_03-00-50,T2c_H_random_er_conspiracy_climate_piggyback,T2c_H,H,random_er,conspiracy_climate_piggyback,continuous,climate_consensus,complete,1544,188,169,false,4.9734,4.9728,5,,4.9734,,,,1,false,live,
T2c_H_random_er_conspiracy_climate_piggyback_2026-09-19_03-00-50,T2c_H_random_er_conspiracy_climate_piggyback,T2c_H,H,random_er,conspiracy_climate_piggyback,continuous,polar_bears,complete,1544,180,161,false,0,0,0,,0,,,,,false,live,
T2c_H_random_er_conspiracy_depopulation_2026-09-19_02-59-53,T2c_H_random_er_conspiracy_depopulation,T2c_H,H,random_er,conspiracy_depopulation,continuous,scopex_2017,complete,1136,142,118,false,1.0254,0.9842,5,,1.0254,,,,,false,live,
T2c_H_random_er_conspiracy_depopulation_2026-09-19_02-59-53,T2c_H_random_er_conspiracy_depopulation,T2c_H,H,random_er,conspiracy_depopulation,continuous,chemtrails_gates_2018_2021,complete,1136,141,119,false,3.1017,2.9736,5,,3.1017,,,,6,false,live,
T2c_H_random_er_conspiracy_depopulation_2026-09-19_02-59-53,T2c_H_random_er_conspiracy_depopulation,T2c_H,H,random_er,conspiracy_depopulation,continuous,sai_geoengineering,complete,1136,142,115,false,0.1061,0.0938,0.9999999999999998,,0.1061,,,,,false,live,
T2c_H_random_er_conspiracy_depopulation_2026-09-19_02-59-53,T2c_H_random_er_conspiracy_depopulation,T2c_H,H,random_er,conspiracy_depopulation,continuous,paris_agreement,complete,1136,127,104,false,3.7019,3.1976,5,,3.7019,,,,4,false,live,
T2c_H_random_er_conspiracy_depopulation_2026-09-19_02-59-53,T2c_H_random_er_conspiracy_depopulation,T2c_H,H,random_er,conspiracy_depopulation,continuous,climate_consensus,complete,1136,139,125,false,4.904,4.3248,5,,4.904,,,,2,false,live,
T2c_H_random_er_conspiracy_depopulation_2026-09-19_02-59-53,T2c_H_random_er_conspiracy_depopulation,T2c_H,H,random_er,conspiracy_depopulation,continuous,polar_bears,complete,1136,143,120,false,0,0,0,,0,,,,,false,live,
T2c_H_random_er_conspiracy_haarp_weather_2026-09-19_02-59-41,T2c_H_random_er_conspiracy_haarp_weather,T2c_H,H,random_er,conspiracy_haarp_weather,continuous,scopex_2017,complete,570,132,114,false,2.6412,2.6344,5,,2.6412,,,,,false,live,
T2c_H_random_er_conspiracy_haarp_weather_2026-09-19_02-59-41,T2c_H_random_er_conspiracy_haarp_weather,T2c_H,H,random_er,conspiracy_haarp_weather,continuous,chemtrails_gates_2018_2021,complete,570,1,0,true,,,,,,,,,,false,hatched_dead_after_llm,nScored <= 1 but llmCalls>0; keep the row; do not drop; do not read as mix immunises
T2c_H_random_er_conspiracy_haarp_weather_2026-09-19_02-59-41,T2c_H_random_er_conspiracy_haarp_weather,T2c_H,H,random_er,conspiracy_haarp_weather,continuous,sai_geoengineering,complete,570,142,120,false,0.1458,0.1511,1.5000000000000002,,0.1458,,,,,false,live,
T2c_H_random_er_conspiracy_haarp_weather_2026-09-19_02-59-41,T2c_H_random_er_conspiracy_haarp_weather,T2c_H,H,random_er,conspiracy_haarp_weather,continuous,paris_agreement,complete,570,149,124,false,3.7798,3.7943,5,,3.7798,,,,3,false,live,
T2c_H_random_er_conspiracy_haarp_weather_2026-09-19_02-59-41,T2c_H_random_er_conspiracy_haarp_weather,T2c_H,H,random_er,conspiracy_haarp_weather,continuous,climate_consensus,complete,570,1,0,true,,,,,,,,,,false,hatched_dead_after_llm,nScored <= 1 but llmCalls>0; keep the row; do not drop; do not read as mix immunises
T2c_H_random_er_conspiracy_haarp_weather_2026-09-19_02-59-41,T2c_H_random_er_conspiracy_haarp_weather,T2c_H,H,random_er,conspiracy_haarp_weather,continuous,polar_bears,complete,570,1,0,true,,,,,,,,,,false,hatched_dead_after_llm,nScored <= 1 but llmCalls>0; keep the row; do not drop; do not read as mix immunises
T2c_H_random_er_environmental_concern_2026-09-19_03-26-13,T2c_H_random_er_environmental_concern,T2c_H,H,random_er,environmental_concern,continuous,scopex_2017,complete,828,137,113,false,0,0,0,,0,,,,,false,live,
T2c_H_random_er_environmental_concern_2026-09-19_03-26-13,T2c_H_random_er_environmental_concern,T2c_H,H,random_er,environmental_concern,continuous,chemtrails_gates_2018_2021,complete,828,159,141,false,1.0071,1.0078,2,,1.0071,,,,,false,live,
T2c_H_random_er_environmental_concern_2026-09-19_03-26-13,T2c_H_random_er_environmental_concern,T2c_H,H,random_er,environmental_concern,continuous,sai_geoengineering,complete,828,1,0,true,,,,,,,,,,false,hatched_dead_after_llm,nScored <= 1 but llmCalls>0; keep the row; do not drop; do not read as mix immunises
T2c_H_random_er_environmental_concern_2026-09-19_03-26-13,T2c_H_random_er_environmental_concern,T2c_H,H,random_er,environmental_concern,continuous,paris_agreement,complete,828,149,125,false,0.3008,0.3057,3,,0.3008,,,,,false,live,
T2c_H_random_er_environmental_concern_2026-09-19_03-26-13,T2c_H_random_er_environmental_concern,T2c_H,H,random_er,environmental_concern,continuous,climate_consensus,complete,828,157,130,false,0.0615,0.0655,0.9999999999999998,,0.0615,,,,,false,live,
T2c_H_random_er_environmental_concern_2026-09-19_03-26-13,T2c_H_random_er_environmental_concern,T2c_H,H,random_er,environmental_concern,continuous,polar_bears,complete,828,1,0,true,,,,,,,,,,false,hatched_dead_after_llm,nScored <= 1 but llmCalls>0; keep the row; do not drop; do not read as mix immunises
T2c_H_random_er_mitigation_first_policy_2026-09-19_03-24-12,T2c_H_random_er_mitigation_first_policy,T2c_H,H,random_er,mitigation_first_policy,continuous,scopex_2017,complete,822,65,55,false,0.1,0.1003,0.4999999999999999,,0.1,,,,,false,live,
T2c_H_random_er_mitigation_first_policy_2026-09-19_03-24-12,T2c_H_random_er_mitigation_first_policy,T2c_H,H,random_er,mitigation_first_policy,continuous,chemtrails_gates_2018_2021,complete,822,144,123,false,0.0894,0.0901,0.4999999999999999,,0.0894,,,,,false,live,
T2c_H_random_er_mitigation_first_policy_2026-09-19_03-24-12,T2c_H_random_er_mitigation_first_policy,T2c_H,H,random_er,mitigation_first_policy,continuous,sai_geoengineering,complete,822,139,119,false,0.0252,0.025,2,,0.0252,,,,,false,live,
T2c_H_random_er_mitigation_first_policy_2026-09-19_03-24-12,T2c_H_random_er_mitigation_first_policy,T2c_H,H,random_er,mitigation_first_policy,continuous,paris_agreement,complete,822,131,116,false,0.0103,0.0083,0.9999999999999998,,0.0103,,,,,false,live,
T2c_H_random_er_mitigation_first_policy_2026-09-19_03-24-12,T2c_H_random_er_mitigation_first_policy,T2c_H,H,random_er,mitigation_first_policy,continuous,climate_consensus,complete,822,1,0,true,,,,,,,,,,false,hatched_dead_after_llm,nScored <= 1 but llmCalls>0; keep the row; do not drop; do not read as mix immunises
T2c_H_random_er_mitigation_first_policy_2026-09-19_03-24-12,T2c_H_random_er_mitigation_first_policy,T2c_H,H,random_er,mitigation_first_policy,continuous,polar_bears,complete,822,131,111,false,0.0045,0.0045,0.4999999999999999,,0.0045,,,,,false,live,
T2c_H_random_er_ozone_stratosphere_specialist_2026-09-19_03-33-20,T2c_H_random_er_ozone_stratosphere_specialist,T2c_H,H,random_er,ozone_stratosphere_specialist,continuous,scopex_2017,complete,78,3,2,false,0,0,0,,0,,,,,false,live,
T2c_H_random_er_ozone_stratosphere_specialist_2026-09-19_03-33-20,T2c_H_random_er_ozone_stratosphere_specialist,T2c_H,H,random_er,ozone_stratosphere_specialist,continuous,chemtrails_gates_2018_2021,complete,78,1,0,true,,,,,,,,,,false,hatched_dead_after_llm,nScored <= 1 but llmCalls>0; keep the row; do not drop; do not read as mix immunises
T2c_H_random_er_ozone_stratosphere_specialist_2026-09-19_03-33-20,T2c_H_random_er_ozone_stratosphere_specialist,T2c_H,H,random_er,ozone_stratosphere_specialist,continuous,sai_geoengineering,complete,78,21,17,false,0,0,0,,0,,,,,false,live,
T2c_H_random_er_ozone_stratosphere_specialist_2026-09-19_03-33-20,T2c_H_random_er_ozone_stratosphere_specialist,T2c_H,H,random_er,ozone_stratosphere_specialist,continuous,paris_agreement,complete,78,2,1,true,0,0,0,,0,,,,,false,hatched_dead_after_llm,nScored <= 1 but llmCalls>0; keep the row; do not drop; do not read as mix immunises
T2c_H_random_er_ozone_stratosphere_specialist_2026-09-19_03-33-20,T2c_H_random_er_ozone_stratosphere_specialist,T2c_H,H,random_er,ozone_stratosphere_specialist,continuous,climate_consensus,complete,78,1,0,true,,,,,,,,,,false,hatched_dead_after_llm,nScored <= 1 but llmCalls>0; keep the row; do not drop; do not read as mix immunises
T2c_H_random_er_ozone_stratosphere_specialist_2026-09-19_03-33-20,T2c_H_random_er_ozone_stratosphere_specialist,T2c_H,H,random_er,ozone_stratosphere_specialist,continuous,polar_bears,complete,78,35,31,false,0,0,0,,0,,,,,false,live,
T2c_H_random_er_science_journalist_2026-09-19_03-41-14,T2c_H_random_er_science_journalist,T2c_H,H,random_er,science_journalist,continuous,scopex_2017,complete,868,158,138,false,0.0036,0.0031,0.4999999999999999,,0.0036,,,,,false,live,
T2c_H_random_er_science_journalist_2026-09-19_03-41-14,T2c_H_random_er_science_journalist,T2c_H,H,random_er,science_journalist,continuous,chemtrails_gates_2018_2021,complete,868,159,97,false,0.0361,0.0821,0.4999999999999999,,0.0361,,,,,false,live,
T2c_H_random_er_science_journalist_2026-09-19_03-41-14,T2c_H_random_er_science_journalist,T2c_H,H,random_er,science_journalist,continuous,sai_geoengineering,complete,868,158,20,false,0,0,0,,0,,,,,false,live,
T2c_H_random_er_science_journalist_2026-09-19_03-41-14,T2c_H_random_er_science_journalist,T2c_H,H,random_er,science_journalist,continuous,paris_agreement,complete,868,155,101,false,0.0099,0.0089,0.9999999999999998,,0.0099,,,,,false,live,
T2c_H_random_er_science_journalist_2026-09-19_03-41-14,T2c_H_random_er_science_journalist,T2c_H,H,random_er,science_journalist,continuous,climate_consensus,complete,868,1,0,true,,,,,,,,,,false,hatched_dead_after_llm,nScored <= 1 but llmCalls>0; keep the row; do not drop; do not read as mix immunises
T2c_H_random_er_science_journalist_2026-09-19_03-41-14,T2c_H_random_er_science_journalist,T2c_H,H,random_er,science_journalist,continuous,polar_bears,complete,868,146,123,false,0,0,0,,0,,,,,false,live,
T2c_H_ring_biodiversity_food_security_2026-09-19_02-58-51,T2c_H_ring_biodiversity_food_security,T2c_H,H,ring,biodiversity_food_security,continuous,scopex_2017,complete,72,8,8,false,0,0,0,,0,,,,,false,live,
T2c_H_ring_biodiversity_food_security_2026-09-19_02-58-51,T2c_H_ring_biodiversity_food_security,T2c_H,H,ring,biodiversity_food_security,continuous,chemtrails_gates_2018_2021,complete,72,8,8,false,1,1,0.9999999999999998,,1,,,,,false,live,
T2c_H_ring_biodiversity_food_security_2026-09-19_02-58-51,T2c_H_ring_biodiversity_food_security,T2c_H,H,ring,biodiversity_food_security,continuous,sai_geoengineering,complete,72,1,0,true,,,,,,,,,,false,hatched_dead_after_llm,nScored <= 1 but llmCalls>0; keep the row; do not drop; do not read as mix immunises
T2c_H_ring_biodiversity_food_security_2026-09-19_02-58-51,T2c_H_ring_biodiversity_food_security,T2c_H,H,ring,biodiversity_food_security,continuous,paris_agreement,complete,72,8,8,false,0.5625,0.5625,0.9999999999999998,,0.5625,,,,,false,live,
T2c_H_ring_biodiversity_food_security_2026-09-19_02-58-51,T2c_H_ring_biodiversity_food_security,T2c_H,H,ring,biodiversity_food_security,continuous,climate_consensus,complete,72,7,6,false,0.1167,0.1167,0.7000000000000001,,0.1167,,,,,false,live,
T2c_H_ring_biodiversity_food_security_2026-09-19_02-58-51,T2c_H_ring_biodiversity_food_security,T2c_H,H,ring,biodiversity_food_security,continuous,polar_bears,complete,72,8,8,false,0,0,0,,0,,,,,false,live,
T2c_H_ring_climate_action_advocate_2026-09-19_02-56-04,T2c_H_ring_climate_action_advocate,T2c_H,H,ring,climate_action_advocate,continuous,scopex_2017,complete,77,8,8,false,0.3125,0.3125,0.4999999999999999,,0.3125,,,,,false,live,
T2c_H_ring_climate_action_advocate_2026-09-19_02-56-04,T2c_H_ring_climate_action_advocate,T2c_H,H,ring,climate_action_advocate,continuous,chemtrails_gates_2018_2021,complete,77,8,8,false,1,1,0.9999999999999998,,1,,,,,false,live,
T2c_H_ring_climate_action_advocate_2026-09-19_02-56-04,T2c_H_ring_climate_action_advocate,T2c_H,H,ring,climate_action_advocate,continuous,sai_geoengineering,complete,77,8,8,false,0,0,0,,0,,,,,false,live,
T2c_H_ring_climate_action_advocate_2026-09-19_02-56-04,T2c_H_ring_climate_action_advocate,T2c_H,H,ring,climate_action_advocate,continuous,paris_agreement,complete,77,6,5,false,0,0,0,,0,,,,,false,live,
T2c_H_ring_climate_action_advocate_2026-09-19_02-56-04,T2c_H_ring_climate_action_advocate,T2c_H,H,ring,climate_action_advocate,continuous,climate_consensus,complete,77,8,8,false,0.375,0.375,0.9999999999999998,,0.375,,,,,false,live,
T2c_H_ring_climate_action_advocate_2026-09-19_02-56-04,T2c_H_ring_climate_action_advocate,T2c_H,H,ring,climate_action_advocate,continuous,polar_bears,complete,77,5,4,false,0,0,0,,0,,,,,false,live,
T2c_H_ring_climate_justice_youth_2026-09-19_02-56-14,T2c_H_ring_climate_justice_youth,T2c_H,H,ring,climate_justice_youth,continuous,scopex_2017,complete,59,1,0,true,,,,,,,,,,false,hatched_dead_after_llm,nScored <= 1 but llmCalls>0; keep the row; do not drop; do not read as mix immunises
T2c_H_ring_climate_justice_youth_2026-09-19_02-56-14,T2c_H_ring_climate_justice_youth,T2c_H,H,ring,climate_justice_youth,continuous,chemtrails_gates_2018_2021,complete,59,5,4,false,0.625,0.625,0.9999999999999998,,0.625,,,,,false,live,
T2c_H_ring_climate_justice_youth_2026-09-19_02-56-14,T2c_H_ring_climate_justice_youth,T2c_H,H,ring,climate_justice_youth,continuous,sai_geoengineering,complete,59,8,8,false,0.0625,0.0625,0.4999999999999999,,0.0625,,,,,false,live,
T2c_H_ring_climate_justice_youth_2026-09-19_02-56-14,T2c_H_ring_climate_justice_youth,T2c_H,H,ring,climate_justice_youth,continuous,paris_agreement,complete,59,4,3,false,0,0,0,,0,,,,,false,live,
T2c_H_ring_climate_justice_youth_2026-09-19_02-56-14,T2c_H_ring_climate_justice_youth,T2c_H,H,ring,climate_justice_youth,continuous,climate_consensus,complete,59,8,8,false,0.5625,0.5625,0.9999999999999998,,0.5625,,,,,false,live,
T2c_H_ring_climate_justice_youth_2026-09-19_02-56-14,T2c_H_ring_climate_justice_youth,T2c_H,H,ring,climate_justice_youth,continuous,polar_bears,complete,59,8,8,false,0,0,0,,0,,,,,false,live,
T2c_H_ring_climate_scientist_2026-09-19_02-58-51,T2c_H_ring_climate_scientist,T2c_H,H,ring,climate_scientist,continuous,scopex_2017,complete,83,4,3,false,0,0,0,,0,,,,,false,live,
T2c_H_ring_climate_scientist_2026-09-19_02-58-51,T2c_H_ring_climate_scientist,T2c_H,H,ring,climate_scientist,continuous,chemtrails_gates_2018_2021,complete,83,8,8,false,0,0,0,,0,,,,,false,live,
T2c_H_ring_climate_scientist_2026-09-19_02-58-51,T2c_H_ring_climate_scientist,T2c_H,H,ring,climate_scientist,continuous,sai_geoengineering,complete,83,8,8,false,0.125,0.125,0.9999999999999998,,0.125,,,,,false,live,
T2c_H_ring_climate_scientist_2026-09-19_02-58-51,T2c_H_ring_climate_scientist,T2c_H,H,ring,climate_scientist,continuous,paris_agreement,complete,83,8,8,false,0,0,0,,0,,,,,false,live,
T2c_H_ring_climate_scientist_2026-09-19_02-58-51,T2c_H_ring_climate_scientist,T2c_H,H,ring,climate_scientist,continuous,climate_consensus,complete,83,8,8,false,0,0,0,,0,,,,,false,live,
T2c_H_ring_climate_scientist_2026-09-19_02-58-51,T2c_H_ring_climate_scientist,T2c_H,H,ring,climate_scientist,continuous,polar_bears,complete,83,8,8,false,0,0,0,,0,,,,,false,live,
T2c_H_ring_conspiracy_believer_2026-09-19_02-54-16,T2c_H_ring_conspiracy_believer,T2c_H,H,ring,conspiracy_believer,continuous,scopex_2017,complete,67,8,8,false,1.5625,1.5625,3,,1.5625,,,,,false,live,
T2c_H_ring_conspiracy_believer_2026-09-19_02-54-16,T2c_H_ring_conspiracy_believer,T2c_H,H,ring,conspiracy_believer,continuous,chemtrails_gates_2018_2021,complete,67,8,8,false,3.25,3.25,3.5,,3.25,,,,6,false,live,
T2c_H_ring_conspiracy_believer_2026-09-19_02-54-16,T2c_H_ring_conspiracy_believer,T2c_H,H,ring,conspiracy_believer,continuous,sai_geoengineering,complete,67,3,2,false,0.5,0.5,0.9999999999999998,,0.5,,,,,false,live,
T2c_H_ring_conspiracy_believer_2026-09-19_02-54-16,T2c_H_ring_conspiracy_believer,T2c_H,H,ring,conspiracy_believer,continuous,paris_agreement,complete,67,8,8,false,4.25,4.25,5,,4.25,,,,8,false,live,
T2c_H_ring_conspiracy_believer_2026-09-19_02-54-16,T2c_H_ring_conspiracy_believer,T2c_H,H,ring,conspiracy_believer,continuous,climate_consensus,complete,67,6,5,false,5,5,5,,5,,,,1,false,live,
T2c_H_ring_conspiracy_believer_2026-09-19_02-54-16,T2c_H_ring_conspiracy_believer,T2c_H,H,ring,conspiracy_believer,continuous,polar_bears,complete,67,6,5,false,0,0,0,,0,,,,,false,live,
T2c_H_ring_conspiracy_climate_piggyback_2026-09-19_02-55-28,T2c_H_ring_conspiracy_climate_piggyback,T2c_H,H,ring,conspiracy_climate_piggyback,continuous,scopex_2017,complete,91,8,8,false,2.125,2.125,5,,2.125,,,,,false,live,
T2c_H_ring_conspiracy_climate_piggyback_2026-09-19_02-55-28,T2c_H_ring_conspiracy_climate_piggyback,T2c_H,H,ring,conspiracy_climate_piggyback,continuous,chemtrails_gates_2018_2021,complete,91,8,8,false,3.5625,3.5625,4.5,,3.5625,,,,4,false,live,
T2c_H_ring_conspiracy_climate_piggyback_2026-09-19_02-55-28,T2c_H_ring_conspiracy_climate_piggyback,T2c_H,H,ring,conspiracy_climate_piggyback,continuous,sai_geoengineering,complete,91,8,8,false,0.1875,0.1875,0.9999999999999998,,0.1875,,,,,false,live,
T2c_H_ring_conspiracy_climate_piggyback_2026-09-19_02-55-28,T2c_H_ring_conspiracy_climate_piggyback,T2c_H,H,ring,conspiracy_climate_piggyback,continuous,paris_agreement,complete,91,8,8,false,3.25,3.25,5,,3.25,,,,8,false,live,
T2c_H_ring_conspiracy_climate_piggyback_2026-09-19_02-55-28,T2c_H_ring_conspiracy_climate_piggyback,T2c_H,H,ring,conspiracy_climate_piggyback,continuous,climate_consensus,complete,91,8,8,false,5,5,5,,5,,,,1,false,live,
T2c_H_ring_conspiracy_climate_piggyback_2026-09-19_02-55-28,T2c_H_ring_conspiracy_climate_piggyback,T2c_H,H,ring,conspiracy_climate_piggyback,continuous,polar_bears,complete,91,8,8,false,0,0,0,,0,,,,,false,live,
T2c_H_ring_conspiracy_depopulation_2026-09-19_02-54-43,T2c_H_ring_conspiracy_depopulation,T2c_H,H,ring,conspiracy_depopulation,continuous,scopex_2017,complete,75,8,8,false,1.75,1.75,4,,1.75,,,,,false,live,
T2c_H_ring_conspiracy_depopulation_2026-09-19_02-54-43,T2c_H_ring_conspiracy_depopulation,T2c_H,H,ring,conspiracy_depopulation,continuous,chemtrails_gates_2018_2021,complete,75,8,8,false,3.025,3.025,4,,3.025,,,,6,false,live,
T2c_H_ring_conspiracy_depopulation_2026-09-19_02-54-43,T2c_H_ring_conspiracy_depopulation,T2c_H,H,ring,conspiracy_depopulation,continuous,sai_geoengineering,complete,75,8,8,false,0.25,0.25,0.9999999999999998,,0.25,,,,,false,live,
T2c_H_ring_conspiracy_depopulation_2026-09-19_02-54-43,T2c_H_ring_conspiracy_depopulation,T2c_H,H,ring,conspiracy_depopulation,continuous,paris_agreement,complete,75,8,8,false,3.5875,3.5875,5,,3.5875,,,,6,false,live,
T2c_H_ring_conspiracy_depopulation_2026-09-19_02-54-43,T2c_H_ring_conspiracy_depopulation,T2c_H,H,ring,conspiracy_depopulation,continuous,climate_consensus,complete,75,1,0,true,,,,,,,,,,false,hatched_dead_after_llm,nScored <= 1 but llmCalls>0; keep the row; do not drop; do not read as mix immunises
T2c_H_ring_conspiracy_depopulation_2026-09-19_02-54-43,T2c_H_ring_conspiracy_depopulation,T2c_H,H,ring,conspiracy_depopulation,continuous,polar_bears,complete,75,7,6,false,0,0,0,,0,,,,,false,live,
T2c_H_ring_conspiracy_haarp_weather_2026-09-19_02-54-16,T2c_H_ring_conspiracy_haarp_weather,T2c_H,H,ring,conspiracy_haarp_weather,continuous,scopex_2017,complete,75,8,8,false,3.4375,3.4375,5,,3.4375,,,,,false,live,
T2c_H_ring_conspiracy_haarp_weather_2026-09-19_02-54-16,T2c_H_ring_conspiracy_haarp_weather,T2c_H,H,ring,conspiracy_haarp_weather,continuous,chemtrails_gates_2018_2021,complete,75,8,8,false,3.375,3.375,4,,3.375,,,,7,false,live,
T2c_H_ring_conspiracy_haarp_weather_2026-09-19_02-54-16,T2c_H_ring_conspiracy_haarp_weather,T2c_H,H,ring,conspiracy_haarp_weather,continuous,sai_geoengineering,complete,75,8,8,false,2.0625,2.0625,4,,2.0625,,,,,false,live,
T2c_H_ring_conspiracy_haarp_weather_2026-09-19_02-54-16,T2c_H_ring_conspiracy_haarp_weather,T2c_H,H,ring,conspiracy_haarp_weather,continuous,paris_agreement,complete,75,1,0,true,,,,,,,,,,false,hatched_dead_after_llm,nScored <= 1 but llmCalls>0; keep the row; do not drop; do not read as mix immunises
T2c_H_ring_conspiracy_haarp_weather_2026-09-19_02-54-16,T2c_H_ring_conspiracy_haarp_weather,T2c_H,H,ring,conspiracy_haarp_weather,continuous,climate_consensus,complete,75,8,8,false,4.75,4.75,5,,4.75,,,,1,false,live,
T2c_H_ring_conspiracy_haarp_weather_2026-09-19_02-54-16,T2c_H_ring_conspiracy_haarp_weather,T2c_H,H,ring,conspiracy_haarp_weather,continuous,polar_bears,complete,75,8,8,false,0,0,0,,0,,,,,false,live,
T2c_H_ring_environmental_concern_2026-09-19_02-58-51,T2c_H_ring_environmental_concern,T2c_H,H,ring,environmental_concern,continuous,scopex_2017,complete,79,8,8,false,0,0,0,,0,,,,,false,live,
T2c_H_ring_environmental_concern_2026-09-19_02-58-51,T2c_H_ring_environmental_concern,T2c_H,H,ring,environmental_concern,continuous,chemtrails_gates_2018_2021,complete,79,8,8,false,1,1,0.9999999999999998,,1,,,,,false,live,
T2c_H_ring_environmental_concern_2026-09-19_02-58-51,T2c_H_ring_environmental_concern,T2c_H,H,ring,environmental_concern,continuous,sai_geoengineering,complete,79,8,8,false,0.1875,0.1875,0.9999999999999998,,0.1875,,,,,false,live,
T2c_H_ring_environmental_concern_2026-09-19_02-58-51,T2c_H_ring_environmental_concern,T2c_H,H,ring,environmental_concern,continuous,paris_agreement,complete,79,3,2,false,0.25,0.25,0.4999999999999999,,0.25,,,,,false,live,
T2c_H_ring_environmental_concern_2026-09-19_02-58-51,T2c_H_ring_environmental_concern,T2c_H,H,ring,environmental_concern,continuous,climate_consensus,complete,79,8,8,false,0.25,0.25,0.4999999999999999,,0.25,,,,,false,live,
T2c_H_ring_environmental_concern_2026-09-19_02-58-51,T2c_H_ring_environmental_concern,T2c_H,H,ring,environmental_concern,continuous,polar_bears,complete,79,8,8,false,0,0,0,,0,,,,,false,live,
T2c_H_ring_mitigation_first_policy_2026-09-19_02-56-48,T2c_H_ring_mitigation_first_policy,T2c_H,H,ring,mitigation_first_policy,continuous,scopex_2017,complete,64,8,8,false,0,0,0,,0,,,,,false,live,
T2c_H_ring_mitigation_first_policy_2026-09-19_02-56-48,T2c_H_ring_mitigation_first_policy,T2c_H,H,ring,mitigation_first_policy,continuous,chemtrails_gates_2018_2021,complete,64,8,8,false,0.5,0.5,0.4999999999999999,,0.5,,,,,false,live,
T2c_H_ring_mitigation_first_policy_2026-09-19_02-56-48,T2c_H_ring_mitigation_first_policy,T2c_H,H,ring,mitigation_first_policy,continuous,sai_geoengineering,complete,64,1,0,true,,,,,,,,,,false,hatched_dead_after_llm,nScored <= 1 but llmCalls>0; keep the row; do not drop; do not read as mix immunises
T2c_H_ring_mitigation_first_policy_2026-09-19_02-56-48,T2c_H_ring_mitigation_first_policy,T2c_H,H,ring,mitigation_first_policy,continuous,paris_agreement,complete,64,8,8,false,0,0,0,,0,,,,,false,live,
T2c_H_ring_mitigation_first_policy_2026-09-19_02-56-48,T2c_H_ring_mitigation_first_policy,T2c_H,H,ring,mitigation_first_policy,continuous,climate_consensus,complete,64,3,2,false,0,0,0,,0,,,,,false,live,
T2c_H_ring_mitigation_first_policy_2026-09-19_02-56-48,T2c_H_ring_mitigation_first_policy,T2c_H,H,ring,mitigation_first_policy,continuous,polar_bears,complete,64,8,8,false,0,0,0,,0,,,,,false,live,
T2c_H_ring_ozone_stratosphere_specialist_2026-09-19_02-58-51,T2c_H_ring_ozone_stratosphere_specialist,T2c_H,H,ring,ozone_stratosphere_specialist,continuous,scopex_2017,complete,76,8,7,false,0,0,0,,0,,,,,false,live,
T2c_H_ring_ozone_stratosphere_specialist_2026-09-19_02-58-51,T2c_H_ring_ozone_stratosphere_specialist,T2c_H,H,ring,ozone_stratosphere_specialist,continuous,chemtrails_gates_2018_2021,complete,76,8,8,false,1.0625,1.0625,1.5000000000000002,,1.0625,,,,,false,live,
T2c_H_ring_ozone_stratosphere_specialist_2026-09-19_02-58-51,T2c_H_ring_ozone_stratosphere_specialist,T2c_H,H,ring,ozone_stratosphere_specialist,continuous,sai_geoengineering,complete,76,8,8,false,0,0,0,,0,,,,,false,live,
T2c_H_ring_ozone_stratosphere_specialist_2026-09-19_02-58-51,T2c_H_ring_ozone_stratosphere_specialist,T2c_H,H,ring,ozone_stratosphere_specialist,continuous,paris_agreement,complete,76,8,8,false,0,0,0,,0,,,,,false,live,
T2c_H_ring_ozone_stratosphere_specialist_2026-09-19_02-58-51,T2c_H_ring_ozone_stratosphere_specialist,T2c_H,H,ring,ozone_stratosphere_specialist,continuous,climate_consensus,complete,76,8,8,false,0.0625,0.0625,0.4999999999999999,,0.0625,,,,,false,live,
T2c_H_ring_ozone_stratosphere_specialist_2026-09-19_02-58-51,T2c_H_ring_ozone_stratosphere_specialist,T2c_H,H,ring,ozone_stratosphere_specialist,continuous,polar_bears,complete,76,2,1,true,0,0,0,,0,,,,,false,hatched_dead_after_llm,nScored <= 1 but llmCalls>0; keep the row; do not drop; do not read as mix immunises
T2c_H_ring_science_journalist_2026-09-19_03-00-29,T2c_H_ring_science_journalist,T2c_H,H,ring,science_journalist,continuous,scopex_2017,complete,65,8,8,false,0,0,0,,0,,,,,false,live,
T2c_H_ring_science_journalist_2026-09-19_03-00-29,T2c_H_ring_science_journalist,T2c_H,H,ring,science_journalist,continuous,chemtrails_gates_2018_2021,complete,65,4,3,false,0.5,0.5,0.4999999999999999,,0.5,,,,,false,live,
T2c_H_ring_science_journalist_2026-09-19_03-00-29,T2c_H_ring_science_journalist,T2c_H,H,ring,science_journalist,continuous,sai_geoengineering,complete,65,8,8,false,0.0625,0.0625,0.4999999999999999,,0.0625,,,,,false,live,
T2c_H_ring_science_journalist_2026-09-19_03-00-29,T2c_H_ring_science_journalist,T2c_H,H,ring,science_journalist,continuous,paris_agreement,complete,65,1,0,true,,,,,,,,,,false,hatched_dead_after_llm,nScored <= 1 but llmCalls>0; keep the row; do not drop; do not read as mix immunises
T2c_H_ring_science_journalist_2026-09-19_03-00-29,T2c_H_ring_science_journalist,T2c_H,H,ring,science_journalist,continuous,climate_consensus,complete,65,8,8,false,0,0,0,,0,,,,,false,live,
T2c_H_ring_science_journalist_2026-09-19_03-00-29,T2c_H_ring_science_journalist,T2c_H,H,ring,science_journalist,continuous,polar_bears,complete,65,8,8,false,0,0,0,,0,,,,,false,live,
T2c_H_scale_free_biodiversity_food_security_2026-09-19_04-32-40,T2c_H_scale_free_biodiversity_food_security,T2c_H,H,scale_free,biodiversity_food_security,continuous,scopex_2017,complete,1166,181,155,false,0.0677,0.0665,0.9999999999999998,,0.0677,,,,,false,live,
T2c_H_scale_free_biodiversity_food_security_2026-09-19_04-32-40,T2c_H_scale_free_biodiversity_food_security,T2c_H,H,scale_free,biodiversity_food_security,continuous,chemtrails_gates_2018_2021,complete,1166,175,156,false,0.9968,0.9982,2,,0.9968,,,,,false,live,
T2c_H_scale_free_biodiversity_food_security_2026-09-19_04-32-40,T2c_H_scale_free_biodiversity_food_security,T2c_H,H,scale_free,biodiversity_food_security,continuous,sai_geoengineering,complete,1166,1,0,true,,,,,,,,,,false,hatched_dead_after_llm,nScored <= 1 but llmCalls>0; keep the row; do not drop; do not read as mix immunises
T2c_H_scale_free_biodiversity_food_security_2026-09-19_04-32-40,T2c_H_scale_free_biodiversity_food_security,T2c_H,H,scale_free,biodiversity_food_security,continuous,paris_agreement,complete,1166,173,145,false,0.0497,0.0537,1.2,,0.0497,,,,,false,live,
T2c_H_scale_free_biodiversity_food_security_2026-09-19_04-32-40,T2c_H_scale_free_biodiversity_food_security,T2c_H,H,scale_free,biodiversity_food_security,continuous,climate_consensus,complete,1166,180,155,false,0.2142,0.2163,0.9999999999999998,,0.2142,,,,,false,live,
T2c_H_scale_free_biodiversity_food_security_2026-09-19_04-32-40,T2c_H_scale_free_biodiversity_food_security,T2c_H,H,scale_free,biodiversity_food_security,continuous,polar_bears,complete,1166,180,162,false,0,0,0,,0,,,,,false,live,
T2c_H_scale_free_climate_action_advocate_2026-09-19_03-57-46,T2c_H_scale_free_climate_action_advocate,T2c_H,H,scale_free,climate_action_advocate,continuous,scopex_2017,complete,1167,180,147,false,0.1293,0.1302,0.4999999999999999,,0.1293,,,,,false,live,
T2c_H_scale_free_climate_action_advocate_2026-09-19_03-57-46,T2c_H_scale_free_climate_action_advocate,T2c_H,H,scale_free,climate_action_advocate,continuous,chemtrails_gates_2018_2021,complete,1167,177,154,false,0.8312,0.8358,2,,0.8312,,,,,false,live,
T2c_H_scale_free_climate_action_advocate_2026-09-19_03-57-46,T2c_H_scale_free_climate_action_advocate,T2c_H,H,scale_free,climate_action_advocate,continuous,sai_geoengineering,complete,1167,181,150,false,0.3533,0.3565,2,,0.3533,,,,,false,live,
T2c_H_scale_free_climate_action_advocate_2026-09-19_03-57-46,T2c_H_scale_free_climate_action_advocate,T2c_H,H,scale_free,climate_action_advocate,continuous,paris_agreement,complete,1167,180,148,false,0.0439,0.0433,0.9999999999999998,,0.0439,,,,,false,live,
T2c_H_scale_free_climate_action_advocate_2026-09-19_03-57-46,T2c_H_scale_free_climate_action_advocate,T2c_H,H,scale_free,climate_action_advocate,continuous,climate_consensus,complete,1167,179,159,false,0.261,0.2616,0.9999999999999998,,0.261,,,,,false,live,
T2c_H_scale_free_climate_action_advocate_2026-09-19_03-57-46,T2c_H_scale_free_climate_action_advocate,T2c_H,H,scale_free,climate_action_advocate,continuous,polar_bears,complete,1167,1,0,true,,,,,,,,,,false,hatched_dead_after_llm,nScored <= 1 but llmCalls>0; keep the row; do not drop; do not read as mix immunises
T2c_H_scale_free_climate_justice_youth_2026-09-19_04-01-22,T2c_H_scale_free_climate_justice_youth,T2c_H,H,scale_free,climate_justice_youth,continuous,scopex_2017,complete,913,178,149,false,0.2919,0.2902,2.5,,0.2919,,,,,false,live,
T2c_H_scale_free_climate_justice_youth_2026-09-19_04-01-22,T2c_H_scale_free_climate_justice_youth,T2c_H,H,scale_free,climate_justice_youth,continuous,chemtrails_gates_2018_2021,complete,913,175,146,false,0.9452,0.9452,0.9999999999999998,,0.9452,,,,,false,live,
T2c_H_scale_free_climate_justice_youth_2026-09-19_04-01-22,T2c_H_scale_free_climate_justice_youth,T2c_H,H,scale_free,climate_justice_youth,continuous,sai_geoengineering,complete,913,1,0,true,,,,,,,,,,false,hatched_dead_after_llm,nScored <= 1 but llmCalls>0; keep the row; do not drop; do not read as mix immunises
T2c_H_scale_free_climate_justice_youth_2026-09-19_04-01-22,T2c_H_scale_free_climate_justice_youth,T2c_H,H,scale_free,climate_justice_youth,continuous,paris_agreement,complete,913,1,0,true,,,,,,,,,,false,hatched_dead_after_llm,nScored <= 1 but llmCalls>0; keep the row; do not drop; do not read as mix immunises
T2c_H_scale_free_climate_justice_youth_2026-09-19_04-01-22,T2c_H_scale_free_climate_justice_youth,T2c_H,H,scale_free,climate_justice_youth,continuous,climate_consensus,complete,913,179,149,false,0.1007,0.0999,0.9999999999999998,,0.1007,,,,,false,live,
T2c_H_scale_free_climate_justice_youth_2026-09-19_04-01-22,T2c_H_scale_free_climate_justice_youth,T2c_H,H,scale_free,climate_justice_youth,continuous,polar_bears,complete,913,179,143,false,0.0035,0.0033,0.4999999999999999,,0.0035,,,,,false,live,
T2c_H_scale_free_climate_scientist_2026-09-19_04-32-24,T2c_H_scale_free_climate_scientist,T2c_H,H,scale_free,climate_scientist,continuous,scopex_2017,complete,1310,162,142,false,0,0,0,,0,,,,,false,live,
T2c_H_scale_free_climate_scientist_2026-09-19_04-32-24,T2c_H_scale_free_climate_scientist,T2c_H,H,scale_free,climate_scientist,continuous,chemtrails_gates_2018_2021,complete,1310,177,148,false,0.0203,0.0203,0.4999999999999999,,0.0203,,,,,false,live,
T2c_H_scale_free_climate_scientist_2026-09-19_04-32-24,T2c_H_scale_free_climate_scientist,T2c_H,H,scale_free,climate_scientist,continuous,sai_geoengineering,complete,1310,175,151,false,0.0232,0.0218,1.5000000000000002,,0.0232,,,,,false,live,
T2c_H_scale_free_climate_scientist_2026-09-19_04-32-24,T2c_H_scale_free_climate_scientist,T2c_H,H,scale_free,climate_scientist,continuous,paris_agreement,complete,1310,172,150,false,0.0133,0.0139,0.9999999999999998,,0.0133,,,,,false,live,
T2c_H_scale_free_climate_scientist_2026-09-19_04-32-24,T2c_H_scale_free_climate_scientist,T2c_H,H,scale_free,climate_scientist,continuous,climate_consensus,complete,1310,177,161,false,0.0062,0.0072,0.4999999999999999,,0.0062,,,,,false,live,
T2c_H_scale_free_climate_scientist_2026-09-19_04-32-24,T2c_H_scale_free_climate_scientist,T2c_H,H,scale_free,climate_scientist,continuous,polar_bears,complete,1310,167,139,false,0.0036,0.0033,0.4999999999999999,,0.0036,,,,,false,live,
T2c_H_scale_free_conspiracy_believer_2026-09-19_03-35-38,T2c_H_scale_free_conspiracy_believer,T2c_H,H,scale_free,conspiracy_believer,continuous,scopex_2017,complete,1083,163,138,false,1.9246,1.9344,5,,1.9246,,,,,false,live,
T2c_H_scale_free_conspiracy_believer_2026-09-19_03-35-38,T2c_H_scale_free_conspiracy_believer,T2c_H,H,scale_free,conspiracy_believer,continuous,chemtrails_gates_2018_2021,complete,1083,165,132,false,3.1606,3.1681,5,,3.1606,,,,7,false,live,
T2c_H_scale_free_conspiracy_believer_2026-09-19_03-35-38,T2c_H_scale_free_conspiracy_believer,T2c_H,H,scale_free,conspiracy_believer,continuous,sai_geoengineering,complete,1083,167,51,false,0.1588,0.0996,3,,0.1588,,,,,false,live,
T2c_H_scale_free_conspiracy_believer_2026-09-19_03-35-38,T2c_H_scale_free_conspiracy_believer,T2c_H,H,scale_free,conspiracy_believer,continuous,paris_agreement,complete,1083,145,24,false,3.5917,3.7667,5,,3.5917,,,,5,false,live,
T2c_H_scale_free_conspiracy_believer_2026-09-19_03-35-38,T2c_H_scale_free_conspiracy_believer,T2c_H,H,scale_free,conspiracy_believer,continuous,climate_consensus,complete,1083,152,118,false,4.9958,4.9952,5,,4.9958,,,,1,false,live,
T2c_H_scale_free_conspiracy_believer_2026-09-19_03-35-38,T2c_H_scale_free_conspiracy_believer,T2c_H,H,scale_free,conspiracy_believer,continuous,polar_bears,complete,1083,168,145,false,0.131,0.1313,2.5,,0.131,,,,,false,live,
T2c_H_scale_free_conspiracy_climate_piggyback_2026-09-19_03-57-14,T2c_H_scale_free_conspiracy_climate_piggyback,T2c_H,H,scale_free,conspiracy_climate_piggyback,continuous,scopex_2017,complete,1176,1,0,true,,,,,,,,,,false,hatched_dead_after_llm,nScored <= 1 but llmCalls>0; keep the row; do not drop; do not read as mix immunises
T2c_H_scale_free_conspiracy_climate_piggyback_2026-09-19_03-57-14,T2c_H_scale_free_conspiracy_climate_piggyback,T2c_H,H,scale_free,conspiracy_climate_piggyback,continuous,chemtrails_gates_2018_2021,complete,1176,182,159,false,2.6082,2.6112,4.5,,2.6082,,,,8,false,live,
T2c_H_scale_free_conspiracy_climate_piggyback_2026-09-19_03-57-14,T2c_H_scale_free_conspiracy_climate_piggyback,T2c_H,H,scale_free,conspiracy_climate_piggyback,continuous,sai_geoengineering,complete,1176,178,154,false,0.6747,0.6738,3,,0.6747,,,,,false,live,
T2c_H_scale_free_conspiracy_climate_piggyback_2026-09-19_03-57-14,T2c_H_scale_free_conspiracy_climate_piggyback,T2c_H,H,scale_free,conspiracy_climate_piggyback,continuous,paris_agreement,complete,1176,183,156,false,1.7647,1.7606,5,,1.7647,,,,,false,live,
T2c_H_scale_free_conspiracy_climate_piggyback_2026-09-19_03-57-14,T2c_H_scale_free_conspiracy_climate_piggyback,T2c_H,H,scale_free,conspiracy_climate_piggyback,continuous,climate_consensus,complete,1176,181,156,false,4.9679,4.9681,5,,4.9679,,,,1,false,live,
T2c_H_scale_free_conspiracy_climate_piggyback_2026-09-19_03-57-14,T2c_H_scale_free_conspiracy_climate_piggyback,T2c_H,H,scale_free,conspiracy_climate_piggyback,continuous,polar_bears,complete,1176,182,152,false,0,0,0,,0,,,,,false,live,
T2c_H_scale_free_conspiracy_depopulation_2026-09-19_03-35-38,T2c_H_scale_free_conspiracy_depopulation,T2c_H,H,scale_free,conspiracy_depopulation,continuous,scopex_2017,complete,1101,174,150,false,2.222,2.2232,5,,2.222,,,,,false,live,
T2c_H_scale_free_conspiracy_depopulation_2026-09-19_03-35-38,T2c_H_scale_free_conspiracy_depopulation,T2c_H,H,scale_free,conspiracy_depopulation,continuous,chemtrails_gates_2018_2021,complete,1101,170,149,false,2.957,2.9503,4.5,,2.957,,,,6,false,live,
T2c_H_scale_free_conspiracy_depopulation_2026-09-19_03-35-38,T2c_H_scale_free_conspiracy_depopulation,T2c_H,H,scale_free,conspiracy_depopulation,continuous,sai_geoengineering,complete,1101,170,144,false,0.0174,0.0174,0.9999999999999998,,0.0174,,,,,false,live,
T2c_H_scale_free_conspiracy_depopulation_2026-09-19_03-35-38,T2c_H_scale_free_conspiracy_depopulation,T2c_H,H,scale_free,conspiracy_depopulation,continuous,paris_agreement,complete,1101,172,145,false,3.7434,3.7513,5,,3.7434,,,,1,false,live,
T2c_H_scale_free_conspiracy_depopulation_2026-09-19_03-35-38,T2c_H_scale_free_conspiracy_depopulation,T2c_H,H,scale_free,conspiracy_depopulation,continuous,climate_consensus,complete,1101,1,0,true,,,,,,,,,,false,hatched_dead_after_llm,nScored <= 1 but llmCalls>0; keep the row; do not drop; do not read as mix immunises
T2c_H_scale_free_conspiracy_depopulation_2026-09-19_03-35-38,T2c_H_scale_free_conspiracy_depopulation,T2c_H,H,scale_free,conspiracy_depopulation,continuous,polar_bears,complete,1101,172,84,false,0.1905,0.1252,2.5,,0.1905,,,,,false,live,
T2c_H_scale_free_conspiracy_haarp_weather_2026-09-19_03-35-38,T2c_H_scale_free_conspiracy_haarp_weather,T2c_H,H,scale_free,conspiracy_haarp_weather,continuous,scopex_2017,complete,1133,170,150,false,2.0953,2.101,5,,2.0953,,,,,false,live,
T2c_H_scale_free_conspiracy_haarp_weather_2026-09-19_03-35-38,T2c_H_scale_free_conspiracy_haarp_weather,T2c_H,H,scale_free,conspiracy_haarp_weather,continuous,chemtrails_gates_2018_2021,complete,1133,175,150,false,3.18,3.181,5,,3.18,,,,6,false,live,
T2c_H_scale_free_conspiracy_haarp_weather_2026-09-19_03-35-38,T2c_H_scale_free_conspiracy_haarp_weather,T2c_H,H,scale_free,conspiracy_haarp_weather,continuous,sai_geoengineering,complete,1133,175,150,false,0.368,0.3663,3,,0.368,,,,,false,live,
T2c_H_scale_free_conspiracy_haarp_weather_2026-09-19_03-35-38,T2c_H_scale_free_conspiracy_haarp_weather,T2c_H,H,scale_free,conspiracy_haarp_weather,continuous,paris_agreement,complete,1133,175,150,false,3.774,3.7869,5,,3.774,,,,2,false,live,
T2c_H_scale_free_conspiracy_haarp_weather_2026-09-19_03-35-38,T2c_H_scale_free_conspiracy_haarp_weather,T2c_H,H,scale_free,conspiracy_haarp_weather,continuous,climate_consensus,complete,1133,157,121,false,4.7438,4.7647,5,,4.7438,,,,3,false,live,
T2c_H_scale_free_conspiracy_haarp_weather_2026-09-19_03-35-38,T2c_H_scale_free_conspiracy_haarp_weather,T2c_H,H,scale_free,conspiracy_haarp_weather,continuous,polar_bears,complete,1133,1,0,true,,,,,,,,,,false,hatched_dead_after_llm,nScored <= 1 but llmCalls>0; keep the row; do not drop; do not read as mix immunises
T2c_H_scale_free_environmental_concern_2026-09-19_04-21-27,T2c_H_scale_free_environmental_concern,T2c_H,H,scale_free,environmental_concern,continuous,scopex_2017,complete,253,176,5,false,0,0,0,,0,,,,,false,live,
T2c_H_scale_free_environmental_concern_2026-09-19_04-21-27,T2c_H_scale_free_environmental_concern,T2c_H,H,scale_free,environmental_concern,continuous,chemtrails_gates_2018_2021,complete,253,1,0,true,,,,,,,,,,false,hatched_dead_after_llm,nScored <= 1 but llmCalls>0; keep the row; do not drop; do not read as mix immunises
T2c_H_scale_free_environmental_concern_2026-09-19_04-21-27,T2c_H_scale_free_environmental_concern,T2c_H,H,scale_free,environmental_concern,continuous,sai_geoengineering,complete,253,174,4,false,0,0,0,,0,,,,,false,live,
T2c_H_scale_free_environmental_concern_2026-09-19_04-21-27,T2c_H_scale_free_environmental_concern,T2c_H,H,scale_free,environmental_concern,continuous,paris_agreement,complete,253,176,11,false,1.3182,1.3333,3,,1.3182,,,,,false,live,
T2c_H_scale_free_environmental_concern_2026-09-19_04-21-27,T2c_H_scale_free_environmental_concern,T2c_H,H,scale_free,environmental_concern,continuous,climate_consensus,complete,253,176,9,false,0,0,0,,0,,,,,false,live,
T2c_H_scale_free_environmental_concern_2026-09-19_04-21-27,T2c_H_scale_free_environmental_concern,T2c_H,H,scale_free,environmental_concern,continuous,polar_bears,complete,253,176,6,false,0,0,0,,0,,,,,false,live,
T2c_H_scale_free_mitigation_first_policy_2026-09-19_04-32-32,T2c_H_scale_free_mitigation_first_policy,T2c_H,H,scale_free,mitigation_first_policy,continuous,scopex_2017,complete,807,1,0,true,,,,,,,,,,false,hatched_dead_after_llm,nScored <= 1 but llmCalls>0; keep the row; do not drop; do not read as mix immunises
T2c_H_scale_free_mitigation_first_policy_2026-09-19_04-32-32,T2c_H_scale_free_mitigation_first_policy,T2c_H,H,scale_free,mitigation_first_policy,continuous,chemtrails_gates_2018_2021,complete,807,162,129,false,0.0233,0.0234,0.4999999999999999,,0.0233,,,,,false,live,
T2c_H_scale_free_mitigation_first_policy_2026-09-19_04-32-32,T2c_H_scale_free_mitigation_first_policy,T2c_H,H,scale_free,mitigation_first_policy,continuous,sai_geoengineering,complete,807,165,149,false,0.0134,0.0119,2,,0.0134,,,,,false,live,
T2c_H_scale_free_mitigation_first_policy_2026-09-19_04-32-32,T2c_H_scale_free_mitigation_first_policy,T2c_H,H,scale_free,mitigation_first_policy,continuous,paris_agreement,complete,807,150,128,false,0.0469,0.0453,2,,0.0469,,,,,false,live,
T2c_H_scale_free_mitigation_first_policy_2026-09-19_04-32-32,T2c_H_scale_free_mitigation_first_policy,T2c_H,H,scale_free,mitigation_first_policy,continuous,climate_consensus,complete,807,3,1,true,0,0,0,,0,,,,,false,hatched_dead_after_llm,nScored <= 1 but llmCalls>0; keep the row; do not drop; do not read as mix immunises
T2c_H_scale_free_mitigation_first_policy_2026-09-19_04-32-32,T2c_H_scale_free_mitigation_first_policy,T2c_H,H,scale_free,mitigation_first_policy,continuous,polar_bears,complete,807,146,123,false,0.0447,0.0441,0.4999999999999999,,0.0447,,,,,false,live,
T2c_H_scale_free_ozone_stratosphere_specialist_2026-09-19_04-21-34,T2c_H_scale_free_ozone_stratosphere_specialist,T2c_H,H,scale_free,ozone_stratosphere_specialist,continuous,scopex_2017,complete,287,181,5,false,0.2,0.125,0.9999999999999998,,0.2,,,,,false,live,
T2c_H_scale_free_ozone_stratosphere_specialist_2026-09-19_04-21-34,T2c_H_scale_free_ozone_stratosphere_specialist,T2c_H,H,scale_free,ozone_stratosphere_specialist,continuous,chemtrails_gates_2018_2021,complete,287,176,6,false,1.3333,1.3125,2.5,,1.3333,,,,,false,live,
T2c_H_scale_free_ozone_stratosphere_specialist_2026-09-19_04-21-34,T2c_H_scale_free_ozone_stratosphere_specialist,T2c_H,H,scale_free,ozone_stratosphere_specialist,continuous,sai_geoengineering,complete,287,1,0,true,,,,,,,,,,false,hatched_dead_after_llm,nScored <= 1 but llmCalls>0; keep the row; do not drop; do not read as mix immunises
T2c_H_scale_free_ozone_stratosphere_specialist_2026-09-19_04-21-34,T2c_H_scale_free_ozone_stratosphere_specialist,T2c_H,H,scale_free,ozone_stratosphere_specialist,continuous,paris_agreement,complete,287,171,10,false,0.3,0.3333,0.9999999999999998,,0.3,,,,,false,live,
T2c_H_scale_free_ozone_stratosphere_specialist_2026-09-19_04-21-34,T2c_H_scale_free_ozone_stratosphere_specialist,T2c_H,H,scale_free,ozone_stratosphere_specialist,continuous,climate_consensus,complete,287,173,9,false,0,0,0,,0,,,,,false,live,
T2c_H_scale_free_ozone_stratosphere_specialist_2026-09-19_04-21-34,T2c_H_scale_free_ozone_stratosphere_specialist,T2c_H,H,scale_free,ozone_stratosphere_specialist,continuous,polar_bears,complete,287,173,5,false,0,0,0,,0,,,,,false,live,
T2c_H_scale_free_science_journalist_2026-09-19_04-43-56,T2c_H_scale_free_science_journalist,T2c_H,H,scale_free,science_journalist,continuous,scopex_2017,complete,1114,175,154,false,0.0032,0.0035,0.4999999999999999,,0.0032,,,,,false,live,
T2c_H_scale_free_science_journalist_2026-09-19_04-43-56,T2c_H_scale_free_science_journalist,T2c_H,H,scale_free,science_journalist,continuous,chemtrails_gates_2018_2021,complete,1114,177,141,false,0.1773,0.1773,0.4999999999999999,,0.1773,,,,,false,live,
T2c_H_scale_free_science_journalist_2026-09-19_04-43-56,T2c_H_scale_free_science_journalist,T2c_H,H,scale_free,science_journalist,continuous,sai_geoengineering,complete,1114,1,0,true,,,,,,,,,,false,hatched_dead_after_llm,nScored <= 1 but llmCalls>0; keep the row; do not drop; do not read as mix immunises
T2c_H_scale_free_science_journalist_2026-09-19_04-43-56,T2c_H_scale_free_science_journalist,T2c_H,H,scale_free,science_journalist,continuous,paris_agreement,complete,1114,163,142,false,0.0782,0.0766,2,,0.0782,,,,,false,live,
T2c_H_scale_free_science_journalist_2026-09-19_04-43-56,T2c_H_scale_free_science_journalist,T2c_H,H,scale_free,science_journalist,continuous,climate_consensus,complete,1114,158,136,false,0,0,0,,0,,,,,false,live,
T2c_H_scale_free_science_journalist_2026-09-19_04-43-56,T2c_H_scale_free_science_journalist,T2c_H,H,scale_free,science_journalist,continuous,polar_bears,complete,1114,165,128,false,0,0,0,,0,,,,,false,live,
T2c_H_small_world_biodiversity_food_security_2026-09-19_04-30-46,T2c_H_small_world_biodiversity_food_security,T2c_H,H,small_world,biodiversity_food_security,continuous,scopex_2017,complete,41,181,14,false,0,0,0,,0,,,,,false,live,
T2c_H_small_world_biodiversity_food_security_2026-09-19_04-30-46,T2c_H_small_world_biodiversity_food_security,T2c_H,H,small_world,biodiversity_food_security,continuous,chemtrails_gates_2018_2021,complete,41,1,0,true,,,,,,,,,,false,hatched_dead_after_llm,nScored <= 1 but llmCalls>0; keep the row; do not drop; do not read as mix immunises
T2c_H_small_world_biodiversity_food_security_2026-09-19_04-30-46,T2c_H_small_world_biodiversity_food_security,T2c_H,H,small_world,biodiversity_food_security,continuous,sai_geoengineering,complete,41,180,8,false,0.1875,0.2143,1.5000000000000002,,0.1875,,,,,false,live,
T2c_H_small_world_biodiversity_food_security_2026-09-19_04-30-46,T2c_H_small_world_biodiversity_food_security,T2c_H,H,small_world,biodiversity_food_security,continuous,paris_agreement,complete,41,181,8,false,0,0,0,,0,,,,,false,live,
T2c_H_small_world_biodiversity_food_security_2026-09-19_04-30-46,T2c_H_small_world_biodiversity_food_security,T2c_H,H,small_world,biodiversity_food_security,continuous,climate_consensus,complete,41,1,0,true,,,,,,,,,,false,hatched_dead_after_llm,nScored <= 1 but llmCalls>0; keep the row; do not drop; do not read as mix immunises
T2c_H_small_world_biodiversity_food_security_2026-09-19_04-30-46,T2c_H_small_world_biodiversity_food_security,T2c_H,H,small_world,biodiversity_food_security,continuous,polar_bears,complete,41,1,0,true,,,,,,,,,,false,hatched_dead_after_llm,nScored <= 1 but llmCalls>0; keep the row; do not drop; do not read as mix immunises
T2c_H_small_world_climate_action_advocate_2026-09-19_03-51-13,T2c_H_small_world_climate_action_advocate,T2c_H,H,small_world,climate_action_advocate,continuous,scopex_2017,complete,856,180,156,false,0.1026,0.1022,0.4999999999999999,,0.1026,,,,,false,live,
T2c_H_small_world_climate_action_advocate_2026-09-19_03-51-13,T2c_H_small_world_climate_action_advocate,T2c_H,H,small_world,climate_action_advocate,continuous,chemtrails_gates_2018_2021,complete,856,177,143,false,0.9266,0.9275,0.9999999999999998,,0.9266,,,,,false,live,
T2c_H_small_world_climate_action_advocate_2026-09-19_03-51-13,T2c_H_small_world_climate_action_advocate,T2c_H,H,small_world,climate_action_advocate,continuous,sai_geoengineering,complete,856,180,150,false,0.0073,0.0074,0.6000000000000005,,0.0073,,,,,false,live,
T2c_H_small_world_climate_action_advocate_2026-09-19_03-51-13,T2c_H_small_world_climate_action_advocate,T2c_H,H,small_world,climate_action_advocate,continuous,paris_agreement,complete,856,1,0,true,,,,,,,,,,false,hatched_dead_after_llm,nScored <= 1 but llmCalls>0; keep the row; do not drop; do not read as mix immunises
T2c_H_small_world_climate_action_advocate_2026-09-19_03-51-13,T2c_H_small_world_climate_action_advocate,T2c_H,H,small_world,climate_action_advocate,continuous,climate_consensus,complete,856,1,0,true,,,,,,,,,,false,hatched_dead_after_llm,nScored <= 1 but llmCalls>0; keep the row; do not drop; do not read as mix immunises
T2c_H_small_world_climate_action_advocate_2026-09-19_03-51-13,T2c_H_small_world_climate_action_advocate,T2c_H,H,small_world,climate_action_advocate,continuous,polar_bears,complete,856,159,138,false,0,0,0,,0,,,,,false,live,
T2c_H_small_world_climate_justice_youth_2026-09-19_04-07-19,T2c_H_small_world_climate_justice_youth,T2c_H,H,small_world,climate_justice_youth,continuous,scopex_2017,complete,948,167,139,false,0.8129,0.8114,5,,0.8129,,,,,false,live,
T2c_H_small_world_climate_justice_youth_2026-09-19_04-07-19,T2c_H_small_world_climate_justice_youth,T2c_H,H,small_world,climate_justice_youth,continuous,chemtrails_gates_2018_2021,complete,948,174,147,false,1.0068,1.0078,2,,1.0068,,,,,false,live,
T2c_H_small_world_climate_justice_youth_2026-09-19_04-07-19,T2c_H_small_world_climate_justice_youth,T2c_H,H,small_world,climate_justice_youth,continuous,sai_geoengineering,complete,948,169,90,false,0,0,0,,0,,,,,false,live,
T2c_H_small_world_climate_justice_youth_2026-09-19_04-07-19,T2c_H_small_world_climate_justice_youth,T2c_H,H,small_world,climate_justice_youth,continuous,paris_agreement,complete,948,181,16,false,0,0,0,,0,,,,,false,live,
T2c_H_small_world_climate_justice_youth_2026-09-19_04-07-19,T2c_H_small_world_climate_justice_youth,T2c_H,H,small_world,climate_justice_youth,continuous,climate_consensus,complete,948,175,5,false,0,0,0,,0,,,,,false,live,
T2c_H_small_world_climate_justice_youth_2026-09-19_04-07-19,T2c_H_small_world_climate_justice_youth,T2c_H,H,small_world,climate_justice_youth,continuous,polar_bears,complete,948,181,9,false,0.0556,0.0417,0.4999999999999999,,0.0556,,,,,false,live,
T2c_H_small_world_climate_scientist_2026-09-19_04-30-51,T2c_H_small_world_climate_scientist,T2c_H,H,small_world,climate_scientist,continuous,scopex_2017,complete,700,146,7,false,0,0,0,,0,,,,,false,live,
T2c_H_small_world_climate_scientist_2026-09-19_04-30-51,T2c_H_small_world_climate_scientist,T2c_H,H,small_world,climate_scientist,continuous,chemtrails_gates_2018_2021,complete,700,170,104,false,0,0,0,,0,,,,,false,live,
T2c_H_small_world_climate_scientist_2026-09-19_04-30-51,T2c_H_small_world_climate_scientist,T2c_H,H,small_world,climate_scientist,continuous,sai_geoengineering,complete,700,171,141,false,0.0014,0.0013,0.20000000000000018,,0.0014,,,,,false,live,
T2c_H_small_world_climate_scientist_2026-09-19_04-30-51,T2c_H_small_world_climate_scientist,T2c_H,H,small_world,climate_scientist,continuous,paris_agreement,complete,700,157,135,false,0.0222,0.0321,0.9999999999999998,,0.0222,,,,,false,live,
T2c_H_small_world_climate_scientist_2026-09-19_04-30-51,T2c_H_small_world_climate_scientist,T2c_H,H,small_world,climate_scientist,continuous,climate_consensus,complete,700,160,141,false,0,0,0,,0,,,,,false,live,
T2c_H_small_world_climate_scientist_2026-09-19_04-30-51,T2c_H_small_world_climate_scientist,T2c_H,H,small_world,climate_scientist,continuous,polar_bears,complete,700,171,146,false,0,0,0,,0,,,,,false,live,
T2c_H_small_world_conspiracy_believer_2026-09-19_03-43-57,T2c_H_small_world_conspiracy_believer,T2c_H,H,small_world,conspiracy_believer,continuous,scopex_2017,complete,1078,160,132,false,2.072,2.0668,5,,2.072,,,,,false,live,
T2c_H_small_world_conspiracy_believer_2026-09-19_03-43-57,T2c_H_small_world_conspiracy_believer,T2c_H,H,small_world,conspiracy_believer,continuous,chemtrails_gates_2018_2021,complete,1078,160,134,false,3.1455,3.1553,4.5,,3.1455,,,,3,false,live,
T2c_H_small_world_conspiracy_believer_2026-09-19_03-43-57,T2c_H_small_world_conspiracy_believer,T2c_H,H,small_world,conspiracy_believer,continuous,sai_geoengineering,complete,1078,164,140,false,0.3779,0.4043,4,,0.3779,,,,,false,live,
T2c_H_small_world_conspiracy_believer_2026-09-19_03-43-57,T2c_H_small_world_conspiracy_believer,T2c_H,H,small_world,conspiracy_believer,continuous,paris_agreement,complete,1078,1,0,true,,,,,,,,,,false,hatched_dead_after_llm,nScored <= 1 but llmCalls>0; keep the row; do not drop; do not read as mix immunises
T2c_H_small_world_conspiracy_believer_2026-09-19_03-43-57,T2c_H_small_world_conspiracy_believer,T2c_H,H,small_world,conspiracy_believer,continuous,climate_consensus,complete,1078,174,153,false,4.7712,4.7787,5,,4.7712,,,,2,false,live,
T2c_H_small_world_conspiracy_believer_2026-09-19_03-43-57,T2c_H_small_world_conspiracy_believer,T2c_H,H,small_world,conspiracy_believer,continuous,polar_bears,complete,1078,174,153,false,0,0,0,,0,,,,,false,live,
T2c_H_small_world_conspiracy_climate_piggyback_2026-09-19_04-00-45,T2c_H_small_world_conspiracy_climate_piggyback,T2c_H,H,small_world,conspiracy_climate_piggyback,continuous,scopex_2017,complete,927,174,149,false,1.4544,1.4546,5,,1.4544,,,,,false,live,
T2c_H_small_world_conspiracy_climate_piggyback_2026-09-19_04-00-45,T2c_H_small_world_conspiracy_climate_piggyback,T2c_H,H,small_world,conspiracy_climate_piggyback,continuous,chemtrails_gates_2018_2021,complete,927,164,137,false,3.2088,3.2123,4.5,,3.2088,,,,3,false,live,
T2c_H_small_world_conspiracy_climate_piggyback_2026-09-19_04-00-45,T2c_H_small_world_conspiracy_climate_piggyback,T2c_H,H,small_world,conspiracy_climate_piggyback,continuous,sai_geoengineering,complete,927,1,0,true,,,,,,,,,,false,hatched_dead_after_llm,nScored <= 1 but llmCalls>0; keep the row; do not drop; do not read as mix immunises
T2c_H_small_world_conspiracy_climate_piggyback_2026-09-19_04-00-45,T2c_H_small_world_conspiracy_climate_piggyback,T2c_H,H,small_world,conspiracy_climate_piggyback,continuous,paris_agreement,complete,927,174,155,false,2.6884,2.7058,5,,2.6884,,,,,false,live,
T2c_H_small_world_conspiracy_climate_piggyback_2026-09-19_04-00-45,T2c_H_small_world_conspiracy_climate_piggyback,T2c_H,H,small_world,conspiracy_climate_piggyback,continuous,climate_consensus,complete,927,1,0,true,,,,,,,,,,false,hatched_dead_after_llm,nScored <= 1 but llmCalls>0; keep the row; do not drop; do not read as mix immunises
T2c_H_small_world_conspiracy_climate_piggyback_2026-09-19_04-00-45,T2c_H_small_world_conspiracy_climate_piggyback,T2c_H,H,small_world,conspiracy_climate_piggyback,continuous,polar_bears,complete,927,163,144,false,0,0,0,,0,,,,,false,live,
T2c_H_small_world_conspiracy_depopulation_2026-09-19_03-57-43,T2c_H_small_world_conspiracy_depopulation,T2c_H,H,small_world,conspiracy_depopulation,continuous,scopex_2017,complete,890,1,0,true,,,,,,,,,,false,hatched_dead_after_llm,nScored <= 1 but llmCalls>0; keep the row; do not drop; do not read as mix immunises
T2c_H_small_world_conspiracy_depopulation_2026-09-19_03-57-43,T2c_H_small_world_conspiracy_depopulation,T2c_H,H,small_world,conspiracy_depopulation,continuous,chemtrails_gates_2018_2021,complete,890,177,149,false,0.6913,0.6942,4.5,,0.6913,,,,,false,live,
T2c_H_small_world_conspiracy_depopulation_2026-09-19_03-57-43,T2c_H_small_world_conspiracy_depopulation,T2c_H,H,small_world,conspiracy_depopulation,continuous,sai_geoengineering,complete,890,181,160,false,0.1094,0.1117,3,,0.1094,,,,,false,live,
T2c_H_small_world_conspiracy_depopulation_2026-09-19_03-57-43,T2c_H_small_world_conspiracy_depopulation,T2c_H,H,small_world,conspiracy_depopulation,continuous,paris_agreement,complete,890,181,152,false,3.5803,3.5864,5,,3.5803,,,,3,false,live,
T2c_H_small_world_conspiracy_depopulation_2026-09-19_03-57-43,T2c_H_small_world_conspiracy_depopulation,T2c_H,H,small_world,conspiracy_depopulation,continuous,climate_consensus,complete,890,1,0,true,,,,,,,,,,false,hatched_dead_after_llm,nScored <= 1 but llmCalls>0; keep the row; do not drop; do not read as mix immunises
T2c_H_small_world_conspiracy_depopulation_2026-09-19_03-57-43,T2c_H_small_world_conspiracy_depopulation,T2c_H,H,small_world,conspiracy_depopulation,continuous,polar_bears,complete,890,181,156,false,0.0128,0.0126,0.4999999999999999,,0.0128,,,,,false,live,
T2c_H_small_world_conspiracy_haarp_weather_2026-09-19_03-52-36,T2c_H_small_world_conspiracy_haarp_weather,T2c_H,H,small_world,conspiracy_haarp_weather,continuous,scopex_2017,complete,1355,169,140,false,2.6479,2.6748,5,,2.6479,,,,,false,live,
T2c_H_small_world_conspiracy_haarp_weather_2026-09-19_03-52-36,T2c_H_small_world_conspiracy_haarp_weather,T2c_H,H,small_world,conspiracy_haarp_weather,continuous,chemtrails_gates_2018_2021,complete,1355,173,143,false,3.142,3.141,5,,3.142,,,,6,false,live,
T2c_H_small_world_conspiracy_haarp_weather_2026-09-19_03-52-36,T2c_H_small_world_conspiracy_haarp_weather,T2c_H,H,small_world,conspiracy_haarp_weather,continuous,sai_geoengineering,complete,1355,173,142,false,0.193,0.199,3,,0.193,,,,,false,live,
T2c_H_small_world_conspiracy_haarp_weather_2026-09-19_03-52-36,T2c_H_small_world_conspiracy_haarp_weather,T2c_H,H,small_world,conspiracy_haarp_weather,continuous,paris_agreement,complete,1355,176,156,false,3.3115,3.3024,5,,3.3115,,,,5,false,live,
T2c_H_small_world_conspiracy_haarp_weather_2026-09-19_03-52-36,T2c_H_small_world_conspiracy_haarp_weather,T2c_H,H,small_world,conspiracy_haarp_weather,continuous,climate_consensus,complete,1355,169,136,false,4.9375,4.9348,5,,4.9375,,,,1,false,live,
T2c_H_small_world_conspiracy_haarp_weather_2026-09-19_03-52-36,T2c_H_small_world_conspiracy_haarp_weather,T2c_H,H,small_world,conspiracy_haarp_weather,continuous,polar_bears,complete,1355,175,153,false,0.0098,0.0099,0.4999999999999999,,0.0098,,,,,false,live,
T2c_H_small_world_environmental_concern_2026-09-19_04-19-28,T2c_H_small_world_environmental_concern,T2c_H,H,small_world,environmental_concern,continuous,scopex_2017,complete,299,181,21,false,0.0238,0.0625,0.4999999999999999,,0.0238,,,,,false,live,
T2c_H_small_world_environmental_concern_2026-09-19_04-19-28,T2c_H_small_world_environmental_concern,T2c_H,H,small_world,environmental_concern,continuous,chemtrails_gates_2018_2021,complete,299,1,0,true,,,,,,,,,,false,hatched_dead_after_llm,nScored <= 1 but llmCalls>0; keep the row; do not drop; do not read as mix immunises
T2c_H_small_world_environmental_concern_2026-09-19_04-19-28,T2c_H_small_world_environmental_concern,T2c_H,H,small_world,environmental_concern,continuous,sai_geoengineering,complete,299,1,0,true,,,,,,,,,,false,hatched_dead_after_llm,nScored <= 1 but llmCalls>0; keep the row; do not drop; do not read as mix immunises
T2c_H_small_world_environmental_concern_2026-09-19_04-19-28,T2c_H_small_world_environmental_concern,T2c_H,H,small_world,environmental_concern,continuous,paris_agreement,complete,299,1,0,true,,,,,,,,,,false,hatched_dead_after_llm,nScored <= 1 but llmCalls>0; keep the row; do not drop; do not read as mix immunises
T2c_H_small_world_environmental_concern_2026-09-19_04-19-28,T2c_H_small_world_environmental_concern,T2c_H,H,small_world,environmental_concern,continuous,climate_consensus,complete,299,181,7,false,0,0,0,,0,,,,,false,live,
T2c_H_small_world_environmental_concern_2026-09-19_04-19-28,T2c_H_small_world_environmental_concern,T2c_H,H,small_world,environmental_concern,continuous,polar_bears,complete,299,177,9,false,0,0,0,,0,,,,,false,live,
T2c_H_small_world_mitigation_first_policy_2026-09-19_04-15-50,T2c_H_small_world_mitigation_first_policy,T2c_H,H,small_world,mitigation_first_policy,continuous,scopex_2017,complete,429,175,7,false,0,0,0,,0,,,,,false,live,
T2c_H_small_world_mitigation_first_policy_2026-09-19_04-15-50,T2c_H_small_world_mitigation_first_policy,T2c_H,H,small_world,mitigation_first_policy,continuous,chemtrails_gates_2018_2021,complete,429,178,4,false,0.05,0.05,0.20000000000000018,,0.05,,,,,false,live,
T2c_H_small_world_mitigation_first_policy_2026-09-19_04-15-50,T2c_H_small_world_mitigation_first_policy,T2c_H,H,small_world,mitigation_first_policy,continuous,sai_geoengineering,complete,429,180,9,false,0,0,0,,0,,,,,false,live,
T2c_H_small_world_mitigation_first_policy_2026-09-19_04-15-50,T2c_H_small_world_mitigation_first_policy,T2c_H,H,small_world,mitigation_first_policy,continuous,paris_agreement,complete,429,180,8,false,0,0,0,,0,,,,,false,live,
T2c_H_small_world_mitigation_first_policy_2026-09-19_04-15-50,T2c_H_small_world_mitigation_first_policy,T2c_H,H,small_world,mitigation_first_policy,continuous,climate_consensus,complete,429,174,12,false,0,0,0,,0,,,,,false,live,
T2c_H_small_world_mitigation_first_policy_2026-09-19_04-15-50,T2c_H_small_world_mitigation_first_policy,T2c_H,H,small_world,mitigation_first_policy,continuous,polar_bears,complete,429,178,7,false,0,0,0,,0,,,,,false,live,
T2c_H_small_world_ozone_stratosphere_specialist_2026-09-19_04-20-38,T2c_H_small_world_ozone_stratosphere_specialist,T2c_H,H,small_world,ozone_stratosphere_specialist,continuous,scopex_2017,complete,284,181,6,false,0,0,0,,0,,,,,false,live,
T2c_H_small_world_ozone_stratosphere_specialist_2026-09-19_04-20-38,T2c_H_small_world_ozone_stratosphere_specialist,T2c_H,H,small_world,ozone_stratosphere_specialist,continuous,chemtrails_gates_2018_2021,complete,284,175,6,false,0.8333,0.8333,1.5000000000000002,,0.8333,,,,,false,live,
T2c_H_small_world_ozone_stratosphere_specialist_2026-09-19_04-20-38,T2c_H_small_world_ozone_stratosphere_specialist,T2c_H,H,small_world,ozone_stratosphere_specialist,continuous,sai_geoengineering,complete,284,179,2,false,0,0,0,,0,,,,,false,live,
T2c_H_small_world_ozone_stratosphere_specialist_2026-09-19_04-20-38,T2c_H_small_world_ozone_stratosphere_specialist,T2c_H,H,small_world,ozone_stratosphere_specialist,continuous,paris_agreement,complete,284,166,6,false,0,0,0,,0,,,,,false,live,
T2c_H_small_world_ozone_stratosphere_specialist_2026-09-19_04-20-38,T2c_H_small_world_ozone_stratosphere_specialist,T2c_H,H,small_world,ozone_stratosphere_specialist,continuous,climate_consensus,complete,284,172,12,false,0,0,0,,0,,,,,false,live,
T2c_H_small_world_ozone_stratosphere_specialist_2026-09-19_04-20-38,T2c_H_small_world_ozone_stratosphere_specialist,T2c_H,H,small_world,ozone_stratosphere_specialist,continuous,polar_bears,complete,284,1,0,true,,,,,,,,,,false,hatched_dead_after_llm,nScored <= 1 but llmCalls>0; keep the row; do not drop; do not read as mix immunises
T2c_H_small_world_science_journalist_2026-09-19_04-32-03,T2c_H_small_world_science_journalist,T2c_H,H,small_world,science_journalist,continuous,scopex_2017,complete,750,177,158,false,0,0,0,,0,,,,,false,live,
T2c_H_small_world_science_journalist_2026-09-19_04-32-03,T2c_H_small_world_science_journalist,T2c_H,H,small_world,science_journalist,continuous,chemtrails_gates_2018_2021,complete,750,175,154,false,0.0032,0.0037,0.4999999999999999,,0.0032,,,,,false,live,
T2c_H_small_world_science_journalist_2026-09-19_04-32-03,T2c_H_small_world_science_journalist,T2c_H,H,small_world,science_journalist,continuous,sai_geoengineering,complete,750,177,152,false,0.0132,0.0134,0.9999999999999998,,0.0132,,,,,false,live,
T2c_H_small_world_science_journalist_2026-09-19_04-32-03,T2c_H_small_world_science_journalist,T2c_H,H,small_world,science_journalist,continuous,paris_agreement,complete,750,1,0,true,,,,,,,,,,false,hatched_dead_after_llm,nScored <= 1 but llmCalls>0; keep the row; do not drop; do not read as mix immunises
T2c_H_small_world_science_journalist_2026-09-19_04-32-03,T2c_H_small_world_science_journalist,T2c_H,H,small_world,science_journalist,continuous,climate_consensus,complete,750,1,0,true,,,,,,,,,,false,hatched_dead_after_llm,nScored <= 1 but llmCalls>0; keep the row; do not drop; do not read as mix immunises
T2c_H_small_world_science_journalist_2026-09-19_04-32-03,T2c_H_small_world_science_journalist,T2c_H,H,small_world,science_journalist,continuous,polar_bears,complete,750,181,154,false,0.0032,0.0031,0.4999999999999999,,0.0032,,,,,false,live,
T2c_He_echo_chamber_mix_00_2026-09-19_04-13-27,T2c_He_echo_chamber_mix_00,T2c_He,He,echo_chamber,mix_00,continuous,scopex_2017,complete,771,150,116,false,1.9267,1.8641,5,,1.9267,,,,,false,live,
T2c_He_echo_chamber_mix_00_2026-09-19_04-13-27,T2c_He_echo_chamber_mix_00,T2c_He,He,echo_chamber,mix_00,continuous,chemtrails_gates_2018_2021,complete,771,152,106,false,2.3047,2.1131,5,,2.3047,,,,,false,live,
T2c_He_echo_chamber_mix_00_2026-09-19_04-13-27,T2c_He_echo_chamber_mix_00,T2c_He,He,echo_chamber,mix_00,continuous,sai_geoengineering,complete,771,160,125,false,0.4952,0.4395,4,,0.4952,,,,,false,live,
T2c_He_echo_chamber_mix_00_2026-09-19_04-13-27,T2c_He_echo_chamber_mix_00,T2c_He,He,echo_chamber,mix_00,continuous,paris_agreement,complete,771,148,65,false,3.1738,3.179,5,,3.1738,,,,,false,live,
T2c_He_echo_chamber_mix_00_2026-09-19_04-13-27,T2c_He_echo_chamber_mix_00,T2c_He,He,echo_chamber,mix_00,continuous,climate_consensus,complete,771,157,14,false,3.7143,3.4048,5,,3.7143,,,,,false,live,
T2c_He_echo_chamber_mix_00_2026-09-19_04-13-27,T2c_He_echo_chamber_mix_00,T2c_He,He,echo_chamber,mix_00,continuous,polar_bears,complete,771,1,0,true,,,,,,,,,,false,hatched_dead_after_llm,nScored <= 1 but llmCalls>0; keep the row; do not drop; do not read as mix immunises
T2c_He_echo_chamber_mix_01_2026-09-19_04-13-27,T2c_He_echo_chamber_mix_01,T2c_He,He,echo_chamber,mix_01,continuous,scopex_2017,complete,726,150,112,false,2.4241,2.0678,5,,2.4241,,,,,false,live,
T2c_He_echo_chamber_mix_01_2026-09-19_04-13-27,T2c_He_echo_chamber_mix_01,T2c_He,He,echo_chamber,mix_01,continuous,chemtrails_gates_2018_2021,complete,726,137,109,false,2.7578,2.5035,4,,2.7578,,,,,false,live,
T2c_He_echo_chamber_mix_01_2026-09-19_04-13-27,T2c_He_echo_chamber_mix_01,T2c_He,He,echo_chamber,mix_01,continuous,sai_geoengineering,complete,726,1,0,true,,,,,,,,,,false,hatched_dead_after_llm,nScored <= 1 but llmCalls>0; keep the row; do not drop; do not read as mix immunises
T2c_He_echo_chamber_mix_01_2026-09-19_04-13-27,T2c_He_echo_chamber_mix_01,T2c_He,He,echo_chamber,mix_01,continuous,paris_agreement,complete,726,158,125,false,2.9232,2.6605,5,,2.9232,,,,,false,live,
T2c_He_echo_chamber_mix_01_2026-09-19_04-13-27,T2c_He_echo_chamber_mix_01,T2c_He,He,echo_chamber,mix_01,continuous,climate_consensus,complete,726,157,29,false,4.3276,3.8563,5,,4.3276,,,,3,false,live,
T2c_He_echo_chamber_mix_01_2026-09-19_04-13-27,T2c_He_echo_chamber_mix_01,T2c_He,He,echo_chamber,mix_01,continuous,polar_bears,complete,726,151,9,false,0.0556,0.0333,0.4999999999999999,,0.0556,,,,,false,live,
T2c_He_echo_chamber_mix_02_2026-09-19_04-13-27,T2c_He_echo_chamber_mix_02,T2c_He,He,echo_chamber,mix_02,continuous,scopex_2017,complete,597,149,111,false,0.0378,0.0483,2.5,,0.0378,,,,,false,live,
T2c_He_echo_chamber_mix_02_2026-09-19_04-13-27,T2c_He_echo_chamber_mix_02,T2c_He,He,echo_chamber,mix_02,continuous,chemtrails_gates_2018_2021,complete,597,155,33,false,0.697,0.6871,0.9999999999999998,,0.697,,,,,false,live,
T2c_He_echo_chamber_mix_02_2026-09-19_04-13-27,T2c_He_echo_chamber_mix_02,T2c_He,He,echo_chamber,mix_02,continuous,sai_geoengineering,complete,597,153,16,false,0,0,0,,0,,,,,false,live,
T2c_He_echo_chamber_mix_02_2026-09-19_04-13-27,T2c_He_echo_chamber_mix_02,T2c_He,He,echo_chamber,mix_02,continuous,paris_agreement,complete,597,160,1,true,0,0,0,,0,,,,,false,hatched_dead_after_llm,nScored <= 1 but llmCalls>0; keep the row; do not drop; do not read as mix immunises
T2c_He_echo_chamber_mix_02_2026-09-19_04-13-27,T2c_He_echo_chamber_mix_02,T2c_He,He,echo_chamber,mix_02,continuous,climate_consensus,complete,597,142,8,false,0.25,0.2857,0.9999999999999998,,0.25,,,,,false,live,
T2c_He_echo_chamber_mix_02_2026-09-19_04-13-27,T2c_He_echo_chamber_mix_02,T2c_He,He,echo_chamber,mix_02,continuous,polar_bears,complete,597,148,2,false,0,0,0,,0,,,,,false,live,
T2c_He_echo_chamber_mix_03_2026-09-19_04-13-27,T2c_He_echo_chamber_mix_03,T2c_He,He,echo_chamber,mix_03,continuous,scopex_2017,complete,626,150,119,false,2.2134,2.0401,5,,2.2134,,,,,false,live,
T2c_He_echo_chamber_mix_03_2026-09-19_04-13-27,T2c_He_echo_chamber_mix_03,T2c_He,He,echo_chamber,mix_03,continuous,chemtrails_gates_2018_2021,complete,626,157,53,false,2.6491,2.394,4,,2.6491,,,,,false,live,
T2c_He_echo_chamber_mix_03_2026-09-19_04-13-27,T2c_He_echo_chamber_mix_03,T2c_He,He,echo_chamber,mix_03,continuous,sai_geoengineering,complete,626,148,11,false,0.7273,0.8571,3,,0.7273,,,,,false,live,
T2c_He_echo_chamber_mix_03_2026-09-19_04-13-27,T2c_He_echo_chamber_mix_03,T2c_He,He,echo_chamber,mix_03,continuous,paris_agreement,complete,626,156,11,false,3.9273,3.828,5,,3.9273,,,,7,false,live,
T2c_He_echo_chamber_mix_03_2026-09-19_04-13-27,T2c_He_echo_chamber_mix_03,T2c_He,He,echo_chamber,mix_03,continuous,climate_consensus,complete,626,155,4,false,5,5,5,,5,,,,6,false,live,
T2c_He_echo_chamber_mix_03_2026-09-19_04-13-27,T2c_He_echo_chamber_mix_03,T2c_He,He,echo_chamber,mix_03,continuous,polar_bears,complete,626,161,5,false,0,0,0,,0,,,,,false,live,
T2c_He_echo_chamber_mix_04_2026-09-19_04-30-04,T2c_He_echo_chamber_mix_04,T2c_He,He,echo_chamber,mix_04,continuous,scopex_2017,complete,57,145,10,false,0,0,0,,0,,,,,false,live,
T2c_He_echo_chamber_mix_04_2026-09-19_04-30-04,T2c_He_echo_chamber_mix_04,T2c_He,He,echo_chamber,mix_04,continuous,chemtrails_gates_2018_2021,complete,57,157,5,false,0.2,0.125,0.9999999999999998,,0.2,,,,,false,live,
T2c_He_echo_chamber_mix_04_2026-09-19_04-30-04,T2c_He_echo_chamber_mix_04,T2c_He,He,echo_chamber,mix_04,continuous,sai_geoengineering,complete,57,159,3,false,0.5,0.375,0.9999999999999998,,0.5,,,,,false,live,
T2c_He_echo_chamber_mix_04_2026-09-19_04-30-04,T2c_He_echo_chamber_mix_04,T2c_He,He,echo_chamber,mix_04,continuous,paris_agreement,complete,57,143,7,false,0.5714,0.6667,2,,0.5714,,,,,false,live,
T2c_He_echo_chamber_mix_04_2026-09-19_04-30-04,T2c_He_echo_chamber_mix_04,T2c_He,He,echo_chamber,mix_04,continuous,climate_consensus,complete,57,1,0,true,,,,,,,,,,false,hatched_dead_after_llm,nScored <= 1 but llmCalls>0; keep the row; do not drop; do not read as mix immunises
T2c_He_echo_chamber_mix_04_2026-09-19_04-30-04,T2c_He_echo_chamber_mix_04,T2c_He,He,echo_chamber,mix_04,continuous,polar_bears,complete,57,145,4,false,0,0,0,,0,,,,,false,live,
T2c_He_echo_chamber_mix_05_2026-09-19_04-30-13,T2c_He_echo_chamber_mix_05,T2c_He,He,echo_chamber,mix_05,continuous,scopex_2017,complete,176,147,10,false,0.3,0.2143,3,,0.3,,,,,false,live,
T2c_He_echo_chamber_mix_05_2026-09-19_04-30-13,T2c_He_echo_chamber_mix_05,T2c_He,He,echo_chamber,mix_05,continuous,chemtrails_gates_2018_2021,complete,176,153,2,false,1.25,1.25,2.5,,1.25,,,,,false,live,
T2c_He_echo_chamber_mix_05_2026-09-19_04-30-13,T2c_He_echo_chamber_mix_05,T2c_He,He,echo_chamber,mix_05,continuous,sai_geoengineering,complete,176,158,5,false,0,0,0,,0,,,,,false,live,
T2c_He_echo_chamber_mix_05_2026-09-19_04-30-13,T2c_He_echo_chamber_mix_05,T2c_He,He,echo_chamber,mix_05,continuous,paris_agreement,complete,176,158,8,false,0.875,1.1667,4,,0.875,,,,,false,live,
T2c_He_echo_chamber_mix_05_2026-09-19_04-30-13,T2c_He_echo_chamber_mix_05,T2c_He,He,echo_chamber,mix_05,continuous,climate_consensus,complete,176,147,9,false,0.7778,0.8571,5,,0.7778,,,,,false,live,
T2c_He_echo_chamber_mix_05_2026-09-19_04-30-13,T2c_He_echo_chamber_mix_05,T2c_He,He,echo_chamber,mix_05,continuous,polar_bears,complete,176,154,120,false,0,0,0,,0,,,,,false,live,
T2c_He_hierarchical_mix_00_2026-09-19_04-14-39,T2c_He_hierarchical_mix_00,T2c_He,He,hierarchical,mix_00,continuous,scopex_2017,complete,44,1,0,true,,,,,,,,,,false,hatched_dead_after_llm,nScored <= 1 but llmCalls>0; keep the row; do not drop; do not read as mix immunises
T2c_He_hierarchical_mix_00_2026-09-19_04-14-39,T2c_He_hierarchical_mix_00,T2c_He,He,hierarchical,mix_00,continuous,chemtrails_gates_2018_2021,complete,44,19,8,false,3.9625,3.9625,4,,3.9625,,,,1,false,live,
T2c_He_hierarchical_mix_00_2026-09-19_04-14-39,T2c_He_hierarchical_mix_00,T2c_He,He,hierarchical,mix_00,continuous,sai_geoengineering,complete,44,19,7,false,0.2857,0.2917,0.9999999999999998,,0.2857,,,,,false,live,
T2c_He_hierarchical_mix_00_2026-09-19_04-14-39,T2c_He_hierarchical_mix_00,T2c_He,He,hierarchical,mix_00,continuous,paris_agreement,complete,44,19,8,false,3.875,3.875,5,,3.875,,,,7,false,live,
T2c_He_hierarchical_mix_00_2026-09-19_04-14-39,T2c_He_hierarchical_mix_00,T2c_He,He,hierarchical,mix_00,continuous,climate_consensus,complete,44,6,2,false,5,5,5,,5,,,,1,false,live,
T2c_He_hierarchical_mix_00_2026-09-19_04-14-39,T2c_He_hierarchical_mix_00,T2c_He,He,hierarchical,mix_00,continuous,polar_bears,complete,44,11,4,false,0,0,0,,0,,,,,false,live,
T2c_He_hierarchical_mix_01_2026-09-19_04-14-39,T2c_He_hierarchical_mix_01,T2c_He,He,hierarchical,mix_01,continuous,scopex_2017,complete,39,9,3,false,0.1667,0.125,0.4999999999999999,,0.1667,,,,,false,live,
T2c_He_hierarchical_mix_01_2026-09-19_04-14-39,T2c_He_hierarchical_mix_01,T2c_He,He,hierarchical,mix_01,continuous,chemtrails_gates_2018_2021,complete,39,9,3,false,3.5667,3.55,4,,3.5667,,,,1,false,live,
T2c_He_hierarchical_mix_01_2026-09-19_04-14-39,T2c_He_hierarchical_mix_01,T2c_He,He,hierarchical,mix_01,continuous,sai_geoengineering,complete,39,19,8,false,0.5,0.5,1.5000000000000002,,0.5,,,,,false,live,
T2c_He_hierarchical_mix_01_2026-09-19_04-14-39,T2c_He_hierarchical_mix_01,T2c_He,He,hierarchical,mix_01,continuous,paris_agreement,complete,39,1,0,true,,,,,,,,,,false,hatched_dead_after_llm,nScored <= 1 but llmCalls>0; keep the row; do not drop; do not read as mix immunises
T2c_He_hierarchical_mix_01_2026-09-19_04-14-39,T2c_He_hierarchical_mix_01,T2c_He,He,hierarchical,mix_01,continuous,climate_consensus,complete,39,19,8,false,4.875,4.875,5,,4.875,,,,1,false,live,
T2c_He_hierarchical_mix_01_2026-09-19_04-14-39,T2c_He_hierarchical_mix_01,T2c_He,He,hierarchical,mix_01,continuous,polar_bears,complete,39,14,5,false,0,0,0,,0,,,,,false,live,
T2c_He_hierarchical_mix_02_2026-09-19_04-15-22,T2c_He_hierarchical_mix_02,T2c_He,He,hierarchical,mix_02,continuous,scopex_2017,complete,128,1,0,true,,,,,,,,,,false,hatched_dead_after_llm,nScored <= 1 but llmCalls>0; keep the row; do not drop; do not read as mix immunises
T2c_He_hierarchical_mix_02_2026-09-19_04-15-22,T2c_He_hierarchical_mix_02,T2c_He,He,hierarchical,mix_02,continuous,chemtrails_gates_2018_2021,complete,128,54,25,false,0.96,0.9606,0.9999999999999998,,0.96,,,,,false,live,
T2c_He_hierarchical_mix_02_2026-09-19_04-15-22,T2c_He_hierarchical_mix_02,T2c_He,He,hierarchical,mix_02,continuous,sai_geoengineering,complete,128,60,27,false,0.037,0.0394,0.4999999999999999,,0.037,,,,,false,live,
T2c_He_hierarchical_mix_02_2026-09-19_04-15-22,T2c_He_hierarchical_mix_02,T2c_He,He,hierarchical,mix_02,continuous,paris_agreement,complete,128,1,0,true,,,,,,,,,,false,hatched_dead_after_llm,nScored <= 1 but llmCalls>0; keep the row; do not drop; do not read as mix immunises
T2c_He_hierarchical_mix_02_2026-09-19_04-15-22,T2c_He_hierarchical_mix_02,T2c_He,He,hierarchical,mix_02,continuous,climate_consensus,complete,128,61,28,false,0.1429,0.1481,1.5000000000000002,,0.1429,,,,,false,live,
T2c_He_hierarchical_mix_02_2026-09-19_04-15-22,T2c_He_hierarchical_mix_02,T2c_He,He,hierarchical,mix_02,continuous,polar_bears,complete,128,1,0,true,,,,,,,,,,false,hatched_dead_after_llm,nScored <= 1 but llmCalls>0; keep the row; do not drop; do not read as mix immunises
T2c_He_hierarchical_mix_03_2026-09-19_04-15-33,T2c_He_hierarchical_mix_03,T2c_He,He,hierarchical,mix_03,continuous,scopex_2017,complete,37,6,2,false,0,0,0,,0,,,,,false,live,
T2c_He_hierarchical_mix_03_2026-09-19_04-15-33,T2c_He_hierarchical_mix_03,T2c_He,He,hierarchical,mix_03,continuous,chemtrails_gates_2018_2021,complete,37,19,7,false,3.5,3.4792,4,,3.5,,,,5,false,live,
T2c_He_hierarchical_mix_03_2026-09-19_04-15-33,T2c_He_hierarchical_mix_03,T2c_He,He,hierarchical,mix_03,continuous,sai_geoengineering,complete,37,19,8,false,0,0,0,,0,,,,,false,live,
T2c_He_hierarchical_mix_03_2026-09-19_04-15-33,T2c_He_hierarchical_mix_03,T2c_He,He,hierarchical,mix_03,continuous,paris_agreement,complete,37,4,1,true,5,5,5,,5,,,,1,false,hatched_dead_after_llm,nScored <= 1 but llmCalls>0; keep the row; do not drop; do not read as mix immunises
T2c_He_hierarchical_mix_03_2026-09-19_04-15-33,T2c_He_hierarchical_mix_03,T2c_He,He,hierarchical,mix_03,continuous,climate_consensus,complete,37,1,0,true,,,,,,,,,,false,hatched_dead_after_llm,nScored <= 1 but llmCalls>0; keep the row; do not drop; do not read as mix immunises
T2c_He_hierarchical_mix_03_2026-09-19_04-15-33,T2c_He_hierarchical_mix_03,T2c_He,He,hierarchical,mix_03,continuous,polar_bears,complete,37,14,5,false,0,0,0,,0,,,,,false,live,
T2c_He_hierarchical_mix_04_2026-09-19_04-16-17,T2c_He_hierarchical_mix_04,T2c_He,He,hierarchical,mix_04,continuous,scopex_2017,complete,16,6,2,false,0,0,0,,0,,,,,false,live,
T2c_He_hierarchical_mix_04_2026-09-19_04-16-17,T2c_He_hierarchical_mix_04,T2c_He,He,hierarchical,mix_04,continuous,chemtrails_gates_2018_2021,complete,16,1,0,true,,,,,,,,,,false,hatched_dead_after_llm,nScored <= 1 but llmCalls>0; keep the row; do not drop; do not read as mix immunises
T2c_He_hierarchical_mix_04_2026-09-19_04-16-17,T2c_He_hierarchical_mix_04,T2c_He,He,hierarchical,mix_04,continuous,sai_geoengineering,complete,16,6,2,false,0,0,0,,0,,,,,false,live,
T2c_He_hierarchical_mix_04_2026-09-19_04-16-17,T2c_He_hierarchical_mix_04,T2c_He,He,hierarchical,mix_04,continuous,paris_agreement,complete,16,4,1,true,0,0,0,,0,,,,,false,hatched_dead_after_llm,nScored <= 1 but llmCalls>0; keep the row; do not drop; do not read as mix immunises
T2c_He_hierarchical_mix_04_2026-09-19_04-16-17,T2c_He_hierarchical_mix_04,T2c_He,He,hierarchical,mix_04,continuous,climate_consensus,complete,16,4,1,true,0,0,0,,0,,,,,false,hatched_dead_after_llm,nScored <= 1 but llmCalls>0; keep the row; do not drop; do not read as mix immunises
T2c_He_hierarchical_mix_04_2026-09-19_04-16-17,T2c_He_hierarchical_mix_04,T2c_He,He,hierarchical,mix_04,continuous,polar_bears,complete,16,16,6,false,0,0,0,,0,,,,,false,live,
T2c_He_hierarchical_mix_05_2026-09-19_04-16-36,T2c_He_hierarchical_mix_05,T2c_He,He,hierarchical,mix_05,continuous,scopex_2017,complete,56,14,5,false,0.2,0.1667,0.9999999999999998,,0.2,,,,,false,live,
T2c_He_hierarchical_mix_05_2026-09-19_04-16-36,T2c_He_hierarchical_mix_05,T2c_He,He,hierarchical,mix_05,continuous,chemtrails_gates_2018_2021,complete,56,14,5,false,4.2,4.25,5,,4.2,,,,1,false,live,
T2c_He_hierarchical_mix_05_2026-09-19_04-16-36,T2c_He_hierarchical_mix_05,T2c_He,He,hierarchical,mix_05,continuous,sai_geoengineering,complete,56,6,2,false,1,1,2,,1,,,,,false,live,
T2c_He_hierarchical_mix_05_2026-09-19_04-16-36,T2c_He_hierarchical_mix_05,T2c_He,He,hierarchical,mix_05,continuous,paris_agreement,complete,56,19,7,false,2,2.0417,3,,2,,,,,false,live,
T2c_He_hierarchical_mix_05_2026-09-19_04-16-36,T2c_He_hierarchical_mix_05,T2c_He,He,hierarchical,mix_05,continuous,climate_consensus,complete,56,19,8,false,5,5,5,,5,,,,1,false,live,
T2c_He_hierarchical_mix_05_2026-09-19_04-16-36,T2c_He_hierarchical_mix_05,T2c_He,He,hierarchical,mix_05,continuous,polar_bears,complete,56,19,7,false,0.3571,0.3542,0.4999999999999999,,0.3571,,,,,false,live,
T2c_He_linear_chain_mix_00_2026-09-19_02-49-25,T2c_He_linear_chain_mix_00,T2c_He,He,linear_chain,mix_00,continuous,scopex_2017,complete,79,8,8,false,1,1,2.5,,1,,,,,false,live,
T2c_He_linear_chain_mix_00_2026-09-19_02-49-25,T2c_He_linear_chain_mix_00,T2c_He,He,linear_chain,mix_00,continuous,chemtrails_gates_2018_2021,complete,79,8,8,false,2.125,2.125,4,,2.125,,,,,false,live,
T2c_He_linear_chain_mix_00_2026-09-19_02-49-25,T2c_He_linear_chain_mix_00,T2c_He,He,linear_chain,mix_00,continuous,sai_geoengineering,complete,79,4,3,false,0,0,0,,0,,,,,false,live,
T2c_He_linear_chain_mix_00_2026-09-19_02-49-25,T2c_He_linear_chain_mix_00,T2c_He,He,linear_chain,mix_00,continuous,paris_agreement,complete,79,8,8,false,2.4375,2.4375,5,,2.4375,,,,,false,live,
T2c_He_linear_chain_mix_00_2026-09-19_02-49-25,T2c_He_linear_chain_mix_00,T2c_He,He,linear_chain,mix_00,continuous,climate_consensus,complete,79,7,6,false,3.3333,3.3333,5,,3.3333,,,,,false,live,
T2c_He_linear_chain_mix_00_2026-09-19_02-49-25,T2c_He_linear_chain_mix_00,T2c_He,He,linear_chain,mix_00,continuous,polar_bears,complete,79,8,8,false,0.25,0.25,1.5000000000000002,,0.25,,,,,false,live,
T2c_He_linear_chain_mix_01_2026-09-19_02-49-25,T2c_He_linear_chain_mix_01,T2c_He,He,linear_chain,mix_01,continuous,scopex_2017,complete,73,8,8,false,1.8125,1.8125,3,,1.8125,,,,,false,live,
T2c_He_linear_chain_mix_01_2026-09-19_02-49-25,T2c_He_linear_chain_mix_01,T2c_He,He,linear_chain,mix_01,continuous,chemtrails_gates_2018_2021,complete,73,5,4,false,2.75,2.75,4,,2.75,,,,,false,live,
T2c_He_linear_chain_mix_01_2026-09-19_02-49-25,T2c_He_linear_chain_mix_01,T2c_He,He,linear_chain,mix_01,continuous,sai_geoengineering,complete,73,4,3,false,0.3333,0.3333,0.9999999999999998,,0.3333,,,,,false,live,
T2c_He_linear_chain_mix_01_2026-09-19_02-49-25,T2c_He_linear_chain_mix_01,T2c_He,He,linear_chain,mix_01,continuous,paris_agreement,complete,73,8,8,false,1.4375,1.4375,5,,1.4375,,,,,false,live,
T2c_He_linear_chain_mix_01_2026-09-19_02-49-25,T2c_He_linear_chain_mix_01,T2c_He,He,linear_chain,mix_01,continuous,climate_consensus,complete,73,8,8,false,1.8125,1.8125,5,,1.8125,,,,,false,live,
T2c_He_linear_chain_mix_01_2026-09-19_02-49-25,T2c_He_linear_chain_mix_01,T2c_He,He,linear_chain,mix_01,continuous,polar_bears,complete,73,8,8,false,0,0,0,,0,,,,,false,live,
T2c_He_linear_chain_mix_02_2026-09-19_02-49-24,T2c_He_linear_chain_mix_02,T2c_He,He,linear_chain,mix_02,continuous,scopex_2017,complete,86,8,8,false,0.25,0.25,0.4999999999999999,,0.25,,,,,false,live,
T2c_He_linear_chain_mix_02_2026-09-19_02-49-24,T2c_He_linear_chain_mix_02,T2c_He,He,linear_chain,mix_02,continuous,chemtrails_gates_2018_2021,complete,86,7,6,false,0.7,0.7,0.9999999999999998,,0.7,,,,,false,live,
T2c_He_linear_chain_mix_02_2026-09-19_02-49-24,T2c_He_linear_chain_mix_02,T2c_He,He,linear_chain,mix_02,continuous,sai_geoengineering,complete,86,8,8,false,0,0,0,,0,,,,,false,live,
T2c_He_linear_chain_mix_02_2026-09-19_02-49-24,T2c_He_linear_chain_mix_02,T2c_He,He,linear_chain,mix_02,continuous,paris_agreement,complete,86,8,8,false,0,0,0,,0,,,,,false,live,
T2c_He_linear_chain_mix_02_2026-09-19_02-49-24,T2c_He_linear_chain_mix_02,T2c_He,He,linear_chain,mix_02,continuous,climate_consensus,complete,86,8,8,false,0.5,0.5,0.9999999999999998,,0.5,,,,,false,live,
T2c_He_linear_chain_mix_02_2026-09-19_02-49-24,T2c_He_linear_chain_mix_02,T2c_He,He,linear_chain,mix_02,continuous,polar_bears,complete,86,8,8,false,0.0625,0.0625,0.4999999999999999,,0.0625,,,,,false,live,
T2c_He_linear_chain_mix_03_2026-09-19_02-49-24,T2c_He_linear_chain_mix_03,T2c_He,He,linear_chain,mix_03,continuous,scopex_2017,complete,53,6,5,false,0,0,0,,0,,,,,false,live,
T2c_He_linear_chain_mix_03_2026-09-19_02-49-24,T2c_He_linear_chain_mix_03,T2c_He,He,linear_chain,mix_03,continuous,chemtrails_gates_2018_2021,complete,53,8,8,false,0.9625,0.9625,3.5,,0.9625,,,,,false,live,
T2c_He_linear_chain_mix_03_2026-09-19_02-49-24,T2c_He_linear_chain_mix_03,T2c_He,He,linear_chain,mix_03,continuous,sai_geoengineering,complete,53,1,0,true,,,,,,,,,,false,hatched_dead_after_llm,nScored <= 1 but llmCalls>0; keep the row; do not drop; do not read as mix immunises
T2c_He_linear_chain_mix_03_2026-09-19_02-49-24,T2c_He_linear_chain_mix_03,T2c_He,He,linear_chain,mix_03,continuous,paris_agreement,complete,53,8,8,false,0,0,0,,0,,,,,false,live,
T2c_He_linear_chain_mix_03_2026-09-19_02-49-24,T2c_He_linear_chain_mix_03,T2c_He,He,linear_chain,mix_03,continuous,climate_consensus,complete,53,8,8,false,0.625,0.625,5,,0.625,,,,,false,live,
T2c_He_linear_chain_mix_03_2026-09-19_02-49-24,T2c_He_linear_chain_mix_03,T2c_He,He,linear_chain,mix_03,continuous,polar_bears,complete,53,1,0,true,,,,,,,,,,false,hatched_dead_after_llm,nScored <= 1 but llmCalls>0; keep the row; do not drop; do not read as mix immunises
T2c_He_linear_chain_mix_04_2026-09-19_02-50-57,T2c_He_linear_chain_mix_04,T2c_He,He,linear_chain,mix_04,continuous,scopex_2017,complete,78,8,8,false,0.5625,0.5625,1.5000000000000002,,0.5625,,,,,false,live,
T2c_He_linear_chain_mix_04_2026-09-19_02-50-57,T2c_He_linear_chain_mix_04,T2c_He,He,linear_chain,mix_04,continuous,chemtrails_gates_2018_2021,complete,78,8,8,false,1.4375,1.4375,2,,1.4375,,,,,false,live,
T2c_He_linear_chain_mix_04_2026-09-19_02-50-57,T2c_He_linear_chain_mix_04,T2c_He,He,linear_chain,mix_04,continuous,sai_geoengineering,complete,78,8,8,false,0.3125,0.3125,1.5000000000000002,,0.3125,,,,,false,live,
T2c_He_linear_chain_mix_04_2026-09-19_02-50-57,T2c_He_linear_chain_mix_04,T2c_He,He,linear_chain,mix_04,continuous,paris_agreement,complete,78,8,8,false,0.875,0.875,2.5,,0.875,,,,,false,live,
T2c_He_linear_chain_mix_04_2026-09-19_02-50-57,T2c_He_linear_chain_mix_04,T2c_He,He,linear_chain,mix_04,continuous,climate_consensus,complete,78,1,0,true,,,,,,,,,,false,hatched_dead_after_llm,nScored <= 1 but llmCalls>0; keep the row; do not drop; do not read as mix immunises
T2c_He_linear_chain_mix_04_2026-09-19_02-50-57,T2c_He_linear_chain_mix_04,T2c_He,He,linear_chain,mix_04,continuous,polar_bears,complete,78,8,8,false,0.3125,0.3125,0.4999999999999999,,0.3125,,,,,false,live,
T2c_He_linear_chain_mix_05_2026-09-19_02-51-10,T2c_He_linear_chain_mix_05,T2c_He,He,linear_chain,mix_05,continuous,scopex_2017,complete,66,8,8,false,1.0625,1.0625,5,,1.0625,,,,,false,live,
T2c_He_linear_chain_mix_05_2026-09-19_02-51-10,T2c_He_linear_chain_mix_05,T2c_He,He,linear_chain,mix_05,continuous,chemtrails_gates_2018_2021,complete,66,8,8,false,1.25,1.25,3.5,,1.25,,,,,false,live,
T2c_He_linear_chain_mix_05_2026-09-19_02-51-10,T2c_He_linear_chain_mix_05,T2c_He,He,linear_chain,mix_05,continuous,sai_geoengineering,complete,66,8,8,false,0,0,0,,0,,,,,false,live,
T2c_He_linear_chain_mix_05_2026-09-19_02-51-10,T2c_He_linear_chain_mix_05,T2c_He,He,linear_chain,mix_05,continuous,paris_agreement,complete,66,8,8,false,1.4375,1.4375,3.5,,1.4375,,,,,false,live,
T2c_He_linear_chain_mix_05_2026-09-19_02-51-10,T2c_He_linear_chain_mix_05,T2c_He,He,linear_chain,mix_05,continuous,climate_consensus,complete,66,1,0,true,,,,,,,,,,false,hatched_dead_after_llm,nScored <= 1 but llmCalls>0; keep the row; do not drop; do not read as mix immunises
T2c_He_linear_chain_mix_05_2026-09-19_02-51-10,T2c_He_linear_chain_mix_05,T2c_He,He,linear_chain,mix_05,continuous,polar_bears,complete,66,3,2,false,0,0,0,,0,,,,,false,live,
T2c_He_polarized_mix_00_2026-09-19_04-17-42,T2c_He_polarized_mix_00,T2c_He,He,polarized,mix_00,continuous,scopex_2017,complete,529,119,94,false,1.5851,1.5646,5,,1.5851,,,,,false,live,
T2c_He_polarized_mix_00_2026-09-19_04-17-42,T2c_He_polarized_mix_00,T2c_He,He,polarized,mix_00,continuous,chemtrails_gates_2018_2021,complete,529,138,109,false,1.967,2.0171,4,,1.967,,,,,false,live,
T2c_He_polarized_mix_00_2026-09-19_04-17-42,T2c_He_polarized_mix_00,T2c_He,He,polarized,mix_00,continuous,sai_geoengineering,complete,529,144,128,false,0.125,0.119,4,,0.125,,,,,false,live,
T2c_He_polarized_mix_00_2026-09-19_04-17-42,T2c_He_polarized_mix_00,T2c_He,He,polarized,mix_00,continuous,paris_agreement,complete,529,1,0,true,,,,,,,,,,false,hatched_dead_after_llm,nScored <= 1 but llmCalls>0; keep the row; do not drop; do not read as mix immunises
T2c_He_polarized_mix_00_2026-09-19_04-17-42,T2c_He_polarized_mix_00,T2c_He,He,polarized,mix_00,continuous,climate_consensus,complete,529,1,0,true,,,,,,,,,,false,hatched_dead_after_llm,nScored <= 1 but llmCalls>0; keep the row; do not drop; do not read as mix immunises
T2c_He_polarized_mix_00_2026-09-19_04-17-42,T2c_He_polarized_mix_00,T2c_He,He,polarized,mix_00,continuous,polar_bears,complete,529,1,0,true,,,,,,,,,,false,hatched_dead_after_llm,nScored <= 1 but llmCalls>0; keep the row; do not drop; do not read as mix immunises
T2c_He_polarized_mix_01_2026-09-19_04-17-42,T2c_He_polarized_mix_01,T2c_He,He,polarized,mix_01,continuous,scopex_2017,complete,428,141,66,false,1.5485,1.3456,5,,1.5485,,,,,false,live,
T2c_He_polarized_mix_01_2026-09-19_04-17-42,T2c_He_polarized_mix_01,T2c_He,He,polarized,mix_01,continuous,chemtrails_gates_2018_2021,complete,428,120,9,false,1.9333,2.0929,3.5,,1.9333,,,,,false,live,
T2c_He_polarized_mix_01_2026-09-19_04-17-42,T2c_He_polarized_mix_01,T2c_He,He,polarized,mix_01,continuous,sai_geoengineering,complete,428,125,15,false,0,0,0,,0,,,,,false,live,
T2c_He_polarized_mix_01_2026-09-19_04-17-42,T2c_He_polarized_mix_01,T2c_He,He,polarized,mix_01,continuous,paris_agreement,complete,428,1,0,true,,,,,,,,,,false,hatched_dead_after_llm,nScored <= 1 but llmCalls>0; keep the row; do not drop; do not read as mix immunises
T2c_He_polarized_mix_01_2026-09-19_04-17-42,T2c_He_polarized_mix_01,T2c_He,He,polarized,mix_01,continuous,climate_consensus,complete,428,139,2,false,2.5,2.5,5,,2.5,,,,,false,live,
T2c_He_polarized_mix_01_2026-09-19_04-17-42,T2c_He_polarized_mix_01,T2c_He,He,polarized,mix_01,continuous,polar_bears,complete,428,144,8,false,0,0,0,,0,,,,,false,live,
T2c_He_polarized_mix_02_2026-09-19_04-17-42,T2c_He_polarized_mix_02,T2c_He,He,polarized,mix_02,continuous,scopex_2017,complete,455,145,121,false,0.0388,0.0401,0.4999999999999999,,0.0388,,,,,false,live,
T2c_He_polarized_mix_02_2026-09-19_04-17-42,T2c_He_polarized_mix_02,T2c_He,He,polarized,mix_02,continuous,chemtrails_gates_2018_2021,complete,455,1,0,true,,,,,,,,,,false,hatched_dead_after_llm,nScored <= 1 but llmCalls>0; keep the row; do not drop; do not read as mix immunises
T2c_He_polarized_mix_02_2026-09-19_04-17-42,T2c_He_polarized_mix_02,T2c_He,He,polarized,mix_02,continuous,sai_geoengineering,complete,455,91,31,false,0.0161,0.0049,0.4999999999999999,,0.0161,,,,,false,live,
T2c_He_polarized_mix_02_2026-09-19_04-17-42,T2c_He_polarized_mix_02,T2c_He,He,polarized,mix_02,continuous,paris_agreement,complete,455,125,8,false,0.125,0.1429,0.9999999999999998,,0.125,,,,,false,live,
T2c_He_polarized_mix_02_2026-09-19_04-17-42,T2c_He_polarized_mix_02,T2c_He,He,polarized,mix_02,continuous,climate_consensus,complete,455,145,8,false,0.625,0.5714,0.9999999999999998,,0.625,,,,,false,live,
T2c_He_polarized_mix_02_2026-09-19_04-17-42,T2c_He_polarized_mix_02,T2c_He,He,polarized,mix_02,continuous,polar_bears,complete,455,107,0,true,,,,,,,,,,false,hatched_dead_after_llm,nScored <= 1 but llmCalls>0; keep the row; do not drop; do not read as mix immunises
T2c_He_polarized_mix_03_2026-09-19_04-17-42,T2c_He_polarized_mix_03,T2c_He,He,polarized,mix_03,continuous,scopex_2017,complete,486,1,0,true,,,,,,,,,,false,hatched_dead_after_llm,nScored <= 1 but llmCalls>0; keep the row; do not drop; do not read as mix immunises
T2c_He_polarized_mix_03_2026-09-19_04-17-42,T2c_He_polarized_mix_03,T2c_He,He,polarized,mix_03,continuous,chemtrails_gates_2018_2021,complete,486,113,95,false,2.5758,2.5639,4.5,,2.5758,,,,,false,live,
T2c_He_polarized_mix_03_2026-09-19_04-17-42,T2c_He_polarized_mix_03,T2c_He,He,polarized,mix_03,continuous,sai_geoengineering,complete,486,144,51,false,0.0686,0.0781,1.5000000000000002,,0.0686,,,,,false,live,
T2c_He_polarized_mix_03_2026-09-19_04-17-42,T2c_He_polarized_mix_03,T2c_He,He,polarized,mix_03,continuous,paris_agreement,complete,486,139,12,false,3.625,3.3452,5,,3.625,,,,7,false,live,
T2c_He_polarized_mix_03_2026-09-19_04-17-42,T2c_He_polarized_mix_03,T2c_He,He,polarized,mix_03,continuous,climate_consensus,complete,486,138,6,false,1.9167,1.875,5,,1.9167,,,,,false,live,
T2c_He_polarized_mix_03_2026-09-19_04-17-42,T2c_He_polarized_mix_03,T2c_He,He,polarized,mix_03,continuous,polar_bears,complete,486,102,4,false,0,0,0,,0,,,,,false,live,
T2c_He_polarized_mix_04_2026-09-19_04-18-19,T2c_He_polarized_mix_04,T2c_He,He,polarized,mix_04,continuous,scopex_2017,complete,509,1,0,true,,,,,,,,,,false,hatched_dead_after_llm,nScored <= 1 but llmCalls>0; keep the row; do not drop; do not read as mix immunises
T2c_He_polarized_mix_04_2026-09-19_04-18-19,T2c_He_polarized_mix_04,T2c_He,He,polarized,mix_04,continuous,chemtrails_gates_2018_2021,complete,509,130,110,false,1.9864,1.9953,5,,1.9864,,,,,false,live,
T2c_He_polarized_mix_04_2026-09-19_04-18-19,T2c_He_polarized_mix_04,T2c_He,He,polarized,mix_04,continuous,sai_geoengineering,complete,509,143,116,false,0.0431,0.0429,1.5000000000000002,,0.0431,,,,,false,live,
T2c_He_polarized_mix_04_2026-09-19_04-18-19,T2c_He_polarized_mix_04,T2c_He,He,polarized,mix_04,continuous,paris_agreement,complete,509,132,13,false,2.9308,3.2905,5,,2.9308,,,,,false,live,
T2c_He_polarized_mix_04_2026-09-19_04-18-19,T2c_He_polarized_mix_04,T2c_He,He,polarized,mix_04,continuous,climate_consensus,complete,509,139,15,false,3.9,3.9427,5,,3.9,,,,1,false,live,
T2c_He_polarized_mix_04_2026-09-19_04-18-19,T2c_He_polarized_mix_04,T2c_He,He,polarized,mix_04,continuous,polar_bears,complete,509,1,0,true,,,,,,,,,,false,hatched_dead_after_llm,nScored <= 1 but llmCalls>0; keep the row; do not drop; do not read as mix immunises
T2c_He_polarized_mix_05_2026-09-19_04-18-21,T2c_He_polarized_mix_05,T2c_He,He,polarized,mix_05,continuous,scopex_2017,complete,493,1,0,true,,,,,,,,,,false,hatched_dead_after_llm,nScored <= 1 but llmCalls>0; keep the row; do not drop; do not read as mix immunises
T2c_He_polarized_mix_05_2026-09-19_04-18-21,T2c_He_polarized_mix_05,T2c_He,He,polarized,mix_05,continuous,chemtrails_gates_2018_2021,complete,493,138,118,false,2.0661,2.0753,5,,2.0661,,,,,false,live,
T2c_He_polarized_mix_05_2026-09-19_04-18-21,T2c_He_polarized_mix_05,T2c_He,He,polarized,mix_05,continuous,sai_geoengineering,complete,493,1,0,true,,,,,,,,,,false,hatched_dead_after_llm,nScored <= 1 but llmCalls>0; keep the row; do not drop; do not read as mix immunises
T2c_He_polarized_mix_05_2026-09-19_04-18-21,T2c_He_polarized_mix_05,T2c_He,He,polarized,mix_05,continuous,paris_agreement,complete,493,105,85,false,2.2659,2.3643,5,,2.2659,,,,,false,live,
T2c_He_polarized_mix_05_2026-09-19_04-18-21,T2c_He_polarized_mix_05,T2c_He,He,polarized,mix_05,continuous,climate_consensus,complete,493,144,13,false,3.5,3.5952,5,,3.5,,,,8,false,live,
T2c_He_polarized_mix_05_2026-09-19_04-18-21,T2c_He_polarized_mix_05,T2c_He,He,polarized,mix_05,continuous,polar_bears,complete,493,131,10,false,0,0,0,,0,,,,,false,live,
T2c_He_random_er_mix_00_2026-09-19_02-54-09,T2c_He_random_er_mix_00,T2c_He,He,random_er,mix_00,continuous,scopex_2017,complete,1148,166,147,false,1.9347,1.9094,5,,1.9347,,,,,false,live,
T2c_He_random_er_mix_00_2026-09-19_02-54-09,T2c_He_random_er_mix_00,T2c_He,He,random_er,mix_00,continuous,chemtrails_gates_2018_2021,complete,1148,1,0,true,,,,,,,,,,false,hatched_dead_after_llm,nScored <= 1 but llmCalls>0; keep the row; do not drop; do not read as mix immunises
T2c_He_random_er_mix_00_2026-09-19_02-54-09,T2c_He_random_er_mix_00,T2c_He,He,random_er,mix_00,continuous,sai_geoengineering,complete,1148,158,135,false,0.1311,0.1271,1.5000000000000002,,0.1311,,,,,false,live,
T2c_He_random_er_mix_00_2026-09-19_02-54-09,T2c_He_random_er_mix_00,T2c_He,He,random_er,mix_00,continuous,paris_agreement,complete,1148,171,147,false,1.9429,1.9476,5,,1.9429,,,,,false,live,
T2c_He_random_er_mix_00_2026-09-19_02-54-09,T2c_He_random_er_mix_00,T2c_He,He,random_er,mix_00,continuous,climate_consensus,complete,1148,168,144,false,2.5729,2.5727,5,,2.5729,,,,,false,live,
T2c_He_random_er_mix_00_2026-09-19_02-54-09,T2c_He_random_er_mix_00,T2c_He,He,random_er,mix_00,continuous,polar_bears,complete,1148,171,150,false,0.0167,0.018,0.4999999999999999,,0.0167,,,,,false,live,
T2c_He_random_er_mix_01_2026-09-19_02-54-39,T2c_He_random_er_mix_01,T2c_He,He,random_er,mix_01,continuous,scopex_2017,complete,795,127,97,false,1.0536,1.0474,5,,1.0536,,,,,false,live,
T2c_He_random_er_mix_01_2026-09-19_02-54-39,T2c_He_random_er_mix_01,T2c_He,He,random_er,mix_01,continuous,chemtrails_gates_2018_2021,complete,795,130,107,false,1.7682,1.7912,5,,1.7682,,,,,false,live,
T2c_He_random_er_mix_01_2026-09-19_02-54-39,T2c_He_random_er_mix_01,T2c_He,He,random_er,mix_01,continuous,sai_geoengineering,complete,795,117,98,false,0,0,0,,0,,,,,false,live,
T2c_He_random_er_mix_01_2026-09-19_02-54-39,T2c_He_random_er_mix_01,T2c_He,He,random_er,mix_01,continuous,paris_agreement,complete,795,101,83,false,1.7145,1.7608,5,,1.7145,,,,,false,live,
T2c_He_random_er_mix_01_2026-09-19_02-54-39,T2c_He_random_er_mix_01,T2c_He,He,random_er,mix_01,continuous,climate_consensus,complete,795,1,0,true,,,,,,,,,,false,hatched_dead_after_llm,nScored <= 1 but llmCalls>0; keep the row; do not drop; do not read as mix immunises
T2c_He_random_er_mix_01_2026-09-19_02-54-39,T2c_He_random_er_mix_01,T2c_He,He,random_er,mix_01,continuous,polar_bears,complete,795,121,103,false,0,0,0,,0,,,,,false,live,
T2c_He_random_er_mix_02_2026-09-19_02-54-46,T2c_He_random_er_mix_02,T2c_He,He,random_er,mix_02,continuous,scopex_2017,complete,1261,156,129,false,0.124,0.1262,1.5000000000000002,,0.124,,,,,false,live,
T2c_He_random_er_mix_02_2026-09-19_02-54-46,T2c_He_random_er_mix_02,T2c_He,He,random_er,mix_02,continuous,chemtrails_gates_2018_2021,complete,1261,167,130,false,1.0154,1.0135,2.5,,1.0154,,,,,false,live,
T2c_He_random_er_mix_02_2026-09-19_02-54-46,T2c_He_random_er_mix_02,T2c_He,He,random_er,mix_02,continuous,sai_geoengineering,complete,1261,171,145,false,0.0793,0.0813,1.5000000000000002,,0.0793,,,,,false,live,
T2c_He_random_er_mix_02_2026-09-19_02-54-46,T2c_He_random_er_mix_02,T2c_He,He,random_er,mix_02,continuous,paris_agreement,complete,1261,169,143,false,0,0,0,,0,,,,,false,live,
T2c_He_random_er_mix_02_2026-09-19_02-54-46,T2c_He_random_er_mix_02,T2c_He,He,random_er,mix_02,continuous,climate_consensus,complete,1261,141,119,false,0.2227,0.2342,0.9999999999999998,,0.2227,,,,,false,live,
T2c_He_random_er_mix_02_2026-09-19_02-54-46,T2c_He_random_er_mix_02,T2c_He,He,random_er,mix_02,continuous,polar_bears,complete,1261,146,122,false,0,0,0,,0,,,,,false,live,
T2c_He_random_er_mix_03_2026-09-19_02-55-13,T2c_He_random_er_mix_03,T2c_He,He,random_er,mix_03,continuous,scopex_2017,complete,944,120,107,false,0.7121,0.7601,5,,0.7121,,,,,false,live,
T2c_He_random_er_mix_03_2026-09-19_02-55-13,T2c_He_random_er_mix_03,T2c_He,He,random_er,mix_03,continuous,chemtrails_gates_2018_2021,complete,944,119,105,false,1.0657,1.1481,4,,1.0657,,,,,false,live,
T2c_He_random_er_mix_03_2026-09-19_02-55-13,T2c_He_random_er_mix_03,T2c_He,He,random_er,mix_03,continuous,sai_geoengineering,complete,944,121,102,false,0.0637,0.0686,0.9999999999999998,,0.0637,,,,,false,live,
T2c_He_random_er_mix_03_2026-09-19_02-55-13,T2c_He_random_er_mix_03,T2c_He,He,random_er,mix_03,continuous,paris_agreement,complete,944,119,106,false,0.4764,0.584,5,,0.4764,,,,,false,live,
T2c_He_random_er_mix_03_2026-09-19_02-55-13,T2c_He_random_er_mix_03,T2c_He,He,random_er,mix_03,continuous,climate_consensus,complete,944,92,76,false,0.3947,0.536,5,,0.3947,,,,,false,live,
T2c_He_random_er_mix_03_2026-09-19_02-55-13,T2c_He_random_er_mix_03,T2c_He,He,random_er,mix_03,continuous,polar_bears,complete,944,119,103,false,0.0097,0.0096,0.4999999999999999,,0.0097,,,,,false,live,
T2c_He_random_er_mix_04_2026-09-19_03-11-03,T2c_He_random_er_mix_04,T2c_He,He,random_er,mix_04,continuous,scopex_2017,complete,646,137,120,false,0.2867,0.3109,4,,0.2867,,,,,false,live,
T2c_He_random_er_mix_04_2026-09-19_03-11-03,T2c_He_random_er_mix_04,T2c_He,He,random_er,mix_04,continuous,chemtrails_gates_2018_2021,complete,646,1,0,true,,,,,,,,,,false,hatched_dead_after_llm,nScored <= 1 but llmCalls>0; keep the row; do not drop; do not read as mix immunises
T2c_He_random_er_mix_04_2026-09-19_03-11-03,T2c_He_random_er_mix_04,T2c_He,He,random_er,mix_04,continuous,sai_geoengineering,complete,646,4,2,false,0.5,0.5,0.4999999999999999,,0.5,,,,,false,live,
T2c_He_random_er_mix_04_2026-09-19_03-11-03,T2c_He_random_er_mix_04,T2c_He,He,random_er,mix_04,continuous,paris_agreement,complete,646,134,119,false,1.2992,1.311,5,,1.2992,,,,,false,live,
T2c_He_random_er_mix_04_2026-09-19_03-11-03,T2c_He_random_er_mix_04,T2c_He,He,random_er,mix_04,continuous,climate_consensus,complete,646,64,54,false,1.2537,1.3817,5,,1.2537,,,,,false,live,
T2c_He_random_er_mix_04_2026-09-19_03-11-03,T2c_He_random_er_mix_04,T2c_He,He,random_er,mix_04,continuous,polar_bears,complete,646,129,112,false,0.0848,0.0802,4.5,,0.0848,,,,,false,live,
T2c_He_random_er_mix_05_2026-09-19_03-14-24,T2c_He_random_er_mix_05,T2c_He,He,random_er,mix_05,continuous,scopex_2017,complete,399,155,132,false,0.3939,0.3988,5,,0.3939,,,,,false,live,
T2c_He_random_er_mix_05_2026-09-19_03-14-24,T2c_He_random_er_mix_05,T2c_He,He,random_er,mix_05,continuous,chemtrails_gates_2018_2021,complete,399,3,1,true,0,0,0,,0,,,,,false,hatched_dead_after_llm,nScored <= 1 but llmCalls>0; keep the row; do not drop; do not read as mix immunises
T2c_He_random_er_mix_05_2026-09-19_03-14-24,T2c_He_random_er_mix_05,T2c_He,He,random_er,mix_05,continuous,sai_geoengineering,complete,399,1,0,true,,,,,,,,,,false,hatched_dead_after_llm,nScored <= 1 but llmCalls>0; keep the row; do not drop; do not read as mix immunises
T2c_He_random_er_mix_05_2026-09-19_03-14-24,T2c_He_random_er_mix_05,T2c_He,He,random_er,mix_05,continuous,paris_agreement,complete,399,1,0,true,,,,,,,,,,false,hatched_dead_after_llm,nScored <= 1 but llmCalls>0; keep the row; do not drop; do not read as mix immunises
T2c_He_random_er_mix_05_2026-09-19_03-14-24,T2c_He_random_er_mix_05,T2c_He,He,random_er,mix_05,continuous,climate_consensus,complete,399,1,0,true,,,,,,,,,,false,hatched_dead_after_llm,nScored <= 1 but llmCalls>0; keep the row; do not drop; do not read as mix immunises
T2c_He_random_er_mix_05_2026-09-19_03-14-24,T2c_He_random_er_mix_05,T2c_He,He,random_er,mix_05,continuous,polar_bears,complete,399,157,123,false,0.0041,0.0033,0.4999999999999999,,0.0041,,,,,false,live,
T2c_He_ring_mix_00_2026-09-19_02-51-24,T2c_He_ring_mix_00,T2c_He,He,ring,mix_00,continuous,scopex_2017,complete,73,3,2,false,2.25,2.25,3,,2.25,,,,,false,live,
T2c_He_ring_mix_00_2026-09-19_02-51-24,T2c_He_ring_mix_00,T2c_He,He,ring,mix_00,continuous,chemtrails_gates_2018_2021,complete,73,8,8,false,2.0625,2.0625,3.5,,2.0625,,,,,false,live,
T2c_He_ring_mix_00_2026-09-19_02-51-24,T2c_He_ring_mix_00,T2c_He,He,ring,mix_00,continuous,sai_geoengineering,complete,73,8,8,false,0.125,0.125,0.9999999999999998,,0.125,,,,,false,live,
T2c_He_ring_mix_00_2026-09-19_02-51-24,T2c_He_ring_mix_00,T2c_He,He,ring,mix_00,continuous,paris_agreement,complete,73,8,8,false,3.0625,3.0625,5,,3.0625,,,,,false,live,
T2c_He_ring_mix_00_2026-09-19_02-51-24,T2c_He_ring_mix_00,T2c_He,He,ring,mix_00,continuous,climate_consensus,complete,73,7,6,false,3.3333,3.3333,5,,3.3333,,,,,false,live,
T2c_He_ring_mix_00_2026-09-19_02-51-24,T2c_He_ring_mix_00,T2c_He,He,ring,mix_00,continuous,polar_bears,complete,73,8,8,false,0,0,0,,0,,,,,false,live,
T2c_He_ring_mix_01_2026-09-19_02-51-34,T2c_He_ring_mix_01,T2c_He,He,ring,mix_01,continuous,scopex_2017,complete,79,8,8,false,1.375,1.375,2.5,,1.375,,,,,false,live,
T2c_He_ring_mix_01_2026-09-19_02-51-34,T2c_He_ring_mix_01,T2c_He,He,ring,mix_01,continuous,chemtrails_gates_2018_2021,complete,79,8,8,false,1.4375,1.4375,3,,1.4375,,,,,false,live,
T2c_He_ring_mix_01_2026-09-19_02-51-34,T2c_He_ring_mix_01,T2c_He,He,ring,mix_01,continuous,sai_geoengineering,complete,79,8,8,false,0,0,0,,0,,,,,false,live,
T2c_He_ring_mix_01_2026-09-19_02-51-34,T2c_He_ring_mix_01,T2c_He,He,ring,mix_01,continuous,paris_agreement,complete,79,4,3,false,4,4,5,,4,,,,,false,live,
T2c_He_ring_mix_01_2026-09-19_02-51-34,T2c_He_ring_mix_01,T2c_He,He,ring,mix_01,continuous,climate_consensus,complete,79,8,8,false,2.1875,2.1875,5,,2.1875,,,,,false,live,
T2c_He_ring_mix_01_2026-09-19_02-51-34,T2c_He_ring_mix_01,T2c_He,He,ring,mix_01,continuous,polar_bears,complete,79,8,8,false,0,0,0,,0,,,,,false,live,
T2c_He_ring_mix_02_2026-09-19_02-52-45,T2c_He_ring_mix_02,T2c_He,He,ring,mix_02,continuous,scopex_2017,complete,77,8,8,false,0,0,0,,0,,,,,false,live,
T2c_He_ring_mix_02_2026-09-19_02-52-45,T2c_He_ring_mix_02,T2c_He,He,ring,mix_02,continuous,chemtrails_gates_2018_2021,complete,77,8,8,false,0.9375,0.9375,0.9999999999999998,,0.9375,,,,,false,live,
T2c_He_ring_mix_02_2026-09-19_02-52-45,T2c_He_ring_mix_02,T2c_He,He,ring,mix_02,continuous,sai_geoengineering,complete,77,8,8,false,0.625,0.625,1.5000000000000002,,0.625,,,,,false,live,
T2c_He_ring_mix_02_2026-09-19_02-52-45,T2c_He_ring_mix_02,T2c_He,He,ring,mix_02,continuous,paris_agreement,complete,77,8,8,false,0,0,0,,0,,,,,false,live,
T2c_He_ring_mix_02_2026-09-19_02-52-45,T2c_He_ring_mix_02,T2c_He,He,ring,mix_02,continuous,climate_consensus,complete,77,8,8,false,0.625,0.625,0.9999999999999998,,0.625,,,,,false,live,
T2c_He_ring_mix_02_2026-09-19_02-52-45,T2c_He_ring_mix_02,T2c_He,He,ring,mix_02,continuous,polar_bears,complete,77,1,0,true,,,,,,,,,,false,hatched_dead_after_llm,nScored <= 1 but llmCalls>0; keep the row; do not drop; do not read as mix immunises
T2c_He_ring_mix_03_2026-09-19_02-52-49,T2c_He_ring_mix_03,T2c_He,He,ring,mix_03,continuous,scopex_2017,complete,50,5,4,false,0.125,0.125,0.4999999999999999,,0.125,,,,,false,live,
T2c_He_ring_mix_03_2026-09-19_02-52-49,T2c_He_ring_mix_03,T2c_He,He,ring,mix_03,continuous,chemtrails_gates_2018_2021,complete,50,4,3,false,0.5,0.5,1.5000000000000002,,0.5,,,,,false,live,
T2c_He_ring_mix_03_2026-09-19_02-52-49,T2c_He_ring_mix_03,T2c_He,He,ring,mix_03,continuous,sai_geoengineering,complete,50,8,8,false,0,0,0,,0,,,,,false,live,
T2c_He_ring_mix_03_2026-09-19_02-52-49,T2c_He_ring_mix_03,T2c_He,He,ring,mix_03,continuous,paris_agreement,complete,50,7,6,false,0,0,0,,0,,,,,false,live,
T2c_He_ring_mix_03_2026-09-19_02-52-49,T2c_He_ring_mix_03,T2c_He,He,ring,mix_03,continuous,climate_consensus,complete,50,4,3,false,0,0,0,,0,,,,,false,live,
T2c_He_ring_mix_03_2026-09-19_02-52-49,T2c_He_ring_mix_03,T2c_He,He,ring,mix_03,continuous,polar_bears,complete,50,3,2,false,0,0,0,,0,,,,,false,live,
T2c_He_ring_mix_04_2026-09-19_02-53-12,T2c_He_ring_mix_04,T2c_He,He,ring,mix_04,continuous,scopex_2017,complete,71,8,8,false,0.5625,0.5625,0.9999999999999998,,0.5625,,,,,false,live,
T2c_He_ring_mix_04_2026-09-19_02-53-12,T2c_He_ring_mix_04,T2c_He,He,ring,mix_04,continuous,chemtrails_gates_2018_2021,complete,71,1,0,true,,,,,,,,,,false,hatched_dead_after_llm,nScored <= 1 but llmCalls>0; keep the row; do not drop; do not read as mix immunises
T2c_He_ring_mix_04_2026-09-19_02-53-12,T2c_He_ring_mix_04,T2c_He,He,ring,mix_04,continuous,sai_geoengineering,complete,71,8,8,false,0,0,0,,0,,,,,false,live,
T2c_He_ring_mix_04_2026-09-19_02-53-12,T2c_He_ring_mix_04,T2c_He,He,ring,mix_04,continuous,paris_agreement,complete,71,8,8,false,1.0125,1.0125,2.5,,1.0125,,,,,false,live,
T2c_He_ring_mix_04_2026-09-19_02-53-12,T2c_He_ring_mix_04,T2c_He,He,ring,mix_04,continuous,climate_consensus,complete,71,8,8,false,1,1,5,,1,,,,8,false,live,
T2c_He_ring_mix_04_2026-09-19_02-53-12,T2c_He_ring_mix_04,T2c_He,He,ring,mix_04,continuous,polar_bears,complete,71,8,8,false,0,0,0,,0,,,,,false,live,
T2c_He_ring_mix_05_2026-09-19_02-53-31,T2c_He_ring_mix_05,T2c_He,He,ring,mix_05,continuous,scopex_2017,complete,72,8,8,false,0.5625,0.5625,1.5000000000000002,,0.5625,,,,,false,live,
T2c_He_ring_mix_05_2026-09-19_02-53-31,T2c_He_ring_mix_05,T2c_He,He,ring,mix_05,continuous,chemtrails_gates_2018_2021,complete,72,8,8,false,1.25,1.25,3,,1.25,,,,,false,live,
T2c_He_ring_mix_05_2026-09-19_02-53-31,T2c_He_ring_mix_05,T2c_He,He,ring,mix_05,continuous,sai_geoengineering,complete,72,6,5,false,0,0,0,,0,,,,,false,live,
T2c_He_ring_mix_05_2026-09-19_02-53-31,T2c_He_ring_mix_05,T2c_He,He,ring,mix_05,continuous,paris_agreement,complete,72,2,1,true,0,0,0,,0,,,,,false,hatched_dead_after_llm,nScored <= 1 but llmCalls>0; keep the row; do not drop; do not read as mix immunises
T2c_He_ring_mix_05_2026-09-19_02-53-31,T2c_He_ring_mix_05,T2c_He,He,ring,mix_05,continuous,climate_consensus,complete,72,8,8,false,1.875,1.875,5,,1.875,,,,,false,live,
T2c_He_ring_mix_05_2026-09-19_02-53-31,T2c_He_ring_mix_05,T2c_He,He,ring,mix_05,continuous,polar_bears,complete,72,8,8,false,0,0,0,,0,,,,,false,live,
T2c_He_scale_free_mix_00_2026-09-19_03-47-49,T2c_He_scale_free_mix_00,T2c_He,He,scale_free,mix_00,continuous,scopex_2017,complete,1091,165,139,false,1.5647,1.5333,5,,1.5647,,,,,false,live,
T2c_He_scale_free_mix_00_2026-09-19_03-47-49,T2c_He_scale_free_mix_00,T2c_He,He,scale_free,mix_00,continuous,chemtrails_gates_2018_2021,complete,1091,167,135,false,2.3133,2.2617,4,,2.3133,,,,,false,live,
T2c_He_scale_free_mix_00_2026-09-19_03-47-49,T2c_He_scale_free_mix_00,T2c_He,He,scale_free,mix_00,continuous,sai_geoengineering,complete,1091,164,137,false,0.1635,0.157,3,,0.1635,,,,,false,live,
T2c_He_scale_free_mix_00_2026-09-19_03-47-49,T2c_He_scale_free_mix_00,T2c_He,He,scale_free,mix_00,continuous,paris_agreement,complete,1091,175,151,false,3.9795,3.9279,5,,3.9795,,,,3,false,live,
T2c_He_scale_free_mix_00_2026-09-19_03-47-49,T2c_He_scale_free_mix_00,T2c_He,He,scale_free,mix_00,continuous,climate_consensus,complete,1091,1,0,true,,,,,,,,,,false,hatched_dead_after_llm,nScored <= 1 but llmCalls>0; keep the row; do not drop; do not read as mix immunises
T2c_He_scale_free_mix_00_2026-09-19_03-47-49,T2c_He_scale_free_mix_00,T2c_He,He,scale_free,mix_00,continuous,polar_bears,complete,1091,175,151,false,0.0066,0.007,0.4999999999999999,,0.0066,,,,,false,live,
T2c_He_scale_free_mix_01_2026-09-19_03-50-20,T2c_He_scale_free_mix_01,T2c_He,He,scale_free,mix_01,continuous,scopex_2017,complete,1191,1,0,true,,,,,,,,,,false,hatched_dead_after_llm,nScored <= 1 but llmCalls>0; keep the row; do not drop; do not read as mix immunises
T2c_He_scale_free_mix_01_2026-09-19_03-50-20,T2c_He_scale_free_mix_01,T2c_He,He,scale_free,mix_01,continuous,chemtrails_gates_2018_2021,complete,1191,173,138,false,2.521,2.4888,5,,2.521,,,,,false,live,
T2c_He_scale_free_mix_01_2026-09-19_03-50-20,T2c_He_scale_free_mix_01,T2c_He,He,scale_free,mix_01,continuous,sai_geoengineering,complete,1191,178,153,false,0.0523,0.0511,0.9999999999999998,,0.0523,,,,,false,live,
T2c_He_scale_free_mix_01_2026-09-19_03-50-20,T2c_He_scale_free_mix_01,T2c_He,He,scale_free,mix_01,continuous,paris_agreement,complete,1191,175,162,false,2.3895,2.356,5,,2.3895,,,,8,false,live,
T2c_He_scale_free_mix_01_2026-09-19_03-50-20,T2c_He_scale_free_mix_01,T2c_He,He,scale_free,mix_01,continuous,climate_consensus,complete,1191,179,154,false,1.724,1.6981,5,,1.724,,,,,false,live,
T2c_He_scale_free_mix_01_2026-09-19_03-50-20,T2c_He_scale_free_mix_01,T2c_He,He,scale_free,mix_01,continuous,polar_bears,complete,1191,178,151,false,0.0993,0.0983,0.9999999999999998,,0.0993,,,,,false,live,
T2c_He_scale_free_mix_02_2026-09-19_03-35-37,T2c_He_scale_free_mix_02,T2c_He,He,scale_free,mix_02,continuous,scopex_2017,complete,1225,174,150,false,0.026,0.0249,0.9999999999999998,,0.026,,,,,false,live,
T2c_He_scale_free_mix_02_2026-09-19_03-35-37,T2c_He_scale_free_mix_02,T2c_He,He,scale_free,mix_02,continuous,chemtrails_gates_2018_2021,complete,1225,178,153,false,1.0451,1.0433,2.5,,1.0451,,,,,false,live,
T2c_He_scale_free_mix_02_2026-09-19_03-35-37,T2c_He_scale_free_mix_02,T2c_He,He,scale_free,mix_02,continuous,sai_geoengineering,complete,1225,179,23,false,0,0,0,,0,,,,,false,live,
T2c_He_scale_free_mix_02_2026-09-19_03-35-37,T2c_He_scale_free_mix_02,T2c_He,He,scale_free,mix_02,continuous,paris_agreement,complete,1225,174,62,false,0.0161,0.0069,0.9999999999999998,,0.0161,,,,,false,live,
T2c_He_scale_free_mix_02_2026-09-19_03-35-37,T2c_He_scale_free_mix_02,T2c_He,He,scale_free,mix_02,continuous,climate_consensus,complete,1225,179,145,false,0.0966,0.1008,2.5,,0.0966,,,,,false,live,
T2c_He_scale_free_mix_02_2026-09-19_03-35-37,T2c_He_scale_free_mix_02,T2c_He,He,scale_free,mix_02,continuous,polar_bears,complete,1225,178,151,false,0,0,0,,0,,,,,false,live,
T2c_He_scale_free_mix_03_2026-09-19_03-35-37,T2c_He_scale_free_mix_03,T2c_He,He,scale_free,mix_03,continuous,scopex_2017,complete,738,1,0,true,,,,,,,,,,false,hatched_dead_after_llm,nScored <= 1 but llmCalls>0; keep the row; do not drop; do not read as mix immunises
T2c_He_scale_free_mix_03_2026-09-19_03-35-37,T2c_He_scale_free_mix_03,T2c_He,He,scale_free,mix_03,continuous,chemtrails_gates_2018_2021,complete,738,181,152,false,0.9447,0.9486,4,,0.9447,,,,,false,live,
T2c_He_scale_free_mix_03_2026-09-19_03-35-37,T2c_He_scale_free_mix_03,T2c_He,He,scale_free,mix_03,continuous,sai_geoengineering,complete,738,1,0,true,,,,,,,,,,false,hatched_dead_after_llm,nScored <= 1 but llmCalls>0; keep the row; do not drop; do not read as mix immunises
T2c_He_scale_free_mix_03_2026-09-19_03-35-37,T2c_He_scale_free_mix_03,T2c_He,He,scale_free,mix_03,continuous,paris_agreement,complete,738,1,0,true,,,,,,,,,,false,hatched_dead_after_llm,nScored <= 1 but llmCalls>0; keep the row; do not drop; do not read as mix immunises
T2c_He_scale_free_mix_03_2026-09-19_03-35-37,T2c_He_scale_free_mix_03,T2c_He,He,scale_free,mix_03,continuous,climate_consensus,complete,738,180,161,false,0.3447,0.3775,5,,0.3447,,,,,false,live,
T2c_He_scale_free_mix_03_2026-09-19_03-35-37,T2c_He_scale_free_mix_03,T2c_He,He,scale_free,mix_03,continuous,polar_bears,complete,738,180,151,false,0,0,0,,0,,,,,false,live,
T2c_He_scale_free_mix_04_2026-09-19_04-02-50,T2c_He_scale_free_mix_04,T2c_He,He,scale_free,mix_04,continuous,scopex_2017,complete,1141,171,143,false,0.5343,0.5672,5,,0.5343,,,,,false,live,
T2c_He_scale_free_mix_04_2026-09-19_04-02-50,T2c_He_scale_free_mix_04,T2c_He,He,scale_free,mix_04,continuous,chemtrails_gates_2018_2021,complete,1141,176,152,false,1.1737,1.178,4,,1.1737,,,,,false,live,
T2c_He_scale_free_mix_04_2026-09-19_04-02-50,T2c_He_scale_free_mix_04,T2c_He,He,scale_free,mix_04,continuous,sai_geoengineering,complete,1141,177,151,false,0.0099,0.0086,0.9999999999999998,,0.0099,,,,,false,live,
T2c_He_scale_free_mix_04_2026-09-19_04-02-50,T2c_He_scale_free_mix_04,T2c_He,He,scale_free,mix_04,continuous,paris_agreement,complete,1141,1,0,true,,,,,,,,,,false,hatched_dead_after_llm,nScored <= 1 but llmCalls>0; keep the row; do not drop; do not read as mix immunises
T2c_He_scale_free_mix_04_2026-09-19_04-02-50,T2c_He_scale_free_mix_04,T2c_He,He,scale_free,mix_04,continuous,climate_consensus,complete,1141,177,149,false,1.0752,1.1447,5,,1.0752,,,,,false,live,
T2c_He_scale_free_mix_04_2026-09-19_04-02-50,T2c_He_scale_free_mix_04,T2c_He,He,scale_free,mix_04,continuous,polar_bears,complete,1141,160,139,false,0.0396,0.0378,1.5000000000000002,,0.0396,,,,,false,live,
T2c_He_scale_free_mix_05_2026-09-19_04-05-58,T2c_He_scale_free_mix_05,T2c_He,He,scale_free,mix_05,continuous,scopex_2017,complete,1123,176,152,false,0.3566,0.3554,3,,0.3566,,,,,false,live,
T2c_He_scale_free_mix_05_2026-09-19_04-05-58,T2c_He_scale_free_mix_05,T2c_He,He,scale_free,mix_05,continuous,chemtrails_gates_2018_2021,complete,1123,175,151,false,1.8285,1.8439,5,,1.8285,,,,,false,live,
T2c_He_scale_free_mix_05_2026-09-19_04-05-58,T2c_He_scale_free_mix_05,T2c_He,He,scale_free,mix_05,continuous,sai_geoengineering,complete,1123,180,161,false,0.1491,0.1517,1.5000000000000002,,0.1491,,,,,false,live,
T2c_He_scale_free_mix_05_2026-09-19_04-05-58,T2c_He_scale_free_mix_05,T2c_He,He,scale_free,mix_05,continuous,paris_agreement,complete,1123,178,126,false,0.9889,0.9644,5,,0.9889,,,,,false,live,
T2c_He_scale_free_mix_05_2026-09-19_04-05-58,T2c_He_scale_free_mix_05,T2c_He,He,scale_free,mix_05,continuous,climate_consensus,complete,1123,164,17,false,1.0294,1.1563,5,,1.0294,,,,,false,live,
T2c_He_scale_free_mix_05_2026-09-19_04-05-58,T2c_He_scale_free_mix_05,T2c_He,He,scale_free,mix_05,continuous,polar_bears,complete,1123,179,11,false,0,0,0,,0,,,,,false,live,
T2c_He_small_world_mix_00_2026-09-19_03-18-01,T2c_He_small_world_mix_00,T2c_He,He,small_world,mix_00,continuous,scopex_2017,complete,963,1,0,true,,,,,,,,,,false,hatched_dead_after_llm,nScored <= 1 but llmCalls>0; keep the row; do not drop; do not read as mix immunises
T2c_He_small_world_mix_00_2026-09-19_03-18-01,T2c_He_small_world_mix_00,T2c_He,He,small_world,mix_00,continuous,chemtrails_gates_2018_2021,complete,963,180,147,false,2.5286,2.5385,4,,2.5286,,,,,false,live,
T2c_He_small_world_mix_00_2026-09-19_03-18-01,T2c_He_small_world_mix_00,T2c_He,He,small_world,mix_00,continuous,sai_geoengineering,complete,963,179,148,false,0.0845,0.0832,2,,0.0845,,,,,false,live,
T2c_He_small_world_mix_00_2026-09-19_03-18-01,T2c_He_small_world_mix_00,T2c_He,He,small_world,mix_00,continuous,paris_agreement,complete,963,179,153,false,3.1627,3.1282,5,,3.1627,,,,5,false,live,
T2c_He_small_world_mix_00_2026-09-19_03-18-01,T2c_He_small_world_mix_00,T2c_He,He,small_world,mix_00,continuous,climate_consensus,complete,963,1,0,true,,,,,,,,,,false,hatched_dead_after_llm,nScored <= 1 but llmCalls>0; keep the row; do not drop; do not read as mix immunises
T2c_He_small_world_mix_00_2026-09-19_03-18-01,T2c_He_small_world_mix_00,T2c_He,He,small_world,mix_00,continuous,polar_bears,complete,963,176,153,false,0.281,0.2895,4,,0.281,,,,,false,live,
T2c_He_small_world_mix_01_2026-09-19_03-21-24,T2c_He_small_world_mix_01,T2c_He,He,small_world,mix_01,continuous,scopex_2017,complete,981,165,142,false,1.7218,1.7112,5,,1.7218,,,,,false,live,
T2c_He_small_world_mix_01_2026-09-19_03-21-24,T2c_He_small_world_mix_01,T2c_He,He,small_world,mix_01,continuous,chemtrails_gates_2018_2021,complete,981,1,0,true,,,,,,,,,,false,hatched_dead_after_llm,nScored <= 1 but llmCalls>0; keep the row; do not drop; do not read as mix immunises
T2c_He_small_world_mix_01_2026-09-19_03-21-24,T2c_He_small_world_mix_01,T2c_He,He,small_world,mix_01,continuous,sai_geoengineering,complete,981,180,148,false,0.0101,0.0102,0.4999999999999999,,0.0101,,,,,false,live,
T2c_He_small_world_mix_01_2026-09-19_03-21-24,T2c_He_small_world_mix_01,T2c_He,He,small_world,mix_01,continuous,paris_agreement,complete,981,180,159,false,2.773,2.784,5,,2.773,,,,,false,live,
T2c_He_small_world_mix_01_2026-09-19_03-21-24,T2c_He_small_world_mix_01,T2c_He,He,small_world,mix_01,continuous,climate_consensus,complete,981,1,0,true,,,,,,,,,,false,hatched_dead_after_llm,nScored <= 1 but llmCalls>0; keep the row; do not drop; do not read as mix immunises
T2c_He_small_world_mix_01_2026-09-19_03-21-24,T2c_He_small_world_mix_01,T2c_He,He,small_world,mix_01,continuous,polar_bears,complete,981,180,161,false,0.0062,0.0057,0.9999999999999998,,0.0062,,,,,false,live,
T2c_He_small_world_mix_02_2026-09-19_03-22-26,T2c_He_small_world_mix_02,T2c_He,He,small_world,mix_02,continuous,scopex_2017,complete,1412,181,150,false,0.4167,0.4228,1.5000000000000002,,0.4167,,,,,false,live,
T2c_He_small_world_mix_02_2026-09-19_03-22-26,T2c_He_small_world_mix_02,T2c_He,He,small_world,mix_02,continuous,chemtrails_gates_2018_2021,complete,1412,181,155,false,0.9226,0.9214,2,,0.9226,,,,,false,live,
T2c_He_small_world_mix_02_2026-09-19_03-22-26,T2c_He_small_world_mix_02,T2c_He,He,small_world,mix_02,continuous,sai_geoengineering,complete,1412,172,142,false,0.0352,0.0356,1.5000000000000002,,0.0352,,,,,false,live,
T2c_He_small_world_mix_02_2026-09-19_03-22-26,T2c_He_small_world_mix_02,T2c_He,He,small_world,mix_02,continuous,paris_agreement,complete,1412,181,154,false,0.0422,0.0445,2,,0.0422,,,,,false,live,
T2c_He_small_world_mix_02_2026-09-19_03-22-26,T2c_He_small_world_mix_02,T2c_He,He,small_world,mix_02,continuous,climate_consensus,complete,1412,181,160,false,0.15,0.1473,2,,0.15,,,,,false,live,
T2c_He_small_world_mix_02_2026-09-19_03-22-26,T2c_He_small_world_mix_02,T2c_He,He,small_world,mix_02,continuous,polar_bears,complete,1412,173,143,false,0.0245,0.024,0.4999999999999999,,0.0245,,,,,false,live,
T2c_He_small_world_mix_03_2026-09-19_03-23-28,T2c_He_small_world_mix_03,T2c_He,He,small_world,mix_03,continuous,scopex_2017,complete,1201,174,152,false,0.5704,0.5701,5,,0.5704,,,,,false,live,
T2c_He_small_world_mix_03_2026-09-19_03-23-28,T2c_He_small_world_mix_03,T2c_He,He,small_world,mix_03,continuous,chemtrails_gates_2018_2021,complete,1201,1,0,true,,,,,,,,,,false,hatched_dead_after_llm,nScored <= 1 but llmCalls>0; keep the row; do not drop; do not read as mix immunises
T2c_He_small_world_mix_03_2026-09-19_03-23-28,T2c_He_small_world_mix_03,T2c_He,He,small_world,mix_03,continuous,sai_geoengineering,complete,1201,175,152,false,0.0099,0.011,1.5000000000000002,,0.0099,,,,,false,live,
T2c_He_small_world_mix_03_2026-09-19_03-23-28,T2c_He_small_world_mix_03,T2c_He,He,small_world,mix_03,continuous,paris_agreement,complete,1201,174,153,false,0.9464,0.9599,5,,0.9464,,,,,false,live,
T2c_He_small_world_mix_03_2026-09-19_03-23-28,T2c_He_small_world_mix_03,T2c_He,He,small_world,mix_03,continuous,climate_consensus,complete,1201,174,150,false,0.9233,0.8928,5,,0.9233,,,,,false,live,
T2c_He_small_world_mix_03_2026-09-19_03-23-28,T2c_He_small_world_mix_03,T2c_He,He,small_world,mix_03,continuous,polar_bears,complete,1201,164,142,false,0.007,0.0081,0.4999999999999999,,0.007,,,,,false,live,
T2c_He_small_world_mix_04_2026-09-19_03-37-44,T2c_He_small_world_mix_04,T2c_He,He,small_world,mix_04,continuous,scopex_2017,complete,1216,180,156,false,0.4615,0.4728,5,,0.4615,,,,,false,live,
T2c_He_small_world_mix_04_2026-09-19_03-37-44,T2c_He_small_world_mix_04,T2c_He,He,small_world,mix_04,continuous,chemtrails_gates_2018_2021,complete,1216,178,123,false,1.2065,1.2199,3.5,,1.2065,,,,,false,live,
T2c_He_small_world_mix_04_2026-09-19_03-37-44,T2c_He_small_world_mix_04,T2c_He,He,small_world,mix_04,continuous,sai_geoengineering,complete,1216,173,17,false,0,0,0,,0,,,,,false,live,
T2c_He_small_world_mix_04_2026-09-19_03-37-44,T2c_He_small_world_mix_04,T2c_He,He,small_world,mix_04,continuous,paris_agreement,complete,1216,180,99,false,1.3424,1.3586,5,,1.3424,,,,,false,live,
T2c_He_small_world_mix_04_2026-09-19_03-37-44,T2c_He_small_world_mix_04,T2c_He,He,small_world,mix_04,continuous,climate_consensus,complete,1216,179,157,false,1.1624,1.1345,5,,1.1624,,,,,false,live,
T2c_He_small_world_mix_04_2026-09-19_03-37-44,T2c_He_small_world_mix_04,T2c_He,He,small_world,mix_04,continuous,polar_bears,complete,1216,170,140,false,0.0443,0.0437,2,,0.0443,,,,,false,live,
T2c_He_small_world_mix_05_2026-09-19_03-41-18,T2c_He_small_world_mix_05,T2c_He,He,small_world,mix_05,continuous,scopex_2017,complete,1194,174,35,false,0.6143,0.6869,3.5,,0.6143,,,,,false,live,
T2c_He_small_world_mix_05_2026-09-19_03-41-18,T2c_He_small_world_mix_05,T2c_He,He,small_world,mix_05,continuous,chemtrails_gates_2018_2021,complete,1194,151,84,false,1.0857,1.1631,4,,1.0857,,,,,false,live,
T2c_He_small_world_mix_05_2026-09-19_03-41-18,T2c_He_small_world_mix_05,T2c_He,He,small_world,mix_05,continuous,sai_geoengineering,complete,1194,163,139,false,0.0647,0.0654,1.5000000000000002,,0.0647,,,,,false,live,
T2c_He_small_world_mix_05_2026-09-19_03-41-18,T2c_He_small_world_mix_05,T2c_He,He,small_world,mix_05,continuous,paris_agreement,complete,1194,164,139,false,0.6079,0.6016,3,,0.6079,,,,,false,live,
T2c_He_small_world_mix_05_2026-09-19_03-41-18,T2c_He_small_world_mix_05,T2c_He,He,small_world,mix_05,continuous,climate_consensus,complete,1194,163,130,false,2.1438,2.092,5,,2.1438,,,,,false,live,
T2c_He_small_world_mix_05_2026-09-19_03-41-18,T2c_He_small_world_mix_05,T2c_He,He,small_world,mix_05,continuous,polar_bears,complete,1194,172,153,false,0.0392,0.0367,3,,0.0392,,,,,false,live,
