runDir,experimentName,slice,arm,topology,rest,miScoringMode,articleId,status,llmCalls,nEvents,nScored,dead,meanMI,meanNodeMPR,maxMI,meanDiscreteMI,meanContinuousMI,meanDualGap,meanAgreement,kStarDiscrete,kStarContinuous,kStarCensoredDiscrete,hatchStatus,hatchNote
T2d_H_echo_chamber_biodiversity_food_security_2026-09-19_02-50-24,T2d_H_echo_chamber_biodiversity_food_security,T2d_H,H,echo_chamber,biodiversity_food_security,dual,scopex_2017,complete,1372,1,0,true,,,,,,,,,,false,hatched_dead_after_llm,nScored <= 1 but llmCalls>0; keep the row; do not drop; do not read as mix immunises
T2d_H_echo_chamber_biodiversity_food_security_2026-09-19_02-50-24,T2d_H_echo_chamber_biodiversity_food_security,T2d_H,H,echo_chamber,biodiversity_food_security,dual,chemtrails_gates_2018_2021,complete,1372,145,125,false,2,2,2,2,1,1,1,,,false,live,
T2d_H_echo_chamber_biodiversity_food_security_2026-09-19_02-50-24,T2d_H_echo_chamber_biodiversity_food_security,T2d_H,H,echo_chamber,biodiversity_food_security,dual,sai_geoengineering,complete,1372,156,126,false,1.0794,1.0756,3,1.0794,0.0238,1.0556,0.6021,,,false,live,
T2d_H_echo_chamber_biodiversity_food_security_2026-09-19_02-50-24,T2d_H_echo_chamber_biodiversity_food_security,T2d_H,H,echo_chamber,biodiversity_food_security,dual,paris_agreement,complete,1372,1,0,true,,,,,,,,,,false,hatched_dead_after_llm,nScored <= 1 but llmCalls>0; keep the row; do not drop; do not read as mix immunises
T2d_H_echo_chamber_biodiversity_food_security_2026-09-19_02-50-24,T2d_H_echo_chamber_biodiversity_food_security,T2d_H,H,echo_chamber,biodiversity_food_security,dual,climate_consensus,complete,1372,166,148,false,1.9392,1.9321,3,1.9392,0.4338,1.5392,0.7503,,,false,live,
T2d_H_echo_chamber_biodiversity_food_security_2026-09-19_02-50-24,T2d_H_echo_chamber_biodiversity_food_security,T2d_H,H,echo_chamber,biodiversity_food_security,dual,polar_bears,complete,1372,158,133,false,0.609,0.5933,2,0.609,0,0.609,,,,false,live,
T2d_H_echo_chamber_climate_action_advocate_2026-09-19_02-50-24,T2d_H_echo_chamber_climate_action_advocate,T2d_H,H,echo_chamber,climate_action_advocate,dual,scopex_2017,complete,1709,167,141,false,0.8085,0.8088,1,0.8085,0.0071,0.8014,0.375,,,false,live,
T2d_H_echo_chamber_climate_action_advocate_2026-09-19_02-50-24,T2d_H_echo_chamber_climate_action_advocate,T2d_H,H,echo_chamber,climate_action_advocate,dual,chemtrails_gates_2018_2021,complete,1709,1,0,true,,,,,,,,,,false,hatched_dead_after_llm,nScored <= 1 but llmCalls>0; keep the row; do not drop; do not read as mix immunises
T2d_H_echo_chamber_climate_action_advocate_2026-09-19_02-50-24,T2d_H_echo_chamber_climate_action_advocate,T2d_H,H,echo_chamber,climate_action_advocate,dual,sai_geoengineering,complete,1709,135,117,false,2.7863,2.7769,3,2.7863,0.7308,2.0812,0.5982,,,false,live,
T2d_H_echo_chamber_climate_action_advocate_2026-09-19_02-50-24,T2d_H_echo_chamber_climate_action_advocate,T2d_H,H,echo_chamber,climate_action_advocate,dual,paris_agreement,complete,1709,165,136,false,0.0735,0.0708,2,0.0735,0,0.0735,,,,false,live,
T2d_H_echo_chamber_climate_action_advocate_2026-09-19_02-50-24,T2d_H_echo_chamber_climate_action_advocate,T2d_H,H,echo_chamber,climate_action_advocate,dual,climate_consensus,complete,1709,156,129,false,1.186,1.1943,2,1.186,0.0426,1.1589,0.7416,,,false,live,
T2d_H_echo_chamber_climate_action_advocate_2026-09-19_02-50-24,T2d_H_echo_chamber_climate_action_advocate,T2d_H,H,echo_chamber,climate_action_advocate,dual,polar_bears,complete,1709,167,145,false,1.0966,1.0789,2,1.0966,0,1.0966,,,,false,live,
T2d_H_echo_chamber_climate_justice_youth_2026-09-19_02-50-24,T2d_H_echo_chamber_climate_justice_youth,T2d_H,H,echo_chamber,climate_justice_youth,dual,scopex_2017,complete,2098,157,137,false,2.6788,2.7051,5,2.6788,0.4307,2.292,0.5521,8,,true,live,
T2d_H_echo_chamber_climate_justice_youth_2026-09-19_02-50-24,T2d_H_echo_chamber_climate_justice_youth,T2d_H,H,echo_chamber,climate_justice_youth,dual,chemtrails_gates_2018_2021,complete,2098,164,143,false,1.7483,1.7765,2,1.7483,0.8322,0.9161,0.9725,,,false,live,
T2d_H_echo_chamber_climate_justice_youth_2026-09-19_02-50-24,T2d_H_echo_chamber_climate_justice_youth,T2d_H,H,echo_chamber,climate_justice_youth,dual,sai_geoengineering,complete,2098,157,133,false,1.0977,1.1061,3,1.0977,0.0038,1.094,1,,,false,live,
T2d_H_echo_chamber_climate_justice_youth_2026-09-19_02-50-24,T2d_H_echo_chamber_climate_justice_youth,T2d_H,H,echo_chamber,climate_justice_youth,dual,paris_agreement,complete,2098,156,131,false,0.2748,0.2684,2,0.2748,0,0.2748,,,,false,live,
T2d_H_echo_chamber_climate_justice_youth_2026-09-19_02-50-24,T2d_H_echo_chamber_climate_justice_youth,T2d_H,H,echo_chamber,climate_justice_youth,dual,climate_consensus,complete,2098,146,123,false,1.9593,1.965,3,1.9593,0.3049,1.6707,0.8938,,,false,live,
T2d_H_echo_chamber_climate_justice_youth_2026-09-19_02-50-24,T2d_H_echo_chamber_climate_justice_youth,T2d_H,H,echo_chamber,climate_justice_youth,dual,polar_bears,complete,2098,167,143,false,1.1888,1.1862,4,1.1888,0.0699,1.1259,0.6512,,,false,live,
T2d_H_echo_chamber_climate_scientist_2026-09-19_02-50-24,T2d_H_echo_chamber_climate_scientist,T2d_H,H,echo_chamber,climate_scientist,dual,scopex_2017,complete,1778,160,143,false,0.007,0.0078,1,0.007,0,0.007,,,,false,live,
T2d_H_echo_chamber_climate_scientist_2026-09-19_02-50-24,T2d_H_echo_chamber_climate_scientist,T2d_H,H,echo_chamber,climate_scientist,dual,chemtrails_gates_2018_2021,complete,1778,156,134,false,0.0149,0.0185,1,0.0149,0.0015,0.0164,,,,false,live,
T2d_H_echo_chamber_climate_scientist_2026-09-19_02-50-24,T2d_H_echo_chamber_climate_scientist,T2d_H,H,echo_chamber,climate_scientist,dual,sai_geoengineering,complete,1778,158,134,false,1.0448,1.046,2,1.0448,0,1.0448,,,,false,live,
T2d_H_echo_chamber_climate_scientist_2026-09-19_02-50-24,T2d_H_echo_chamber_climate_scientist,T2d_H,H,echo_chamber,climate_scientist,dual,paris_agreement,complete,1778,1,0,true,,,,,,,,,,false,hatched_dead_after_llm,nScored <= 1 but llmCalls>0; keep the row; do not drop; do not read as mix immunises
T2d_H_echo_chamber_climate_scientist_2026-09-19_02-50-24,T2d_H_echo_chamber_climate_scientist,T2d_H,H,echo_chamber,climate_scientist,dual,climate_consensus,complete,1778,158,135,false,0.7333,0.7399,2,0.7333,0,0.7333,,,,false,live,
T2d_H_echo_chamber_climate_scientist_2026-09-19_02-50-24,T2d_H_echo_chamber_climate_scientist,T2d_H,H,echo_chamber,climate_scientist,dual,polar_bears,complete,1778,156,136,false,1.6324,1.6398,2,1.6324,0,1.6324,,,,false,live,
T2d_H_echo_chamber_conspiracy_believer_2026-09-19_03-07-58,T2d_H_echo_chamber_conspiracy_believer,T2d_H,H,echo_chamber,conspiracy_believer,dual,scopex_2017,complete,1692,163,144,false,4.1111,4.1252,5,4.1111,1.9688,2.2951,0.2265,1,,false,live,
T2d_H_echo_chamber_conspiracy_believer_2026-09-19_03-07-58,T2d_H_echo_chamber_conspiracy_believer,T2d_H,H,echo_chamber,conspiracy_believer,dual,chemtrails_gates_2018_2021,complete,1692,1,0,true,,,,,,,,,,false,hatched_dead_after_llm,nScored <= 1 but llmCalls>0; keep the row; do not drop; do not read as mix immunises
T2d_H_echo_chamber_conspiracy_believer_2026-09-19_03-07-58,T2d_H_echo_chamber_conspiracy_believer,T2d_H,H,echo_chamber,conspiracy_believer,dual,sai_geoengineering,complete,1692,158,133,false,2.3534,2.3567,4,2.3534,1.2406,1.5263,0.5468,,,false,live,
T2d_H_echo_chamber_conspiracy_believer_2026-09-19_03-07-58,T2d_H_echo_chamber_conspiracy_believer,T2d_H,H,echo_chamber,conspiracy_believer,dual,paris_agreement,complete,1692,153,126,false,4.5159,4.5289,5,4.5159,4.2325,0.577,-0.0797,3,4,false,live,
T2d_H_echo_chamber_conspiracy_believer_2026-09-19_03-07-58,T2d_H_echo_chamber_conspiracy_believer,T2d_H,H,echo_chamber,conspiracy_believer,dual,climate_consensus,complete,1692,159,133,false,4.9925,4.9911,5,4.9925,5,0.0075,,1,1,false,live,
T2d_H_echo_chamber_conspiracy_believer_2026-09-19_03-07-58,T2d_H_echo_chamber_conspiracy_believer,T2d_H,H,echo_chamber,conspiracy_believer,dual,polar_bears,complete,1692,140,116,false,1.3103,1.3149,5,1.3103,0.4698,0.8405,,,,false,live,
T2d_H_echo_chamber_conspiracy_climate_piggyback_2026-09-19_03-11-22,T2d_H_echo_chamber_conspiracy_climate_piggyback,T2d_H,H,echo_chamber,conspiracy_climate_piggyback,dual,scopex_2017,complete,2163,158,133,false,1.2707,1.2577,4,1.2707,0.5113,1.0376,0.5582,,,false,live,
T2d_H_echo_chamber_conspiracy_climate_piggyback_2026-09-19_03-11-22,T2d_H_echo_chamber_conspiracy_climate_piggyback,T2d_H,H,echo_chamber,conspiracy_climate_piggyback,dual,chemtrails_gates_2018_2021,complete,2163,167,153,false,3.6471,3.6391,5,3.6471,2.7516,1.0065,0.7872,4,,false,live,
T2d_H_echo_chamber_conspiracy_climate_piggyback_2026-09-19_03-11-22,T2d_H_echo_chamber_conspiracy_climate_piggyback,T2d_H,H,echo_chamber,conspiracy_climate_piggyback,dual,sai_geoengineering,complete,2163,167,149,false,2.4631,2.4731,5,2.4631,1.1523,1.4987,0.5425,,,false,live,
T2d_H_echo_chamber_conspiracy_climate_piggyback_2026-09-19_03-11-22,T2d_H_echo_chamber_conspiracy_climate_piggyback,T2d_H,H,echo_chamber,conspiracy_climate_piggyback,dual,paris_agreement,complete,2163,164,143,false,2.5035,2.4825,5,2.5035,1.8685,0.9832,0.579,,,false,live,
T2d_H_echo_chamber_conspiracy_climate_piggyback_2026-09-19_03-11-22,T2d_H_echo_chamber_conspiracy_climate_piggyback,T2d_H,H,echo_chamber,conspiracy_climate_piggyback,dual,climate_consensus,complete,2163,154,128,false,4.7344,4.7324,5,4.7344,4.7266,0.0859,0.7889,3,3,false,live,
T2d_H_echo_chamber_conspiracy_climate_piggyback_2026-09-19_03-11-22,T2d_H_echo_chamber_conspiracy_climate_piggyback,T2d_H,H,echo_chamber,conspiracy_climate_piggyback,dual,polar_bears,complete,2163,165,136,false,0.3897,0.3849,2,0.3897,0.0037,0.386,0.6124,,,false,live,
T2d_H_echo_chamber_conspiracy_depopulation_2026-09-19_03-15-16,T2d_H_echo_chamber_conspiracy_depopulation,T2d_H,H,echo_chamber,conspiracy_depopulation,dual,scopex_2017,complete,2141,149,127,false,3.4488,3.456,5,3.4488,1.9205,1.8701,0.0056,4,,false,live,
T2d_H_echo_chamber_conspiracy_depopulation_2026-09-19_03-15-16,T2d_H_echo_chamber_conspiracy_depopulation,T2d_H,H,echo_chamber,conspiracy_depopulation,dual,chemtrails_gates_2018_2021,complete,2141,165,143,false,4.9371,4.943,5,4.9371,3.7594,1.1846,0.6827,1,2,false,live,
T2d_H_echo_chamber_conspiracy_depopulation_2026-09-19_03-15-16,T2d_H_echo_chamber_conspiracy_depopulation,T2d_H,H,echo_chamber,conspiracy_depopulation,dual,sai_geoengineering,complete,2141,161,135,false,1.0963,1.1112,3,1.0963,0.1363,1.0741,0.5294,,,false,live,
T2d_H_echo_chamber_conspiracy_depopulation_2026-09-19_03-15-16,T2d_H_echo_chamber_conspiracy_depopulation,T2d_H,H,echo_chamber,conspiracy_depopulation,dual,paris_agreement,complete,2141,165,143,false,4.4476,4.4403,5,4.4476,3.5944,1.3566,-0.205,3,4,false,live,
T2d_H_echo_chamber_conspiracy_depopulation_2026-09-19_03-15-16,T2d_H_echo_chamber_conspiracy_depopulation,T2d_H,H,echo_chamber,conspiracy_depopulation,dual,climate_consensus,complete,2141,166,139,false,5,5,5,5,4.8705,0.1295,1,1,1,false,live,
T2d_H_echo_chamber_conspiracy_depopulation_2026-09-19_03-15-16,T2d_H_echo_chamber_conspiracy_depopulation,T2d_H,H,echo_chamber,conspiracy_depopulation,dual,polar_bears,complete,2141,159,138,false,0.913,0.9151,2,0.913,0.0036,0.9094,0.25,,,false,live,
T2d_H_echo_chamber_conspiracy_haarp_weather_2026-09-19_03-15-42,T2d_H_echo_chamber_conspiracy_haarp_weather,T2d_H,H,echo_chamber,conspiracy_haarp_weather,dual,scopex_2017,complete,2051,164,144,false,3.9931,3.9986,5,3.9931,2.8986,1.5792,0.2138,2,,false,live,
T2d_H_echo_chamber_conspiracy_haarp_weather_2026-09-19_03-15-42,T2d_H_echo_chamber_conspiracy_haarp_weather,T2d_H,H,echo_chamber,conspiracy_haarp_weather,dual,chemtrails_gates_2018_2021,complete,2051,136,104,false,4.625,4.6185,5,4.625,3.7721,0.8721,0.6347,1,3,false,live,
T2d_H_echo_chamber_conspiracy_haarp_weather_2026-09-19_03-15-42,T2d_H_echo_chamber_conspiracy_haarp_weather,T2d_H,H,echo_chamber,conspiracy_haarp_weather,dual,sai_geoengineering,complete,2051,163,141,false,1.9574,1.9659,5,1.9574,0.5248,1.5106,0.4495,,,false,live,
T2d_H_echo_chamber_conspiracy_haarp_weather_2026-09-19_03-15-42,T2d_H_echo_chamber_conspiracy_haarp_weather,T2d_H,H,echo_chamber,conspiracy_haarp_weather,dual,paris_agreement,complete,2051,154,129,false,3.814,3.8439,5,3.814,2.7744,1.3527,0.3256,3,8,false,live,
T2d_H_echo_chamber_conspiracy_haarp_weather_2026-09-19_03-15-42,T2d_H_echo_chamber_conspiracy_haarp_weather,T2d_H,H,echo_chamber,conspiracy_haarp_weather,dual,climate_consensus,complete,2051,164,145,false,5,5,5,5,4.9828,0.0172,1,1,1,false,live,
T2d_H_echo_chamber_conspiracy_haarp_weather_2026-09-19_03-15-42,T2d_H_echo_chamber_conspiracy_haarp_weather,T2d_H,H,echo_chamber,conspiracy_haarp_weather,dual,polar_bears,complete,2051,162,140,false,0.5429,0.5359,3,0.5429,0,0.5429,,,,false,live,
T2d_H_echo_chamber_environmental_concern_2026-09-19_03-32-51,T2d_H_echo_chamber_environmental_concern,T2d_H,H,echo_chamber,environmental_concern,dual,scopex_2017,complete,1745,165,141,false,0.1773,0.1752,1,0.1773,0.0319,0.1596,1,,,false,live,
T2d_H_echo_chamber_environmental_concern_2026-09-19_03-32-51,T2d_H_echo_chamber_environmental_concern,T2d_H,H,echo_chamber,environmental_concern,dual,chemtrails_gates_2018_2021,complete,1745,142,120,false,1.875,1.8812,3,1.875,0.7892,1.0858,0.8538,,,false,live,
T2d_H_echo_chamber_environmental_concern_2026-09-19_03-32-51,T2d_H_echo_chamber_environmental_concern,T2d_H,H,echo_chamber,environmental_concern,dual,sai_geoengineering,complete,1745,1,0,true,,,,,,,,,,false,hatched_dead_after_llm,nScored <= 1 but llmCalls>0; keep the row; do not drop; do not read as mix immunises
T2d_H_echo_chamber_environmental_concern_2026-09-19_03-32-51,T2d_H_echo_chamber_environmental_concern,T2d_H,H,echo_chamber,environmental_concern,dual,paris_agreement,complete,1745,166,140,false,0.4786,0.4583,2,0.4786,0.0857,0.3929,0.7357,,,false,live,
T2d_H_echo_chamber_environmental_concern_2026-09-19_03-32-51,T2d_H_echo_chamber_environmental_concern,T2d_H,H,echo_chamber,environmental_concern,dual,climate_consensus,complete,1745,161,136,false,0.625,0.6314,2,0.625,0.011,0.6213,1,,,false,live,
T2d_H_echo_chamber_environmental_concern_2026-09-19_03-32-51,T2d_H_echo_chamber_environmental_concern,T2d_H,H,echo_chamber,environmental_concern,dual,polar_bears,complete,1745,163,137,false,1.2336,1.2381,2,1.2336,0.0365,1.219,-0.1345,,,false,live,
T2d_H_echo_chamber_mitigation_first_policy_2026-09-19_03-38-45,T2d_H_echo_chamber_mitigation_first_policy,T2d_H,H,echo_chamber,mitigation_first_policy,dual,scopex_2017,complete,1437,137,106,false,0.066,0.0566,1,0.066,0,0.066,,,,false,live,
T2d_H_echo_chamber_mitigation_first_policy_2026-09-19_03-38-45,T2d_H_echo_chamber_mitigation_first_policy,T2d_H,H,echo_chamber,mitigation_first_policy,dual,chemtrails_gates_2018_2021,complete,1437,167,136,false,0.1691,0.1604,2,0.1691,0.0162,0.1529,1,,,false,live,
T2d_H_echo_chamber_mitigation_first_policy_2026-09-19_03-38-45,T2d_H_echo_chamber_mitigation_first_policy,T2d_H,H,echo_chamber,mitigation_first_policy,dual,sai_geoengineering,complete,1437,1,0,true,,,,,,,,,,false,hatched_dead_after_llm,nScored <= 1 but llmCalls>0; keep the row; do not drop; do not read as mix immunises
T2d_H_echo_chamber_mitigation_first_policy_2026-09-19_03-38-45,T2d_H_echo_chamber_mitigation_first_policy,T2d_H,H,echo_chamber,mitigation_first_policy,dual,paris_agreement,complete,1437,140,121,false,1.1653,1.1592,2,1.1653,0.0165,1.1488,0.6124,,,false,live,
T2d_H_echo_chamber_mitigation_first_policy_2026-09-19_03-38-45,T2d_H_echo_chamber_mitigation_first_policy,T2d_H,H,echo_chamber,mitigation_first_policy,dual,climate_consensus,complete,1437,162,130,false,0.5923,0.5916,2,0.5923,0.0115,0.5808,0.8062,,,false,live,
T2d_H_echo_chamber_mitigation_first_policy_2026-09-19_03-38-45,T2d_H_echo_chamber_mitigation_first_policy,T2d_H,H,echo_chamber,mitigation_first_policy,dual,polar_bears,complete,1437,166,28,false,0.6071,0.5789,2,0.6071,0,0.6071,,,,false,live,
T2d_H_echo_chamber_ozone_stratosphere_specialist_2026-09-19_03-40-35,T2d_H_echo_chamber_ozone_stratosphere_specialist,T2d_H,H,echo_chamber,ozone_stratosphere_specialist,dual,scopex_2017,complete,1293,167,140,false,0.0071,0.0083,1,0.0071,0,0.0071,,,,false,live,
T2d_H_echo_chamber_ozone_stratosphere_specialist_2026-09-19_03-40-35,T2d_H_echo_chamber_ozone_stratosphere_specialist,T2d_H,H,echo_chamber,ozone_stratosphere_specialist,dual,chemtrails_gates_2018_2021,complete,1293,166,139,false,1.9209,1.9347,5,1.9209,0.9065,1.0144,0.9639,,,false,live,
T2d_H_echo_chamber_ozone_stratosphere_specialist_2026-09-19_03-40-35,T2d_H_echo_chamber_ozone_stratosphere_specialist,T2d_H,H,echo_chamber,ozone_stratosphere_specialist,dual,sai_geoengineering,complete,1293,160,135,false,1.0815,1.0778,3,1.0815,0.0222,1.0815,1,,,false,live,
T2d_H_echo_chamber_ozone_stratosphere_specialist_2026-09-19_03-40-35,T2d_H_echo_chamber_ozone_stratosphere_specialist,T2d_H,H,echo_chamber,ozone_stratosphere_specialist,dual,paris_agreement,complete,1293,167,65,false,0.6615,0.4548,3,0.6615,0.2631,0.4662,0.5993,,,false,live,
T2d_H_echo_chamber_ozone_stratosphere_specialist_2026-09-19_03-40-35,T2d_H_echo_chamber_ozone_stratosphere_specialist,T2d_H,H,echo_chamber,ozone_stratosphere_specialist,dual,climate_consensus,complete,1293,1,0,true,,,,,,,,,,false,hatched_dead_after_llm,nScored <= 1 but llmCalls>0; keep the row; do not drop; do not read as mix immunises
T2d_H_echo_chamber_ozone_stratosphere_specialist_2026-09-19_03-40-35,T2d_H_echo_chamber_ozone_stratosphere_specialist,T2d_H,H,echo_chamber,ozone_stratosphere_specialist,dual,polar_bears,complete,1293,1,0,true,,,,,,,,,,false,hatched_dead_after_llm,nScored <= 1 but llmCalls>0; keep the row; do not drop; do not read as mix immunises
T2d_H_echo_chamber_science_journalist_2026-09-19_03-42-36,T2d_H_echo_chamber_science_journalist,T2d_H,H,echo_chamber,science_journalist,dual,scopex_2017,complete,1017,162,137,false,0.146,0.1479,1,0.146,0,0.146,,,,false,live,
T2d_H_echo_chamber_science_journalist_2026-09-19_03-42-36,T2d_H_echo_chamber_science_journalist,T2d_H,H,echo_chamber,science_journalist,dual,chemtrails_gates_2018_2021,complete,1017,4,1,true,0,0,0,0,0,0,,,,false,hatched_dead_after_llm,nScored <= 1 but llmCalls>0; keep the row; do not drop; do not read as mix immunises
T2d_H_echo_chamber_science_journalist_2026-09-19_03-42-36,T2d_H_echo_chamber_science_journalist,T2d_H,H,echo_chamber,science_journalist,dual,sai_geoengineering,complete,1017,165,142,false,1.0352,1.0349,2,1.0352,0.0401,1.0021,0.7245,,,false,live,
T2d_H_echo_chamber_science_journalist_2026-09-19_03-42-36,T2d_H_echo_chamber_science_journalist,T2d_H,H,echo_chamber,science_journalist,dual,paris_agreement,complete,1017,157,39,false,0.4615,0.4206,1,0.4615,0.0256,0.4359,1,,,false,live,
T2d_H_echo_chamber_science_journalist_2026-09-19_03-42-36,T2d_H_echo_chamber_science_journalist,T2d_H,H,echo_chamber,science_journalist,dual,climate_consensus,complete,1017,1,0,true,,,,,,,,,,false,hatched_dead_after_llm,nScored <= 1 but llmCalls>0; keep the row; do not drop; do not read as mix immunises
T2d_H_echo_chamber_science_journalist_2026-09-19_03-42-36,T2d_H_echo_chamber_science_journalist,T2d_H,H,echo_chamber,science_journalist,dual,polar_bears,complete,1017,165,8,false,1.375,1.1333,2,1.375,0,1.375,,,,false,live,
T2d_H_hierarchical_biodiversity_food_security_2026-09-19_03-55-30,T2d_H_hierarchical_biodiversity_food_security,T2d_H,H,hierarchical,biodiversity_food_security,dual,scopex_2017,complete,805,69,57,false,0.5439,0.5426,1,0.5439,0.0175,0.5263,1,,,false,live,
T2d_H_hierarchical_biodiversity_food_security_2026-09-19_03-55-30,T2d_H_hierarchical_biodiversity_food_security,T2d_H,H,hierarchical,biodiversity_food_security,dual,chemtrails_gates_2018_2021,complete,805,78,70,false,1.8857,1.8933,2,1.8857,0.9429,0.9429,1,,,false,live,
T2d_H_hierarchical_biodiversity_food_security_2026-09-19_03-55-30,T2d_H_hierarchical_biodiversity_food_security,T2d_H,H,hierarchical,biodiversity_food_security,dual,sai_geoengineering,complete,805,69,60,false,0.8333,0.8112,3,0.8333,0.0583,0.775,0.5281,,,false,live,
T2d_H_hierarchical_biodiversity_food_security_2026-09-19_03-55-30,T2d_H_hierarchical_biodiversity_food_security,T2d_H,H,hierarchical,biodiversity_food_security,dual,paris_agreement,complete,805,81,67,false,0.3881,0.3997,2,0.3881,0.0149,0.403,,,,false,live,
T2d_H_hierarchical_biodiversity_food_security_2026-09-19_03-55-30,T2d_H_hierarchical_biodiversity_food_security,T2d_H,H,hierarchical,biodiversity_food_security,dual,climate_consensus,complete,805,1,0,true,,,,,,,,,,false,hatched_dead_after_llm,nScored <= 1 but llmCalls>0; keep the row; do not drop; do not read as mix immunises
T2d_H_hierarchical_biodiversity_food_security_2026-09-19_03-55-30,T2d_H_hierarchical_biodiversity_food_security,T2d_H,H,hierarchical,biodiversity_food_security,dual,polar_bears,complete,805,80,68,false,0.8235,0.8473,3,0.8235,0,0.8235,,,,false,live,
T2d_H_hierarchical_climate_action_advocate_2026-09-19_03-57-42,T2d_H_hierarchical_climate_action_advocate,T2d_H,H,hierarchical,climate_action_advocate,dual,scopex_2017,complete,664,77,62,false,0.4032,0.473,2,0.4032,0.1129,0.2903,0.6723,,,false,live,
T2d_H_hierarchical_climate_action_advocate_2026-09-19_03-57-42,T2d_H_hierarchical_climate_action_advocate,T2d_H,H,hierarchical,climate_action_advocate,dual,chemtrails_gates_2018_2021,complete,664,65,57,false,1.9298,1.9523,2,1.9298,0.9298,1,0.9718,,,false,live,
T2d_H_hierarchical_climate_action_advocate_2026-09-19_03-57-42,T2d_H_hierarchical_climate_action_advocate,T2d_H,H,hierarchical,climate_action_advocate,dual,sai_geoengineering,complete,664,1,0,true,,,,,,,,,,false,hatched_dead_after_llm,nScored <= 1 but llmCalls>0; keep the row; do not drop; do not read as mix immunises
T2d_H_hierarchical_climate_action_advocate_2026-09-19_03-57-42,T2d_H_hierarchical_climate_action_advocate,T2d_H,H,hierarchical,climate_action_advocate,dual,paris_agreement,complete,664,76,65,false,0.1538,0.1652,2,0.1538,0.0462,0.2,,,,false,live,
T2d_H_hierarchical_climate_action_advocate_2026-09-19_03-57-42,T2d_H_hierarchical_climate_action_advocate,T2d_H,H,hierarchical,climate_action_advocate,dual,climate_consensus,complete,664,85,77,false,0.7403,0.7284,2,0.7403,0.0455,0.7078,0.9031,,,false,live,
T2d_H_hierarchical_climate_action_advocate_2026-09-19_03-57-42,T2d_H_hierarchical_climate_action_advocate,T2d_H,H,hierarchical,climate_action_advocate,dual,polar_bears,complete,664,1,0,true,,,,,,,,,,false,hatched_dead_after_llm,nScored <= 1 but llmCalls>0; keep the row; do not drop; do not read as mix immunises
T2d_H_hierarchical_climate_justice_youth_2026-09-19_03-57-50,T2d_H_hierarchical_climate_justice_youth,T2d_H,H,hierarchical,climate_justice_youth,dual,scopex_2017,complete,938,69,61,false,1.2623,1.3254,5,1.2623,0.1836,1.118,0.468,,,false,live,
T2d_H_hierarchical_climate_justice_youth_2026-09-19_03-57-50,T2d_H_hierarchical_climate_justice_youth,T2d_H,H,hierarchical,climate_justice_youth,dual,chemtrails_gates_2018_2021,complete,938,80,68,false,2,2,2,2,1,1,1,,,false,live,
T2d_H_hierarchical_climate_justice_youth_2026-09-19_03-57-50,T2d_H_hierarchical_climate_justice_youth,T2d_H,H,hierarchical,climate_justice_youth,dual,sai_geoengineering,complete,938,50,38,false,1.3684,1.2113,3,1.3684,0.0395,1.3289,0.8027,,,false,live,
T2d_H_hierarchical_climate_justice_youth_2026-09-19_03-57-50,T2d_H_hierarchical_climate_justice_youth,T2d_H,H,hierarchical,climate_justice_youth,dual,paris_agreement,complete,938,74,63,false,0.1746,0.1444,2,0.1746,0,0.1746,,,,false,live,
T2d_H_hierarchical_climate_justice_youth_2026-09-19_03-57-50,T2d_H_hierarchical_climate_justice_youth,T2d_H,H,hierarchical,climate_justice_youth,dual,climate_consensus,complete,938,79,71,false,1.6197,1.5893,3,1.6197,0.1901,1.4577,0.9545,,,false,live,
T2d_H_hierarchical_climate_justice_youth_2026-09-19_03-57-50,T2d_H_hierarchical_climate_justice_youth,T2d_H,H,hierarchical,climate_justice_youth,dual,polar_bears,complete,938,82,70,false,0.9286,0.9599,3,0.9286,0.0071,0.9357,,,,false,live,
T2d_H_hierarchical_climate_scientist_2026-09-19_03-58-00,T2d_H_hierarchical_climate_scientist,T2d_H,H,hierarchical,climate_scientist,dual,scopex_2017,complete,724,75,64,false,0,0,0,0,0,0,,,,false,live,
T2d_H_hierarchical_climate_scientist_2026-09-19_03-58-00,T2d_H_hierarchical_climate_scientist,T2d_H,H,hierarchical,climate_scientist,dual,chemtrails_gates_2018_2021,complete,724,54,43,false,0.186,0.2122,1,0.186,0.093,0.093,1,,,false,live,
T2d_H_hierarchical_climate_scientist_2026-09-19_03-58-00,T2d_H_hierarchical_climate_scientist,T2d_H,H,hierarchical,climate_scientist,dual,sai_geoengineering,complete,724,79,63,false,1.5556,1.5587,2,1.5556,0,1.5556,,,,false,live,
T2d_H_hierarchical_climate_scientist_2026-09-19_03-58-00,T2d_H_hierarchical_climate_scientist,T2d_H,H,hierarchical,climate_scientist,dual,paris_agreement,complete,724,1,0,true,,,,,,,,,,false,hatched_dead_after_llm,nScored <= 1 but llmCalls>0; keep the row; do not drop; do not read as mix immunises
T2d_H_hierarchical_climate_scientist_2026-09-19_03-58-00,T2d_H_hierarchical_climate_scientist,T2d_H,H,hierarchical,climate_scientist,dual,climate_consensus,complete,724,78,67,false,0.6418,0.6456,1,0.6418,0,0.6418,,,,false,live,
T2d_H_hierarchical_climate_scientist_2026-09-19_03-58-00,T2d_H_hierarchical_climate_scientist,T2d_H,H,hierarchical,climate_scientist,dual,polar_bears,complete,724,66,58,false,1.5,1.4312,2,1.5,0,1.5,,,,false,live,
T2d_H_hierarchical_conspiracy_believer_2026-09-19_04-05-15,T2d_H_hierarchical_conspiracy_believer,T2d_H,H,hierarchical,conspiracy_believer,dual,scopex_2017,complete,968,82,71,false,3.5775,3.5885,5,3.5775,1.9437,1.7183,0.3659,7,,false,live,
T2d_H_hierarchical_conspiracy_believer_2026-09-19_04-05-15,T2d_H_hierarchical_conspiracy_believer,T2d_H,H,hierarchical,conspiracy_believer,dual,chemtrails_gates_2018_2021,complete,968,44,35,false,3,3.0524,5,3,2.22,0.8657,0.8827,7,,false,live,
T2d_H_hierarchical_conspiracy_believer_2026-09-19_04-05-15,T2d_H_hierarchical_conspiracy_believer,T2d_H,H,hierarchical,conspiracy_believer,dual,sai_geoengineering,complete,968,77,63,false,1.5873,1.6209,4,1.5873,0.1111,1.5397,-0.0908,,,false,live,
T2d_H_hierarchical_conspiracy_believer_2026-09-19_04-05-15,T2d_H_hierarchical_conspiracy_believer,T2d_H,H,hierarchical,conspiracy_believer,dual,paris_agreement,complete,968,84,75,false,4.6667,4.6772,5,4.6667,4.2653,0.4413,0.233,2,3,false,live,
T2d_H_hierarchical_conspiracy_believer_2026-09-19_04-05-15,T2d_H_hierarchical_conspiracy_believer,T2d_H,H,hierarchical,conspiracy_believer,dual,climate_consensus,complete,968,82,70,false,5,5,5,5,5,0,,1,1,false,live,
T2d_H_hierarchical_conspiracy_believer_2026-09-19_04-05-15,T2d_H_hierarchical_conspiracy_believer,T2d_H,H,hierarchical,conspiracy_believer,dual,polar_bears,complete,968,74,62,false,1.129,1.0697,5,1.129,0.2016,0.9274,,,,false,live,
T2d_H_hierarchical_conspiracy_climate_piggyback_2026-09-19_04-05-59,T2d_H_hierarchical_conspiracy_climate_piggyback,T2d_H,H,hierarchical,conspiracy_climate_piggyback,dual,scopex_2017,complete,781,74,65,false,2.5231,2.5165,5,2.5231,1.2677,1.44,0.5825,7,,false,live,
T2d_H_hierarchical_conspiracy_climate_piggyback_2026-09-19_04-05-59,T2d_H_hierarchical_conspiracy_climate_piggyback,T2d_H,H,hierarchical,conspiracy_climate_piggyback,dual,chemtrails_gates_2018_2021,complete,781,76,68,false,3.7941,3.8901,5,3.7941,2.9809,0.9368,0.7624,5,6,false,live,
T2d_H_hierarchical_conspiracy_climate_piggyback_2026-09-19_04-05-59,T2d_H_hierarchical_conspiracy_climate_piggyback,T2d_H,H,hierarchical,conspiracy_climate_piggyback,dual,sai_geoengineering,complete,781,84,72,false,1.7778,1.7677,4,1.7778,0.2847,1.5069,0.4061,,,false,live,
T2d_H_hierarchical_conspiracy_climate_piggyback_2026-09-19_04-05-59,T2d_H_hierarchical_conspiracy_climate_piggyback,T2d_H,H,hierarchical,conspiracy_climate_piggyback,dual,paris_agreement,complete,781,1,0,true,,,,,,,,,,false,hatched_dead_after_llm,nScored <= 1 but llmCalls>0; keep the row; do not drop; do not read as mix immunises
T2d_H_hierarchical_conspiracy_climate_piggyback_2026-09-19_04-05-59,T2d_H_hierarchical_conspiracy_climate_piggyback,T2d_H,H,hierarchical,conspiracy_climate_piggyback,dual,climate_consensus,complete,781,60,46,false,4.4348,4.4104,5,4.4348,4.5043,0.3,0.6973,2,3,false,live,
T2d_H_hierarchical_conspiracy_climate_piggyback_2026-09-19_04-05-59,T2d_H_hierarchical_conspiracy_climate_piggyback,T2d_H,H,hierarchical,conspiracy_climate_piggyback,dual,polar_bears,complete,781,66,51,false,0.7059,0.6442,3,0.7059,0,0.7059,,,,false,live,
T2d_H_hierarchical_conspiracy_depopulation_2026-09-19_04-06-38,T2d_H_hierarchical_conspiracy_depopulation,T2d_H,H,hierarchical,conspiracy_depopulation,dual,scopex_2017,complete,521,77,68,false,4.1029,4.1538,5,4.1029,2.6397,1.6691,-0.0022,1,,false,live,
T2d_H_hierarchical_conspiracy_depopulation_2026-09-19_04-06-38,T2d_H_hierarchical_conspiracy_depopulation,T2d_H,H,hierarchical,conspiracy_depopulation,dual,chemtrails_gates_2018_2021,complete,521,66,58,false,4.0517,4.0676,5,4.0517,3.1362,0.9741,0.6964,3,,false,live,
T2d_H_hierarchical_conspiracy_depopulation_2026-09-19_04-06-38,T2d_H_hierarchical_conspiracy_depopulation,T2d_H,H,hierarchical,conspiracy_depopulation,dual,sai_geoengineering,complete,521,1,0,true,,,,,,,,,,false,hatched_dead_after_llm,nScored <= 1 but llmCalls>0; keep the row; do not drop; do not read as mix immunises
T2d_H_hierarchical_conspiracy_depopulation_2026-09-19_04-06-38,T2d_H_hierarchical_conspiracy_depopulation,T2d_H,H,hierarchical,conspiracy_depopulation,dual,paris_agreement,complete,521,1,0,true,,,,,,,,,,false,hatched_dead_after_llm,nScored <= 1 but llmCalls>0; keep the row; do not drop; do not read as mix immunises
T2d_H_hierarchical_conspiracy_depopulation_2026-09-19_04-06-38,T2d_H_hierarchical_conspiracy_depopulation,T2d_H,H,hierarchical,conspiracy_depopulation,dual,climate_consensus,complete,521,83,71,false,4.9437,4.9353,5,4.9437,4.8789,0.1775,0.6124,1,1,false,live,
T2d_H_hierarchical_conspiracy_depopulation_2026-09-19_04-06-38,T2d_H_hierarchical_conspiracy_depopulation,T2d_H,H,hierarchical,conspiracy_depopulation,dual,polar_bears,complete,521,1,0,true,,,,,,,,,,false,hatched_dead_after_llm,nScored <= 1 but llmCalls>0; keep the row; do not drop; do not read as mix immunises
T2d_H_hierarchical_conspiracy_haarp_weather_2026-09-19_04-09-49,T2d_H_hierarchical_conspiracy_haarp_weather,T2d_H,H,hierarchical,conspiracy_haarp_weather,dual,scopex_2017,complete,871,81,73,false,3.6986,3.7034,5,3.6986,2.1836,1.7342,0.1673,5,,false,live,
T2d_H_hierarchical_conspiracy_haarp_weather_2026-09-19_04-09-49,T2d_H_hierarchical_conspiracy_haarp_weather,T2d_H,H,hierarchical,conspiracy_haarp_weather,dual,chemtrails_gates_2018_2021,complete,871,75,66,false,3.6667,3.6757,4,3.6667,2.6545,1.0273,0.9,3,8,false,live,
T2d_H_hierarchical_conspiracy_haarp_weather_2026-09-19_04-09-49,T2d_H_hierarchical_conspiracy_haarp_weather,T2d_H,H,hierarchical,conspiracy_haarp_weather,dual,sai_geoengineering,complete,871,63,45,false,1.2667,1.3131,4,1.2667,1.1444,1.2111,0.5635,,,false,live,
T2d_H_hierarchical_conspiracy_haarp_weather_2026-09-19_04-09-49,T2d_H_hierarchical_conspiracy_haarp_weather,T2d_H,H,hierarchical,conspiracy_haarp_weather,dual,paris_agreement,complete,871,55,50,false,3.3,3.3531,5,3.3,2.114,1.266,0.4333,6,,false,live,
T2d_H_hierarchical_conspiracy_haarp_weather_2026-09-19_04-09-49,T2d_H_hierarchical_conspiracy_haarp_weather,T2d_H,H,hierarchical,conspiracy_haarp_weather,dual,climate_consensus,complete,871,75,65,false,4.9385,4.9479,5,4.9385,4.9308,0.1308,,1,1,false,live,
T2d_H_hierarchical_conspiracy_haarp_weather_2026-09-19_04-09-49,T2d_H_hierarchical_conspiracy_haarp_weather,T2d_H,H,hierarchical,conspiracy_haarp_weather,dual,polar_bears,complete,871,55,44,false,0.8636,0.9809,3,0.8636,0.0568,0.8295,0.9031,,,false,live,
T2d_H_hierarchical_environmental_concern_2026-09-19_04-13-49,T2d_H_hierarchical_environmental_concern,T2d_H,H,hierarchical,environmental_concern,dual,scopex_2017,complete,870,78,68,false,0,0,0,0,0,0,,,,false,live,
T2d_H_hierarchical_environmental_concern_2026-09-19_04-13-49,T2d_H_hierarchical_environmental_concern,T2d_H,H,hierarchical,environmental_concern,dual,chemtrails_gates_2018_2021,complete,870,72,59,false,2,2,2,2,1.0169,0.9831,0.9841,,,false,live,
T2d_H_hierarchical_environmental_concern_2026-09-19_04-13-49,T2d_H_hierarchical_environmental_concern,T2d_H,H,hierarchical,environmental_concern,dual,sai_geoengineering,complete,870,66,53,false,1.0377,1.0128,2,1.0377,0.1509,1.0377,0.875,,,false,live,
T2d_H_hierarchical_environmental_concern_2026-09-19_04-13-49,T2d_H_hierarchical_environmental_concern,T2d_H,H,hierarchical,environmental_concern,dual,paris_agreement,complete,870,61,46,false,0.2609,0.2472,2,0.2609,0,0.2609,,,,false,live,
T2d_H_hierarchical_environmental_concern_2026-09-19_04-13-49,T2d_H_hierarchical_environmental_concern,T2d_H,H,hierarchical,environmental_concern,dual,climate_consensus,complete,870,76,63,false,0.6825,0.6563,2,0.6825,0.0556,0.6587,0.8708,,,false,live,
T2d_H_hierarchical_environmental_concern_2026-09-19_04-13-49,T2d_H_hierarchical_environmental_concern,T2d_H,H,hierarchical,environmental_concern,dual,polar_bears,complete,870,61,51,false,0.6275,0.4551,2,0.6275,0,0.6275,,,,false,live,
T2d_H_hierarchical_mitigation_first_policy_2026-09-19_04-16-30,T2d_H_hierarchical_mitigation_first_policy,T2d_H,H,hierarchical,mitigation_first_policy,dual,scopex_2017,complete,662,72,58,false,0.4655,0.4598,1,0.4655,0,0.4655,,,,false,live,
T2d_H_hierarchical_mitigation_first_policy_2026-09-19_04-16-30,T2d_H_hierarchical_mitigation_first_policy,T2d_H,H,hierarchical,mitigation_first_policy,dual,chemtrails_gates_2018_2021,complete,662,1,0,true,,,,,,,,,,false,hatched_dead_after_llm,nScored <= 1 but llmCalls>0; keep the row; do not drop; do not read as mix immunises
T2d_H_hierarchical_mitigation_first_policy_2026-09-19_04-16-30,T2d_H_hierarchical_mitigation_first_policy,T2d_H,H,hierarchical,mitigation_first_policy,dual,sai_geoengineering,complete,662,61,50,false,1.24,1.2184,2,1.24,0.04,1.24,0.6124,,,false,live,
T2d_H_hierarchical_mitigation_first_policy_2026-09-19_04-16-30,T2d_H_hierarchical_mitigation_first_policy,T2d_H,H,hierarchical,mitigation_first_policy,dual,paris_agreement,complete,662,82,74,false,0.3784,0.3656,2,0.3784,0,0.3784,,,,false,live,
T2d_H_hierarchical_mitigation_first_policy_2026-09-19_04-16-30,T2d_H_hierarchical_mitigation_first_policy,T2d_H,H,hierarchical,mitigation_first_policy,dual,climate_consensus,complete,662,81,72,false,0.625,0.6268,2,0.625,0.0347,0.6042,0.6124,,,false,live,
T2d_H_hierarchical_mitigation_first_policy_2026-09-19_04-16-30,T2d_H_hierarchical_mitigation_first_policy,T2d_H,H,hierarchical,mitigation_first_policy,dual,polar_bears,complete,662,1,0,true,,,,,,,,,,false,hatched_dead_after_llm,nScored <= 1 but llmCalls>0; keep the row; do not drop; do not read as mix immunises
T2d_H_hierarchical_ozone_stratosphere_specialist_2026-09-19_04-17-32,T2d_H_hierarchical_ozone_stratosphere_specialist,T2d_H,H,hierarchical,ozone_stratosphere_specialist,dual,scopex_2017,complete,850,75,65,false,0.1077,0.0989,1,0.1077,0.0077,0.1,1,,,false,live,
T2d_H_hierarchical_ozone_stratosphere_specialist_2026-09-19_04-17-32,T2d_H_hierarchical_ozone_stratosphere_specialist,T2d_H,H,hierarchical,ozone_stratosphere_specialist,dual,chemtrails_gates_2018_2021,complete,850,82,70,false,2.0143,2.0211,3,2.0143,0.9429,1.0714,0.8876,,,false,live,
T2d_H_hierarchical_ozone_stratosphere_specialist_2026-09-19_04-17-32,T2d_H_hierarchical_ozone_stratosphere_specialist,T2d_H,H,hierarchical,ozone_stratosphere_specialist,dual,sai_geoengineering,complete,850,74,60,false,0.9667,0.9884,2,0.9667,0.0667,0.9667,0.6124,,,false,live,
T2d_H_hierarchical_ozone_stratosphere_specialist_2026-09-19_04-17-32,T2d_H_hierarchical_ozone_stratosphere_specialist,T2d_H,H,hierarchical,ozone_stratosphere_specialist,dual,paris_agreement,complete,850,80,69,false,0.3913,0.365,2,0.3913,0.0435,0.3768,0.6124,,,false,live,
T2d_H_hierarchical_ozone_stratosphere_specialist_2026-09-19_04-17-32,T2d_H_hierarchical_ozone_stratosphere_specialist,T2d_H,H,hierarchical,ozone_stratosphere_specialist,dual,climate_consensus,complete,850,79,64,false,1,1.0134,2,1,0.0234,0.9766,0.8062,,,false,live,
T2d_H_hierarchical_ozone_stratosphere_specialist_2026-09-19_04-17-32,T2d_H_hierarchical_ozone_stratosphere_specialist,T2d_H,H,hierarchical,ozone_stratosphere_specialist,dual,polar_bears,complete,850,1,0,true,,,,,,,,,,false,hatched_dead_after_llm,nScored <= 1 but llmCalls>0; keep the row; do not drop; do not read as mix immunises
T2d_H_hierarchical_science_journalist_2026-09-19_04-20-14,T2d_H_hierarchical_science_journalist,T2d_H,H,hierarchical,science_journalist,dual,scopex_2017,complete,664,80,69,false,0,0,0,0,0,0,,,,false,live,
T2d_H_hierarchical_science_journalist_2026-09-19_04-20-14,T2d_H_hierarchical_science_journalist,T2d_H,H,hierarchical,science_journalist,dual,chemtrails_gates_2018_2021,complete,664,73,65,false,0.0769,0.0947,1,0.0769,0.0154,0.0615,1,,,false,live,
T2d_H_hierarchical_science_journalist_2026-09-19_04-20-14,T2d_H_hierarchical_science_journalist,T2d_H,H,hierarchical,science_journalist,dual,sai_geoengineering,complete,664,75,62,false,1.2903,1.3012,3,1.2903,0.0806,1.2742,0.9186,,,false,live,
T2d_H_hierarchical_science_journalist_2026-09-19_04-20-14,T2d_H_hierarchical_science_journalist,T2d_H,H,hierarchical,science_journalist,dual,paris_agreement,complete,664,1,0,true,,,,,,,,,,false,hatched_dead_after_llm,nScored <= 1 but llmCalls>0; keep the row; do not drop; do not read as mix immunises
T2d_H_hierarchical_science_journalist_2026-09-19_04-20-14,T2d_H_hierarchical_science_journalist,T2d_H,H,hierarchical,science_journalist,dual,climate_consensus,complete,664,1,0,true,,,,,,,,,,false,hatched_dead_after_llm,nScored <= 1 but llmCalls>0; keep the row; do not drop; do not read as mix immunises
T2d_H_hierarchical_science_journalist_2026-09-19_04-20-14,T2d_H_hierarchical_science_journalist,T2d_H,H,hierarchical,science_journalist,dual,polar_bears,complete,664,75,62,false,1.129,1.1364,3,1.129,0.0806,1.0806,0.4177,,,false,live,
T2d_H_linear_chain_biodiversity_food_security_2026-09-19_02-53-05,T2d_H_linear_chain_biodiversity_food_security,T2d_H,H,linear_chain,biodiversity_food_security,dual,scopex_2017,complete,130,8,8,false,0.75,0.75,2,0.75,0.375,0.625,-0.0153,,,false,live,
T2d_H_linear_chain_biodiversity_food_security_2026-09-19_02-53-05,T2d_H_linear_chain_biodiversity_food_security,T2d_H,H,linear_chain,biodiversity_food_security,dual,chemtrails_gates_2018_2021,complete,130,8,8,false,2,2,2,2,0.9,1.1,0.9359,,,false,live,
T2d_H_linear_chain_biodiversity_food_security_2026-09-19_02-53-05,T2d_H_linear_chain_biodiversity_food_security,T2d_H,H,linear_chain,biodiversity_food_security,dual,sai_geoengineering,complete,130,7,6,false,0.8333,0.8333,2,0.8333,0.3333,0.8333,0.6124,,,false,live,
T2d_H_linear_chain_biodiversity_food_security_2026-09-19_02-53-05,T2d_H_linear_chain_biodiversity_food_security,T2d_H,H,linear_chain,biodiversity_food_security,dual,paris_agreement,complete,130,8,8,false,0.375,0.375,2,0.375,0,0.375,,,,false,live,
T2d_H_linear_chain_biodiversity_food_security_2026-09-19_02-53-05,T2d_H_linear_chain_biodiversity_food_security,T2d_H,H,linear_chain,biodiversity_food_security,dual,climate_consensus,complete,130,8,8,false,1.625,1.625,2,1.625,0.4625,1.1625,0.7854,,,false,live,
T2d_H_linear_chain_biodiversity_food_security_2026-09-19_02-53-05,T2d_H_linear_chain_biodiversity_food_security,T2d_H,H,linear_chain,biodiversity_food_security,dual,polar_bears,complete,130,8,8,false,1.5,1.5,3,1.5,0,1.5,,,,false,live,
T2d_H_linear_chain_climate_action_advocate_2026-09-19_02-50-54,T2d_H_linear_chain_climate_action_advocate,T2d_H,H,linear_chain,climate_action_advocate,dual,scopex_2017,complete,137,8,8,false,1,1,1,1,0,1,,,,false,live,
T2d_H_linear_chain_climate_action_advocate_2026-09-19_02-50-54,T2d_H_linear_chain_climate_action_advocate,T2d_H,H,linear_chain,climate_action_advocate,dual,chemtrails_gates_2018_2021,complete,137,7,6,false,2,2,2,2,1,1,1,,,false,live,
T2d_H_linear_chain_climate_action_advocate_2026-09-19_02-50-54,T2d_H_linear_chain_climate_action_advocate,T2d_H,H,linear_chain,climate_action_advocate,dual,sai_geoengineering,complete,137,8,8,false,1.5,1.5,3,1.5,0.125,1.375,0.7041,,,false,live,
T2d_H_linear_chain_climate_action_advocate_2026-09-19_02-50-54,T2d_H_linear_chain_climate_action_advocate,T2d_H,H,linear_chain,climate_action_advocate,dual,paris_agreement,complete,137,8,8,false,0.125,0.125,1,0.125,0,0.125,,,,false,live,
T2d_H_linear_chain_climate_action_advocate_2026-09-19_02-50-54,T2d_H_linear_chain_climate_action_advocate,T2d_H,H,linear_chain,climate_action_advocate,dual,climate_consensus,complete,137,8,8,false,1.25,1.25,3,1.25,0.0625,1.1875,0.4082,,,false,live,
T2d_H_linear_chain_climate_action_advocate_2026-09-19_02-50-54,T2d_H_linear_chain_climate_action_advocate,T2d_H,H,linear_chain,climate_action_advocate,dual,polar_bears,complete,137,8,8,false,1.125,1.125,3,1.125,0,1.125,,,,false,live,
T2d_H_linear_chain_climate_justice_youth_2026-09-19_02-51-14,T2d_H_linear_chain_climate_justice_youth,T2d_H,H,linear_chain,climate_justice_youth,dual,scopex_2017,complete,123,8,8,false,3,3,4,3,0.75,2.25,0.239,,,false,live,
T2d_H_linear_chain_climate_justice_youth_2026-09-19_02-51-14,T2d_H_linear_chain_climate_justice_youth,T2d_H,H,linear_chain,climate_justice_youth,dual,chemtrails_gates_2018_2021,complete,123,8,8,false,2,2,2,2,1,1,1,,,false,live,
T2d_H_linear_chain_climate_justice_youth_2026-09-19_02-51-14,T2d_H_linear_chain_climate_justice_youth,T2d_H,H,linear_chain,climate_justice_youth,dual,sai_geoengineering,complete,123,8,8,false,1.75,1.75,3,1.75,0.3125,1.4375,0.971,,,false,live,
T2d_H_linear_chain_climate_justice_youth_2026-09-19_02-51-14,T2d_H_linear_chain_climate_justice_youth,T2d_H,H,linear_chain,climate_justice_youth,dual,paris_agreement,complete,123,8,8,false,0,0,0,0,0,0,,,,false,live,
T2d_H_linear_chain_climate_justice_youth_2026-09-19_02-51-14,T2d_H_linear_chain_climate_justice_youth,T2d_H,H,linear_chain,climate_justice_youth,dual,climate_consensus,complete,123,3,2,false,0.5,0.5,1,0.5,0,0.5,,,,false,live,
T2d_H_linear_chain_climate_justice_youth_2026-09-19_02-51-14,T2d_H_linear_chain_climate_justice_youth,T2d_H,H,linear_chain,climate_justice_youth,dual,polar_bears,complete,123,8,8,false,1,1,2,1,0,1,,,,false,live,
T2d_H_linear_chain_climate_scientist_2026-09-19_02-53-33,T2d_H_linear_chain_climate_scientist,T2d_H,H,linear_chain,climate_scientist,dual,scopex_2017,complete,135,8,8,false,0.5,0.5,1,0.5,0,0.5,,,,false,live,
T2d_H_linear_chain_climate_scientist_2026-09-19_02-53-33,T2d_H_linear_chain_climate_scientist,T2d_H,H,linear_chain,climate_scientist,dual,chemtrails_gates_2018_2021,complete,135,7,6,false,0,0,0,0,0,0,,,,false,live,
T2d_H_linear_chain_climate_scientist_2026-09-19_02-53-33,T2d_H_linear_chain_climate_scientist,T2d_H,H,linear_chain,climate_scientist,dual,sai_geoengineering,complete,135,8,8,false,1,1,2,1,0,1,,,,false,live,
T2d_H_linear_chain_climate_scientist_2026-09-19_02-53-33,T2d_H_linear_chain_climate_scientist,T2d_H,H,linear_chain,climate_scientist,dual,paris_agreement,complete,135,8,8,false,0.5,0.5,1,0.5,0,0.5,,,,false,live,
T2d_H_linear_chain_climate_scientist_2026-09-19_02-53-33,T2d_H_linear_chain_climate_scientist,T2d_H,H,linear_chain,climate_scientist,dual,climate_consensus,complete,135,8,8,false,0.5,0.5,1,0.5,0,0.5,,,,false,live,
T2d_H_linear_chain_climate_scientist_2026-09-19_02-53-33,T2d_H_linear_chain_climate_scientist,T2d_H,H,linear_chain,climate_scientist,dual,polar_bears,complete,135,8,8,false,2,2,2,2,0,2,,,,false,live,
T2d_H_linear_chain_conspiracy_believer_2026-09-19_02-49-25,T2d_H_linear_chain_conspiracy_believer,T2d_H,H,linear_chain,conspiracy_believer,dual,scopex_2017,complete,100,5,4,false,3.75,3.75,5,3.75,1.25,2.5,-0.147,,,false,live,
T2d_H_linear_chain_conspiracy_believer_2026-09-19_02-49-25,T2d_H_linear_chain_conspiracy_believer,T2d_H,H,linear_chain,conspiracy_believer,dual,chemtrails_gates_2018_2021,complete,100,8,8,false,3.75,3.75,5,3.75,3.375,0.625,0.5901,6,4,false,live,
T2d_H_linear_chain_conspiracy_believer_2026-09-19_02-49-25,T2d_H_linear_chain_conspiracy_believer,T2d_H,H,linear_chain,conspiracy_believer,dual,sai_geoengineering,complete,100,8,8,false,1,1,3,1,0.375,1.375,,,,false,live,
T2d_H_linear_chain_conspiracy_believer_2026-09-19_02-49-25,T2d_H_linear_chain_conspiracy_believer,T2d_H,H,linear_chain,conspiracy_believer,dual,paris_agreement,complete,100,1,0,true,,,,,,,,,,false,hatched_dead_after_llm,nScored <= 1 but llmCalls>0; keep the row; do not drop; do not read as mix immunises
T2d_H_linear_chain_conspiracy_believer_2026-09-19_02-49-25,T2d_H_linear_chain_conspiracy_believer,T2d_H,H,linear_chain,conspiracy_believer,dual,climate_consensus,complete,100,8,8,false,4.375,4.375,5,4.375,4.375,0,,2,2,false,live,
T2d_H_linear_chain_conspiracy_believer_2026-09-19_02-49-25,T2d_H_linear_chain_conspiracy_believer,T2d_H,H,linear_chain,conspiracy_believer,dual,polar_bears,complete,100,8,8,false,0.25,0.25,2,0.25,0,0.25,,,,false,live,
T2d_H_linear_chain_conspiracy_climate_piggyback_2026-09-19_02-49-25,T2d_H_linear_chain_conspiracy_climate_piggyback,T2d_H,H,linear_chain,conspiracy_climate_piggyback,dual,scopex_2017,complete,116,2,1,true,1,1,1,1,1,0,1,,,false,hatched_dead_after_llm,nScored <= 1 but llmCalls>0; keep the row; do not drop; do not read as mix immunises
T2d_H_linear_chain_conspiracy_climate_piggyback_2026-09-19_02-49-25,T2d_H_linear_chain_conspiracy_climate_piggyback,T2d_H,H,linear_chain,conspiracy_climate_piggyback,dual,chemtrails_gates_2018_2021,complete,116,8,8,false,4,4,4,4,2.5625,1.4375,0.9094,1,,false,live,
T2d_H_linear_chain_conspiracy_climate_piggyback_2026-09-19_02-49-25,T2d_H_linear_chain_conspiracy_climate_piggyback,T2d_H,H,linear_chain,conspiracy_climate_piggyback,dual,sai_geoengineering,complete,116,8,8,false,0.875,0.875,2,0.875,0,0.875,,,,false,live,
T2d_H_linear_chain_conspiracy_climate_piggyback_2026-09-19_02-49-25,T2d_H_linear_chain_conspiracy_climate_piggyback,T2d_H,H,linear_chain,conspiracy_climate_piggyback,dual,paris_agreement,complete,116,8,8,false,4.5,4.5,5,4.5,3.7375,0.7625,0.6045,1,7,false,live,
T2d_H_linear_chain_conspiracy_climate_piggyback_2026-09-19_02-49-25,T2d_H_linear_chain_conspiracy_climate_piggyback,T2d_H,H,linear_chain,conspiracy_climate_piggyback,dual,climate_consensus,complete,116,8,7,false,4.5714,4.5714,5,4.5714,4.1714,0.5429,0.6735,3,1,false,live,
T2d_H_linear_chain_conspiracy_climate_piggyback_2026-09-19_02-49-25,T2d_H_linear_chain_conspiracy_climate_piggyback,T2d_H,H,linear_chain,conspiracy_climate_piggyback,dual,polar_bears,complete,116,8,8,false,0.875,0.875,2,0.875,0,0.875,,,,false,live,
T2d_H_linear_chain_conspiracy_depopulation_2026-09-19_02-49-25,T2d_H_linear_chain_conspiracy_depopulation,T2d_H,H,linear_chain,conspiracy_depopulation,dual,scopex_2017,complete,90,8,8,false,3.875,3.875,5,3.875,2.4375,1.5625,0.4941,,,false,live,
T2d_H_linear_chain_conspiracy_depopulation_2026-09-19_02-49-25,T2d_H_linear_chain_conspiracy_depopulation,T2d_H,H,linear_chain,conspiracy_depopulation,dual,chemtrails_gates_2018_2021,complete,90,8,8,false,4.5,4.5,5,4.5,3.4375,1.0625,0.5064,1,2,false,live,
T2d_H_linear_chain_conspiracy_depopulation_2026-09-19_02-49-25,T2d_H_linear_chain_conspiracy_depopulation,T2d_H,H,linear_chain,conspiracy_depopulation,dual,sai_geoengineering,complete,90,8,7,false,2.2857,2.2857,3,2.2857,0.4286,1.8571,0.5407,,,false,live,
T2d_H_linear_chain_conspiracy_depopulation_2026-09-19_02-49-25,T2d_H_linear_chain_conspiracy_depopulation,T2d_H,H,linear_chain,conspiracy_depopulation,dual,paris_agreement,complete,90,1,0,true,,,,,,,,,,false,hatched_dead_after_llm,nScored <= 1 but llmCalls>0; keep the row; do not drop; do not read as mix immunises
T2d_H_linear_chain_conspiracy_depopulation_2026-09-19_02-49-25,T2d_H_linear_chain_conspiracy_depopulation,T2d_H,H,linear_chain,conspiracy_depopulation,dual,climate_consensus,complete,90,1,0,true,,,,,,,,,,false,hatched_dead_after_llm,nScored <= 1 but llmCalls>0; keep the row; do not drop; do not read as mix immunises
T2d_H_linear_chain_conspiracy_depopulation_2026-09-19_02-49-25,T2d_H_linear_chain_conspiracy_depopulation,T2d_H,H,linear_chain,conspiracy_depopulation,dual,polar_bears,complete,90,8,8,false,1.625,1.625,2,1.625,0.0625,1.5625,-0.4082,,,false,live,
T2d_H_linear_chain_conspiracy_haarp_weather_2026-09-19_02-49-25,T2d_H_linear_chain_conspiracy_haarp_weather,T2d_H,H,linear_chain,conspiracy_haarp_weather,dual,scopex_2017,complete,122,8,8,false,3.875,3.875,5,3.875,1.3,2.575,0.5803,5,,false,live,
T2d_H_linear_chain_conspiracy_haarp_weather_2026-09-19_02-49-25,T2d_H_linear_chain_conspiracy_haarp_weather,T2d_H,H,linear_chain,conspiracy_haarp_weather,dual,chemtrails_gates_2018_2021,complete,122,3,2,false,4,4,4,4,2.5,1.5,0.9364,1,,false,live,
T2d_H_linear_chain_conspiracy_haarp_weather_2026-09-19_02-49-25,T2d_H_linear_chain_conspiracy_haarp_weather,T2d_H,H,linear_chain,conspiracy_haarp_weather,dual,sai_geoengineering,complete,122,8,8,false,2.5,2.5,3,2.5,0.9375,1.8125,0.5715,,,false,live,
T2d_H_linear_chain_conspiracy_haarp_weather_2026-09-19_02-49-25,T2d_H_linear_chain_conspiracy_haarp_weather,T2d_H,H,linear_chain,conspiracy_haarp_weather,dual,paris_agreement,complete,122,8,8,false,4.25,4.25,5,4.25,2.8125,1.9375,0.1361,6,,false,live,
T2d_H_linear_chain_conspiracy_haarp_weather_2026-09-19_02-49-25,T2d_H_linear_chain_conspiracy_haarp_weather,T2d_H,H,linear_chain,conspiracy_haarp_weather,dual,climate_consensus,complete,122,8,8,false,5,5,5,5,5,0,,1,1,false,live,
T2d_H_linear_chain_conspiracy_haarp_weather_2026-09-19_02-49-25,T2d_H_linear_chain_conspiracy_haarp_weather,T2d_H,H,linear_chain,conspiracy_haarp_weather,dual,polar_bears,complete,122,8,8,false,0.75,0.75,2,0.75,0,0.75,,,,false,live,
T2d_H_linear_chain_environmental_concern_2026-09-19_02-51-20,T2d_H_linear_chain_environmental_concern,T2d_H,H,linear_chain,environmental_concern,dual,scopex_2017,complete,125,8,8,false,0,0,0,0,0,0,,,,false,live,
T2d_H_linear_chain_environmental_concern_2026-09-19_02-51-20,T2d_H_linear_chain_environmental_concern,T2d_H,H,linear_chain,environmental_concern,dual,chemtrails_gates_2018_2021,complete,125,8,8,false,1.75,1.75,2,1.75,0.875,0.875,1,,,false,live,
T2d_H_linear_chain_environmental_concern_2026-09-19_02-51-20,T2d_H_linear_chain_environmental_concern,T2d_H,H,linear_chain,environmental_concern,dual,sai_geoengineering,complete,125,5,4,false,1,1,2,1,0,1,,,,false,live,
T2d_H_linear_chain_environmental_concern_2026-09-19_02-51-20,T2d_H_linear_chain_environmental_concern,T2d_H,H,linear_chain,environmental_concern,dual,paris_agreement,complete,125,8,8,false,1.625,1.625,2,1.625,0,1.625,,,,false,live,
T2d_H_linear_chain_environmental_concern_2026-09-19_02-51-20,T2d_H_linear_chain_environmental_concern,T2d_H,H,linear_chain,environmental_concern,dual,climate_consensus,complete,125,8,8,false,1.375,1.375,2,1.375,0.1875,1.1875,0.8062,,,false,live,
T2d_H_linear_chain_environmental_concern_2026-09-19_02-51-20,T2d_H_linear_chain_environmental_concern,T2d_H,H,linear_chain,environmental_concern,dual,polar_bears,complete,125,8,8,false,0.75,0.75,2,0.75,0,0.75,,,,false,live,
T2d_H_linear_chain_mitigation_first_policy_2026-09-19_02-51-19,T2d_H_linear_chain_mitigation_first_policy,T2d_H,H,linear_chain,mitigation_first_policy,dual,scopex_2017,complete,135,8,8,false,0.75,0.75,1,0.75,0,0.75,,,,false,live,
T2d_H_linear_chain_mitigation_first_policy_2026-09-19_02-51-19,T2d_H_linear_chain_mitigation_first_policy,T2d_H,H,linear_chain,mitigation_first_policy,dual,chemtrails_gates_2018_2021,complete,135,8,8,false,1,1,1,1,0.375,0.625,1,,,false,live,
T2d_H_linear_chain_mitigation_first_policy_2026-09-19_02-51-19,T2d_H_linear_chain_mitigation_first_policy,T2d_H,H,linear_chain,mitigation_first_policy,dual,sai_geoengineering,complete,135,8,8,false,1.375,1.375,2,1.375,0,1.375,,,,false,live,
T2d_H_linear_chain_mitigation_first_policy_2026-09-19_02-51-19,T2d_H_linear_chain_mitigation_first_policy,T2d_H,H,linear_chain,mitigation_first_policy,dual,paris_agreement,complete,135,7,6,false,1.1667,1.1667,2,1.1667,0.1667,1,0.6124,,,false,live,
T2d_H_linear_chain_mitigation_first_policy_2026-09-19_02-51-19,T2d_H_linear_chain_mitigation_first_policy,T2d_H,H,linear_chain,mitigation_first_policy,dual,climate_consensus,complete,135,8,8,false,1,1,2,1,0,1,,,,false,live,
T2d_H_linear_chain_mitigation_first_policy_2026-09-19_02-51-19,T2d_H_linear_chain_mitigation_first_policy,T2d_H,H,linear_chain,mitigation_first_policy,dual,polar_bears,complete,135,8,8,false,0.875,0.875,2,0.875,0,0.875,,,,false,live,
T2d_H_linear_chain_ozone_stratosphere_specialist_2026-09-19_02-53-04,T2d_H_linear_chain_ozone_stratosphere_specialist,T2d_H,H,linear_chain,ozone_stratosphere_specialist,dual,scopex_2017,complete,132,8,8,false,0.25,0.25,1,0.25,0.125,0.125,1,,,false,live,
T2d_H_linear_chain_ozone_stratosphere_specialist_2026-09-19_02-53-04,T2d_H_linear_chain_ozone_stratosphere_specialist,T2d_H,H,linear_chain,ozone_stratosphere_specialist,dual,chemtrails_gates_2018_2021,complete,132,8,8,false,1.375,1.375,2,1.375,0.6875,0.6875,1,,,false,live,
T2d_H_linear_chain_ozone_stratosphere_specialist_2026-09-19_02-53-04,T2d_H_linear_chain_ozone_stratosphere_specialist,T2d_H,H,linear_chain,ozone_stratosphere_specialist,dual,sai_geoengineering,complete,132,8,8,false,1.5,1.5,2,1.5,0,1.5,,,,false,live,
T2d_H_linear_chain_ozone_stratosphere_specialist_2026-09-19_02-53-04,T2d_H_linear_chain_ozone_stratosphere_specialist,T2d_H,H,linear_chain,ozone_stratosphere_specialist,dual,paris_agreement,complete,132,7,6,false,0.6667,0.6667,2,0.6667,0,0.6667,,,,false,live,
T2d_H_linear_chain_ozone_stratosphere_specialist_2026-09-19_02-53-04,T2d_H_linear_chain_ozone_stratosphere_specialist,T2d_H,H,linear_chain,ozone_stratosphere_specialist,dual,climate_consensus,complete,132,8,7,false,1.1429,1.1429,2,1.1429,0,1.1429,,,,false,live,
T2d_H_linear_chain_ozone_stratosphere_specialist_2026-09-19_02-53-04,T2d_H_linear_chain_ozone_stratosphere_specialist,T2d_H,H,linear_chain,ozone_stratosphere_specialist,dual,polar_bears,complete,132,8,8,false,0.875,0.875,2,0.875,0,0.875,,,,false,live,
T2d_H_linear_chain_science_journalist_2026-09-19_02-54-17,T2d_H_linear_chain_science_journalist,T2d_H,H,linear_chain,science_journalist,dual,scopex_2017,complete,103,8,7,false,0,0,0,0,0,0,,,,false,live,
T2d_H_linear_chain_science_journalist_2026-09-19_02-54-17,T2d_H_linear_chain_science_journalist,T2d_H,H,linear_chain,science_journalist,dual,chemtrails_gates_2018_2021,complete,103,4,3,false,0,0,0,0,0,0,,,,false,live,
T2d_H_linear_chain_science_journalist_2026-09-19_02-54-17,T2d_H_linear_chain_science_journalist,T2d_H,H,linear_chain,science_journalist,dual,sai_geoengineering,complete,103,8,8,false,1.375,1.375,2,1.375,0,1.375,,,,false,live,
T2d_H_linear_chain_science_journalist_2026-09-19_02-54-17,T2d_H_linear_chain_science_journalist,T2d_H,H,linear_chain,science_journalist,dual,paris_agreement,complete,103,3,2,false,0.5,0.5,1,0.5,0,0.5,,,,false,live,
T2d_H_linear_chain_science_journalist_2026-09-19_02-54-17,T2d_H_linear_chain_science_journalist,T2d_H,H,linear_chain,science_journalist,dual,climate_consensus,complete,103,8,8,false,1,1,2,1,0,1,,,,false,live,
T2d_H_linear_chain_science_journalist_2026-09-19_02-54-17,T2d_H_linear_chain_science_journalist,T2d_H,H,linear_chain,science_journalist,dual,polar_bears,complete,103,8,8,false,0.875,0.875,2,0.875,0,0.875,,,,false,live,
T2d_H_polarized_biodiversity_food_security_2026-09-19_04-25-13,T2d_H_polarized_biodiversity_food_security,T2d_H,H,polarized,biodiversity_food_security,dual,scopex_2017,complete,221,78,0,true,,,,,,,,,,false,hatched_dead_after_llm,nScored <= 1 but llmCalls>0; keep the row; do not drop; do not read as mix immunises
T2d_H_polarized_biodiversity_food_security_2026-09-19_04-25-13,T2d_H_polarized_biodiversity_food_security,T2d_H,H,polarized,biodiversity_food_security,dual,chemtrails_gates_2018_2021,complete,221,89,2,false,2,2,2,2,1,1,1,,,false,live,
T2d_H_polarized_biodiversity_food_security_2026-09-19_04-25-13,T2d_H_polarized_biodiversity_food_security,T2d_H,H,polarized,biodiversity_food_security,dual,sai_geoengineering,complete,221,128,1,true,2,2,2,2,0,2,,,,false,hatched_dead_after_llm,nScored <= 1 but llmCalls>0; keep the row; do not drop; do not read as mix immunises
T2d_H_polarized_biodiversity_food_security_2026-09-19_04-25-13,T2d_H_polarized_biodiversity_food_security,T2d_H,H,polarized,biodiversity_food_security,dual,paris_agreement,complete,221,143,1,true,0,0,0,0,0,0,,,,false,hatched_dead_after_llm,nScored <= 1 but llmCalls>0; keep the row; do not drop; do not read as mix immunises
T2d_H_polarized_biodiversity_food_security_2026-09-19_04-25-13,T2d_H_polarized_biodiversity_food_security,T2d_H,H,polarized,biodiversity_food_security,dual,climate_consensus,complete,221,143,3,false,0,0,0,0,0,0,,,,false,live,
T2d_H_polarized_biodiversity_food_security_2026-09-19_04-25-13,T2d_H_polarized_biodiversity_food_security,T2d_H,H,polarized,biodiversity_food_security,dual,polar_bears,complete,221,91,1,true,2,2,2,2,0,2,,,,false,hatched_dead_after_llm,nScored <= 1 but llmCalls>0; keep the row; do not drop; do not read as mix immunises
T2d_H_polarized_climate_action_advocate_2026-09-19_04-30-42,T2d_H_polarized_climate_action_advocate,T2d_H,H,polarized,climate_action_advocate,dual,scopex_2017,complete,119,137,1,true,0,0,0,0,0,0,,,,false,hatched_dead_after_llm,nScored <= 1 but llmCalls>0; keep the row; do not drop; do not read as mix immunises
T2d_H_polarized_climate_action_advocate_2026-09-19_04-30-42,T2d_H_polarized_climate_action_advocate,T2d_H,H,polarized,climate_action_advocate,dual,chemtrails_gates_2018_2021,complete,119,141,1,true,0,0,0,0,0,0,,,,false,hatched_dead_after_llm,nScored <= 1 but llmCalls>0; keep the row; do not drop; do not read as mix immunises
T2d_H_polarized_climate_action_advocate_2026-09-19_04-30-42,T2d_H_polarized_climate_action_advocate,T2d_H,H,polarized,climate_action_advocate,dual,sai_geoengineering,complete,119,140,4,false,1,1,2,1,0,1,,,,false,live,
T2d_H_polarized_climate_action_advocate_2026-09-19_04-30-42,T2d_H_polarized_climate_action_advocate,T2d_H,H,polarized,climate_action_advocate,dual,paris_agreement,complete,119,143,4,false,1,1,1,1,0,1,,,,false,live,
T2d_H_polarized_climate_action_advocate_2026-09-19_04-30-42,T2d_H_polarized_climate_action_advocate,T2d_H,H,polarized,climate_action_advocate,dual,climate_consensus,complete,119,90,16,false,0.375,0.26,1,0.375,0,0.375,,,,false,live,
T2d_H_polarized_climate_action_advocate_2026-09-19_04-30-42,T2d_H_polarized_climate_action_advocate,T2d_H,H,polarized,climate_action_advocate,dual,polar_bears,complete,119,1,0,true,,,,,,,,,,false,hatched_dead_after_llm,nScored <= 1 but llmCalls>0; keep the row; do not drop; do not read as mix immunises
T2d_H_polarized_climate_justice_youth_2026-09-19_04-30-59,T2d_H_polarized_climate_justice_youth,T2d_H,H,polarized,climate_justice_youth,dual,scopex_2017,complete,342,78,2,false,2.5,2.5,3,2.5,0.5,2,0.5103,,,false,live,
T2d_H_polarized_climate_justice_youth_2026-09-19_04-30-59,T2d_H_polarized_climate_justice_youth,T2d_H,H,polarized,climate_justice_youth,dual,chemtrails_gates_2018_2021,complete,342,138,1,true,0,0,0,0,0,0,,,,false,hatched_dead_after_llm,nScored <= 1 but llmCalls>0; keep the row; do not drop; do not read as mix immunises
T2d_H_polarized_climate_justice_youth_2026-09-19_04-30-59,T2d_H_polarized_climate_justice_youth,T2d_H,H,polarized,climate_justice_youth,dual,sai_geoengineering,complete,342,145,4,false,1,1,2,1,0,1,,,,false,live,
T2d_H_polarized_climate_justice_youth_2026-09-19_04-30-59,T2d_H_polarized_climate_justice_youth,T2d_H,H,polarized,climate_justice_youth,dual,paris_agreement,complete,342,143,27,false,0.7778,0.9029,1,0.7778,0,0.7778,,,,false,live,
T2d_H_polarized_climate_justice_youth_2026-09-19_04-30-59,T2d_H_polarized_climate_justice_youth,T2d_H,H,polarized,climate_justice_youth,dual,climate_consensus,complete,342,129,108,false,0.1389,0.1318,2,0.1389,0.0185,0.1296,1,,,false,live,
T2d_H_polarized_climate_justice_youth_2026-09-19_04-30-59,T2d_H_polarized_climate_justice_youth,T2d_H,H,polarized,climate_justice_youth,dual,polar_bears,complete,342,1,0,true,,,,,,,,,,false,hatched_dead_after_llm,nScored <= 1 but llmCalls>0; keep the row; do not drop; do not read as mix immunises
T2d_H_polarized_climate_scientist_2026-09-19_04-28-33,T2d_H_polarized_climate_scientist,T2d_H,H,polarized,climate_scientist,dual,scopex_2017,complete,163,142,3,false,0,0,0,0,0,0,,,,false,live,
T2d_H_polarized_climate_scientist_2026-09-19_04-28-33,T2d_H_polarized_climate_scientist,T2d_H,H,polarized,climate_scientist,dual,chemtrails_gates_2018_2021,complete,163,143,4,false,0.25,0.3333,1,0.25,0,0.25,,,,false,live,
T2d_H_polarized_climate_scientist_2026-09-19_04-28-33,T2d_H_polarized_climate_scientist,T2d_H,H,polarized,climate_scientist,dual,sai_geoengineering,complete,163,130,3,false,1.3333,1.3333,2,1.3333,0,1.3333,,,,false,live,
T2d_H_polarized_climate_scientist_2026-09-19_04-28-33,T2d_H_polarized_climate_scientist,T2d_H,H,polarized,climate_scientist,dual,paris_agreement,complete,163,139,2,false,1,1,1,1,0.75,0.25,1,,,false,live,
T2d_H_polarized_climate_scientist_2026-09-19_04-28-33,T2d_H_polarized_climate_scientist,T2d_H,H,polarized,climate_scientist,dual,climate_consensus,complete,163,126,2,false,0,0,0,0,0,0,,,,false,live,
T2d_H_polarized_climate_scientist_2026-09-19_04-28-33,T2d_H_polarized_climate_scientist,T2d_H,H,polarized,climate_scientist,dual,polar_bears,complete,163,145,2,false,2,2,2,2,0,2,,,,false,live,
T2d_H_polarized_conspiracy_believer_2026-09-19_04-17-42,T2d_H_polarized_conspiracy_believer,T2d_H,H,polarized,conspiracy_believer,dual,scopex_2017,complete,457,144,9,false,3.6667,3.6429,5,3.6667,1.6111,2.0556,0.6125,7,,false,live,
T2d_H_polarized_conspiracy_believer_2026-09-19_04-17-42,T2d_H_polarized_conspiracy_believer,T2d_H,H,polarized,conspiracy_believer,dual,chemtrails_gates_2018_2021,complete,457,143,1,true,3,3,3,3,2,1,0.9129,,,false,hatched_dead_after_llm,nScored <= 1 but llmCalls>0; keep the row; do not drop; do not read as mix immunises
T2d_H_polarized_conspiracy_believer_2026-09-19_04-17-42,T2d_H_polarized_conspiracy_believer,T2d_H,H,polarized,conspiracy_believer,dual,sai_geoengineering,complete,457,134,6,false,2,1.8,3,2,0.5,1.5,-0.1514,,,false,live,
T2d_H_polarized_conspiracy_believer_2026-09-19_04-17-42,T2d_H_polarized_conspiracy_believer,T2d_H,H,polarized,conspiracy_believer,dual,paris_agreement,complete,457,144,2,false,5,5,5,5,5,0,,6,6,false,live,
T2d_H_polarized_conspiracy_believer_2026-09-19_04-17-42,T2d_H_polarized_conspiracy_believer,T2d_H,H,polarized,conspiracy_believer,dual,climate_consensus,complete,457,143,2,false,5,5,5,5,5,0,,4,4,false,live,
T2d_H_polarized_conspiracy_believer_2026-09-19_04-17-42,T2d_H_polarized_conspiracy_believer,T2d_H,H,polarized,conspiracy_believer,dual,polar_bears,complete,457,109,2,false,2.5,2.5,3,2.5,0,2.5,,,,false,live,
T2d_H_polarized_conspiracy_climate_piggyback_2026-09-19_04-17-42,T2d_H_polarized_conspiracy_climate_piggyback,T2d_H,H,polarized,conspiracy_climate_piggyback,dual,scopex_2017,complete,433,135,3,false,2.6667,2.6667,4,2.6667,1.6667,1,0.1651,,,false,live,
T2d_H_polarized_conspiracy_climate_piggyback_2026-09-19_04-17-42,T2d_H_polarized_conspiracy_climate_piggyback,T2d_H,H,polarized,conspiracy_climate_piggyback,dual,chemtrails_gates_2018_2021,complete,433,142,5,false,4,4,5,4,3.1,0.9,0.75,6,7,false,live,
T2d_H_polarized_conspiracy_climate_piggyback_2026-09-19_04-17-42,T2d_H_polarized_conspiracy_climate_piggyback,T2d_H,H,polarized,conspiracy_climate_piggyback,dual,sai_geoengineering,complete,433,103,1,true,1,1,1,1,0,1,,,,false,hatched_dead_after_llm,nScored <= 1 but llmCalls>0; keep the row; do not drop; do not read as mix immunises
T2d_H_polarized_conspiracy_climate_piggyback_2026-09-19_04-17-42,T2d_H_polarized_conspiracy_climate_piggyback,T2d_H,H,polarized,conspiracy_climate_piggyback,dual,paris_agreement,complete,433,140,6,false,4.5,4.5,5,4.5,2.6167,1.8833,0.0526,,,false,live,
T2d_H_polarized_conspiracy_climate_piggyback_2026-09-19_04-17-42,T2d_H_polarized_conspiracy_climate_piggyback,T2d_H,H,polarized,conspiracy_climate_piggyback,dual,climate_consensus,complete,433,142,0,true,,,,,,,,,,false,hatched_dead_after_llm,nScored <= 1 but llmCalls>0; keep the row; do not drop; do not read as mix immunises
T2d_H_polarized_conspiracy_climate_piggyback_2026-09-19_04-17-42,T2d_H_polarized_conspiracy_climate_piggyback,T2d_H,H,polarized,conspiracy_climate_piggyback,dual,polar_bears,complete,433,94,4,false,0.5,0.5,2,0.5,0.5,0,1,,,false,live,
T2d_H_polarized_conspiracy_depopulation_2026-09-19_04-17-42,T2d_H_polarized_conspiracy_depopulation,T2d_H,H,polarized,conspiracy_depopulation,dual,scopex_2017,complete,582,117,66,false,4.1364,4.0805,5,4.1364,1.5288,2.9409,0.2684,3,,false,live,
T2d_H_polarized_conspiracy_depopulation_2026-09-19_04-17-42,T2d_H_polarized_conspiracy_depopulation,T2d_H,H,polarized,conspiracy_depopulation,dual,chemtrails_gates_2018_2021,complete,582,3,0,true,,,,,,,,,,false,hatched_dead_after_llm,nScored <= 1 but llmCalls>0; keep the row; do not drop; do not read as mix immunises
T2d_H_polarized_conspiracy_depopulation_2026-09-19_04-17-42,T2d_H_polarized_conspiracy_depopulation,T2d_H,H,polarized,conspiracy_depopulation,dual,sai_geoengineering,complete,582,137,9,false,1.1111,1.125,3,1.1111,0,1.1111,,,,false,live,
T2d_H_polarized_conspiracy_depopulation_2026-09-19_04-17-42,T2d_H_polarized_conspiracy_depopulation,T2d_H,H,polarized,conspiracy_depopulation,dual,paris_agreement,complete,582,129,7,false,4.8571,4.8,5,4.8571,4.4286,0.7143,,3,4,false,live,
T2d_H_polarized_conspiracy_depopulation_2026-09-19_04-17-42,T2d_H_polarized_conspiracy_depopulation,T2d_H,H,polarized,conspiracy_depopulation,dual,climate_consensus,complete,582,145,4,false,5,5,5,5,5,0,,4,4,false,live,
T2d_H_polarized_conspiracy_depopulation_2026-09-19_04-17-42,T2d_H_polarized_conspiracy_depopulation,T2d_H,H,polarized,conspiracy_depopulation,dual,polar_bears,complete,582,144,6,false,0.6667,0.6667,2,0.6667,0,0.6667,,,,false,live,
T2d_H_polarized_conspiracy_haarp_weather_2026-09-19_04-17-42,T2d_H_polarized_conspiracy_haarp_weather,T2d_H,H,polarized,conspiracy_haarp_weather,dual,scopex_2017,complete,494,143,11,false,4.6364,4.7917,5,4.6364,2.7545,1.8818,0.3031,3,,false,live,
T2d_H_polarized_conspiracy_haarp_weather_2026-09-19_04-17-42,T2d_H_polarized_conspiracy_haarp_weather,T2d_H,H,polarized,conspiracy_haarp_weather,dual,chemtrails_gates_2018_2021,complete,494,125,6,false,3.6667,3.6667,5,3.6667,3.0833,0.75,0.8325,6,,false,live,
T2d_H_polarized_conspiracy_haarp_weather_2026-09-19_04-17-42,T2d_H_polarized_conspiracy_haarp_weather,T2d_H,H,polarized,conspiracy_haarp_weather,dual,sai_geoengineering,complete,494,95,5,false,2.4,2.375,4,2.4,0.8,1.6,0.2156,8,,true,live,
T2d_H_polarized_conspiracy_haarp_weather_2026-09-19_04-17-42,T2d_H_polarized_conspiracy_haarp_weather,T2d_H,H,polarized,conspiracy_haarp_weather,dual,paris_agreement,complete,494,142,3,false,5,5,5,5,2.6667,2.3333,,6,8,false,live,
T2d_H_polarized_conspiracy_haarp_weather_2026-09-19_04-17-42,T2d_H_polarized_conspiracy_haarp_weather,T2d_H,H,polarized,conspiracy_haarp_weather,dual,climate_consensus,complete,494,135,4,false,5,5,5,5,5,0,,5,5,false,live,
T2d_H_polarized_conspiracy_haarp_weather_2026-09-19_04-17-42,T2d_H_polarized_conspiracy_haarp_weather,T2d_H,H,polarized,conspiracy_haarp_weather,dual,polar_bears,complete,494,109,1,true,0,0,0,0,0,0,,,,false,hatched_dead_after_llm,nScored <= 1 but llmCalls>0; keep the row; do not drop; do not read as mix immunises
T2d_H_polarized_environmental_concern_2026-09-19_04-31-45,T2d_H_polarized_environmental_concern,T2d_H,H,polarized,environmental_concern,dual,scopex_2017,complete,1450,141,121,false,0,0,0,0,0,0,,,,false,live,
T2d_H_polarized_environmental_concern_2026-09-19_04-31-45,T2d_H_polarized_environmental_concern,T2d_H,H,polarized,environmental_concern,dual,chemtrails_gates_2018_2021,complete,1450,136,102,false,0.0098,0.0125,1,0.0098,0.0049,0.0049,1,,,false,live,
T2d_H_polarized_environmental_concern_2026-09-19_04-31-45,T2d_H_polarized_environmental_concern,T2d_H,H,polarized,environmental_concern,dual,sai_geoengineering,complete,1450,143,121,false,0.876,0.8893,2,0.876,0.0165,0.8926,,,,false,live,
T2d_H_polarized_environmental_concern_2026-09-19_04-31-45,T2d_H_polarized_environmental_concern,T2d_H,H,polarized,environmental_concern,dual,paris_agreement,complete,1450,131,99,false,1,1.0054,2,1,0.0101,1.0101,,,,false,live,
T2d_H_polarized_environmental_concern_2026-09-19_04-31-45,T2d_H_polarized_environmental_concern,T2d_H,H,polarized,environmental_concern,dual,climate_consensus,complete,1450,143,127,false,0.2992,0.3346,2,0.2992,0,0.2992,,,,false,live,
T2d_H_polarized_environmental_concern_2026-09-19_04-31-45,T2d_H_polarized_environmental_concern,T2d_H,H,polarized,environmental_concern,dual,polar_bears,complete,1450,109,98,false,0.7245,0.7172,2,0.7245,0,0.7245,,,,false,live,
T2d_H_polarized_mitigation_first_policy_2026-09-19_04-32-04,T2d_H_polarized_mitigation_first_policy,T2d_H,H,polarized,mitigation_first_policy,dual,scopex_2017,complete,1193,1,0,true,,,,,,,,,,false,hatched_dead_after_llm,nScored <= 1 but llmCalls>0; keep the row; do not drop; do not read as mix immunises
T2d_H_polarized_mitigation_first_policy_2026-09-19_04-32-04,T2d_H_polarized_mitigation_first_policy,T2d_H,H,polarized,mitigation_first_policy,dual,chemtrails_gates_2018_2021,complete,1193,124,108,false,0.1111,0.111,1,0.1111,0.0278,0.0833,1,,,false,live,
T2d_H_polarized_mitigation_first_policy_2026-09-19_04-32-04,T2d_H_polarized_mitigation_first_policy,T2d_H,H,polarized,mitigation_first_policy,dual,sai_geoengineering,complete,1193,128,113,false,0.9823,0.9801,2,0.9823,0.0088,0.9912,,,,false,live,
T2d_H_polarized_mitigation_first_policy_2026-09-19_04-32-04,T2d_H_polarized_mitigation_first_policy,T2d_H,H,polarized,mitigation_first_policy,dual,paris_agreement,complete,1193,104,89,false,0.7978,0.7626,2,0.7978,0.0112,0.7865,1,,,false,live,
T2d_H_polarized_mitigation_first_policy_2026-09-19_04-32-04,T2d_H_polarized_mitigation_first_policy,T2d_H,H,polarized,mitigation_first_policy,dual,climate_consensus,complete,1193,128,107,false,0.4299,0.45,2,0.4299,0.014,0.4159,0.8062,,,false,live,
T2d_H_polarized_mitigation_first_policy_2026-09-19_04-32-04,T2d_H_polarized_mitigation_first_policy,T2d_H,H,polarized,mitigation_first_policy,dual,polar_bears,complete,1193,142,120,false,1.2083,1.2183,2,1.2083,0.0058,1.2058,-0.4082,,,false,live,
T2d_H_polarized_ozone_stratosphere_specialist_2026-09-19_04-49-20,T2d_H_polarized_ozone_stratosphere_specialist,T2d_H,H,polarized,ozone_stratosphere_specialist,dual,scopex_2017,complete,1725,143,114,false,0.0175,0.0132,1,0.0175,0,0.0175,,,,false,live,
T2d_H_polarized_ozone_stratosphere_specialist_2026-09-19_04-49-20,T2d_H_polarized_ozone_stratosphere_specialist,T2d_H,H,polarized,ozone_stratosphere_specialist,dual,chemtrails_gates_2018_2021,complete,1725,136,118,false,2.0085,2.016,3,2.0085,0.9,1.1085,0.9154,,,false,live,
T2d_H_polarized_ozone_stratosphere_specialist_2026-09-19_04-49-20,T2d_H_polarized_ozone_stratosphere_specialist,T2d_H,H,polarized,ozone_stratosphere_specialist,dual,sai_geoengineering,complete,1725,142,124,false,1.1935,1.1947,3,1.1935,0.0444,1.1653,0.6486,,,false,live,
T2d_H_polarized_ozone_stratosphere_specialist_2026-09-19_04-49-20,T2d_H_polarized_ozone_stratosphere_specialist,T2d_H,H,polarized,ozone_stratosphere_specialist,dual,paris_agreement,complete,1725,109,97,false,0.6495,0.5943,2,0.6495,0.1021,0.6093,0.8222,,,false,live,
T2d_H_polarized_ozone_stratosphere_specialist_2026-09-19_04-49-20,T2d_H_polarized_ozone_stratosphere_specialist,T2d_H,H,polarized,ozone_stratosphere_specialist,dual,climate_consensus,complete,1725,113,88,false,0.9773,0.9585,2,0.9773,0.0114,0.9659,0.6124,,,false,live,
T2d_H_polarized_ozone_stratosphere_specialist_2026-09-19_04-49-20,T2d_H_polarized_ozone_stratosphere_specialist,T2d_H,H,polarized,ozone_stratosphere_specialist,dual,polar_bears,complete,1725,139,122,false,1.4836,1.4752,3,1.4836,0.0697,1.4303,0.2517,,,false,live,
T2d_H_polarized_science_journalist_2026-09-19_04-33-08,T2d_H_polarized_science_journalist,T2d_H,H,polarized,science_journalist,dual,scopex_2017,complete,1811,140,115,false,0.6696,0.6789,2,0.6696,0.0322,0.6374,1,,,false,live,
T2d_H_polarized_science_journalist_2026-09-19_04-33-08,T2d_H_polarized_science_journalist,T2d_H,H,polarized,science_journalist,dual,chemtrails_gates_2018_2021,complete,1811,144,126,false,0,0,0,0,0,0,,,,false,live,
T2d_H_polarized_science_journalist_2026-09-19_04-33-08,T2d_H_polarized_science_journalist,T2d_H,H,polarized,science_journalist,dual,sai_geoengineering,complete,1811,130,106,false,1.0849,1.1026,2,1.0849,0.0472,1.0566,0.8708,,,false,live,
T2d_H_polarized_science_journalist_2026-09-19_04-33-08,T2d_H_polarized_science_journalist,T2d_H,H,polarized,science_journalist,dual,paris_agreement,complete,1811,136,116,false,0.8017,0.8304,2,0.8017,0.3121,0.5017,0.723,,,false,live,
T2d_H_polarized_science_journalist_2026-09-19_04-33-08,T2d_H_polarized_science_journalist,T2d_H,H,polarized,science_journalist,dual,climate_consensus,complete,1811,141,115,false,0.9304,0.9408,2,0.9304,0.0304,0.9,0.5332,,,false,live,
T2d_H_polarized_science_journalist_2026-09-19_04-33-08,T2d_H_polarized_science_journalist,T2d_H,H,polarized,science_journalist,dual,polar_bears,complete,1811,140,121,false,0.9917,0.9912,2,0.9917,0,0.9917,,,,false,live,
T2d_H_random_er_biodiversity_food_security_2026-09-19_03-35-36,T2d_H_random_er_biodiversity_food_security,T2d_H,H,random_er,biodiversity_food_security,dual,scopex_2017,complete,1468,1,0,true,,,,,,,,,,false,hatched_dead_after_llm,nScored <= 1 but llmCalls>0; keep the row; do not drop; do not read as mix immunises
T2d_H_random_er_biodiversity_food_security_2026-09-19_03-35-36,T2d_H_random_er_biodiversity_food_security,T2d_H,H,random_er,biodiversity_food_security,dual,chemtrails_gates_2018_2021,complete,1468,166,144,false,2.0069,2.0069,3,2.0069,0.9875,1.0194,0.9851,,,false,live,
T2d_H_random_er_biodiversity_food_security_2026-09-19_03-35-36,T2d_H_random_er_biodiversity_food_security,T2d_H,H,random_er,biodiversity_food_security,dual,sai_geoengineering,complete,1468,1,0,true,,,,,,,,,,false,hatched_dead_after_llm,nScored <= 1 but llmCalls>0; keep the row; do not drop; do not read as mix immunises
T2d_H_random_er_biodiversity_food_security_2026-09-19_03-35-36,T2d_H_random_er_biodiversity_food_security,T2d_H,H,random_er,biodiversity_food_security,dual,paris_agreement,complete,1468,173,147,false,0.415,0.4142,2,0.415,0.0204,0.4082,0.8062,,,false,live,
T2d_H_random_er_biodiversity_food_security_2026-09-19_03-35-36,T2d_H_random_er_biodiversity_food_security,T2d_H,H,random_er,biodiversity_food_security,dual,climate_consensus,complete,1468,171,143,false,1.9301,1.934,3,1.9301,0.6958,1.2622,0.9402,,,false,live,
T2d_H_random_er_biodiversity_food_security_2026-09-19_03-35-36,T2d_H_random_er_biodiversity_food_security,T2d_H,H,random_er,biodiversity_food_security,dual,polar_bears,complete,1468,170,142,false,0.9577,0.9737,2,0.9577,0.0035,0.9613,,,,false,live,
T2d_H_random_er_climate_action_advocate_2026-09-19_03-08-33,T2d_H_random_er_climate_action_advocate,T2d_H,H,random_er,climate_action_advocate,dual,scopex_2017,complete,1395,1,0,true,,,,,,,,,,false,hatched_dead_after_llm,nScored <= 1 but llmCalls>0; keep the row; do not drop; do not read as mix immunises
T2d_H_random_er_climate_action_advocate_2026-09-19_03-08-33,T2d_H_random_er_climate_action_advocate,T2d_H,H,random_er,climate_action_advocate,dual,chemtrails_gates_2018_2021,complete,1395,159,137,false,1.9781,1.9812,3,1.9781,0.9927,0.9854,0.9914,,,false,live,
T2d_H_random_er_climate_action_advocate_2026-09-19_03-08-33,T2d_H_random_er_climate_action_advocate,T2d_H,H,random_er,climate_action_advocate,dual,sai_geoengineering,complete,1395,156,137,false,1.1168,1.1806,3,1.1168,0.0584,1.073,0.6569,,,false,live,
T2d_H_random_er_climate_action_advocate_2026-09-19_03-08-33,T2d_H_random_er_climate_action_advocate,T2d_H,H,random_er,climate_action_advocate,dual,paris_agreement,complete,1395,157,134,false,0.3955,0.395,2,0.3955,0.0261,0.3694,1,,,false,live,
T2d_H_random_er_climate_action_advocate_2026-09-19_03-08-33,T2d_H_random_er_climate_action_advocate,T2d_H,H,random_er,climate_action_advocate,dual,climate_consensus,complete,1395,1,0,true,,,,,,,,,,false,hatched_dead_after_llm,nScored <= 1 but llmCalls>0; keep the row; do not drop; do not read as mix immunises
T2d_H_random_er_climate_action_advocate_2026-09-19_03-08-33,T2d_H_random_er_climate_action_advocate,T2d_H,H,random_er,climate_action_advocate,dual,polar_bears,complete,1395,159,132,false,0.9394,0.9424,3,0.9394,0,0.9394,,,,false,live,
T2d_H_random_er_climate_justice_youth_2026-09-19_03-14-49,T2d_H_random_er_climate_justice_youth,T2d_H,H,random_er,climate_justice_youth,dual,scopex_2017,complete,2123,159,139,false,2.4388,2.4979,5,2.4388,0.8237,1.6942,0.5173,,,false,live,
T2d_H_random_er_climate_justice_youth_2026-09-19_03-14-49,T2d_H_random_er_climate_justice_youth,T2d_H,H,random_er,climate_justice_youth,dual,chemtrails_gates_2018_2021,complete,2123,169,142,false,2,2,2,2,0.9894,1.0106,0.9918,,,false,live,
T2d_H_random_er_climate_justice_youth_2026-09-19_03-14-49,T2d_H_random_er_climate_justice_youth,T2d_H,H,random_er,climate_justice_youth,dual,sai_geoengineering,complete,2123,157,137,false,0.6204,0.632,3,0.6204,0,0.6204,,,,false,live,
T2d_H_random_er_climate_justice_youth_2026-09-19_03-14-49,T2d_H_random_er_climate_justice_youth,T2d_H,H,random_er,climate_justice_youth,dual,paris_agreement,complete,2123,155,131,false,0.1221,0.1145,2,0.1221,0,0.1221,,,,false,live,
T2d_H_random_er_climate_justice_youth_2026-09-19_03-14-49,T2d_H_random_er_climate_justice_youth,T2d_H,H,random_er,climate_justice_youth,dual,climate_consensus,complete,2123,169,135,false,1.7333,1.7363,4,1.7333,0.3259,1.4074,0.8906,,,false,live,
T2d_H_random_er_climate_justice_youth_2026-09-19_03-14-49,T2d_H_random_er_climate_justice_youth,T2d_H,H,random_er,climate_justice_youth,dual,polar_bears,complete,2123,158,128,false,1.0234,1.0116,4,1.0234,0,1.0234,,,,false,live,
T2d_H_random_er_climate_scientist_2026-09-19_03-37-35,T2d_H_random_er_climate_scientist,T2d_H,H,random_er,climate_scientist,dual,scopex_2017,complete,1235,139,123,false,0,0,0,0,0,0,,,,false,live,
T2d_H_random_er_climate_scientist_2026-09-19_03-37-35,T2d_H_random_er_climate_scientist,T2d_H,H,random_er,climate_scientist,dual,chemtrails_gates_2018_2021,complete,1235,138,117,false,0.0085,0.0069,1,0.0085,0,0.0085,,,,false,live,
T2d_H_random_er_climate_scientist_2026-09-19_03-37-35,T2d_H_random_er_climate_scientist,T2d_H,H,random_er,climate_scientist,dual,sai_geoengineering,complete,1235,148,115,false,1.4174,1.4414,2,1.4174,0.013,1.4043,0.9186,,,false,live,
T2d_H_random_er_climate_scientist_2026-09-19_03-37-35,T2d_H_random_er_climate_scientist,T2d_H,H,random_er,climate_scientist,dual,paris_agreement,complete,1235,134,4,false,1,1,2,1,0,1,,,,false,live,
T2d_H_random_er_climate_scientist_2026-09-19_03-37-35,T2d_H_random_er_climate_scientist,T2d_H,H,random_er,climate_scientist,dual,climate_consensus,complete,1235,144,9,false,0.6667,0.7857,2,0.6667,0,0.6667,,,,false,live,
T2d_H_random_er_climate_scientist_2026-09-19_03-37-35,T2d_H_random_er_climate_scientist,T2d_H,H,random_er,climate_scientist,dual,polar_bears,complete,1235,130,13,false,1.9231,1.9286,2,1.9231,0,1.9231,,,,false,live,
T2d_H_random_er_conspiracy_believer_2026-09-19_02-59-49,T2d_H_random_er_conspiracy_believer,T2d_H,H,random_er,conspiracy_believer,dual,scopex_2017,complete,998,116,103,false,4.3204,4.3214,5,4.3204,1.6175,2.732,0.1987,1,,false,live,
T2d_H_random_er_conspiracy_believer_2026-09-19_02-59-49,T2d_H_random_er_conspiracy_believer,T2d_H,H,random_er,conspiracy_believer,dual,chemtrails_gates_2018_2021,complete,998,103,84,false,4.3214,4.3129,5,4.3214,2.7083,1.6607,0.7332,3,,false,live,
T2d_H_random_er_conspiracy_believer_2026-09-19_02-59-49,T2d_H_random_er_conspiracy_believer,T2d_H,H,random_er,conspiracy_believer,dual,sai_geoengineering,complete,998,113,99,false,1.8384,1.8417,3,1.8384,0.2333,1.7364,0.669,,,false,live,
T2d_H_random_er_conspiracy_believer_2026-09-19_02-59-49,T2d_H_random_er_conspiracy_believer,T2d_H,H,random_er,conspiracy_believer,dual,paris_agreement,complete,998,2,1,true,5,5,5,5,3.5,1.5,,1,1,false,hatched_dead_after_llm,nScored <= 1 but llmCalls>0; keep the row; do not drop; do not read as mix immunises
T2d_H_random_er_conspiracy_believer_2026-09-19_02-59-49,T2d_H_random_er_conspiracy_believer,T2d_H,H,random_er,conspiracy_believer,dual,climate_consensus,complete,998,115,92,false,5,5,5,5,5,0,,1,1,false,live,
T2d_H_random_er_conspiracy_believer_2026-09-19_02-59-49,T2d_H_random_er_conspiracy_believer,T2d_H,H,random_er,conspiracy_believer,dual,polar_bears,complete,998,2,1,true,0,0,0,0,0,0,,,,false,hatched_dead_after_llm,nScored <= 1 but llmCalls>0; keep the row; do not drop; do not read as mix immunises
T2d_H_random_er_conspiracy_climate_piggyback_2026-09-19_03-01-49,T2d_H_random_er_conspiracy_climate_piggyback,T2d_H,H,random_er,conspiracy_climate_piggyback,dual,scopex_2017,complete,531,105,93,false,2.7312,2.7235,5,2.7312,1.6871,1.2699,0.2391,8,,true,live,
T2d_H_random_er_conspiracy_climate_piggyback_2026-09-19_03-01-49,T2d_H_random_er_conspiracy_climate_piggyback,T2d_H,H,random_er,conspiracy_climate_piggyback,dual,chemtrails_gates_2018_2021,complete,531,55,45,false,4.4889,4.4375,5,4.4889,3.0111,1.5089,0.7837,1,,false,live,
T2d_H_random_er_conspiracy_climate_piggyback_2026-09-19_03-01-49,T2d_H_random_er_conspiracy_climate_piggyback,T2d_H,H,random_er,conspiracy_climate_piggyback,dual,sai_geoengineering,complete,531,43,34,false,2.6176,2.656,4,2.6176,0.7941,1.8529,0.6043,,,false,live,
T2d_H_random_er_conspiracy_climate_piggyback_2026-09-19_03-01-49,T2d_H_random_er_conspiracy_climate_piggyback,T2d_H,H,random_er,conspiracy_climate_piggyback,dual,paris_agreement,complete,531,1,0,true,,,,,,,,,,false,hatched_dead_after_llm,nScored <= 1 but llmCalls>0; keep the row; do not drop; do not read as mix immunises
T2d_H_random_er_conspiracy_climate_piggyback_2026-09-19_03-01-49,T2d_H_random_er_conspiracy_climate_piggyback,T2d_H,H,random_er,conspiracy_climate_piggyback,dual,climate_consensus,complete,531,1,0,true,,,,,,,,,,false,hatched_dead_after_llm,nScored <= 1 but llmCalls>0; keep the row; do not drop; do not read as mix immunises
T2d_H_random_er_conspiracy_climate_piggyback_2026-09-19_03-01-49,T2d_H_random_er_conspiracy_climate_piggyback,T2d_H,H,random_er,conspiracy_climate_piggyback,dual,polar_bears,complete,531,42,37,false,2.1081,2.1825,4,2.1081,0.7703,1.473,0.4994,,,false,live,
T2d_H_random_er_conspiracy_depopulation_2026-09-19_03-01-29,T2d_H_random_er_conspiracy_depopulation,T2d_H,H,random_er,conspiracy_depopulation,dual,scopex_2017,complete,1564,134,121,false,2.6612,2.6611,5,2.6612,0.9339,1.9504,0.2509,,,false,live,
T2d_H_random_er_conspiracy_depopulation_2026-09-19_03-01-29,T2d_H_random_er_conspiracy_depopulation,T2d_H,H,random_er,conspiracy_depopulation,dual,chemtrails_gates_2018_2021,complete,1564,142,128,false,3.9531,3.9521,5,3.9531,3.1711,0.9367,0.6558,4,5,false,live,
T2d_H_random_er_conspiracy_depopulation_2026-09-19_03-01-29,T2d_H_random_er_conspiracy_depopulation,T2d_H,H,random_er,conspiracy_depopulation,dual,sai_geoengineering,complete,1564,140,126,false,1.0556,1.0406,3,1.0556,0.0278,1.0437,0.7597,,,false,live,
T2d_H_random_er_conspiracy_depopulation_2026-09-19_03-01-29,T2d_H_random_er_conspiracy_depopulation,T2d_H,H,random_er,conspiracy_depopulation,dual,paris_agreement,complete,1564,141,119,false,4.5462,4.548,5,4.5462,3.0185,1.7832,-0.2171,2,6,false,live,
T2d_H_random_er_conspiracy_depopulation_2026-09-19_03-01-29,T2d_H_random_er_conspiracy_depopulation,T2d_H,H,random_er,conspiracy_depopulation,dual,climate_consensus,complete,1564,138,116,false,4.9224,4.9358,5,4.9224,4.8103,0.1724,0.9544,2,2,false,live,
T2d_H_random_er_conspiracy_depopulation_2026-09-19_03-01-29,T2d_H_random_er_conspiracy_depopulation,T2d_H,H,random_er,conspiracy_depopulation,dual,polar_bears,complete,1564,1,0,true,,,,,,,,,,false,hatched_dead_after_llm,nScored <= 1 but llmCalls>0; keep the row; do not drop; do not read as mix immunises
T2d_H_random_er_conspiracy_haarp_weather_2026-09-19_02-59-53,T2d_H_random_er_conspiracy_haarp_weather,T2d_H,H,random_er,conspiracy_haarp_weather,dual,scopex_2017,complete,1735,169,146,false,2.1164,2.1195,5,2.1164,1.1774,1.3568,0.4468,,,false,live,
T2d_H_random_er_conspiracy_haarp_weather_2026-09-19_02-59-53,T2d_H_random_er_conspiracy_haarp_weather,T2d_H,H,random_er,conspiracy_haarp_weather,dual,chemtrails_gates_2018_2021,complete,1735,154,128,false,3.9609,3.9676,5,3.9609,3.0523,0.9633,0.8464,3,4,false,live,
T2d_H_random_er_conspiracy_haarp_weather_2026-09-19_02-59-53,T2d_H_random_er_conspiracy_haarp_weather,T2d_H,H,random_er,conspiracy_haarp_weather,dual,sai_geoengineering,complete,1735,160,135,false,1.5333,1.5369,4,1.5333,0.5704,1.0815,0.5623,,,false,live,
T2d_H_random_er_conspiracy_haarp_weather_2026-09-19_02-59-53,T2d_H_random_er_conspiracy_haarp_weather,T2d_H,H,random_er,conspiracy_haarp_weather,dual,paris_agreement,complete,1735,150,129,false,4.5969,4.6103,5,4.5969,3.6519,1.224,0.2248,1,3,false,live,
T2d_H_random_er_conspiracy_haarp_weather_2026-09-19_02-59-53,T2d_H_random_er_conspiracy_haarp_weather,T2d_H,H,random_er,conspiracy_haarp_weather,dual,climate_consensus,complete,1735,167,139,false,4.9856,4.9868,5,4.9856,5,0.0144,,1,1,false,live,
T2d_H_random_er_conspiracy_haarp_weather_2026-09-19_02-59-53,T2d_H_random_er_conspiracy_haarp_weather,T2d_H,H,random_er,conspiracy_haarp_weather,dual,polar_bears,complete,1735,1,0,true,,,,,,,,,,false,hatched_dead_after_llm,nScored <= 1 but llmCalls>0; keep the row; do not drop; do not read as mix immunises
T2d_H_random_er_environmental_concern_2026-09-19_03-21-07,T2d_H_random_er_environmental_concern,T2d_H,H,random_er,environmental_concern,dual,scopex_2017,complete,1037,132,106,false,0.0377,0.0366,1,0.0377,0.0236,0.0236,1,,,false,live,
T2d_H_random_er_environmental_concern_2026-09-19_03-21-07,T2d_H_random_er_environmental_concern,T2d_H,H,random_er,environmental_concern,dual,chemtrails_gates_2018_2021,complete,1037,136,111,false,1.8468,1.8569,2,1.8468,0.736,1.1108,0.8505,,,false,live,
T2d_H_random_er_environmental_concern_2026-09-19_03-21-07,T2d_H_random_er_environmental_concern,T2d_H,H,random_er,environmental_concern,dual,sai_geoengineering,complete,1037,113,95,false,1.1895,1.1825,2,1.1895,0.0263,1.1737,0.9375,,,false,live,
T2d_H_random_er_environmental_concern_2026-09-19_03-21-07,T2d_H_random_er_environmental_concern,T2d_H,H,random_er,environmental_concern,dual,paris_agreement,complete,1037,1,0,true,,,,,,,,,,false,hatched_dead_after_llm,nScored <= 1 but llmCalls>0; keep the row; do not drop; do not read as mix immunises
T2d_H_random_er_environmental_concern_2026-09-19_03-21-07,T2d_H_random_er_environmental_concern,T2d_H,H,random_er,environmental_concern,dual,climate_consensus,complete,1037,1,0,true,,,,,,,,,,false,hatched_dead_after_llm,nScored <= 1 but llmCalls>0; keep the row; do not drop; do not read as mix immunises
T2d_H_random_er_environmental_concern_2026-09-19_03-21-07,T2d_H_random_er_environmental_concern,T2d_H,H,random_er,environmental_concern,dual,polar_bears,complete,1037,102,82,false,0.6463,0.6488,2,0.6463,0,0.6463,,,,false,live,
T2d_H_random_er_mitigation_first_policy_2026-09-19_03-20-54,T2d_H_random_er_mitigation_first_policy,T2d_H,H,random_er,mitigation_first_policy,dual,scopex_2017,complete,1816,135,118,false,0.3729,0.3673,1,0.3729,0.0017,0.3712,1,,,false,live,
T2d_H_random_er_mitigation_first_policy_2026-09-19_03-20-54,T2d_H_random_er_mitigation_first_policy,T2d_H,H,random_er,mitigation_first_policy,dual,chemtrails_gates_2018_2021,complete,1816,135,119,false,0.2017,0.2038,1,0.2017,0.0546,0.1471,1,,,false,live,
T2d_H_random_er_mitigation_first_policy_2026-09-19_03-20-54,T2d_H_random_er_mitigation_first_policy,T2d_H,H,random_er,mitigation_first_policy,dual,sai_geoengineering,complete,1816,120,101,false,1.1485,1.1468,3,1.1485,0,1.1485,,,,false,live,
T2d_H_random_er_mitigation_first_policy_2026-09-19_03-20-54,T2d_H_random_er_mitigation_first_policy,T2d_H,H,random_er,mitigation_first_policy,dual,paris_agreement,complete,1816,132,122,false,1.4262,1.4305,3,1.4262,0.0205,1.4057,0.5946,,,false,live,
T2d_H_random_er_mitigation_first_policy_2026-09-19_03-20-54,T2d_H_random_er_mitigation_first_policy,T2d_H,H,random_er,mitigation_first_policy,dual,climate_consensus,complete,1816,134,118,false,0.5847,0.5801,2,0.5847,0.0042,0.5805,0.6124,,,false,live,
T2d_H_random_er_mitigation_first_policy_2026-09-19_03-20-54,T2d_H_random_er_mitigation_first_policy,T2d_H,H,random_er,mitigation_first_policy,dual,polar_bears,complete,1816,135,120,false,0.7917,0.7925,3,0.7917,0,0.7917,,,,false,live,
T2d_H_random_er_ozone_stratosphere_specialist_2026-09-19_03-25-53,T2d_H_random_er_ozone_stratosphere_specialist,T2d_H,H,random_er,ozone_stratosphere_specialist,dual,scopex_2017,complete,923,1,0,true,,,,,,,,,,false,hatched_dead_after_llm,nScored <= 1 but llmCalls>0; keep the row; do not drop; do not read as mix immunises
T2d_H_random_er_ozone_stratosphere_specialist_2026-09-19_03-25-53,T2d_H_random_er_ozone_stratosphere_specialist,T2d_H,H,random_er,ozone_stratosphere_specialist,dual,chemtrails_gates_2018_2021,complete,923,148,127,false,1.9764,1.9841,5,1.9764,0.8496,1.1268,0.9105,,,false,live,
T2d_H_random_er_ozone_stratosphere_specialist_2026-09-19_03-25-53,T2d_H_random_er_ozone_stratosphere_specialist,T2d_H,H,random_er,ozone_stratosphere_specialist,dual,sai_geoengineering,complete,923,1,0,true,,,,,,,,,,false,hatched_dead_after_llm,nScored <= 1 but llmCalls>0; keep the row; do not drop; do not read as mix immunises
T2d_H_random_er_ozone_stratosphere_specialist_2026-09-19_03-25-53,T2d_H_random_er_ozone_stratosphere_specialist,T2d_H,H,random_er,ozone_stratosphere_specialist,dual,paris_agreement,complete,923,1,0,true,,,,,,,,,,false,hatched_dead_after_llm,nScored <= 1 but llmCalls>0; keep the row; do not drop; do not read as mix immunises
T2d_H_random_er_ozone_stratosphere_specialist_2026-09-19_03-25-53,T2d_H_random_er_ozone_stratosphere_specialist,T2d_H,H,random_er,ozone_stratosphere_specialist,dual,climate_consensus,complete,923,122,104,false,0.8942,0.8827,2,0.8942,0.0048,0.8894,0.6124,,,false,live,
T2d_H_random_er_ozone_stratosphere_specialist_2026-09-19_03-25-53,T2d_H_random_er_ozone_stratosphere_specialist,T2d_H,H,random_er,ozone_stratosphere_specialist,dual,polar_bears,complete,923,147,124,false,0.7984,0.7952,4,0.7984,0.0323,0.7742,0.0559,,,false,live,
T2d_H_random_er_science_journalist_2026-09-19_03-41-01,T2d_H_random_er_science_journalist,T2d_H,H,random_er,science_journalist,dual,scopex_2017,complete,1081,1,0,true,,,,,,,,,,false,hatched_dead_after_llm,nScored <= 1 but llmCalls>0; keep the row; do not drop; do not read as mix immunises
T2d_H_random_er_science_journalist_2026-09-19_03-41-01,T2d_H_random_er_science_journalist,T2d_H,H,random_er,science_journalist,dual,chemtrails_gates_2018_2021,complete,1081,151,133,false,0.1278,0.1207,1,0.1278,0.0203,0.1105,1,,,false,live,
T2d_H_random_er_science_journalist_2026-09-19_03-41-01,T2d_H_random_er_science_journalist,T2d_H,H,random_er,science_journalist,dual,sai_geoengineering,complete,1081,151,130,false,0.8846,0.8808,2,0.8846,0.0269,0.8962,1,,,false,live,
T2d_H_random_er_science_journalist_2026-09-19_03-41-01,T2d_H_random_er_science_journalist,T2d_H,H,random_er,science_journalist,dual,paris_agreement,complete,1081,133,11,false,0.7273,0.8214,2,0.7273,0,0.7273,,,,false,live,
T2d_H_random_er_science_journalist_2026-09-19_03-41-01,T2d_H_random_er_science_journalist,T2d_H,H,random_er,science_journalist,dual,climate_consensus,complete,1081,154,8,false,0.625,0.7143,1,0.625,0,0.625,,,,false,live,
T2d_H_random_er_science_journalist_2026-09-19_03-41-01,T2d_H_random_er_science_journalist,T2d_H,H,random_er,science_journalist,dual,polar_bears,complete,1081,147,31,false,1,0.7696,2,1,0,1,,,,false,live,
T2d_H_ring_biodiversity_food_security_2026-09-19_02-58-23,T2d_H_ring_biodiversity_food_security,T2d_H,H,ring,biodiversity_food_security,dual,scopex_2017,complete,93,2,1,true,1,1,1,1,0,1,,,,false,hatched_dead_after_llm,nScored <= 1 but llmCalls>0; keep the row; do not drop; do not read as mix immunises
T2d_H_ring_biodiversity_food_security_2026-09-19_02-58-23,T2d_H_ring_biodiversity_food_security,T2d_H,H,ring,biodiversity_food_security,dual,chemtrails_gates_2018_2021,complete,93,5,4,false,2,2,2,2,1,1,1,,,false,live,
T2d_H_ring_biodiversity_food_security_2026-09-19_02-58-23,T2d_H_ring_biodiversity_food_security,T2d_H,H,ring,biodiversity_food_security,dual,sai_geoengineering,complete,93,8,8,false,1.75,1.75,3,1.75,0,1.75,,,,false,live,
T2d_H_ring_biodiversity_food_security_2026-09-19_02-58-23,T2d_H_ring_biodiversity_food_security,T2d_H,H,ring,biodiversity_food_security,dual,paris_agreement,complete,93,8,7,false,0.4286,0.4286,1,0.4286,0.1429,0.5714,,,,false,live,
T2d_H_ring_biodiversity_food_security_2026-09-19_02-58-23,T2d_H_ring_biodiversity_food_security,T2d_H,H,ring,biodiversity_food_security,dual,climate_consensus,complete,93,8,8,false,0.5,0.5,1,0.5,0,0.5,,,,false,live,
T2d_H_ring_biodiversity_food_security_2026-09-19_02-58-23,T2d_H_ring_biodiversity_food_security,T2d_H,H,ring,biodiversity_food_security,dual,polar_bears,complete,93,5,4,false,1.75,1.75,2,1.75,0,1.75,,,,false,live,
T2d_H_ring_climate_action_advocate_2026-09-19_02-56-28,T2d_H_ring_climate_action_advocate,T2d_H,H,ring,climate_action_advocate,dual,scopex_2017,complete,101,2,1,true,1,1,1,1,0,1,,,,false,hatched_dead_after_llm,nScored <= 1 but llmCalls>0; keep the row; do not drop; do not read as mix immunises
T2d_H_ring_climate_action_advocate_2026-09-19_02-56-28,T2d_H_ring_climate_action_advocate,T2d_H,H,ring,climate_action_advocate,dual,chemtrails_gates_2018_2021,complete,101,8,8,false,2,2,2,2,0.9625,1.0375,0.9844,,,false,live,
T2d_H_ring_climate_action_advocate_2026-09-19_02-56-28,T2d_H_ring_climate_action_advocate,T2d_H,H,ring,climate_action_advocate,dual,sai_geoengineering,complete,101,8,8,false,1.25,1.25,3,1.25,0.25,1,0.75,,,false,live,
T2d_H_ring_climate_action_advocate_2026-09-19_02-56-28,T2d_H_ring_climate_action_advocate,T2d_H,H,ring,climate_action_advocate,dual,paris_agreement,complete,101,2,1,true,0,0,0,0,1,1,,,,false,hatched_dead_after_llm,nScored <= 1 but llmCalls>0; keep the row; do not drop; do not read as mix immunises
T2d_H_ring_climate_action_advocate_2026-09-19_02-56-28,T2d_H_ring_climate_action_advocate,T2d_H,H,ring,climate_action_advocate,dual,climate_consensus,complete,101,8,8,false,1.5,1.5,3,1.5,0.3125,1.1875,1,,,false,live,
T2d_H_ring_climate_action_advocate_2026-09-19_02-56-28,T2d_H_ring_climate_action_advocate,T2d_H,H,ring,climate_action_advocate,dual,polar_bears,complete,101,8,8,false,1.25,1.25,2,1.25,0,1.25,,,,false,live,
T2d_H_ring_climate_justice_youth_2026-09-19_02-56-57,T2d_H_ring_climate_justice_youth,T2d_H,H,ring,climate_justice_youth,dual,scopex_2017,complete,102,8,8,false,2.875,2.875,4,2.875,0.375,2.5,0.3972,,,false,live,
T2d_H_ring_climate_justice_youth_2026-09-19_02-56-57,T2d_H_ring_climate_justice_youth,T2d_H,H,ring,climate_justice_youth,dual,chemtrails_gates_2018_2021,complete,102,8,8,false,2,2,2,2,0.9375,1.0625,0.9515,,,false,live,
T2d_H_ring_climate_justice_youth_2026-09-19_02-56-57,T2d_H_ring_climate_justice_youth,T2d_H,H,ring,climate_justice_youth,dual,sai_geoengineering,complete,102,8,8,false,0.75,0.75,3,0.75,0,0.75,,,,false,live,
T2d_H_ring_climate_justice_youth_2026-09-19_02-56-57,T2d_H_ring_climate_justice_youth,T2d_H,H,ring,climate_justice_youth,dual,paris_agreement,complete,102,3,2,false,0.5,0.5,1,0.5,0,0.5,,,,false,live,
T2d_H_ring_climate_justice_youth_2026-09-19_02-56-57,T2d_H_ring_climate_justice_youth,T2d_H,H,ring,climate_justice_youth,dual,climate_consensus,complete,102,3,2,false,1,1,2,1,0,1,,,,false,live,
T2d_H_ring_climate_justice_youth_2026-09-19_02-56-57,T2d_H_ring_climate_justice_youth,T2d_H,H,ring,climate_justice_youth,dual,polar_bears,complete,102,8,8,false,1.125,1.125,2,1.125,0,1.125,,,,false,live,
T2d_H_ring_climate_scientist_2026-09-19_02-59-25,T2d_H_ring_climate_scientist,T2d_H,H,ring,climate_scientist,dual,scopex_2017,complete,103,4,3,false,0,0,0,0,0,0,,,,false,live,
T2d_H_ring_climate_scientist_2026-09-19_02-59-25,T2d_H_ring_climate_scientist,T2d_H,H,ring,climate_scientist,dual,chemtrails_gates_2018_2021,complete,103,8,7,false,0,0,0,0,0,0,,,,false,live,
T2d_H_ring_climate_scientist_2026-09-19_02-59-25,T2d_H_ring_climate_scientist,T2d_H,H,ring,climate_scientist,dual,sai_geoengineering,complete,103,2,1,true,0,0,0,0,0,0,,,,false,hatched_dead_after_llm,nScored <= 1 but llmCalls>0; keep the row; do not drop; do not read as mix immunises
T2d_H_ring_climate_scientist_2026-09-19_02-59-25,T2d_H_ring_climate_scientist,T2d_H,H,ring,climate_scientist,dual,paris_agreement,complete,103,8,8,false,0.75,0.75,2,0.75,0.125,0.625,0.6124,,,false,live,
T2d_H_ring_climate_scientist_2026-09-19_02-59-25,T2d_H_ring_climate_scientist,T2d_H,H,ring,climate_scientist,dual,climate_consensus,complete,103,8,8,false,0.75,0.75,1,0.75,0,0.75,,,,false,live,
T2d_H_ring_climate_scientist_2026-09-19_02-59-25,T2d_H_ring_climate_scientist,T2d_H,H,ring,climate_scientist,dual,polar_bears,complete,103,8,8,false,2,2,2,2,0,2,,,,false,live,
T2d_H_ring_conspiracy_believer_2026-09-19_02-55-05,T2d_H_ring_conspiracy_believer,T2d_H,H,ring,conspiracy_believer,dual,scopex_2017,complete,76,8,8,false,3.75,3.75,5,3.75,2.375,1.625,0.8889,7,8,false,live,
T2d_H_ring_conspiracy_believer_2026-09-19_02-55-05,T2d_H_ring_conspiracy_believer,T2d_H,H,ring,conspiracy_believer,dual,chemtrails_gates_2018_2021,complete,76,2,1,true,4,4,4,4,3,1,1,1,,false,hatched_dead_after_llm,nScored <= 1 but llmCalls>0; keep the row; do not drop; do not read as mix immunises
T2d_H_ring_conspiracy_believer_2026-09-19_02-55-05,T2d_H_ring_conspiracy_believer,T2d_H,H,ring,conspiracy_believer,dual,sai_geoengineering,complete,76,2,1,true,2,2,2,2,0,2,,,,false,hatched_dead_after_llm,nScored <= 1 but llmCalls>0; keep the row; do not drop; do not read as mix immunises
T2d_H_ring_conspiracy_believer_2026-09-19_02-55-05,T2d_H_ring_conspiracy_believer,T2d_H,H,ring,conspiracy_believer,dual,paris_agreement,complete,76,1,0,true,,,,,,,,,,false,hatched_dead_after_llm,nScored <= 1 but llmCalls>0; keep the row; do not drop; do not read as mix immunises
T2d_H_ring_conspiracy_believer_2026-09-19_02-55-05,T2d_H_ring_conspiracy_believer,T2d_H,H,ring,conspiracy_believer,dual,climate_consensus,complete,76,8,8,false,5,5,5,5,5,0,,1,1,false,live,
T2d_H_ring_conspiracy_believer_2026-09-19_02-55-05,T2d_H_ring_conspiracy_believer,T2d_H,H,ring,conspiracy_believer,dual,polar_bears,complete,76,8,8,false,1.875,1.875,5,1.875,1.25,0.625,,6,8,false,live,
T2d_H_ring_conspiracy_climate_piggyback_2026-09-19_02-56-03,T2d_H_ring_conspiracy_climate_piggyback,T2d_H,H,ring,conspiracy_climate_piggyback,dual,scopex_2017,complete,120,2,1,true,3,3,3,3,0,3,,,,false,hatched_dead_after_llm,nScored <= 1 but llmCalls>0; keep the row; do not drop; do not read as mix immunises
T2d_H_ring_conspiracy_climate_piggyback_2026-09-19_02-56-03,T2d_H_ring_conspiracy_climate_piggyback,T2d_H,H,ring,conspiracy_climate_piggyback,dual,chemtrails_gates_2018_2021,complete,120,8,8,false,3.75,3.75,4,3.75,3.25,0.625,0.7361,6,8,false,live,
T2d_H_ring_conspiracy_climate_piggyback_2026-09-19_02-56-03,T2d_H_ring_conspiracy_climate_piggyback,T2d_H,H,ring,conspiracy_climate_piggyback,dual,sai_geoengineering,complete,120,8,8,false,1.125,1.125,2,1.125,0,1.125,,,,false,live,
T2d_H_ring_conspiracy_climate_piggyback_2026-09-19_02-56-03,T2d_H_ring_conspiracy_climate_piggyback,T2d_H,H,ring,conspiracy_climate_piggyback,dual,paris_agreement,complete,120,8,8,false,2.625,2.625,3,2.625,1.65,1.275,0.3739,,,false,live,
T2d_H_ring_conspiracy_climate_piggyback_2026-09-19_02-56-03,T2d_H_ring_conspiracy_climate_piggyback,T2d_H,H,ring,conspiracy_climate_piggyback,dual,climate_consensus,complete,120,8,8,false,5,5,5,5,5,0,,1,1,false,live,
T2d_H_ring_conspiracy_climate_piggyback_2026-09-19_02-56-03,T2d_H_ring_conspiracy_climate_piggyback,T2d_H,H,ring,conspiracy_climate_piggyback,dual,polar_bears,complete,120,8,8,false,0.625,0.625,2,0.625,0,0.625,,,,false,live,
T2d_H_ring_conspiracy_depopulation_2026-09-19_02-56-00,T2d_H_ring_conspiracy_depopulation,T2d_H,H,ring,conspiracy_depopulation,dual,scopex_2017,complete,90,2,1,true,0,0,0,0,0,0,,,,false,hatched_dead_after_llm,nScored <= 1 but llmCalls>0; keep the row; do not drop; do not read as mix immunises
T2d_H_ring_conspiracy_depopulation_2026-09-19_02-56-00,T2d_H_ring_conspiracy_depopulation,T2d_H,H,ring,conspiracy_depopulation,dual,chemtrails_gates_2018_2021,complete,90,5,4,false,4.25,4.25,5,4.25,2.875,1.375,0.619,2,,false,live,
T2d_H_ring_conspiracy_depopulation_2026-09-19_02-56-00,T2d_H_ring_conspiracy_depopulation,T2d_H,H,ring,conspiracy_depopulation,dual,sai_geoengineering,complete,90,8,8,false,2.125,2.125,3,2.125,0.125,2,0.4082,,,false,live,
T2d_H_ring_conspiracy_depopulation_2026-09-19_02-56-00,T2d_H_ring_conspiracy_depopulation,T2d_H,H,ring,conspiracy_depopulation,dual,paris_agreement,complete,90,8,8,false,5,5,5,5,3.25,1.75,-0.4729,1,,false,live,
T2d_H_ring_conspiracy_depopulation_2026-09-19_02-56-00,T2d_H_ring_conspiracy_depopulation,T2d_H,H,ring,conspiracy_depopulation,dual,climate_consensus,complete,90,8,8,false,4.75,4.75,5,4.75,4.9375,0.3125,,1,1,false,live,
T2d_H_ring_conspiracy_depopulation_2026-09-19_02-56-00,T2d_H_ring_conspiracy_depopulation,T2d_H,H,ring,conspiracy_depopulation,dual,polar_bears,complete,90,3,2,false,1,1,1,1,0,1,,,,false,live,
T2d_H_ring_conspiracy_haarp_weather_2026-09-19_02-55-11,T2d_H_ring_conspiracy_haarp_weather,T2d_H,H,ring,conspiracy_haarp_weather,dual,scopex_2017,complete,114,1,0,true,,,,,,,,,,false,hatched_dead_after_llm,nScored <= 1 but llmCalls>0; keep the row; do not drop; do not read as mix immunises
T2d_H_ring_conspiracy_haarp_weather_2026-09-19_02-55-11,T2d_H_ring_conspiracy_haarp_weather,T2d_H,H,ring,conspiracy_haarp_weather,dual,chemtrails_gates_2018_2021,complete,114,8,8,false,3.875,3.875,4,3.875,2.5,1.375,0.9414,2,,false,live,
T2d_H_ring_conspiracy_haarp_weather_2026-09-19_02-55-11,T2d_H_ring_conspiracy_haarp_weather,T2d_H,H,ring,conspiracy_haarp_weather,dual,sai_geoengineering,complete,114,8,8,false,2.5,2.5,4,2.5,1.0625,1.4375,0.583,,,false,live,
T2d_H_ring_conspiracy_haarp_weather_2026-09-19_02-55-11,T2d_H_ring_conspiracy_haarp_weather,T2d_H,H,ring,conspiracy_haarp_weather,dual,paris_agreement,complete,114,8,8,false,4.5,4.5,5,4.5,3.375,1.125,-0.4082,2,,false,live,
T2d_H_ring_conspiracy_haarp_weather_2026-09-19_02-55-11,T2d_H_ring_conspiracy_haarp_weather,T2d_H,H,ring,conspiracy_haarp_weather,dual,climate_consensus,complete,114,8,8,false,5,5,5,5,4.8125,0.1875,,1,1,false,live,
T2d_H_ring_conspiracy_haarp_weather_2026-09-19_02-55-11,T2d_H_ring_conspiracy_haarp_weather,T2d_H,H,ring,conspiracy_haarp_weather,dual,polar_bears,complete,114,8,8,false,0.25,0.25,1,0.25,0,0.25,,,,false,live,
T2d_H_ring_environmental_concern_2026-09-19_02-58-00,T2d_H_ring_environmental_concern,T2d_H,H,ring,environmental_concern,dual,scopex_2017,complete,122,8,8,false,0,0,0,0,0,0,,,,false,live,
T2d_H_ring_environmental_concern_2026-09-19_02-58-00,T2d_H_ring_environmental_concern,T2d_H,H,ring,environmental_concern,dual,chemtrails_gates_2018_2021,complete,122,8,8,false,1.125,1.125,2,1.125,0.5,0.625,1,,,false,live,
T2d_H_ring_environmental_concern_2026-09-19_02-58-00,T2d_H_ring_environmental_concern,T2d_H,H,ring,environmental_concern,dual,sai_geoengineering,complete,122,4,3,false,2,2,2,2,0,2,,,,false,live,
T2d_H_ring_environmental_concern_2026-09-19_02-58-00,T2d_H_ring_environmental_concern,T2d_H,H,ring,environmental_concern,dual,paris_agreement,complete,122,8,8,false,0.125,0.125,1,0.125,0,0.125,,,,false,live,
T2d_H_ring_environmental_concern_2026-09-19_02-58-00,T2d_H_ring_environmental_concern,T2d_H,H,ring,environmental_concern,dual,climate_consensus,complete,122,8,8,false,0.375,0.375,2,0.375,0,0.375,,,,false,live,
T2d_H_ring_environmental_concern_2026-09-19_02-58-00,T2d_H_ring_environmental_concern,T2d_H,H,ring,environmental_concern,dual,polar_bears,complete,122,8,8,false,0.875,0.875,2,0.875,0,0.875,,,,false,live,
T2d_H_ring_mitigation_first_policy_2026-09-19_02-57-25,T2d_H_ring_mitigation_first_policy,T2d_H,H,ring,mitigation_first_policy,dual,scopex_2017,complete,140,8,8,false,0,0,0,0,0,0,,,,false,live,
T2d_H_ring_mitigation_first_policy_2026-09-19_02-57-25,T2d_H_ring_mitigation_first_policy,T2d_H,H,ring,mitigation_first_policy,dual,chemtrails_gates_2018_2021,complete,140,8,8,false,1,1,1,1,0.3125,0.6875,1,,,false,live,
T2d_H_ring_mitigation_first_policy_2026-09-19_02-57-25,T2d_H_ring_mitigation_first_policy,T2d_H,H,ring,mitigation_first_policy,dual,sai_geoengineering,complete,140,8,8,false,1.625,1.625,2,1.625,0,1.625,,,,false,live,
T2d_H_ring_mitigation_first_policy_2026-09-19_02-57-25,T2d_H_ring_mitigation_first_policy,T2d_H,H,ring,mitigation_first_policy,dual,paris_agreement,complete,140,8,8,false,1.5,1.5,2,1.5,0,1.5,,,,false,live,
T2d_H_ring_mitigation_first_policy_2026-09-19_02-57-25,T2d_H_ring_mitigation_first_policy,T2d_H,H,ring,mitigation_first_policy,dual,climate_consensus,complete,140,8,8,false,0.875,0.875,2,0.875,0,0.875,,,,false,live,
T2d_H_ring_mitigation_first_policy_2026-09-19_02-57-25,T2d_H_ring_mitigation_first_policy,T2d_H,H,ring,mitigation_first_policy,dual,polar_bears,complete,140,8,8,false,0.5,0.5,2,0.5,0,0.5,,,,false,live,
T2d_H_ring_ozone_stratosphere_specialist_2026-09-19_02-58-05,T2d_H_ring_ozone_stratosphere_specialist,T2d_H,H,ring,ozone_stratosphere_specialist,dual,scopex_2017,complete,118,8,8,false,0,0,0,0,0,0,,,,false,live,
T2d_H_ring_ozone_stratosphere_specialist_2026-09-19_02-58-05,T2d_H_ring_ozone_stratosphere_specialist,T2d_H,H,ring,ozone_stratosphere_specialist,dual,chemtrails_gates_2018_2021,complete,118,8,8,false,1.875,1.875,2,1.875,0.875,1,1,,,false,live,
T2d_H_ring_ozone_stratosphere_specialist_2026-09-19_02-58-05,T2d_H_ring_ozone_stratosphere_specialist,T2d_H,H,ring,ozone_stratosphere_specialist,dual,sai_geoengineering,complete,118,8,8,false,1.125,1.125,2,1.125,0,1.125,,,,false,live,
T2d_H_ring_ozone_stratosphere_specialist_2026-09-19_02-58-05,T2d_H_ring_ozone_stratosphere_specialist,T2d_H,H,ring,ozone_stratosphere_specialist,dual,paris_agreement,complete,118,1,0,true,,,,,,,,,,false,hatched_dead_after_llm,nScored <= 1 but llmCalls>0; keep the row; do not drop; do not read as mix immunises
T2d_H_ring_ozone_stratosphere_specialist_2026-09-19_02-58-05,T2d_H_ring_ozone_stratosphere_specialist,T2d_H,H,ring,ozone_stratosphere_specialist,dual,climate_consensus,complete,118,8,8,false,0.625,0.625,2,0.625,0,0.625,,,,false,live,
T2d_H_ring_ozone_stratosphere_specialist_2026-09-19_02-58-05,T2d_H_ring_ozone_stratosphere_specialist,T2d_H,H,ring,ozone_stratosphere_specialist,dual,polar_bears,complete,118,8,8,false,0.625,0.625,2,0.625,0,0.625,,,,false,live,
T2d_H_ring_science_journalist_2026-09-19_02-59-47,T2d_H_ring_science_journalist,T2d_H,H,ring,science_journalist,dual,scopex_2017,complete,118,6,5,false,0,0,0,0,0,0,,,,false,live,
T2d_H_ring_science_journalist_2026-09-19_02-59-47,T2d_H_ring_science_journalist,T2d_H,H,ring,science_journalist,dual,chemtrails_gates_2018_2021,complete,118,8,8,false,1,1,1,1,0.5,0.5,1,,,false,live,
T2d_H_ring_science_journalist_2026-09-19_02-59-47,T2d_H_ring_science_journalist,T2d_H,H,ring,science_journalist,dual,sai_geoengineering,complete,118,8,8,false,1.625,1.625,2,1.625,0,1.625,,,,false,live,
T2d_H_ring_science_journalist_2026-09-19_02-59-47,T2d_H_ring_science_journalist,T2d_H,H,ring,science_journalist,dual,paris_agreement,complete,118,5,4,false,0.25,0.25,1,0.25,0,0.25,,,,false,live,
T2d_H_ring_science_journalist_2026-09-19_02-59-47,T2d_H_ring_science_journalist,T2d_H,H,ring,science_journalist,dual,climate_consensus,complete,118,8,8,false,1.375,1.375,2,1.375,0.0625,1.3125,0.6124,,,false,live,
T2d_H_ring_science_journalist_2026-09-19_02-59-47,T2d_H_ring_science_journalist,T2d_H,H,ring,science_journalist,dual,polar_bears,complete,118,8,8,false,0.375,0.375,1,0.375,0,0.375,,,,false,live,
T2d_H_scale_free_biodiversity_food_security_2026-09-19_04-43-08,T2d_H_scale_free_biodiversity_food_security,T2d_H,H,scale_free,biodiversity_food_security,dual,scopex_2017,complete,2374,178,155,false,1.2258,1.2283,4,1.2258,0.2206,1.0142,0.6921,,,false,live,
T2d_H_scale_free_biodiversity_food_security_2026-09-19_04-43-08,T2d_H_scale_free_biodiversity_food_security,T2d_H,H,scale_free,biodiversity_food_security,dual,chemtrails_gates_2018_2021,complete,2374,177,155,false,1.9871,1.9896,2,1.9871,0.9806,1.0065,0.9949,,,false,live,
T2d_H_scale_free_biodiversity_food_security_2026-09-19_04-43-08,T2d_H_scale_free_biodiversity_food_security,T2d_H,H,scale_free,biodiversity_food_security,dual,sai_geoengineering,complete,2374,177,156,false,0.8269,0.8212,3,0.8269,0,0.8269,,,,false,live,
T2d_H_scale_free_biodiversity_food_security_2026-09-19_04-43-08,T2d_H_scale_free_biodiversity_food_security,T2d_H,H,scale_free,biodiversity_food_security,dual,paris_agreement,complete,2374,178,153,false,0.5229,0.5175,2,0.5229,0,0.5229,,,,false,live,
T2d_H_scale_free_biodiversity_food_security_2026-09-19_04-43-08,T2d_H_scale_free_biodiversity_food_security,T2d_H,H,scale_free,biodiversity_food_security,dual,climate_consensus,complete,2374,177,149,false,1.5034,1.5131,3,1.5034,0.0886,1.4282,0.6793,,,false,live,
T2d_H_scale_free_biodiversity_food_security_2026-09-19_04-43-08,T2d_H_scale_free_biodiversity_food_security,T2d_H,H,scale_free,biodiversity_food_security,dual,polar_bears,complete,2374,176,153,false,1.0784,1.075,2,1.0784,0,1.0784,,,,false,live,
T2d_H_scale_free_climate_action_advocate_2026-09-19_03-57-44,T2d_H_scale_free_climate_action_advocate,T2d_H,H,scale_free,climate_action_advocate,dual,scopex_2017,complete,2243,177,147,false,0.2517,0.2591,2,0.2517,0.0204,0.2313,0.8449,,,false,live,
T2d_H_scale_free_climate_action_advocate_2026-09-19_03-57-44,T2d_H_scale_free_climate_action_advocate,T2d_H,H,scale_free,climate_action_advocate,dual,chemtrails_gates_2018_2021,complete,2243,176,154,false,1.8636,1.8662,2,1.8636,0.9351,0.9286,0.9813,,,false,live,
T2d_H_scale_free_climate_action_advocate_2026-09-19_03-57-44,T2d_H_scale_free_climate_action_advocate,T2d_H,H,scale_free,climate_action_advocate,dual,sai_geoengineering,complete,2243,177,138,false,0.7754,0.7726,2,0.7754,0.0036,0.779,,,,false,live,
T2d_H_scale_free_climate_action_advocate_2026-09-19_03-57-44,T2d_H_scale_free_climate_action_advocate,T2d_H,H,scale_free,climate_action_advocate,dual,paris_agreement,complete,2243,180,163,false,0.0736,0.0734,1,0.0736,0,0.0736,,,,false,live,
T2d_H_scale_free_climate_action_advocate_2026-09-19_03-57-44,T2d_H_scale_free_climate_action_advocate,T2d_H,H,scale_free,climate_action_advocate,dual,climate_consensus,complete,2243,156,129,false,1.4264,1.4223,3,1.4264,0.1411,1.2853,0.9356,,,false,live,
T2d_H_scale_free_climate_action_advocate_2026-09-19_03-57-44,T2d_H_scale_free_climate_action_advocate,T2d_H,H,scale_free,climate_action_advocate,dual,polar_bears,complete,2243,180,160,false,1.4313,1.4284,2,1.4313,0,1.4313,,,,false,live,
T2d_H_scale_free_climate_justice_youth_2026-09-19_03-57-55,T2d_H_scale_free_climate_justice_youth,T2d_H,H,scale_free,climate_justice_youth,dual,scopex_2017,complete,2326,179,155,false,2.1613,2.1538,5,2.1613,0.4174,1.7761,0.4812,,,false,live,
T2d_H_scale_free_climate_justice_youth_2026-09-19_03-57-55,T2d_H_scale_free_climate_justice_youth,T2d_H,H,scale_free,climate_justice_youth,dual,chemtrails_gates_2018_2021,complete,2326,177,149,false,1.8591,1.8588,2,1.8591,0.7919,1.0671,0.926,,,false,live,
T2d_H_scale_free_climate_justice_youth_2026-09-19_03-57-55,T2d_H_scale_free_climate_justice_youth,T2d_H,H,scale_free,climate_justice_youth,dual,sai_geoengineering,complete,2326,177,148,false,0.9122,0.8982,3,0.9122,0.0338,0.8784,0.6316,,,false,live,
T2d_H_scale_free_climate_justice_youth_2026-09-19_03-57-55,T2d_H_scale_free_climate_justice_youth,T2d_H,H,scale_free,climate_justice_youth,dual,paris_agreement,complete,2326,173,148,false,0.3243,0.3255,2,0.3243,0.0034,0.3209,-0.25,,,false,live,
T2d_H_scale_free_climate_justice_youth_2026-09-19_03-57-55,T2d_H_scale_free_climate_justice_youth,T2d_H,H,scale_free,climate_justice_youth,dual,climate_consensus,complete,2326,175,148,false,1.777,1.7838,3,1.777,0.4392,1.4054,0.9657,,,false,live,
T2d_H_scale_free_climate_justice_youth_2026-09-19_03-57-55,T2d_H_scale_free_climate_justice_youth,T2d_H,H,scale_free,climate_justice_youth,dual,polar_bears,complete,2326,173,151,false,1.2848,1.2773,3,1.2848,0,1.2848,,,,false,live,
T2d_H_scale_free_climate_scientist_2026-09-19_04-45-00,T2d_H_scale_free_climate_scientist,T2d_H,H,scale_free,climate_scientist,dual,scopex_2017,complete,1490,1,0,true,,,,,,,,,,false,hatched_dead_after_llm,nScored <= 1 but llmCalls>0; keep the row; do not drop; do not read as mix immunises
T2d_H_scale_free_climate_scientist_2026-09-19_04-45-00,T2d_H_scale_free_climate_scientist,T2d_H,H,scale_free,climate_scientist,dual,chemtrails_gates_2018_2021,complete,1490,1,0,true,,,,,,,,,,false,hatched_dead_after_llm,nScored <= 1 but llmCalls>0; keep the row; do not drop; do not read as mix immunises
T2d_H_scale_free_climate_scientist_2026-09-19_04-45-00,T2d_H_scale_free_climate_scientist,T2d_H,H,scale_free,climate_scientist,dual,sai_geoengineering,complete,1490,175,144,false,1.1389,1.1481,2,1.1389,0.0243,1.1146,1,,,false,live,
T2d_H_scale_free_climate_scientist_2026-09-19_04-45-00,T2d_H_scale_free_climate_scientist,T2d_H,H,scale_free,climate_scientist,dual,paris_agreement,complete,1490,176,147,false,1.1224,1.1224,2,1.1224,0.034,1.102,0.7093,,,false,live,
T2d_H_scale_free_climate_scientist_2026-09-19_04-45-00,T2d_H_scale_free_climate_scientist,T2d_H,H,scale_free,climate_scientist,dual,climate_consensus,complete,1490,159,132,false,0.4924,0.5007,2,0.4924,0,0.4924,,,,false,live,
T2d_H_scale_free_climate_scientist_2026-09-19_04-45-00,T2d_H_scale_free_climate_scientist,T2d_H,H,scale_free,climate_scientist,dual,polar_bears,complete,1490,176,155,false,1.5097,1.5127,2,1.5097,0,1.5097,,,,false,live,
T2d_H_scale_free_conspiracy_believer_2026-09-19_03-35-37,T2d_H_scale_free_conspiracy_believer,T2d_H,H,scale_free,conspiracy_believer,dual,scopex_2017,complete,1617,175,152,false,4.3355,4.334,5,4.3355,2.6803,1.8,0.0594,2,,false,live,
T2d_H_scale_free_conspiracy_believer_2026-09-19_03-35-37,T2d_H_scale_free_conspiracy_believer,T2d_H,H,scale_free,conspiracy_believer,dual,chemtrails_gates_2018_2021,complete,1617,175,160,false,3.8875,3.8863,5,3.8875,2.9012,1.0538,0.7584,1,,false,live,
T2d_H_scale_free_conspiracy_believer_2026-09-19_03-35-37,T2d_H_scale_free_conspiracy_believer,T2d_H,H,scale_free,conspiracy_believer,dual,sai_geoengineering,complete,1617,1,0,true,,,,,,,,,,false,hatched_dead_after_llm,nScored <= 1 but llmCalls>0; keep the row; do not drop; do not read as mix immunises
T2d_H_scale_free_conspiracy_believer_2026-09-19_03-35-37,T2d_H_scale_free_conspiracy_believer,T2d_H,H,scale_free,conspiracy_believer,dual,paris_agreement,complete,1617,1,0,true,,,,,,,,,,false,hatched_dead_after_llm,nScored <= 1 but llmCalls>0; keep the row; do not drop; do not read as mix immunises
T2d_H_scale_free_conspiracy_believer_2026-09-19_03-35-37,T2d_H_scale_free_conspiracy_believer,T2d_H,H,scale_free,conspiracy_believer,dual,climate_consensus,complete,1617,171,155,false,4.9677,4.9674,5,4.9677,5,0.0323,,1,1,false,live,
T2d_H_scale_free_conspiracy_believer_2026-09-19_03-35-37,T2d_H_scale_free_conspiracy_believer,T2d_H,H,scale_free,conspiracy_believer,dual,polar_bears,complete,1617,171,152,false,0.2237,0.226,2,0.2237,0,0.2237,,,,false,live,
T2d_H_scale_free_conspiracy_climate_piggyback_2026-09-19_03-57-24,T2d_H_scale_free_conspiracy_climate_piggyback,T2d_H,H,scale_free,conspiracy_climate_piggyback,dual,scopex_2017,complete,2236,169,138,false,1.6377,1.6361,5,1.6377,0.7065,1.1486,0.3817,,,false,live,
T2d_H_scale_free_conspiracy_climate_piggyback_2026-09-19_03-57-24,T2d_H_scale_free_conspiracy_climate_piggyback,T2d_H,H,scale_free,conspiracy_climate_piggyback,dual,chemtrails_gates_2018_2021,complete,2236,180,154,false,4.013,4.0172,5,4.013,2.913,1.1935,0.7193,3,8,false,live,
T2d_H_scale_free_conspiracy_climate_piggyback_2026-09-19_03-57-24,T2d_H_scale_free_conspiracy_climate_piggyback,T2d_H,H,scale_free,conspiracy_climate_piggyback,dual,sai_geoengineering,complete,2236,180,154,false,1.2338,1.2307,4,1.2338,0.2078,1.0584,0.4395,,,false,live,
T2d_H_scale_free_conspiracy_climate_piggyback_2026-09-19_03-57-24,T2d_H_scale_free_conspiracy_climate_piggyback,T2d_H,H,scale_free,conspiracy_climate_piggyback,dual,paris_agreement,complete,2236,178,153,false,2.1634,2.1583,5,2.1634,1.8654,0.8758,0.7459,,,false,live,
T2d_H_scale_free_conspiracy_climate_piggyback_2026-09-19_03-57-24,T2d_H_scale_free_conspiracy_climate_piggyback,T2d_H,H,scale_free,conspiracy_climate_piggyback,dual,climate_consensus,complete,2236,180,139,false,4.1007,4.1075,5,4.1007,4.1115,0.1475,0.5295,4,4,false,live,
T2d_H_scale_free_conspiracy_climate_piggyback_2026-09-19_03-57-24,T2d_H_scale_free_conspiracy_climate_piggyback,T2d_H,H,scale_free,conspiracy_climate_piggyback,dual,polar_bears,complete,2236,166,146,false,0.274,0.2746,4,0.274,0,0.274,,,,false,live,
T2d_H_scale_free_conspiracy_depopulation_2026-09-19_03-35-38,T2d_H_scale_free_conspiracy_depopulation,T2d_H,H,scale_free,conspiracy_depopulation,dual,scopex_2017,complete,1622,1,0,true,,,,,,,,,,false,hatched_dead_after_llm,nScored <= 1 but llmCalls>0; keep the row; do not drop; do not read as mix immunises
T2d_H_scale_free_conspiracy_depopulation_2026-09-19_03-35-38,T2d_H_scale_free_conspiracy_depopulation,T2d_H,H,scale_free,conspiracy_depopulation,dual,chemtrails_gates_2018_2021,complete,1622,173,148,false,3.6824,3.6932,5,3.6824,2.7872,0.9223,0.7324,4,7,false,live,
T2d_H_scale_free_conspiracy_depopulation_2026-09-19_03-35-38,T2d_H_scale_free_conspiracy_depopulation,T2d_H,H,scale_free,conspiracy_depopulation,dual,sai_geoengineering,complete,1622,174,155,false,1.2,1.217,4,1.2,0.1387,1.1516,0.5375,,,false,live,
T2d_H_scale_free_conspiracy_depopulation_2026-09-19_03-35-38,T2d_H_scale_free_conspiracy_depopulation,T2d_H,H,scale_free,conspiracy_depopulation,dual,paris_agreement,complete,1622,162,134,false,4.9552,4.9569,5,4.9552,3.3209,1.6493,-0.2996,1,6,false,live,
T2d_H_scale_free_conspiracy_depopulation_2026-09-19_03-35-38,T2d_H_scale_free_conspiracy_depopulation,T2d_H,H,scale_free,conspiracy_depopulation,dual,climate_consensus,complete,1622,175,126,false,4.9603,4.9674,5,4.9603,4.9802,0.0516,0.875,1,1,false,live,
T2d_H_scale_free_conspiracy_depopulation_2026-09-19_03-35-38,T2d_H_scale_free_conspiracy_depopulation,T2d_H,H,scale_free,conspiracy_depopulation,dual,polar_bears,complete,1622,175,10,false,0.5,0.625,2,0.5,0,0.5,,,,false,live,
T2d_H_scale_free_conspiracy_haarp_weather_2026-09-19_03-35-37,T2d_H_scale_free_conspiracy_haarp_weather,T2d_H,H,scale_free,conspiracy_haarp_weather,dual,scopex_2017,complete,1793,183,166,false,4.3373,4.3378,5,4.3373,3.1096,1.4807,0.1028,2,,false,live,
T2d_H_scale_free_conspiracy_haarp_weather_2026-09-19_03-35-37,T2d_H_scale_free_conspiracy_haarp_weather,T2d_H,H,scale_free,conspiracy_haarp_weather,dual,chemtrails_gates_2018_2021,complete,1793,181,156,false,3.75,3.7531,5,3.75,2.9391,0.8301,0.766,3,5,false,live,
T2d_H_scale_free_conspiracy_haarp_weather_2026-09-19_03-35-37,T2d_H_scale_free_conspiracy_haarp_weather,T2d_H,H,scale_free,conspiracy_haarp_weather,dual,sai_geoengineering,complete,1793,1,0,true,,,,,,,,,,false,hatched_dead_after_llm,nScored <= 1 but llmCalls>0; keep the row; do not drop; do not read as mix immunises
T2d_H_scale_free_conspiracy_haarp_weather_2026-09-19_03-35-37,T2d_H_scale_free_conspiracy_haarp_weather,T2d_H,H,scale_free,conspiracy_haarp_weather,dual,paris_agreement,complete,1793,172,147,false,4.4558,4.4524,5,4.4558,3.6395,1.2381,0.4783,1,8,false,live,
T2d_H_scale_free_conspiracy_haarp_weather_2026-09-19_03-35-37,T2d_H_scale_free_conspiracy_haarp_weather,T2d_H,H,scale_free,conspiracy_haarp_weather,dual,climate_consensus,complete,1793,177,136,false,4.9706,4.9709,5,4.9706,4.9081,0.1066,0.5934,1,1,false,live,
T2d_H_scale_free_conspiracy_haarp_weather_2026-09-19_03-35-37,T2d_H_scale_free_conspiracy_haarp_weather,T2d_H,H,scale_free,conspiracy_haarp_weather,dual,polar_bears,complete,1793,183,62,false,0.5645,0.5209,2,0.5645,0,0.5645,,,,false,live,
T2d_H_scale_free_environmental_concern_2026-09-19_04-25-49,T2d_H_scale_free_environmental_concern,T2d_H,H,scale_free,environmental_concern,dual,scopex_2017,complete,167,179,7,false,0,0,0,0,0,0,,,,false,live,
T2d_H_scale_free_environmental_concern_2026-09-19_04-25-49,T2d_H_scale_free_environmental_concern,T2d_H,H,scale_free,environmental_concern,dual,chemtrails_gates_2018_2021,complete,167,180,2,false,1,1,2,1,0.5,0.5,1,,,false,live,
T2d_H_scale_free_environmental_concern_2026-09-19_04-25-49,T2d_H_scale_free_environmental_concern,T2d_H,H,scale_free,environmental_concern,dual,sai_geoengineering,complete,167,1,0,true,,,,,,,,,,false,hatched_dead_after_llm,nScored <= 1 but llmCalls>0; keep the row; do not drop; do not read as mix immunises
T2d_H_scale_free_environmental_concern_2026-09-19_04-25-49,T2d_H_scale_free_environmental_concern,T2d_H,H,scale_free,environmental_concern,dual,paris_agreement,complete,167,1,0,true,,,,,,,,,,false,hatched_dead_after_llm,nScored <= 1 but llmCalls>0; keep the row; do not drop; do not read as mix immunises
T2d_H_scale_free_environmental_concern_2026-09-19_04-25-49,T2d_H_scale_free_environmental_concern,T2d_H,H,scale_free,environmental_concern,dual,climate_consensus,complete,167,1,0,true,,,,,,,,,,false,hatched_dead_after_llm,nScored <= 1 but llmCalls>0; keep the row; do not drop; do not read as mix immunises
T2d_H_scale_free_environmental_concern_2026-09-19_04-25-49,T2d_H_scale_free_environmental_concern,T2d_H,H,scale_free,environmental_concern,dual,polar_bears,complete,167,181,2,false,1.5,1.5,2,1.5,0,1.5,,,,false,live,
T2d_H_scale_free_mitigation_first_policy_2026-09-19_04-31-40,T2d_H_scale_free_mitigation_first_policy,T2d_H,H,scale_free,mitigation_first_policy,dual,scopex_2017,complete,1857,162,139,false,0.0576,0.0592,1,0.0576,0,0.0576,,,,false,live,
T2d_H_scale_free_mitigation_first_policy_2026-09-19_04-31-40,T2d_H_scale_free_mitigation_first_policy,T2d_H,H,scale_free,mitigation_first_policy,dual,chemtrails_gates_2018_2021,complete,1857,175,149,false,0.0134,0.0136,1,0.0134,0.0067,0.0067,1,,,false,live,
T2d_H_scale_free_mitigation_first_policy_2026-09-19_04-31-40,T2d_H_scale_free_mitigation_first_policy,T2d_H,H,scale_free,mitigation_first_policy,dual,sai_geoengineering,complete,1857,154,125,false,0.784,0.7685,2,0.784,0.008,0.776,0.6124,,,false,live,
T2d_H_scale_free_mitigation_first_policy_2026-09-19_04-31-40,T2d_H_scale_free_mitigation_first_policy,T2d_H,H,scale_free,mitigation_first_policy,dual,paris_agreement,complete,1857,160,129,false,0.6822,0.68,2,0.6822,0.0349,0.686,0.9031,,,false,live,
T2d_H_scale_free_mitigation_first_policy_2026-09-19_04-31-40,T2d_H_scale_free_mitigation_first_policy,T2d_H,H,scale_free,mitigation_first_policy,dual,climate_consensus,complete,1857,169,143,false,0.7832,0.7796,2,0.7832,0.028,0.7622,0.7231,,,false,live,
T2d_H_scale_free_mitigation_first_policy_2026-09-19_04-31-40,T2d_H_scale_free_mitigation_first_policy,T2d_H,H,scale_free,mitigation_first_policy,dual,polar_bears,complete,1857,167,142,false,0.993,0.996,2,0.993,0,0.993,,,,false,live,
T2d_H_scale_free_ozone_stratosphere_specialist_2026-09-19_04-26-57,T2d_H_scale_free_ozone_stratosphere_specialist,T2d_H,H,scale_free,ozone_stratosphere_specialist,dual,scopex_2017,complete,206,182,5,false,0.2,0.125,1,0.2,0,0.2,,,,false,live,
T2d_H_scale_free_ozone_stratosphere_specialist_2026-09-19_04-26-57,T2d_H_scale_free_ozone_stratosphere_specialist,T2d_H,H,scale_free,ozone_stratosphere_specialist,dual,chemtrails_gates_2018_2021,complete,206,183,7,false,1.5714,1.6,2,1.5714,0.3571,1.2143,0.7674,,,false,live,
T2d_H_scale_free_ozone_stratosphere_specialist_2026-09-19_04-26-57,T2d_H_scale_free_ozone_stratosphere_specialist,T2d_H,H,scale_free,ozone_stratosphere_specialist,dual,sai_geoengineering,complete,206,181,1,true,0,0,0,0,0,0,,,,false,hatched_dead_after_llm,nScored <= 1 but llmCalls>0; keep the row; do not drop; do not read as mix immunises
T2d_H_scale_free_ozone_stratosphere_specialist_2026-09-19_04-26-57,T2d_H_scale_free_ozone_stratosphere_specialist,T2d_H,H,scale_free,ozone_stratosphere_specialist,dual,paris_agreement,complete,206,1,0,true,,,,,,,,,,false,hatched_dead_after_llm,nScored <= 1 but llmCalls>0; keep the row; do not drop; do not read as mix immunises
T2d_H_scale_free_ozone_stratosphere_specialist_2026-09-19_04-26-57,T2d_H_scale_free_ozone_stratosphere_specialist,T2d_H,H,scale_free,ozone_stratosphere_specialist,dual,climate_consensus,complete,206,179,1,true,0,0,0,0,0,0,,,,false,hatched_dead_after_llm,nScored <= 1 but llmCalls>0; keep the row; do not drop; do not read as mix immunises
T2d_H_scale_free_ozone_stratosphere_specialist_2026-09-19_04-26-57,T2d_H_scale_free_ozone_stratosphere_specialist,T2d_H,H,scale_free,ozone_stratosphere_specialist,dual,polar_bears,complete,206,179,4,false,1.25,1.3333,2,1.25,0,1.25,,,,false,live,
T2d_H_scale_free_science_journalist_2026-09-19_04-42-29,T2d_H_scale_free_science_journalist,T2d_H,H,scale_free,science_journalist,dual,scopex_2017,complete,1176,165,147,false,0.5238,0.5293,2,0.5238,0.0714,0.4592,0.7694,,,false,live,
T2d_H_scale_free_science_journalist_2026-09-19_04-42-29,T2d_H_scale_free_science_journalist,T2d_H,H,scale_free,science_journalist,dual,chemtrails_gates_2018_2021,complete,1176,1,0,true,,,,,,,,,,false,hatched_dead_after_llm,nScored <= 1 but llmCalls>0; keep the row; do not drop; do not read as mix immunises
T2d_H_scale_free_science_journalist_2026-09-19_04-42-29,T2d_H_scale_free_science_journalist,T2d_H,H,scale_free,science_journalist,dual,sai_geoengineering,complete,1176,178,154,false,1.0649,1.08,2,1.0649,0,1.0649,,,,false,live,
T2d_H_scale_free_science_journalist_2026-09-19_04-42-29,T2d_H_scale_free_science_journalist,T2d_H,H,scale_free,science_journalist,dual,paris_agreement,complete,1176,1,0,true,,,,,,,,,,false,hatched_dead_after_llm,nScored <= 1 but llmCalls>0; keep the row; do not drop; do not read as mix immunises
T2d_H_scale_free_science_journalist_2026-09-19_04-42-29,T2d_H_scale_free_science_journalist,T2d_H,H,scale_free,science_journalist,dual,climate_consensus,complete,1176,1,0,true,,,,,,,,,,false,hatched_dead_after_llm,nScored <= 1 but llmCalls>0; keep the row; do not drop; do not read as mix immunises
T2d_H_scale_free_science_journalist_2026-09-19_04-42-29,T2d_H_scale_free_science_journalist,T2d_H,H,scale_free,science_journalist,dual,polar_bears,complete,1176,179,152,false,0.9079,0.9119,2,0.9079,0.0066,0.9079,1,,,false,live,
T2d_H_small_world_biodiversity_food_security_2026-09-19_04-26-39,T2d_H_small_world_biodiversity_food_security,T2d_H,H,small_world,biodiversity_food_security,dual,scopex_2017,complete,408,177,2,false,0.5,0.5,1,0.5,0,0.5,,,,false,live,
T2d_H_small_world_biodiversity_food_security_2026-09-19_04-26-39,T2d_H_small_world_biodiversity_food_security,T2d_H,H,small_world,biodiversity_food_security,dual,chemtrails_gates_2018_2021,complete,408,169,2,false,0,0,0,0,0,0,,,,false,live,
T2d_H_small_world_biodiversity_food_security_2026-09-19_04-26-39,T2d_H_small_world_biodiversity_food_security,T2d_H,H,small_world,biodiversity_food_security,dual,sai_geoengineering,complete,408,175,3,false,1.3333,1,2,1.3333,0,1.3333,,,,false,live,
T2d_H_small_world_biodiversity_food_security_2026-09-19_04-26-39,T2d_H_small_world_biodiversity_food_security,T2d_H,H,small_world,biodiversity_food_security,dual,paris_agreement,complete,408,178,4,false,1,1,1,1,0,1,,,,false,live,
T2d_H_small_world_biodiversity_food_security_2026-09-19_04-26-39,T2d_H_small_world_biodiversity_food_security,T2d_H,H,small_world,biodiversity_food_security,dual,climate_consensus,complete,408,169,1,true,0,0,0,0,0,0,,,,false,hatched_dead_after_llm,nScored <= 1 but llmCalls>0; keep the row; do not drop; do not read as mix immunises
T2d_H_small_world_biodiversity_food_security_2026-09-19_04-26-39,T2d_H_small_world_biodiversity_food_security,T2d_H,H,small_world,biodiversity_food_security,dual,polar_bears,complete,408,171,89,false,1.5393,1.5918,2,1.5393,0,1.5393,,,,false,live,
T2d_H_small_world_climate_action_advocate_2026-09-19_03-58-13,T2d_H_small_world_climate_action_advocate,T2d_H,H,small_world,climate_action_advocate,dual,scopex_2017,complete,1952,181,160,false,1.075,1.0763,3,1.075,0.0794,0.9956,0.4686,,,false,live,
T2d_H_small_world_climate_action_advocate_2026-09-19_03-58-13,T2d_H_small_world_climate_action_advocate,T2d_H,H,small_world,climate_action_advocate,dual,chemtrails_gates_2018_2021,complete,1952,176,154,false,1.8117,1.8222,2,1.8117,0.8831,0.9286,0.9634,,,false,live,
T2d_H_small_world_climate_action_advocate_2026-09-19_03-58-13,T2d_H_small_world_climate_action_advocate,T2d_H,H,small_world,climate_action_advocate,dual,sai_geoengineering,complete,1952,181,157,false,0.6242,0.6203,3,0.6242,0,0.6242,,,,false,live,
T2d_H_small_world_climate_action_advocate_2026-09-19_03-58-13,T2d_H_small_world_climate_action_advocate,T2d_H,H,small_world,climate_action_advocate,dual,paris_agreement,complete,1952,177,150,false,0.1533,0.1515,2,0.1533,0.0333,0.16,1,,,false,live,
T2d_H_small_world_climate_action_advocate_2026-09-19_03-58-13,T2d_H_small_world_climate_action_advocate,T2d_H,H,small_world,climate_action_advocate,dual,climate_consensus,complete,1952,1,0,true,,,,,,,,,,false,hatched_dead_after_llm,nScored <= 1 but llmCalls>0; keep the row; do not drop; do not read as mix immunises
T2d_H_small_world_climate_action_advocate_2026-09-19_03-58-13,T2d_H_small_world_climate_action_advocate,T2d_H,H,small_world,climate_action_advocate,dual,polar_bears,complete,1952,173,135,false,0.9926,0.9992,3,0.9926,0.0074,1,,,,false,live,
T2d_H_small_world_climate_justice_youth_2026-09-19_03-58-03,T2d_H_small_world_climate_justice_youth,T2d_H,H,small_world,climate_justice_youth,dual,scopex_2017,complete,2375,180,148,false,1.527,1.5394,5,1.527,0.3142,1.2196,0.49,,,false,live,
T2d_H_small_world_climate_justice_youth_2026-09-19_03-58-03,T2d_H_small_world_climate_justice_youth,T2d_H,H,small_world,climate_justice_youth,dual,chemtrails_gates_2018_2021,complete,2375,181,148,false,1.9324,1.9321,3,1.9324,0.8865,1.0459,0.9292,,,false,live,
T2d_H_small_world_climate_justice_youth_2026-09-19_03-58-03,T2d_H_small_world_climate_justice_youth,T2d_H,H,small_world,climate_justice_youth,dual,sai_geoengineering,complete,2375,180,161,false,0.913,0.9127,3,0.913,0.0683,0.8447,0.2464,,,false,live,
T2d_H_small_world_climate_justice_youth_2026-09-19_03-58-03,T2d_H_small_world_climate_justice_youth,T2d_H,H,small_world,climate_justice_youth,dual,paris_agreement,complete,2375,177,155,false,0.1097,0.1053,2,0.1097,0,0.1097,,,,false,live,
T2d_H_small_world_climate_justice_youth_2026-09-19_03-58-03,T2d_H_small_world_climate_justice_youth,T2d_H,H,small_world,climate_justice_youth,dual,climate_consensus,complete,2375,181,161,false,1.2484,1.24,3,1.2484,0.2081,1.1273,0.9899,,,false,live,
T2d_H_small_world_climate_justice_youth_2026-09-19_03-58-03,T2d_H_small_world_climate_justice_youth,T2d_H,H,small_world,climate_justice_youth,dual,polar_bears,complete,2375,181,152,false,0.9276,0.9357,3,0.9276,0.0164,0.9178,-0.3687,,,false,live,
T2d_H_small_world_climate_scientist_2026-09-19_04-26-13,T2d_H_small_world_climate_scientist,T2d_H,H,small_world,climate_scientist,dual,scopex_2017,complete,575,181,6,false,0,0,0,0,0,0,,,,false,live,
T2d_H_small_world_climate_scientist_2026-09-19_04-26-13,T2d_H_small_world_climate_scientist,T2d_H,H,small_world,climate_scientist,dual,chemtrails_gates_2018_2021,complete,575,177,2,false,0,0,0,0,0,0,,,,false,live,
T2d_H_small_world_climate_scientist_2026-09-19_04-26-13,T2d_H_small_world_climate_scientist,T2d_H,H,small_world,climate_scientist,dual,sai_geoengineering,complete,575,177,2,false,0.5,0.5,1,0.5,0,0.5,,,,false,live,
T2d_H_small_world_climate_scientist_2026-09-19_04-26-13,T2d_H_small_world_climate_scientist,T2d_H,H,small_world,climate_scientist,dual,paris_agreement,complete,575,177,5,false,1,1,2,1,0,1,,,,false,live,
T2d_H_small_world_climate_scientist_2026-09-19_04-26-13,T2d_H_small_world_climate_scientist,T2d_H,H,small_world,climate_scientist,dual,climate_consensus,complete,575,167,11,false,0,0,0,0,0,0,,,,false,live,
T2d_H_small_world_climate_scientist_2026-09-19_04-26-13,T2d_H_small_world_climate_scientist,T2d_H,H,small_world,climate_scientist,dual,polar_bears,complete,575,181,160,false,1.6438,1.6398,2,1.6438,0,1.6438,,,,false,live,
T2d_H_small_world_conspiracy_believer_2026-09-19_03-35-37,T2d_H_small_world_conspiracy_believer,T2d_H,H,small_world,conspiracy_believer,dual,scopex_2017,complete,1719,175,147,false,3.9796,3.9768,5,3.9796,2.0544,2.2109,0.0568,1,,false,live,
T2d_H_small_world_conspiracy_believer_2026-09-19_03-35-37,T2d_H_small_world_conspiracy_believer,T2d_H,H,small_world,conspiracy_believer,dual,chemtrails_gates_2018_2021,complete,1719,181,16,false,3.8125,4.3429,5,3.8125,2.6813,1.1563,0.7418,3,,false,live,
T2d_H_small_world_conspiracy_believer_2026-09-19_03-35-37,T2d_H_small_world_conspiracy_believer,T2d_H,H,small_world,conspiracy_believer,dual,sai_geoengineering,complete,1719,181,10,false,2.4,2.375,3,2.4,0.3,2.1,-0.186,,,false,live,
T2d_H_small_world_conspiracy_believer_2026-09-19_03-35-37,T2d_H_small_world_conspiracy_believer,T2d_H,H,small_world,conspiracy_believer,dual,paris_agreement,complete,1719,173,74,false,4.8514,4.803,5,4.8514,4.4851,0.5284,-0.0837,2,2,false,live,
T2d_H_small_world_conspiracy_believer_2026-09-19_03-35-37,T2d_H_small_world_conspiracy_believer,T2d_H,H,small_world,conspiracy_believer,dual,climate_consensus,complete,1719,176,146,false,4.726,4.7213,5,4.726,4.7192,0.0068,,3,3,false,live,
T2d_H_small_world_conspiracy_believer_2026-09-19_03-35-37,T2d_H_small_world_conspiracy_believer,T2d_H,H,small_world,conspiracy_believer,dual,polar_bears,complete,1719,181,165,false,0.5576,0.5642,4,0.5576,0,0.5576,,,,false,live,
T2d_H_small_world_conspiracy_climate_piggyback_2026-09-19_03-35-38,T2d_H_small_world_conspiracy_climate_piggyback,T2d_H,H,small_world,conspiracy_climate_piggyback,dual,scopex_2017,complete,1481,181,152,false,2.7237,2.7223,5,2.7237,1.523,1.352,0.3404,,,false,live,
T2d_H_small_world_conspiracy_climate_piggyback_2026-09-19_03-35-38,T2d_H_small_world_conspiracy_climate_piggyback,T2d_H,H,small_world,conspiracy_climate_piggyback,dual,chemtrails_gates_2018_2021,complete,1481,180,156,false,4.8077,4.8064,5,4.8077,3.1462,1.6615,0.8032,2,4,false,live,
T2d_H_small_world_conspiracy_climate_piggyback_2026-09-19_03-35-38,T2d_H_small_world_conspiracy_climate_piggyback,T2d_H,H,small_world,conspiracy_climate_piggyback,dual,sai_geoengineering,complete,1481,180,143,false,1.7622,1.7577,4,1.7622,0.2587,1.5385,0.3666,,,false,live,
T2d_H_small_world_conspiracy_climate_piggyback_2026-09-19_03-35-38,T2d_H_small_world_conspiracy_climate_piggyback,T2d_H,H,small_world,conspiracy_climate_piggyback,dual,paris_agreement,complete,1481,1,0,true,,,,,,,,,,false,hatched_dead_after_llm,nScored <= 1 but llmCalls>0; keep the row; do not drop; do not read as mix immunises
T2d_H_small_world_conspiracy_climate_piggyback_2026-09-19_03-35-38,T2d_H_small_world_conspiracy_climate_piggyback,T2d_H,H,small_world,conspiracy_climate_piggyback,dual,climate_consensus,complete,1481,173,18,false,4.0556,4.7639,5,4.0556,4.1667,0.1111,,3,3,false,live,
T2d_H_small_world_conspiracy_climate_piggyback_2026-09-19_03-35-38,T2d_H_small_world_conspiracy_climate_piggyback,T2d_H,H,small_world,conspiracy_climate_piggyback,dual,polar_bears,complete,1481,166,9,false,0.7778,0.9286,2,0.7778,0,0.7778,,,,false,live,
T2d_H_small_world_conspiracy_depopulation_2026-09-19_03-35-37,T2d_H_small_world_conspiracy_depopulation,T2d_H,H,small_world,conspiracy_depopulation,dual,scopex_2017,complete,1537,1,0,true,,,,,,,,,,false,hatched_dead_after_llm,nScored <= 1 but llmCalls>0; keep the row; do not drop; do not read as mix immunises
T2d_H_small_world_conspiracy_depopulation_2026-09-19_03-35-37,T2d_H_small_world_conspiracy_depopulation,T2d_H,H,small_world,conspiracy_depopulation,dual,chemtrails_gates_2018_2021,complete,1537,177,150,false,4.22,4.2252,5,4.22,3.5653,0.8613,0.66,1,1,false,live,
T2d_H_small_world_conspiracy_depopulation_2026-09-19_03-35-37,T2d_H_small_world_conspiracy_depopulation,T2d_H,H,small_world,conspiracy_depopulation,dual,sai_geoengineering,complete,1537,176,138,false,1.0362,1.0314,4,1.0362,0.1804,0.9935,0.6846,,,false,live,
T2d_H_small_world_conspiracy_depopulation_2026-09-19_03-35-37,T2d_H_small_world_conspiracy_depopulation,T2d_H,H,small_world,conspiracy_depopulation,dual,paris_agreement,complete,1537,181,155,false,4.4194,4.4107,5,4.4194,3.0471,1.7671,0.0427,1,7,false,live,
T2d_H_small_world_conspiracy_depopulation_2026-09-19_03-35-37,T2d_H_small_world_conspiracy_depopulation,T2d_H,H,small_world,conspiracy_depopulation,dual,climate_consensus,complete,1537,1,0,true,,,,,,,,,,false,hatched_dead_after_llm,nScored <= 1 but llmCalls>0; keep the row; do not drop; do not read as mix immunises
T2d_H_small_world_conspiracy_depopulation_2026-09-19_03-35-37,T2d_H_small_world_conspiracy_depopulation,T2d_H,H,small_world,conspiracy_depopulation,dual,polar_bears,complete,1537,177,148,false,1.2095,1.2079,2,1.2095,0,1.2095,,,,false,live,
T2d_H_small_world_conspiracy_haarp_weather_2026-09-19_03-52-51,T2d_H_small_world_conspiracy_haarp_weather,T2d_H,H,small_world,conspiracy_haarp_weather,dual,scopex_2017,complete,2214,170,135,false,3.9481,3.9504,5,3.9481,2.1356,1.9089,-0.0666,4,,false,live,
T2d_H_small_world_conspiracy_haarp_weather_2026-09-19_03-52-51,T2d_H_small_world_conspiracy_haarp_weather,T2d_H,H,small_world,conspiracy_haarp_weather,dual,chemtrails_gates_2018_2021,complete,2214,175,148,false,3.2568,3.2569,5,3.2568,2.5865,0.7095,0.8434,6,7,false,live,
T2d_H_small_world_conspiracy_haarp_weather_2026-09-19_03-52-51,T2d_H_small_world_conspiracy_haarp_weather,T2d_H,H,small_world,conspiracy_haarp_weather,dual,sai_geoengineering,complete,2214,175,146,false,1.5274,1.535,4,1.5274,0.2986,1.263,0.3862,,,false,live,
T2d_H_small_world_conspiracy_haarp_weather_2026-09-19_03-52-51,T2d_H_small_world_conspiracy_haarp_weather,T2d_H,H,small_world,conspiracy_haarp_weather,dual,paris_agreement,complete,2214,177,152,false,4.0132,4.0097,5,4.0132,3.85,1.1395,0.4422,2,1,false,live,
T2d_H_small_world_conspiracy_haarp_weather_2026-09-19_03-52-51,T2d_H_small_world_conspiracy_haarp_weather,T2d_H,H,small_world,conspiracy_haarp_weather,dual,climate_consensus,complete,2214,177,146,false,4.1712,4.1866,5,4.1712,4.1342,0.163,0.8226,3,3,false,live,
T2d_H_small_world_conspiracy_haarp_weather_2026-09-19_03-52-51,T2d_H_small_world_conspiracy_haarp_weather,T2d_H,H,small_world,conspiracy_haarp_weather,dual,polar_bears,complete,2214,175,150,false,0.6533,0.6509,3,0.6533,0.0067,0.6467,0.3125,,,false,live,
T2d_H_small_world_environmental_concern_2026-09-19_04-19-41,T2d_H_small_world_environmental_concern,T2d_H,H,small_world,environmental_concern,dual,scopex_2017,complete,333,173,1,true,0,0,0,0,0,0,,,,false,hatched_dead_after_llm,nScored <= 1 but llmCalls>0; keep the row; do not drop; do not read as mix immunises
T2d_H_small_world_environmental_concern_2026-09-19_04-19-41,T2d_H_small_world_environmental_concern,T2d_H,H,small_world,environmental_concern,dual,chemtrails_gates_2018_2021,complete,333,173,5,false,1.8,1.875,2,1.8,0.8,1,1,,,false,live,
T2d_H_small_world_environmental_concern_2026-09-19_04-19-41,T2d_H_small_world_environmental_concern,T2d_H,H,small_world,environmental_concern,dual,sai_geoengineering,complete,333,173,1,true,1,1,1,1,0,1,,,,false,hatched_dead_after_llm,nScored <= 1 but llmCalls>0; keep the row; do not drop; do not read as mix immunises
T2d_H_small_world_environmental_concern_2026-09-19_04-19-41,T2d_H_small_world_environmental_concern,T2d_H,H,small_world,environmental_concern,dual,paris_agreement,complete,333,1,0,true,,,,,,,,,,false,hatched_dead_after_llm,nScored <= 1 but llmCalls>0; keep the row; do not drop; do not read as mix immunises
T2d_H_small_world_environmental_concern_2026-09-19_04-19-41,T2d_H_small_world_environmental_concern,T2d_H,H,small_world,environmental_concern,dual,climate_consensus,complete,333,160,1,true,0,0,0,0,0,0,,,,false,hatched_dead_after_llm,nScored <= 1 but llmCalls>0; keep the row; do not drop; do not read as mix immunises
T2d_H_small_world_environmental_concern_2026-09-19_04-19-41,T2d_H_small_world_environmental_concern,T2d_H,H,small_world,environmental_concern,dual,polar_bears,complete,333,1,0,true,,,,,,,,,,false,hatched_dead_after_llm,nScored <= 1 but llmCalls>0; keep the row; do not drop; do not read as mix immunises
T2d_H_small_world_mitigation_first_policy_2026-09-19_04-00-25,T2d_H_small_world_mitigation_first_policy,T2d_H,H,small_world,mitigation_first_policy,dual,scopex_2017,complete,2014,181,151,false,0.8146,0.8156,1,0.8146,0.0166,0.8046,1,,,false,live,
T2d_H_small_world_mitigation_first_policy_2026-09-19_04-00-25,T2d_H_small_world_mitigation_first_policy,T2d_H,H,small_world,mitigation_first_policy,dual,chemtrails_gates_2018_2021,complete,2014,181,152,false,0.1579,0.1596,1,0.1579,0.0211,0.1434,1,,,false,live,
T2d_H_small_world_mitigation_first_policy_2026-09-19_04-00-25,T2d_H_small_world_mitigation_first_policy,T2d_H,H,small_world,mitigation_first_policy,dual,sai_geoengineering,complete,2014,1,0,true,,,,,,,,,,false,hatched_dead_after_llm,nScored <= 1 but llmCalls>0; keep the row; do not drop; do not read as mix immunises
T2d_H_small_world_mitigation_first_policy_2026-09-19_04-00-25,T2d_H_small_world_mitigation_first_policy,T2d_H,H,small_world,mitigation_first_policy,dual,paris_agreement,complete,2014,181,161,false,1.0373,1.0392,2,1.0373,0.0155,1.0466,1,,,false,live,
T2d_H_small_world_mitigation_first_policy_2026-09-19_04-00-25,T2d_H_small_world_mitigation_first_policy,T2d_H,H,small_world,mitigation_first_policy,dual,climate_consensus,complete,2014,181,154,false,1.4026,1.3953,2,1.4026,0.1299,1.2857,0.6763,,,false,live,
T2d_H_small_world_mitigation_first_policy_2026-09-19_04-00-25,T2d_H_small_world_mitigation_first_policy,T2d_H,H,small_world,mitigation_first_policy,dual,polar_bears,complete,2014,181,158,false,0.7975,0.802,2,0.7975,0,0.7975,,,,false,live,
T2d_H_small_world_ozone_stratosphere_specialist_2026-09-19_04-21-34,T2d_H_small_world_ozone_stratosphere_specialist,T2d_H,H,small_world,ozone_stratosphere_specialist,dual,scopex_2017,complete,380,168,3,false,0,0,0,0,0,0,,,,false,live,
T2d_H_small_world_ozone_stratosphere_specialist_2026-09-19_04-21-34,T2d_H_small_world_ozone_stratosphere_specialist,T2d_H,H,small_world,ozone_stratosphere_specialist,dual,chemtrails_gates_2018_2021,complete,380,172,5,false,2.6,2.6667,3,2.6,1.5,1.1,0.9826,,,false,live,
T2d_H_small_world_ozone_stratosphere_specialist_2026-09-19_04-21-34,T2d_H_small_world_ozone_stratosphere_specialist,T2d_H,H,small_world,ozone_stratosphere_specialist,dual,sai_geoengineering,complete,380,181,2,false,1.5,1.5,2,1.5,0.5,1,0.6124,,,false,live,
T2d_H_small_world_ozone_stratosphere_specialist_2026-09-19_04-21-34,T2d_H_small_world_ozone_stratosphere_specialist,T2d_H,H,small_world,ozone_stratosphere_specialist,dual,paris_agreement,complete,380,181,3,false,0.3333,0.3333,1,0.3333,0,0.3333,,,,false,live,
T2d_H_small_world_ozone_stratosphere_specialist_2026-09-19_04-21-34,T2d_H_small_world_ozone_stratosphere_specialist,T2d_H,H,small_world,ozone_stratosphere_specialist,dual,climate_consensus,complete,380,181,4,false,0,0,0,0,0,0,,,,false,live,
T2d_H_small_world_ozone_stratosphere_specialist_2026-09-19_04-21-34,T2d_H_small_world_ozone_stratosphere_specialist,T2d_H,H,small_world,ozone_stratosphere_specialist,dual,polar_bears,complete,380,176,1,true,2,2,2,2,0,2,,,,false,hatched_dead_after_llm,nScored <= 1 but llmCalls>0; keep the row; do not drop; do not read as mix immunises
T2d_H_small_world_science_journalist_2026-09-19_04-31-18,T2d_H_small_world_science_journalist,T2d_H,H,small_world,science_journalist,dual,scopex_2017,complete,1537,163,141,false,0,0,0,0,0,0,,,,false,live,
T2d_H_small_world_science_journalist_2026-09-19_04-31-18,T2d_H_small_world_science_journalist,T2d_H,H,small_world,science_journalist,dual,chemtrails_gates_2018_2021,complete,1537,179,152,false,0.0197,0.0201,1,0.0197,0.0066,0.0132,1,,,false,live,
T2d_H_small_world_science_journalist_2026-09-19_04-31-18,T2d_H_small_world_science_journalist,T2d_H,H,small_world,science_journalist,dual,sai_geoengineering,complete,1537,180,152,false,0.8882,0.9147,2,0.8882,0.0132,0.8882,1,,,false,live,
T2d_H_small_world_science_journalist_2026-09-19_04-31-18,T2d_H_small_world_science_journalist,T2d_H,H,small_world,science_journalist,dual,paris_agreement,complete,1537,179,149,false,0.8456,0.8417,1,0.8456,0.047,0.8121,1,,,false,live,
T2d_H_small_world_science_journalist_2026-09-19_04-31-18,T2d_H_small_world_science_journalist,T2d_H,H,small_world,science_journalist,dual,climate_consensus,complete,1537,175,151,false,0.3245,0.3204,2,0.3245,0.0033,0.3278,,,,false,live,
T2d_H_small_world_science_journalist_2026-09-19_04-31-18,T2d_H_small_world_science_journalist,T2d_H,H,small_world,science_journalist,dual,polar_bears,complete,1537,1,0,true,,,,,,,,,,false,hatched_dead_after_llm,nScored <= 1 but llmCalls>0; keep the row; do not drop; do not read as mix immunises
T2d_He_echo_chamber_mix_00_2026-09-19_04-17-36,T2d_He_echo_chamber_mix_00,T2d_He,He,echo_chamber,mix_00,dual,scopex_2017,complete,482,145,8,false,4.25,4.1667,5,4.25,2.5625,1.6875,0.0187,5,,false,live,
T2d_He_echo_chamber_mix_00_2026-09-19_04-17-36,T2d_He_echo_chamber_mix_00,T2d_He,He,echo_chamber,mix_00,dual,chemtrails_gates_2018_2021,complete,482,150,7,false,4,4,5,4,2.8571,1.1429,0.7422,,,false,live,
T2d_He_echo_chamber_mix_00_2026-09-19_04-17-36,T2d_He_echo_chamber_mix_00,T2d_He,He,echo_chamber,mix_00,dual,sai_geoengineering,complete,482,1,0,true,,,,,,,,,,false,hatched_dead_after_llm,nScored <= 1 but llmCalls>0; keep the row; do not drop; do not read as mix immunises
T2d_He_echo_chamber_mix_00_2026-09-19_04-17-36,T2d_He_echo_chamber_mix_00,T2d_He,He,echo_chamber,mix_00,dual,paris_agreement,complete,482,149,6,false,4.1667,3.5,5,4.1667,3.5,0.6667,-0.4082,5,5,false,live,
T2d_He_echo_chamber_mix_00_2026-09-19_04-17-36,T2d_He_echo_chamber_mix_00,T2d_He,He,echo_chamber,mix_00,dual,climate_consensus,complete,482,160,2,false,5,5,5,5,5,0,,3,3,false,live,
T2d_He_echo_chamber_mix_00_2026-09-19_04-17-36,T2d_He_echo_chamber_mix_00,T2d_He,He,echo_chamber,mix_00,dual,polar_bears,complete,482,155,3,false,1.3333,1.75,3,1.3333,0,1.3333,,,,false,live,
T2d_He_echo_chamber_mix_01_2026-09-19_04-20-32,T2d_He_echo_chamber_mix_01,T2d_He,He,echo_chamber,mix_01,dual,scopex_2017,complete,351,112,5,false,3.6,3.5,5,3.6,1.4,2.2,0.7156,,,false,live,
T2d_He_echo_chamber_mix_01_2026-09-19_04-20-32,T2d_He_echo_chamber_mix_01,T2d_He,He,echo_chamber,mix_01,dual,chemtrails_gates_2018_2021,complete,351,154,5,false,2.6,2.5,4,2.6,1.52,1.08,0.8359,,,false,live,
T2d_He_echo_chamber_mix_01_2026-09-19_04-20-32,T2d_He_echo_chamber_mix_01,T2d_He,He,echo_chamber,mix_01,dual,sai_geoengineering,complete,351,144,3,false,1.6667,1.6667,3,1.6667,0,1.6667,,,,false,live,
T2d_He_echo_chamber_mix_01_2026-09-19_04-20-32,T2d_He_echo_chamber_mix_01,T2d_He,He,echo_chamber,mix_01,dual,paris_agreement,complete,351,1,0,true,,,,,,,,,,false,hatched_dead_after_llm,nScored <= 1 but llmCalls>0; keep the row; do not drop; do not read as mix immunises
T2d_He_echo_chamber_mix_01_2026-09-19_04-20-32,T2d_He_echo_chamber_mix_01,T2d_He,He,echo_chamber,mix_01,dual,climate_consensus,complete,351,154,4,false,4,4,5,4,2.875,1.125,0.7638,7,7,false,live,
T2d_He_echo_chamber_mix_01_2026-09-19_04-20-32,T2d_He_echo_chamber_mix_01,T2d_He,He,echo_chamber,mix_01,dual,polar_bears,complete,351,150,0,true,,,,,,,,,,false,hatched_dead_after_llm,nScored <= 1 but llmCalls>0; keep the row; do not drop; do not read as mix immunises
T2d_He_echo_chamber_mix_02_2026-09-19_04-13-27,T2d_He_echo_chamber_mix_02,T2d_He,He,echo_chamber,mix_02,dual,scopex_2017,complete,1107,152,112,false,0.6429,0.7383,3,0.6429,0.0893,0.5536,0.6649,,,false,live,
T2d_He_echo_chamber_mix_02_2026-09-19_04-13-27,T2d_He_echo_chamber_mix_02,T2d_He,He,echo_chamber,mix_02,dual,chemtrails_gates_2018_2021,complete,1107,154,119,false,1.6723,1.7356,3,1.6723,0.8126,0.8597,0.9683,,,false,live,
T2d_He_echo_chamber_mix_02_2026-09-19_04-13-27,T2d_He_echo_chamber_mix_02,T2d_He,He,echo_chamber,mix_02,dual,sai_geoengineering,complete,1107,1,0,true,,,,,,,,,,false,hatched_dead_after_llm,nScored <= 1 but llmCalls>0; keep the row; do not drop; do not read as mix immunises
T2d_He_echo_chamber_mix_02_2026-09-19_04-13-27,T2d_He_echo_chamber_mix_02,T2d_He,He,echo_chamber,mix_02,dual,paris_agreement,complete,1107,149,109,false,0.4862,0.4387,2,0.4862,0.0367,0.4679,1,,,false,live,
T2d_He_echo_chamber_mix_02_2026-09-19_04-13-27,T2d_He_echo_chamber_mix_02,T2d_He,He,echo_chamber,mix_02,dual,climate_consensus,complete,1107,160,11,false,1.4545,1.5556,2,1.4545,0.3182,1.1364,0.9031,,,false,live,
T2d_He_echo_chamber_mix_02_2026-09-19_04-13-27,T2d_He_echo_chamber_mix_02,T2d_He,He,echo_chamber,mix_02,dual,polar_bears,complete,1107,155,6,false,1.3333,1.5,2,1.3333,0,1.3333,,,,false,live,
T2d_He_echo_chamber_mix_03_2026-09-19_04-13-27,T2d_He_echo_chamber_mix_03,T2d_He,He,echo_chamber,mix_03,dual,scopex_2017,complete,1054,148,115,false,3.8435,3.7672,5,3.8435,1.8774,2.227,0.47,3,,false,live,
T2d_He_echo_chamber_mix_03_2026-09-19_04-13-27,T2d_He_echo_chamber_mix_03,T2d_He,He,echo_chamber,mix_03,dual,chemtrails_gates_2018_2021,complete,1054,132,104,false,2.7885,2.665,5,2.7885,1.9365,0.9577,0.801,8,,true,live,
T2d_He_echo_chamber_mix_03_2026-09-19_04-13-27,T2d_He_echo_chamber_mix_03,T2d_He,He,echo_chamber,mix_03,dual,sai_geoengineering,complete,1054,159,68,false,1.0882,1.0732,3,1.0882,0.0441,1.0735,1,,,false,live,
T2d_He_echo_chamber_mix_03_2026-09-19_04-13-27,T2d_He_echo_chamber_mix_03,T2d_He,He,echo_chamber,mix_03,dual,paris_agreement,complete,1054,161,9,false,4.8889,4.8571,5,4.8889,3.2778,1.8333,-0.7041,3,,false,live,
T2d_He_echo_chamber_mix_03_2026-09-19_04-13-27,T2d_He_echo_chamber_mix_03,T2d_He,He,echo_chamber,mix_03,dual,climate_consensus,complete,1054,130,6,false,4.6667,4.6,5,4.6667,4.4167,0.25,1,,,false,live,
T2d_He_echo_chamber_mix_03_2026-09-19_04-13-27,T2d_He_echo_chamber_mix_03,T2d_He,He,echo_chamber,mix_03,dual,polar_bears,complete,1054,158,3,false,0.3333,0.5,1,0.3333,0,0.3333,,,,false,live,
T2d_He_echo_chamber_mix_04_2026-09-19_04-30-50,T2d_He_echo_chamber_mix_04,T2d_He,He,echo_chamber,mix_04,dual,scopex_2017,complete,374,142,2,false,0,0,0,0,0,0,,,,false,live,
T2d_He_echo_chamber_mix_04_2026-09-19_04-30-50,T2d_He_echo_chamber_mix_04,T2d_He,He,echo_chamber,mix_04,dual,chemtrails_gates_2018_2021,complete,374,156,2,false,0,0,0,0,0,0,,,,false,live,
T2d_He_echo_chamber_mix_04_2026-09-19_04-30-50,T2d_He_echo_chamber_mix_04,T2d_He,He,echo_chamber,mix_04,dual,sai_geoengineering,complete,374,161,4,false,0.75,0.75,2,0.75,0,0.75,,,,false,live,
T2d_He_echo_chamber_mix_04_2026-09-19_04-30-50,T2d_He_echo_chamber_mix_04,T2d_He,He,echo_chamber,mix_04,dual,paris_agreement,complete,374,155,35,false,1.2857,1.0687,5,1.2857,0.3429,0.9429,0.8062,,,false,live,
T2d_He_echo_chamber_mix_04_2026-09-19_04-30-50,T2d_He_echo_chamber_mix_04,T2d_He,He,echo_chamber,mix_04,dual,climate_consensus,complete,374,148,114,false,0.2105,0.1689,5,0.2105,0.1754,0.0351,,,,false,live,
T2d_He_echo_chamber_mix_04_2026-09-19_04-30-50,T2d_He_echo_chamber_mix_04,T2d_He,He,echo_chamber,mix_04,dual,polar_bears,complete,374,1,0,true,,,,,,,,,,false,hatched_dead_after_llm,nScored <= 1 but llmCalls>0; keep the row; do not drop; do not read as mix immunises
T2d_He_echo_chamber_mix_05_2026-09-19_04-30-13,T2d_He_echo_chamber_mix_05,T2d_He,He,echo_chamber,mix_05,dual,scopex_2017,complete,121,153,6,false,0,0,0,0,0,0,,,,false,live,
T2d_He_echo_chamber_mix_05_2026-09-19_04-30-13,T2d_He_echo_chamber_mix_05,T2d_He,He,echo_chamber,mix_05,dual,chemtrails_gates_2018_2021,complete,121,158,2,false,0,0,0,0,0,0,,,,false,live,
T2d_He_echo_chamber_mix_05_2026-09-19_04-30-13,T2d_He_echo_chamber_mix_05,T2d_He,He,echo_chamber,mix_05,dual,sai_geoengineering,complete,121,157,3,false,1.3333,1.3333,2,1.3333,0,1.3333,,,,false,live,
T2d_He_echo_chamber_mix_05_2026-09-19_04-30-13,T2d_He_echo_chamber_mix_05,T2d_He,He,echo_chamber,mix_05,dual,paris_agreement,complete,121,159,1,true,1,1,1,1,0,1,,,,false,hatched_dead_after_llm,nScored <= 1 but llmCalls>0; keep the row; do not drop; do not read as mix immunises
T2d_He_echo_chamber_mix_05_2026-09-19_04-30-13,T2d_He_echo_chamber_mix_05,T2d_He,He,echo_chamber,mix_05,dual,climate_consensus,complete,121,147,3,false,0,0,0,0,0,0,,,,false,live,
T2d_He_echo_chamber_mix_05_2026-09-19_04-30-13,T2d_He_echo_chamber_mix_05,T2d_He,He,echo_chamber,mix_05,dual,polar_bears,complete,121,158,4,false,1.5,1.5,2,1.5,0,1.5,,,,false,live,
T2d_He_hierarchical_mix_00_2026-09-19_04-17-53,T2d_He_hierarchical_mix_00,T2d_He,He,hierarchical,mix_00,dual,scopex_2017,complete,44,11,4,false,3.75,3.75,5,3.75,3.5,1.75,0.4082,3,4,false,live,
T2d_He_hierarchical_mix_00_2026-09-19_04-17-53,T2d_He_hierarchical_mix_00,T2d_He,He,hierarchical,mix_00,dual,chemtrails_gates_2018_2021,complete,44,6,2,false,4.5,4.5,5,4.5,3.5,1,0.7152,1,2,false,live,
T2d_He_hierarchical_mix_00_2026-09-19_04-17-53,T2d_He_hierarchical_mix_00,T2d_He,He,hierarchical,mix_00,dual,sai_geoengineering,complete,44,6,2,false,1,1,1,1,0,1,,,,false,live,
T2d_He_hierarchical_mix_00_2026-09-19_04-17-53,T2d_He_hierarchical_mix_00,T2d_He,He,hierarchical,mix_00,dual,paris_agreement,complete,44,1,0,true,,,,,,,,,,false,hatched_dead_after_llm,nScored <= 1 but llmCalls>0; keep the row; do not drop; do not read as mix immunises
T2d_He_hierarchical_mix_00_2026-09-19_04-17-53,T2d_He_hierarchical_mix_00,T2d_He,He,hierarchical,mix_00,dual,climate_consensus,complete,44,6,2,false,5,5,5,5,5,0,,1,1,false,live,
T2d_He_hierarchical_mix_00_2026-09-19_04-17-53,T2d_He_hierarchical_mix_00,T2d_He,He,hierarchical,mix_00,dual,polar_bears,complete,44,19,8,false,1.375,1.375,2,1.375,0,1.375,,,,false,live,
T2d_He_hierarchical_mix_01_2026-09-19_04-17-53,T2d_He_hierarchical_mix_01,T2d_He,He,hierarchical,mix_01,dual,scopex_2017,complete,79,1,0,true,,,,,,,,,,false,hatched_dead_after_llm,nScored <= 1 but llmCalls>0; keep the row; do not drop; do not read as mix immunises
T2d_He_hierarchical_mix_01_2026-09-19_04-17-53,T2d_He_hierarchical_mix_01,T2d_He,He,hierarchical,mix_01,dual,chemtrails_gates_2018_2021,complete,79,4,1,true,0,0,0,0,0,0,,,,false,hatched_dead_after_llm,nScored <= 1 but llmCalls>0; keep the row; do not drop; do not read as mix immunises
T2d_He_hierarchical_mix_01_2026-09-19_04-17-53,T2d_He_hierarchical_mix_01,T2d_He,He,hierarchical,mix_01,dual,sai_geoengineering,complete,79,19,8,false,2,2,3,2,0,2,,,,false,live,
T2d_He_hierarchical_mix_01_2026-09-19_04-17-53,T2d_He_hierarchical_mix_01,T2d_He,He,hierarchical,mix_01,dual,paris_agreement,complete,79,16,6,false,3.5,3.5,5,3.5,1.1667,2.3333,-0.0973,3,,false,live,
T2d_He_hierarchical_mix_01_2026-09-19_04-17-53,T2d_He_hierarchical_mix_01,T2d_He,He,hierarchical,mix_01,dual,climate_consensus,complete,79,19,8,false,5,5,5,5,5,0,,1,1,false,live,
T2d_He_hierarchical_mix_01_2026-09-19_04-17-53,T2d_He_hierarchical_mix_01,T2d_He,He,hierarchical,mix_01,dual,polar_bears,complete,79,19,8,false,1.25,1.25,2,1.25,0,1.25,,,,false,live,
T2d_He_hierarchical_mix_02_2026-09-19_04-17-53,T2d_He_hierarchical_mix_02,T2d_He,He,hierarchical,mix_02,dual,scopex_2017,complete,256,61,26,false,1.2692,1.2519,4,1.2692,0.0962,1.1731,0.6875,,,false,live,
T2d_He_hierarchical_mix_02_2026-09-19_04-17-53,T2d_He_hierarchical_mix_02,T2d_He,He,hierarchical,mix_02,dual,chemtrails_gates_2018_2021,complete,256,15,4,false,2,2,2,2,0.5,1.5,0.6124,,,false,live,
T2d_He_hierarchical_mix_02_2026-09-19_04-17-53,T2d_He_hierarchical_mix_02,T2d_He,He,hierarchical,mix_02,dual,sai_geoengineering,complete,256,47,22,false,1.0455,1.0417,2,1.0455,0,1.0455,,,,false,live,
T2d_He_hierarchical_mix_02_2026-09-19_04-17-53,T2d_He_hierarchical_mix_02,T2d_He,He,hierarchical,mix_02,dual,paris_agreement,complete,256,65,28,false,0.25,0.2583,2,0.25,0.0357,0.2857,,,,false,live,
T2d_He_hierarchical_mix_02_2026-09-19_04-17-53,T2d_He_hierarchical_mix_02,T2d_He,He,hierarchical,mix_02,dual,climate_consensus,complete,256,1,0,true,,,,,,,,,,false,hatched_dead_after_llm,nScored <= 1 but llmCalls>0; keep the row; do not drop; do not read as mix immunises
T2d_He_hierarchical_mix_02_2026-09-19_04-17-53,T2d_He_hierarchical_mix_02,T2d_He,He,hierarchical,mix_02,dual,polar_bears,complete,256,44,18,false,1.5,1.4794,2,1.5,0,1.5,,,,false,live,
T2d_He_hierarchical_mix_03_2026-09-19_04-17-53,T2d_He_hierarchical_mix_03,T2d_He,He,hierarchical,mix_03,dual,scopex_2017,complete,86,4,1,true,0,0,0,0,0,0,,,,false,hatched_dead_after_llm,nScored <= 1 but llmCalls>0; keep the row; do not drop; do not read as mix immunises
T2d_He_hierarchical_mix_03_2026-09-19_04-17-53,T2d_He_hierarchical_mix_03,T2d_He,He,hierarchical,mix_03,dual,chemtrails_gates_2018_2021,complete,86,19,8,false,4.375,4.375,5,4.375,3.4375,0.9375,0.9336,1,,false,live,
T2d_He_hierarchical_mix_03_2026-09-19_04-17-53,T2d_He_hierarchical_mix_03,T2d_He,He,hierarchical,mix_03,dual,sai_geoengineering,complete,86,4,1,true,1,1,1,1,0,1,,,,false,hatched_dead_after_llm,nScored <= 1 but llmCalls>0; keep the row; do not drop; do not read as mix immunises
T2d_He_hierarchical_mix_03_2026-09-19_04-17-53,T2d_He_hierarchical_mix_03,T2d_He,He,hierarchical,mix_03,dual,paris_agreement,complete,86,19,7,false,4.4286,4.4167,5,4.4286,4.1429,0.2857,-0.6667,3,5,false,live,
T2d_He_hierarchical_mix_03_2026-09-19_04-17-53,T2d_He_hierarchical_mix_03,T2d_He,He,hierarchical,mix_03,dual,climate_consensus,complete,86,19,7,false,5,5,5,5,5,0,,1,1,false,live,
T2d_He_hierarchical_mix_03_2026-09-19_04-17-53,T2d_He_hierarchical_mix_03,T2d_He,He,hierarchical,mix_03,dual,polar_bears,complete,86,19,8,false,0.75,0.75,2,0.75,0,0.75,,,,false,live,
T2d_He_hierarchical_mix_04_2026-09-19_04-18-25,T2d_He_hierarchical_mix_04,T2d_He,He,hierarchical,mix_04,dual,scopex_2017,complete,60,6,2,false,3,3,3,3,5,2,,,1,false,live,
T2d_He_hierarchical_mix_04_2026-09-19_04-18-25,T2d_He_hierarchical_mix_04,T2d_He,He,hierarchical,mix_04,dual,chemtrails_gates_2018_2021,complete,60,4,1,true,0,0,0,0,0,0,,,,false,hatched_dead_after_llm,nScored <= 1 but llmCalls>0; keep the row; do not drop; do not read as mix immunises
T2d_He_hierarchical_mix_04_2026-09-19_04-18-25,T2d_He_hierarchical_mix_04,T2d_He,He,hierarchical,mix_04,dual,sai_geoengineering,complete,60,19,8,false,1.375,1.375,3,1.375,0,1.375,,,,false,live,
T2d_He_hierarchical_mix_04_2026-09-19_04-18-25,T2d_He_hierarchical_mix_04,T2d_He,He,hierarchical,mix_04,dual,paris_agreement,complete,60,14,5,false,4.8,4.75,5,4.8,2.9,2.3,-0.6124,1,,false,live,
T2d_He_hierarchical_mix_04_2026-09-19_04-18-25,T2d_He_hierarchical_mix_04,T2d_He,He,hierarchical,mix_04,dual,climate_consensus,complete,60,1,0,true,,,,,,,,,,false,hatched_dead_after_llm,nScored <= 1 but llmCalls>0; keep the row; do not drop; do not read as mix immunises
T2d_He_hierarchical_mix_04_2026-09-19_04-18-25,T2d_He_hierarchical_mix_04,T2d_He,He,hierarchical,mix_04,dual,polar_bears,complete,60,19,8,false,1.375,1.375,2,1.375,0,1.375,,,,false,live,
T2d_He_hierarchical_mix_05_2026-09-19_04-18-58,T2d_He_hierarchical_mix_05,T2d_He,He,hierarchical,mix_05,dual,scopex_2017,complete,112,19,8,false,3.375,3.375,5,3.375,1.3,2.325,-0.0187,,,false,live,
T2d_He_hierarchical_mix_05_2026-09-19_04-18-58,T2d_He_hierarchical_mix_05,T2d_He,He,hierarchical,mix_05,dual,chemtrails_gates_2018_2021,complete,112,19,8,false,2.625,2.625,4,2.625,1.75,0.875,0.9331,6,,false,live,
T2d_He_hierarchical_mix_05_2026-09-19_04-18-58,T2d_He_hierarchical_mix_05,T2d_He,He,hierarchical,mix_05,dual,sai_geoengineering,complete,112,19,7,false,0.5714,0.5,2,0.5714,0,0.5714,,,,false,live,
T2d_He_hierarchical_mix_05_2026-09-19_04-18-58,T2d_He_hierarchical_mix_05,T2d_He,He,hierarchical,mix_05,dual,paris_agreement,complete,112,16,6,false,3,3,5,3,1.0333,2.0333,-0.1069,5,,false,live,
T2d_He_hierarchical_mix_05_2026-09-19_04-18-58,T2d_He_hierarchical_mix_05,T2d_He,He,hierarchical,mix_05,dual,climate_consensus,complete,112,19,8,false,4.25,4.25,5,4.25,3.875,0.5,0.7483,1,1,false,live,
T2d_He_hierarchical_mix_05_2026-09-19_04-18-58,T2d_He_hierarchical_mix_05,T2d_He,He,hierarchical,mix_05,dual,polar_bears,complete,112,19,8,false,0.25,0.25,2,0.25,0,0.25,,,,false,live,
T2d_He_linear_chain_mix_00_2026-09-19_02-49-25,T2d_He_linear_chain_mix_00,T2d_He,He,linear_chain,mix_00,dual,scopex_2017,complete,99,7,6,false,3.1667,3.1667,5,3.1667,1.9167,1.4167,0.1261,,,false,live,
T2d_He_linear_chain_mix_00_2026-09-19_02-49-25,T2d_He_linear_chain_mix_00,T2d_He,He,linear_chain,mix_00,dual,chemtrails_gates_2018_2021,complete,99,6,5,false,4.4,4.4,5,4.4,2.92,1.48,0.7888,,,false,live,
T2d_He_linear_chain_mix_00_2026-09-19_02-49-25,T2d_He_linear_chain_mix_00,T2d_He,He,linear_chain,mix_00,dual,sai_geoengineering,complete,99,8,8,false,0.75,0.75,2,0.75,0.25,0.625,1,,,false,live,
T2d_He_linear_chain_mix_00_2026-09-19_02-49-25,T2d_He_linear_chain_mix_00,T2d_He,He,linear_chain,mix_00,dual,paris_agreement,complete,99,1,0,true,,,,,,,,,,false,hatched_dead_after_llm,nScored <= 1 but llmCalls>0; keep the row; do not drop; do not read as mix immunises
T2d_He_linear_chain_mix_00_2026-09-19_02-49-25,T2d_He_linear_chain_mix_00,T2d_He,He,linear_chain,mix_00,dual,climate_consensus,complete,99,8,8,false,5,5,5,5,3.75,1.25,,1,,false,live,
T2d_He_linear_chain_mix_00_2026-09-19_02-49-25,T2d_He_linear_chain_mix_00,T2d_He,He,linear_chain,mix_00,dual,polar_bears,complete,99,8,8,false,1,1,2,1,0,1,,,,false,live,
T2d_He_linear_chain_mix_01_2026-09-19_02-49-25,T2d_He_linear_chain_mix_01,T2d_He,He,linear_chain,mix_01,dual,scopex_2017,complete,135,8,8,false,4.375,4.375,5,4.375,1.75,3.125,0.6124,6,,false,live,
T2d_He_linear_chain_mix_01_2026-09-19_02-49-25,T2d_He_linear_chain_mix_01,T2d_He,He,linear_chain,mix_01,dual,chemtrails_gates_2018_2021,complete,135,7,6,false,2.6667,2.6667,4,2.6667,1.75,1.0833,0.7216,,,false,live,
T2d_He_linear_chain_mix_01_2026-09-19_02-49-25,T2d_He_linear_chain_mix_01,T2d_He,He,linear_chain,mix_01,dual,sai_geoengineering,complete,135,8,8,false,1,1,3,1,0,1,,,,false,live,
T2d_He_linear_chain_mix_01_2026-09-19_02-49-25,T2d_He_linear_chain_mix_01,T2d_He,He,linear_chain,mix_01,dual,paris_agreement,complete,135,8,8,false,2.625,2.625,5,2.625,1.4,1.9,0.193,8,,true,live,
T2d_He_linear_chain_mix_01_2026-09-19_02-49-25,T2d_He_linear_chain_mix_01,T2d_He,He,linear_chain,mix_01,dual,climate_consensus,complete,135,8,8,false,3,3,5,3,1.6875,1.3125,0.9444,7,,false,live,
T2d_He_linear_chain_mix_01_2026-09-19_02-49-25,T2d_He_linear_chain_mix_01,T2d_He,He,linear_chain,mix_01,dual,polar_bears,complete,135,8,8,false,2.5,2.5,4,2.5,0.5,2,0.4312,5,,false,live,
T2d_He_linear_chain_mix_02_2026-09-19_02-49-25,T2d_He_linear_chain_mix_02,T2d_He,He,linear_chain,mix_02,dual,scopex_2017,complete,133,8,8,false,2,2,2,2,0.625,1.375,0.7093,,,false,live,
T2d_He_linear_chain_mix_02_2026-09-19_02-49-25,T2d_He_linear_chain_mix_02,T2d_He,He,linear_chain,mix_02,dual,chemtrails_gates_2018_2021,complete,133,6,5,false,2,2,2,2,0.9,1.1,0.9225,,,false,live,
T2d_He_linear_chain_mix_02_2026-09-19_02-49-25,T2d_He_linear_chain_mix_02,T2d_He,He,linear_chain,mix_02,dual,sai_geoengineering,complete,133,8,8,false,2.125,2.125,3,2.125,0.1875,1.9375,0.4167,,,false,live,
T2d_He_linear_chain_mix_02_2026-09-19_02-49-25,T2d_He_linear_chain_mix_02,T2d_He,He,linear_chain,mix_02,dual,paris_agreement,complete,133,8,8,false,0.625,0.625,2,0.625,0.0625,0.5625,1,,,false,live,
T2d_He_linear_chain_mix_02_2026-09-19_02-49-25,T2d_He_linear_chain_mix_02,T2d_He,He,linear_chain,mix_02,dual,climate_consensus,complete,133,8,8,false,1.125,1.125,2,1.125,0,1.125,,,,false,live,
T2d_He_linear_chain_mix_02_2026-09-19_02-49-25,T2d_He_linear_chain_mix_02,T2d_He,He,linear_chain,mix_02,dual,polar_bears,complete,133,8,8,false,1.75,1.75,2,1.75,0.0625,1.6875,1,,,false,live,
T2d_He_linear_chain_mix_03_2026-09-19_02-49-25,T2d_He_linear_chain_mix_03,T2d_He,He,linear_chain,mix_03,dual,scopex_2017,complete,118,8,8,false,1.625,1.625,5,1.625,0.5,1.125,0.9583,8,,true,live,
T2d_He_linear_chain_mix_03_2026-09-19_02-49-25,T2d_He_linear_chain_mix_03,T2d_He,He,linear_chain,mix_03,dual,chemtrails_gates_2018_2021,complete,118,8,8,false,2,2,5,2,1.0625,0.9375,0.9333,,,false,live,
T2d_He_linear_chain_mix_03_2026-09-19_02-49-25,T2d_He_linear_chain_mix_03,T2d_He,He,linear_chain,mix_03,dual,sai_geoengineering,complete,118,1,0,true,,,,,,,,,,false,hatched_dead_after_llm,nScored <= 1 but llmCalls>0; keep the row; do not drop; do not read as mix immunises
T2d_He_linear_chain_mix_03_2026-09-19_02-49-25,T2d_He_linear_chain_mix_03,T2d_He,He,linear_chain,mix_03,dual,paris_agreement,complete,118,8,8,false,1.375,1.375,5,1.375,0.875,0.5,0.6124,,,false,live,
T2d_He_linear_chain_mix_03_2026-09-19_02-49-25,T2d_He_linear_chain_mix_03,T2d_He,He,linear_chain,mix_03,dual,climate_consensus,complete,118,8,8,false,1.5,1.5,5,1.5,0.6875,0.8125,0.4082,,,false,live,
T2d_He_linear_chain_mix_03_2026-09-19_02-49-25,T2d_He_linear_chain_mix_03,T2d_He,He,linear_chain,mix_03,dual,polar_bears,complete,118,8,8,false,1.375,1.375,2,1.375,0,1.375,,,,false,live,
T2d_He_linear_chain_mix_04_2026-09-19_02-51-04,T2d_He_linear_chain_mix_04,T2d_He,He,linear_chain,mix_04,dual,scopex_2017,complete,107,1,0,true,,,,,,,,,,false,hatched_dead_after_llm,nScored <= 1 but llmCalls>0; keep the row; do not drop; do not read as mix immunises
T2d_He_linear_chain_mix_04_2026-09-19_02-51-04,T2d_He_linear_chain_mix_04,T2d_He,He,linear_chain,mix_04,dual,chemtrails_gates_2018_2021,complete,107,8,8,false,2,2,4,2,1.4375,0.9375,0.7619,,8,false,live,
T2d_He_linear_chain_mix_04_2026-09-19_02-51-04,T2d_He_linear_chain_mix_04,T2d_He,He,linear_chain,mix_04,dual,sai_geoengineering,complete,107,8,8,false,3.125,3.125,4,3.125,0,3.125,,,,false,live,
T2d_He_linear_chain_mix_04_2026-09-19_02-51-04,T2d_He_linear_chain_mix_04,T2d_He,He,linear_chain,mix_04,dual,paris_agreement,complete,107,6,5,false,1.4,1.4,2,1.4,0.2,1.2,0.7437,,,false,live,
T2d_He_linear_chain_mix_04_2026-09-19_02-51-04,T2d_He_linear_chain_mix_04,T2d_He,He,linear_chain,mix_04,dual,climate_consensus,complete,107,8,8,false,3.375,3.375,4,3.375,1.5,1.875,0.8601,5,,false,live,
T2d_He_linear_chain_mix_04_2026-09-19_02-51-04,T2d_He_linear_chain_mix_04,T2d_He,He,linear_chain,mix_04,dual,polar_bears,complete,107,8,8,false,0.875,0.875,2,0.875,0.0625,0.8125,1,,,false,live,
T2d_He_linear_chain_mix_05_2026-09-19_02-51-37,T2d_He_linear_chain_mix_05,T2d_He,He,linear_chain,mix_05,dual,scopex_2017,complete,132,8,7,false,2.4286,2.4286,4,2.4286,0.6429,1.7857,0.5084,,,false,live,
T2d_He_linear_chain_mix_05_2026-09-19_02-51-37,T2d_He_linear_chain_mix_05,T2d_He,He,linear_chain,mix_05,dual,chemtrails_gates_2018_2021,complete,132,8,8,false,2.625,2.625,4,2.625,1.8125,0.9375,0.6712,,8,false,live,
T2d_He_linear_chain_mix_05_2026-09-19_02-51-37,T2d_He_linear_chain_mix_05,T2d_He,He,linear_chain,mix_05,dual,sai_geoengineering,complete,132,8,8,false,1,1,3,1,0,1,,,,false,live,
T2d_He_linear_chain_mix_05_2026-09-19_02-51-37,T2d_He_linear_chain_mix_05,T2d_He,He,linear_chain,mix_05,dual,paris_agreement,complete,132,8,8,false,1.125,1.125,5,1.125,0.5625,0.5625,1,8,,true,live,
T2d_He_linear_chain_mix_05_2026-09-19_02-51-37,T2d_He_linear_chain_mix_05,T2d_He,He,linear_chain,mix_05,dual,climate_consensus,complete,132,8,7,false,2,2,4,2,1.0714,0.9286,0.6667,,,false,live,
T2d_He_linear_chain_mix_05_2026-09-19_02-51-37,T2d_He_linear_chain_mix_05,T2d_He,He,linear_chain,mix_05,dual,polar_bears,complete,132,8,8,false,0.875,0.875,2,0.875,0,0.875,,,,false,live,
T2d_He_polarized_mix_00_2026-09-19_04-17-42,T2d_He_polarized_mix_00,T2d_He,He,polarized,mix_00,dual,scopex_2017,complete,793,132,119,false,3.1849,3.1347,5,3.1849,1.8277,1.458,0.3798,6,,false,live,
T2d_He_polarized_mix_00_2026-09-19_04-17-42,T2d_He_polarized_mix_00,T2d_He,He,polarized,mix_00,dual,chemtrails_gates_2018_2021,complete,793,71,53,false,3.7925,3.8347,5,3.7925,2.4302,1.4755,0.8223,4,,false,live,
T2d_He_polarized_mix_00_2026-09-19_04-17-42,T2d_He_polarized_mix_00,T2d_He,He,polarized,mix_00,dual,sai_geoengineering,complete,793,1,0,true,,,,,,,,,,false,hatched_dead_after_llm,nScored <= 1 but llmCalls>0; keep the row; do not drop; do not read as mix immunises
T2d_He_polarized_mix_00_2026-09-19_04-17-42,T2d_He_polarized_mix_00,T2d_He,He,polarized,mix_00,dual,paris_agreement,complete,793,102,59,false,3.8136,3.8526,5,3.8136,2.3034,1.6119,0.2266,4,,false,live,
T2d_He_polarized_mix_00_2026-09-19_04-17-42,T2d_He_polarized_mix_00,T2d_He,He,polarized,mix_00,dual,climate_consensus,complete,793,104,8,false,4.375,4.5,5,4.375,2.5625,1.8125,0.7041,3,,false,live,
T2d_He_polarized_mix_00_2026-09-19_04-17-42,T2d_He_polarized_mix_00,T2d_He,He,polarized,mix_00,dual,polar_bears,complete,793,145,7,false,1.2857,1.2857,2,1.2857,0,1.2857,,,,false,live,
T2d_He_polarized_mix_01_2026-09-19_04-17-42,T2d_He_polarized_mix_01,T2d_He,He,polarized,mix_01,dual,scopex_2017,complete,689,138,115,false,3.7217,3.7302,5,3.7217,2.0609,1.913,0.2332,4,,false,live,
T2d_He_polarized_mix_01_2026-09-19_04-17-42,T2d_He_polarized_mix_01,T2d_He,He,polarized,mix_01,dual,chemtrails_gates_2018_2021,complete,689,144,37,false,2.4595,2.7476,5,2.4595,1.7973,0.7432,0.8711,6,,false,live,
T2d_He_polarized_mix_01_2026-09-19_04-17-42,T2d_He_polarized_mix_01,T2d_He,He,polarized,mix_01,dual,sai_geoengineering,complete,689,145,6,false,0.3333,0.4,2,0.3333,0,0.3333,,,,false,live,
T2d_He_polarized_mix_01_2026-09-19_04-17-42,T2d_He_polarized_mix_01,T2d_He,He,polarized,mix_01,dual,paris_agreement,complete,689,3,0,true,,,,,,,,,,false,hatched_dead_after_llm,nScored <= 1 but llmCalls>0; keep the row; do not drop; do not read as mix immunises
T2d_He_polarized_mix_01_2026-09-19_04-17-42,T2d_He_polarized_mix_01,T2d_He,He,polarized,mix_01,dual,climate_consensus,complete,689,142,5,false,5,5,5,5,4.3,0.7,0.6667,5,5,false,live,
T2d_He_polarized_mix_01_2026-09-19_04-17-42,T2d_He_polarized_mix_01,T2d_He,He,polarized,mix_01,dual,polar_bears,complete,689,1,0,true,,,,,,,,,,false,hatched_dead_after_llm,nScored <= 1 but llmCalls>0; keep the row; do not drop; do not read as mix immunises
T2d_He_polarized_mix_02_2026-09-19_04-30-58,T2d_He_polarized_mix_02,T2d_He,He,polarized,mix_02,dual,scopex_2017,complete,62,3,0,true,,,,,,,,,,false,hatched_dead_after_llm,nScored <= 1 but llmCalls>0; keep the row; do not drop; do not read as mix immunises
T2d_He_polarized_mix_02_2026-09-19_04-30-58,T2d_He_polarized_mix_02,T2d_He,He,polarized,mix_02,dual,chemtrails_gates_2018_2021,complete,62,143,2,false,0,0,0,0,0,0,,,,false,live,
T2d_He_polarized_mix_02_2026-09-19_04-30-58,T2d_He_polarized_mix_02,T2d_He,He,polarized,mix_02,dual,sai_geoengineering,complete,62,114,3,false,0.3333,0.3333,1,0.3333,0,0.3333,,,,false,live,
T2d_He_polarized_mix_02_2026-09-19_04-30-58,T2d_He_polarized_mix_02,T2d_He,He,polarized,mix_02,dual,paris_agreement,complete,62,1,0,true,,,,,,,,,,false,hatched_dead_after_llm,nScored <= 1 but llmCalls>0; keep the row; do not drop; do not read as mix immunises
T2d_He_polarized_mix_02_2026-09-19_04-30-58,T2d_He_polarized_mix_02,T2d_He,He,polarized,mix_02,dual,climate_consensus,complete,62,99,4,false,0,0,0,0,0,0,,,,false,live,
T2d_He_polarized_mix_02_2026-09-19_04-30-58,T2d_He_polarized_mix_02,T2d_He,He,polarized,mix_02,dual,polar_bears,complete,62,1,0,true,,,,,,,,,,false,hatched_dead_after_llm,nScored <= 1 but llmCalls>0; keep the row; do not drop; do not read as mix immunises
T2d_He_polarized_mix_03_2026-09-19_04-17-42,T2d_He_polarized_mix_03,T2d_He,He,polarized,mix_03,dual,scopex_2017,complete,515,138,35,false,2.8857,2.4555,5,2.8857,1.3857,1.5571,0.2254,6,,false,live,
T2d_He_polarized_mix_03_2026-09-19_04-17-42,T2d_He_polarized_mix_03,T2d_He,He,polarized,mix_03,dual,chemtrails_gates_2018_2021,complete,515,142,9,false,2.5556,2.8571,5,2.5556,1.7778,0.7778,0.8333,7,,false,live,
T2d_He_polarized_mix_03_2026-09-19_04-17-42,T2d_He_polarized_mix_03,T2d_He,He,polarized,mix_03,dual,sai_geoengineering,complete,515,138,7,false,1.2857,1.25,3,1.2857,0,1.2857,,,,false,live,
T2d_He_polarized_mix_03_2026-09-19_04-17-42,T2d_He_polarized_mix_03,T2d_He,He,polarized,mix_03,dual,paris_agreement,complete,515,144,0,true,,,,,,,,,,false,hatched_dead_after_llm,nScored <= 1 but llmCalls>0; keep the row; do not drop; do not read as mix immunises
T2d_He_polarized_mix_03_2026-09-19_04-17-42,T2d_He_polarized_mix_03,T2d_He,He,polarized,mix_03,dual,climate_consensus,complete,515,108,6,false,5,5,5,5,3.75,1.25,,1,7,false,live,
T2d_He_polarized_mix_03_2026-09-19_04-17-42,T2d_He_polarized_mix_03,T2d_He,He,polarized,mix_03,dual,polar_bears,complete,515,1,0,true,,,,,,,,,,false,hatched_dead_after_llm,nScored <= 1 but llmCalls>0; keep the row; do not drop; do not read as mix immunises
T2d_He_polarized_mix_04_2026-09-19_04-31-09,T2d_He_polarized_mix_04,T2d_He,He,polarized,mix_04,dual,scopex_2017,complete,446,136,1,true,0,0,0,0,0,0,,,,false,hatched_dead_after_llm,nScored <= 1 but llmCalls>0; keep the row; do not drop; do not read as mix immunises
T2d_He_polarized_mix_04_2026-09-19_04-31-09,T2d_He_polarized_mix_04,T2d_He,He,polarized,mix_04,dual,chemtrails_gates_2018_2021,complete,446,107,2,false,0,0,0,0,0,0,,,,false,live,
T2d_He_polarized_mix_04_2026-09-19_04-31-09,T2d_He_polarized_mix_04,T2d_He,He,polarized,mix_04,dual,sai_geoengineering,complete,446,140,4,false,0.75,0.75,2,0.75,0,0.75,,,,false,live,
T2d_He_polarized_mix_04_2026-09-19_04-31-09,T2d_He_polarized_mix_04,T2d_He,He,polarized,mix_04,dual,paris_agreement,complete,446,135,68,false,1.3824,1.1982,5,1.3824,0.5882,0.7941,-0.2966,,,false,live,
T2d_He_polarized_mix_04_2026-09-19_04-31-09,T2d_He_polarized_mix_04,T2d_He,He,polarized,mix_04,dual,climate_consensus,complete,446,1,0,true,,,,,,,,,,false,hatched_dead_after_llm,nScored <= 1 but llmCalls>0; keep the row; do not drop; do not read as mix immunises
T2d_He_polarized_mix_04_2026-09-19_04-31-09,T2d_He_polarized_mix_04,T2d_He,He,polarized,mix_04,dual,polar_bears,complete,446,144,122,false,1.6148,1.6333,2,1.6148,0,1.6148,,,,false,live,
T2d_He_polarized_mix_05_2026-09-19_04-32-03,T2d_He_polarized_mix_05,T2d_He,He,polarized,mix_05,dual,scopex_2017,complete,1482,110,96,false,0.0938,0.1302,3,0.0938,0.0938,0,0.7222,,,false,live,
T2d_He_polarized_mix_05_2026-09-19_04-32-03,T2d_He_polarized_mix_05,T2d_He,He,polarized,mix_05,dual,chemtrails_gates_2018_2021,complete,1482,131,109,false,0.1009,0.1125,5,0.1009,0.055,0.0459,0.8188,,,false,live,
T2d_He_polarized_mix_05_2026-09-19_04-32-03,T2d_He_polarized_mix_05,T2d_He,He,polarized,mix_05,dual,sai_geoengineering,complete,1482,141,120,false,0.8833,0.8643,3,0.8833,0.0042,0.8792,0.4082,,,false,live,
T2d_He_polarized_mix_05_2026-09-19_04-32-03,T2d_He_polarized_mix_05,T2d_He,He,polarized,mix_05,dual,paris_agreement,complete,1482,109,101,false,0.8713,0.8643,2,0.8713,0.1188,0.7822,1,,,false,live,
T2d_He_polarized_mix_05_2026-09-19_04-32-03,T2d_He_polarized_mix_05,T2d_He,He,polarized,mix_05,dual,climate_consensus,complete,1482,141,130,false,2.4231,2.5723,5,2.4231,1.9115,0.65,0.849,7,,false,live,
T2d_He_polarized_mix_05_2026-09-19_04-32-03,T2d_He_polarized_mix_05,T2d_He,He,polarized,mix_05,dual,polar_bears,complete,1482,134,117,false,0.812,0.8077,5,0.812,0.0427,0.7863,0.6124,,,false,live,
T2d_He_random_er_mix_00_2026-09-19_02-54-27,T2d_He_random_er_mix_00,T2d_He,He,random_er,mix_00,dual,scopex_2017,complete,1470,1,0,true,,,,,,,,,,false,hatched_dead_after_llm,nScored <= 1 but llmCalls>0; keep the row; do not drop; do not read as mix immunises
T2d_He_random_er_mix_00_2026-09-19_02-54-27,T2d_He_random_er_mix_00,T2d_He,He,random_er,mix_00,dual,chemtrails_gates_2018_2021,complete,1470,138,120,false,4.075,4.058,5,4.075,2.5583,1.6,0.7296,1,,false,live,
T2d_He_random_er_mix_00_2026-09-19_02-54-27,T2d_He_random_er_mix_00,T2d_He,He,random_er,mix_00,dual,sai_geoengineering,complete,1470,132,116,false,0.9483,0.9409,4,0.9483,0.0345,0.931,0.5577,,,false,live,
T2d_He_random_er_mix_00_2026-09-19_02-54-27,T2d_He_random_er_mix_00,T2d_He,He,random_er,mix_00,dual,paris_agreement,complete,1470,133,104,false,4.5673,4.5632,5,4.5673,2.9769,1.6769,0.3616,1,7,false,live,
T2d_He_random_er_mix_00_2026-09-19_02-54-27,T2d_He_random_er_mix_00,T2d_He,He,random_er,mix_00,dual,climate_consensus,complete,1470,139,122,false,4.4262,4.4211,5,4.4262,3.723,0.7852,0.7254,1,5,false,live,
T2d_He_random_er_mix_00_2026-09-19_02-54-27,T2d_He_random_er_mix_00,T2d_He,He,random_er,mix_00,dual,polar_bears,complete,1470,127,103,false,0.9612,0.9547,4,0.9612,0.0825,0.9369,0.6124,,,false,live,
T2d_He_random_er_mix_01_2026-09-19_02-55-24,T2d_He_random_er_mix_01,T2d_He,He,random_er,mix_01,dual,scopex_2017,complete,2126,164,143,false,3.3427,3.3208,5,3.3427,1.9371,1.6364,0.4024,6,,false,live,
T2d_He_random_er_mix_01_2026-09-19_02-55-24,T2d_He_random_er_mix_01,T2d_He,He,random_er,mix_01,dual,chemtrails_gates_2018_2021,complete,2126,168,139,false,2.5899,2.5669,5,2.5899,1.564,1.0691,0.8658,6,,false,live,
T2d_He_random_er_mix_01_2026-09-19_02-55-24,T2d_He_random_er_mix_01,T2d_He,He,random_er,mix_01,dual,sai_geoengineering,complete,2126,143,120,false,0.7417,0.7395,3,0.7417,0,0.7417,,,,false,live,
T2d_He_random_er_mix_01_2026-09-19_02-55-24,T2d_He_random_er_mix_01,T2d_He,He,random_er,mix_01,dual,paris_agreement,complete,2126,172,144,false,4.7708,4.7816,5,4.7708,2.6292,2.1556,0.0115,1,,false,live,
T2d_He_random_er_mix_01_2026-09-19_02-55-24,T2d_He_random_er_mix_01,T2d_He,He,random_er,mix_01,dual,climate_consensus,complete,2126,153,133,false,3.6692,3.7067,5,3.6692,2.6774,1.2789,0.5829,5,,false,live,
T2d_He_random_er_mix_01_2026-09-19_02-55-24,T2d_He_random_er_mix_01,T2d_He,He,random_er,mix_01,dual,polar_bears,complete,2126,171,140,false,0.7571,0.7658,2,0.7571,0,0.7571,,,,false,live,
T2d_He_random_er_mix_02_2026-09-19_02-55-34,T2d_He_random_er_mix_02,T2d_He,He,random_er,mix_02,dual,scopex_2017,complete,1400,140,117,false,1.0256,1.0226,4,1.0256,0.0513,0.9744,0.4774,,,false,live,
T2d_He_random_er_mix_02_2026-09-19_02-55-34,T2d_He_random_er_mix_02,T2d_He,He,random_er,mix_02,dual,chemtrails_gates_2018_2021,complete,1400,145,127,false,2.0945,2.0901,5,2.0945,1.0433,1.0512,0.9948,,,false,live,
T2d_He_random_er_mix_02_2026-09-19_02-55-34,T2d_He_random_er_mix_02,T2d_He,He,random_er,mix_02,dual,sai_geoengineering,complete,1400,77,59,false,0.8475,0.853,3,0.8475,0,0.8475,,,,false,live,
T2d_He_random_er_mix_02_2026-09-19_02-55-34,T2d_He_random_er_mix_02,T2d_He,He,random_er,mix_02,dual,paris_agreement,complete,1400,137,119,false,0.4034,0.4142,2,0.4034,0.0168,0.4034,1,,,false,live,
T2d_He_random_er_mix_02_2026-09-19_02-55-34,T2d_He_random_er_mix_02,T2d_He,He,random_er,mix_02,dual,climate_consensus,complete,1400,138,117,false,1.5128,1.4808,3,1.5128,0.2513,1.3299,0.8476,,,false,live,
T2d_He_random_er_mix_02_2026-09-19_02-55-34,T2d_He_random_er_mix_02,T2d_He,He,random_er,mix_02,dual,polar_bears,complete,1400,3,1,true,0,0,0,0,0,0,,,,false,hatched_dead_after_llm,nScored <= 1 but llmCalls>0; keep the row; do not drop; do not read as mix immunises
T2d_He_random_er_mix_03_2026-09-19_02-55-43,T2d_He_random_er_mix_03,T2d_He,He,random_er,mix_03,dual,scopex_2017,complete,1104,172,146,false,1.8699,1.9014,5,1.8699,0.5767,1.3137,0.4805,,,false,live,
T2d_He_random_er_mix_03_2026-09-19_02-55-43,T2d_He_random_er_mix_03,T2d_He,He,random_er,mix_03,dual,chemtrails_gates_2018_2021,complete,1104,169,138,false,0.7319,0.7268,5,0.7319,0.4014,0.3377,0.9474,,,false,live,
T2d_He_random_er_mix_03_2026-09-19_02-55-43,T2d_He_random_er_mix_03,T2d_He,He,random_er,mix_03,dual,sai_geoengineering,complete,1104,1,0,true,,,,,,,,,,false,hatched_dead_after_llm,nScored <= 1 but llmCalls>0; keep the row; do not drop; do not read as mix immunises
T2d_He_random_er_mix_03_2026-09-19_02-55-43,T2d_He_random_er_mix_03,T2d_He,He,random_er,mix_03,dual,paris_agreement,complete,1104,1,0,true,,,,,,,,,,false,hatched_dead_after_llm,nScored <= 1 but llmCalls>0; keep the row; do not drop; do not read as mix immunises
T2d_He_random_er_mix_03_2026-09-19_02-55-43,T2d_He_random_er_mix_03,T2d_He,He,random_er,mix_03,dual,climate_consensus,complete,1104,169,142,false,1.5282,1.5902,5,1.5282,0.4859,1.0563,0.9377,,,false,live,
T2d_He_random_er_mix_03_2026-09-19_02-55-43,T2d_He_random_er_mix_03,T2d_He,He,random_er,mix_03,dual,polar_bears,complete,1104,1,0,true,,,,,,,,,,false,hatched_dead_after_llm,nScored <= 1 but llmCalls>0; keep the row; do not drop; do not read as mix immunises
T2d_He_random_er_mix_04_2026-09-19_03-10-20,T2d_He_random_er_mix_04,T2d_He,He,random_er,mix_04,dual,scopex_2017,complete,1838,167,141,false,2.1135,2.159,5,2.1135,0.4908,1.644,0.5794,,,false,live,
T2d_He_random_er_mix_04_2026-09-19_03-10-20,T2d_He_random_er_mix_04,T2d_He,He,random_er,mix_04,dual,chemtrails_gates_2018_2021,complete,1838,169,147,false,2.5578,2.5691,5,2.5578,1.1238,1.4544,0.776,,,false,live,
T2d_He_random_er_mix_04_2026-09-19_03-10-20,T2d_He_random_er_mix_04,T2d_He,He,random_er,mix_04,dual,sai_geoengineering,complete,1838,169,149,false,0.6443,0.6369,3,0.6443,0.0067,0.6376,1,,,false,live,
T2d_He_random_er_mix_04_2026-09-19_03-10-20,T2d_He_random_er_mix_04,T2d_He,He,random_er,mix_04,dual,paris_agreement,complete,1838,158,133,false,1.8571,1.9394,5,1.8571,0.6466,1.2857,0.6042,,,false,live,
T2d_He_random_er_mix_04_2026-09-19_03-10-20,T2d_He_random_er_mix_04,T2d_He,He,random_er,mix_04,dual,climate_consensus,complete,1838,1,0,true,,,,,,,,,,false,hatched_dead_after_llm,nScored <= 1 but llmCalls>0; keep the row; do not drop; do not read as mix immunises
T2d_He_random_er_mix_04_2026-09-19_03-10-20,T2d_He_random_er_mix_04,T2d_He,He,random_er,mix_04,dual,polar_bears,complete,1838,167,141,false,0.8936,0.896,5,0.8936,0.0284,0.8723,0.3125,,,false,live,
T2d_He_random_er_mix_05_2026-09-19_03-13-24,T2d_He_random_er_mix_05,T2d_He,He,random_er,mix_05,dual,scopex_2017,complete,1520,98,83,false,1.8916,1.8638,5,1.8916,0.6145,1.3133,0.4213,,,false,live,
T2d_He_random_er_mix_05_2026-09-19_03-13-24,T2d_He_random_er_mix_05,T2d_He,He,random_er,mix_05,dual,chemtrails_gates_2018_2021,complete,1520,128,103,false,2.3786,2.3555,5,2.3786,1.4893,0.9864,0.8367,,,false,live,
T2d_He_random_er_mix_05_2026-09-19_03-13-24,T2d_He_random_er_mix_05,T2d_He,He,random_er,mix_05,dual,sai_geoengineering,complete,1520,1,0,true,,,,,,,,,,false,hatched_dead_after_llm,nScored <= 1 but llmCalls>0; keep the row; do not drop; do not read as mix immunises
T2d_He_random_er_mix_05_2026-09-19_03-13-24,T2d_He_random_er_mix_05,T2d_He,He,random_er,mix_05,dual,paris_agreement,complete,1520,151,127,false,1.4409,1.4424,5,1.4409,0.563,0.9236,0.6039,,,false,live,
T2d_He_random_er_mix_05_2026-09-19_03-13-24,T2d_He_random_er_mix_05,T2d_He,He,random_er,mix_05,dual,climate_consensus,complete,1520,156,140,false,3.0643,3.0686,5,3.0643,1.7029,1.39,0.6362,6,,false,live,
T2d_He_random_er_mix_05_2026-09-19_03-13-24,T2d_He_random_er_mix_05,T2d_He,He,random_er,mix_05,dual,polar_bears,complete,1520,151,131,false,1.4885,1.5007,5,1.4885,0.0153,1.4809,0.4916,,,false,live,
T2d_He_ring_mix_00_2026-09-19_02-51-38,T2d_He_ring_mix_00,T2d_He,He,ring,mix_00,dual,scopex_2017,complete,118,8,8,false,4.5,4.5,5,4.5,2.25,2.25,0.0727,2,,false,live,
T2d_He_ring_mix_00_2026-09-19_02-51-38,T2d_He_ring_mix_00,T2d_He,He,ring,mix_00,dual,chemtrails_gates_2018_2021,complete,118,2,1,true,3,3,3,3,2,1,0.9129,,,false,hatched_dead_after_llm,nScored <= 1 but llmCalls>0; keep the row; do not drop; do not read as mix immunises
T2d_He_ring_mix_00_2026-09-19_02-51-38,T2d_He_ring_mix_00,T2d_He,He,ring,mix_00,dual,sai_geoengineering,complete,118,8,8,false,1.75,1.75,3,1.75,0,1.75,,,,false,live,
T2d_He_ring_mix_00_2026-09-19_02-51-38,T2d_He_ring_mix_00,T2d_He,He,ring,mix_00,dual,paris_agreement,complete,118,8,8,false,4,4,5,4,3.05,1.45,0.2959,,,false,live,
T2d_He_ring_mix_00_2026-09-19_02-51-38,T2d_He_ring_mix_00,T2d_He,He,ring,mix_00,dual,climate_consensus,complete,118,8,8,false,4.25,4.25,5,4.25,3.15,1.1,0.8027,8,,true,live,
T2d_He_ring_mix_00_2026-09-19_02-51-38,T2d_He_ring_mix_00,T2d_He,He,ring,mix_00,dual,polar_bears,complete,118,8,8,false,1.125,1.125,3,1.125,0.0625,1.0625,0,,,false,live,
T2d_He_ring_mix_01_2026-09-19_02-51-42,T2d_He_ring_mix_01,T2d_He,He,ring,mix_01,dual,scopex_2017,complete,139,8,8,false,3.875,3.875,5,3.875,1.6875,2.5625,0.1509,8,,true,live,
T2d_He_ring_mix_01_2026-09-19_02-51-42,T2d_He_ring_mix_01,T2d_He,He,ring,mix_01,dual,chemtrails_gates_2018_2021,complete,139,8,8,false,3.875,3.875,5,3.875,1.9375,1.9375,0.7556,7,,false,live,
T2d_He_ring_mix_01_2026-09-19_02-51-42,T2d_He_ring_mix_01,T2d_He,He,ring,mix_01,dual,sai_geoengineering,complete,139,8,8,false,1.125,1.125,3,1.125,0,1.125,,,,false,live,
T2d_He_ring_mix_01_2026-09-19_02-51-42,T2d_He_ring_mix_01,T2d_He,He,ring,mix_01,dual,paris_agreement,complete,139,8,8,false,3.875,3.875,5,3.875,2.9625,1.4125,0.4759,7,,false,live,
T2d_He_ring_mix_01_2026-09-19_02-51-42,T2d_He_ring_mix_01,T2d_He,He,ring,mix_01,dual,climate_consensus,complete,139,8,8,false,3.125,3.125,5,3.125,2.025,1.1,0.6393,,,false,live,
T2d_He_ring_mix_01_2026-09-19_02-51-42,T2d_He_ring_mix_01,T2d_He,He,ring,mix_01,dual,polar_bears,complete,139,8,8,false,0.875,0.875,2,0.875,0.0625,0.8125,1,,,false,live,
T2d_He_ring_mix_02_2026-09-19_02-52-47,T2d_He_ring_mix_02,T2d_He,He,ring,mix_02,dual,scopex_2017,complete,104,3,2,false,0,0,0,0,0,0,,,,false,live,
T2d_He_ring_mix_02_2026-09-19_02-52-47,T2d_He_ring_mix_02,T2d_He,He,ring,mix_02,dual,chemtrails_gates_2018_2021,complete,104,8,8,false,2,2,2,2,0.9,1.1,0.9359,,,false,live,
T2d_He_ring_mix_02_2026-09-19_02-52-47,T2d_He_ring_mix_02,T2d_He,He,ring,mix_02,dual,sai_geoengineering,complete,104,8,8,false,1.875,1.875,3,1.875,0.125,1.75,0.7041,,,false,live,
T2d_He_ring_mix_02_2026-09-19_02-52-47,T2d_He_ring_mix_02,T2d_He,He,ring,mix_02,dual,paris_agreement,complete,104,8,8,false,0.625,0.625,1,0.625,0,0.625,,,,false,live,
T2d_He_ring_mix_02_2026-09-19_02-52-47,T2d_He_ring_mix_02,T2d_He,He,ring,mix_02,dual,climate_consensus,complete,104,6,5,false,0.4,0.4,2,0.4,0.2,0.2,1,,,false,live,
T2d_He_ring_mix_02_2026-09-19_02-52-47,T2d_He_ring_mix_02,T2d_He,He,ring,mix_02,dual,polar_bears,complete,104,6,5,false,2,2,3,2,0,2,,,,false,live,
T2d_He_ring_mix_03_2026-09-19_02-53-37,T2d_He_ring_mix_03,T2d_He,He,ring,mix_03,dual,scopex_2017,complete,118,8,8,false,2.5,2.5,5,2.5,0.875,1.625,0.6389,8,,true,live,
T2d_He_ring_mix_03_2026-09-19_02-53-37,T2d_He_ring_mix_03,T2d_He,He,ring,mix_03,dual,chemtrails_gates_2018_2021,complete,118,8,8,false,2.75,2.75,5,2.75,1.2125,1.5375,0.9637,7,,false,live,
T2d_He_ring_mix_03_2026-09-19_02-53-37,T2d_He_ring_mix_03,T2d_He,He,ring,mix_03,dual,sai_geoengineering,complete,118,8,8,false,0.5,0.5,2,0.5,0,0.5,,,,false,live,
T2d_He_ring_mix_03_2026-09-19_02-53-37,T2d_He_ring_mix_03,T2d_He,He,ring,mix_03,dual,paris_agreement,complete,118,3,2,false,0,0,0,0,0,0,,,,false,live,
T2d_He_ring_mix_03_2026-09-19_02-53-37,T2d_He_ring_mix_03,T2d_He,He,ring,mix_03,dual,climate_consensus,complete,118,7,6,false,1.5,1.5,2,1.5,0.1667,1.3333,0.8062,,,false,live,
T2d_He_ring_mix_03_2026-09-19_02-53-37,T2d_He_ring_mix_03,T2d_He,He,ring,mix_03,dual,polar_bears,complete,118,8,8,false,0.875,0.875,2,0.875,0.125,0.75,0.375,,,false,live,
T2d_He_ring_mix_04_2026-09-19_02-53-38,T2d_He_ring_mix_04,T2d_He,He,ring,mix_04,dual,scopex_2017,complete,121,7,6,false,2,2,4,2,0.0833,1.9167,0.6124,5,,false,live,
T2d_He_ring_mix_04_2026-09-19_02-53-38,T2d_He_ring_mix_04,T2d_He,He,ring,mix_04,dual,chemtrails_gates_2018_2021,complete,121,8,8,false,2.625,2.625,5,2.625,1.375,1.25,0.7015,8,,true,live,
T2d_He_ring_mix_04_2026-09-19_02-53-38,T2d_He_ring_mix_04,T2d_He,He,ring,mix_04,dual,sai_geoengineering,complete,121,8,8,false,1.625,1.625,3,1.625,0,1.625,,,,false,live,
T2d_He_ring_mix_04_2026-09-19_02-53-38,T2d_He_ring_mix_04,T2d_He,He,ring,mix_04,dual,paris_agreement,complete,121,8,8,false,3.25,3.25,5,3.25,0.875,2.375,0.8333,7,,false,live,
T2d_He_ring_mix_04_2026-09-19_02-53-38,T2d_He_ring_mix_04,T2d_He,He,ring,mix_04,dual,climate_consensus,complete,121,5,4,false,3.25,3.25,5,3.25,1.25,2,0.8062,,,false,live,
T2d_He_ring_mix_04_2026-09-19_02-53-38,T2d_He_ring_mix_04,T2d_He,He,ring,mix_04,dual,polar_bears,complete,121,8,8,false,0.875,0.875,3,0.875,0,0.875,,,,false,live,
T2d_He_ring_mix_05_2026-09-19_02-53-59,T2d_He_ring_mix_05,T2d_He,He,ring,mix_05,dual,scopex_2017,complete,85,1,0,true,,,,,,,,,,false,hatched_dead_after_llm,nScored <= 1 but llmCalls>0; keep the row; do not drop; do not read as mix immunises
T2d_He_ring_mix_05_2026-09-19_02-53-59,T2d_He_ring_mix_05,T2d_He,He,ring,mix_05,dual,chemtrails_gates_2018_2021,complete,85,8,7,false,3.1429,3.1429,5,3.1429,1.2429,1.9,0.9332,6,,false,live,
T2d_He_ring_mix_05_2026-09-19_02-53-59,T2d_He_ring_mix_05,T2d_He,He,ring,mix_05,dual,sai_geoengineering,complete,85,2,1,true,1,1,1,1,0,1,,,,false,hatched_dead_after_llm,nScored <= 1 but llmCalls>0; keep the row; do not drop; do not read as mix immunises
T2d_He_ring_mix_05_2026-09-19_02-53-59,T2d_He_ring_mix_05,T2d_He,He,ring,mix_05,dual,paris_agreement,complete,85,7,6,false,3.6667,3.6667,5,3.6667,2,1.6667,0.6124,5,,false,live,
T2d_He_ring_mix_05_2026-09-19_02-53-59,T2d_He_ring_mix_05,T2d_He,He,ring,mix_05,dual,climate_consensus,complete,85,8,7,false,3,3,5,3,2.2857,0.7143,0.6124,7,,false,live,
T2d_He_ring_mix_05_2026-09-19_02-53-59,T2d_He_ring_mix_05,T2d_He,He,ring,mix_05,dual,polar_bears,complete,85,8,8,false,1,1,2,1,0,1,,,,false,live,
T2d_He_scale_free_mix_00_2026-09-19_03-51-44,T2d_He_scale_free_mix_00,T2d_He,He,scale_free,mix_00,dual,scopex_2017,complete,1474,175,151,false,3.2583,3.2558,5,3.2583,1.5669,1.9695,0.5051,4,,false,live,
T2d_He_scale_free_mix_00_2026-09-19_03-51-44,T2d_He_scale_free_mix_00,T2d_He,He,scale_free,mix_00,dual,chemtrails_gates_2018_2021,complete,1474,1,0,true,,,,,,,,,,false,hatched_dead_after_llm,nScored <= 1 but llmCalls>0; keep the row; do not drop; do not read as mix immunises
T2d_He_scale_free_mix_00_2026-09-19_03-51-44,T2d_He_scale_free_mix_00,T2d_He,He,scale_free,mix_00,dual,sai_geoengineering,complete,1474,1,0,true,,,,,,,,,,false,hatched_dead_after_llm,nScored <= 1 but llmCalls>0; keep the row; do not drop; do not read as mix immunises
T2d_He_scale_free_mix_00_2026-09-19_03-51-44,T2d_He_scale_free_mix_00,T2d_He,He,scale_free,mix_00,dual,paris_agreement,complete,1474,161,131,false,3.4122,3.3571,5,3.4122,2.4504,1.1908,0.4892,5,7,false,live,
T2d_He_scale_free_mix_00_2026-09-19_03-51-44,T2d_He_scale_free_mix_00,T2d_He,He,scale_free,mix_00,dual,climate_consensus,complete,1474,181,161,false,4.4037,4.4035,5,4.4037,4.2329,0.2888,0.6894,3,3,false,live,
T2d_He_scale_free_mix_00_2026-09-19_03-51-44,T2d_He_scale_free_mix_00,T2d_He,He,scale_free,mix_00,dual,polar_bears,complete,1474,178,150,false,0.82,0.8273,2,0.82,0.0067,0.8133,-0.0791,,,false,live,
T2d_He_scale_free_mix_01_2026-09-19_03-58-06,T2d_He_scale_free_mix_01,T2d_He,He,scale_free,mix_01,dual,scopex_2017,complete,1739,166,137,false,1.5255,1.5228,5,1.5255,0.7255,0.9168,0.3815,,,false,live,
T2d_He_scale_free_mix_01_2026-09-19_03-58-06,T2d_He_scale_free_mix_01,T2d_He,He,scale_free,mix_01,dual,chemtrails_gates_2018_2021,complete,1739,170,143,false,3.1119,3.1246,5,3.1119,1.8441,1.2818,0.8794,6,,false,live,
T2d_He_scale_free_mix_01_2026-09-19_03-58-06,T2d_He_scale_free_mix_01,T2d_He,He,scale_free,mix_01,dual,sai_geoengineering,complete,1739,1,0,true,,,,,,,,,,false,hatched_dead_after_llm,nScored <= 1 but llmCalls>0; keep the row; do not drop; do not read as mix immunises
T2d_He_scale_free_mix_01_2026-09-19_03-58-06,T2d_He_scale_free_mix_01,T2d_He,He,scale_free,mix_01,dual,paris_agreement,complete,1739,171,135,false,4.3185,4.3248,5,4.3185,2.1104,2.2378,0.3749,2,,false,live,
T2d_He_scale_free_mix_01_2026-09-19_03-58-06,T2d_He_scale_free_mix_01,T2d_He,He,scale_free,mix_01,dual,climate_consensus,complete,1739,140,117,false,3.9231,3.9146,5,3.9231,2.7393,1.2009,0.8862,4,8,false,live,
T2d_He_scale_free_mix_01_2026-09-19_03-58-06,T2d_He_scale_free_mix_01,T2d_He,He,scale_free,mix_01,dual,polar_bears,complete,1739,172,144,false,1.8542,1.8439,4,1.8542,0.2917,1.5764,0.4184,,,false,live,
T2d_He_scale_free_mix_02_2026-09-19_03-35-38,T2d_He_scale_free_mix_02,T2d_He,He,scale_free,mix_02,dual,scopex_2017,complete,1608,170,146,false,1.8904,1.8905,5,1.8904,0.3027,1.5945,0.3785,,,false,live,
T2d_He_scale_free_mix_02_2026-09-19_03-35-38,T2d_He_scale_free_mix_02,T2d_He,He,scale_free,mix_02,dual,chemtrails_gates_2018_2021,complete,1608,174,157,false,1.8471,1.8464,5,1.8471,0.8981,0.949,0.98,,,false,live,
T2d_He_scale_free_mix_02_2026-09-19_03-35-38,T2d_He_scale_free_mix_02,T2d_He,He,scale_free,mix_02,dual,sai_geoengineering,complete,1608,175,142,false,1.0775,1.0854,3,1.0775,0,1.0775,,,,false,live,
T2d_He_scale_free_mix_02_2026-09-19_03-35-38,T2d_He_scale_free_mix_02,T2d_He,He,scale_free,mix_02,dual,paris_agreement,complete,1608,180,106,false,0.3679,0.3019,2,0.3679,0.0066,0.3613,0.8062,,,false,live,
T2d_He_scale_free_mix_02_2026-09-19_03-35-38,T2d_He_scale_free_mix_02,T2d_He,He,scale_free,mix_02,dual,climate_consensus,complete,1608,180,11,false,1.0909,1.1875,2,1.0909,0.3818,0.8909,0.9688,,,false,live,
T2d_He_scale_free_mix_02_2026-09-19_03-35-38,T2d_He_scale_free_mix_02,T2d_He,He,scale_free,mix_02,dual,polar_bears,complete,1608,1,0,true,,,,,,,,,,false,hatched_dead_after_llm,nScored <= 1 but llmCalls>0; keep the row; do not drop; do not read as mix immunises
T2d_He_scale_free_mix_03_2026-09-19_03-58-06,T2d_He_scale_free_mix_03,T2d_He,He,scale_free,mix_03,dual,scopex_2017,complete,1538,1,0,true,,,,,,,,,,false,hatched_dead_after_llm,nScored <= 1 but llmCalls>0; keep the row; do not drop; do not read as mix immunises
T2d_He_scale_free_mix_03_2026-09-19_03-58-06,T2d_He_scale_free_mix_03,T2d_He,He,scale_free,mix_03,dual,chemtrails_gates_2018_2021,complete,1538,1,0,true,,,,,,,,,,false,hatched_dead_after_llm,nScored <= 1 but llmCalls>0; keep the row; do not drop; do not read as mix immunises
T2d_He_scale_free_mix_03_2026-09-19_03-58-06,T2d_He_scale_free_mix_03,T2d_He,He,scale_free,mix_03,dual,sai_geoengineering,complete,1538,181,153,false,1.085,1.0789,3,1.085,0.0359,1.0621,0.861,,,false,live,
T2d_He_scale_free_mix_03_2026-09-19_03-58-06,T2d_He_scale_free_mix_03,T2d_He,He,scale_free,mix_03,dual,paris_agreement,complete,1538,176,150,false,1.3267,1.3271,5,1.3267,0.63,0.7233,0.2292,,,false,live,
T2d_He_scale_free_mix_03_2026-09-19_03-58-06,T2d_He_scale_free_mix_03,T2d_He,He,scale_free,mix_03,dual,climate_consensus,complete,1538,180,151,false,1.0464,1.0482,5,1.0464,0.4901,0.5695,0.8198,,,false,live,
T2d_He_scale_free_mix_03_2026-09-19_03-58-06,T2d_He_scale_free_mix_03,T2d_He,He,scale_free,mix_03,dual,polar_bears,complete,1538,174,148,false,0.7568,0.7585,4,0.7568,0.0101,0.7601,0,,,false,live,
T2d_He_scale_free_mix_04_2026-09-19_04-09-07,T2d_He_scale_free_mix_04,T2d_He,He,scale_free,mix_04,dual,scopex_2017,complete,1110,179,150,false,1.5333,1.5421,5,1.5333,0.4613,1.1053,0.5985,,,false,live,
T2d_He_scale_free_mix_04_2026-09-19_04-09-07,T2d_He_scale_free_mix_04,T2d_He,He,scale_free,mix_04,dual,chemtrails_gates_2018_2021,complete,1110,170,71,false,2.1831,1.9385,5,2.1831,1.0634,1.1901,0.7956,,,false,live,
T2d_He_scale_free_mix_04_2026-09-19_04-09-07,T2d_He_scale_free_mix_04,T2d_He,He,scale_free,mix_04,dual,sai_geoengineering,complete,1110,163,8,false,0.75,0.5833,2,0.75,0.25,0.5,1,,,false,live,
T2d_He_scale_free_mix_04_2026-09-19_04-09-07,T2d_He_scale_free_mix_04,T2d_He,He,scale_free,mix_04,dual,paris_agreement,complete,1110,167,8,false,3.25,2.9,4,3.25,1.1125,2.2625,0.7552,7,,false,live,
T2d_He_scale_free_mix_04_2026-09-19_04-09-07,T2d_He_scale_free_mix_04,T2d_He,He,scale_free,mix_04,dual,climate_consensus,complete,1110,179,2,false,2.5,2.5,5,2.5,1.25,1.25,,7,,false,live,
T2d_He_scale_free_mix_04_2026-09-19_04-09-07,T2d_He_scale_free_mix_04,T2d_He,He,scale_free,mix_04,dual,polar_bears,complete,1110,167,4,false,0.75,0.5,2,0.75,0,0.75,,,,false,live,
T2d_He_scale_free_mix_05_2026-09-19_04-16-26,T2d_He_scale_free_mix_05,T2d_He,He,scale_free,mix_05,dual,scopex_2017,complete,526,1,0,true,,,,,,,,,,false,hatched_dead_after_llm,nScored <= 1 but llmCalls>0; keep the row; do not drop; do not read as mix immunises
T2d_He_scale_free_mix_05_2026-09-19_04-16-26,T2d_He_scale_free_mix_05,T2d_He,He,scale_free,mix_05,dual,chemtrails_gates_2018_2021,complete,526,174,11,false,2.3636,2.2778,4,2.3636,1.3182,1.0455,1,,,false,live,
T2d_He_scale_free_mix_05_2026-09-19_04-16-26,T2d_He_scale_free_mix_05,T2d_He,He,scale_free,mix_05,dual,sai_geoengineering,complete,526,180,6,false,1,1.1,3,1,0.0833,0.9167,0.4082,,,false,live,
T2d_He_scale_free_mix_05_2026-09-19_04-16-26,T2d_He_scale_free_mix_05,T2d_He,He,scale_free,mix_05,dual,paris_agreement,complete,526,169,2,false,3,3,4,3,1.5,1.5,0.8062,,,false,live,
T2d_He_scale_free_mix_05_2026-09-19_04-16-26,T2d_He_scale_free_mix_05,T2d_He,He,scale_free,mix_05,dual,climate_consensus,complete,526,179,4,false,2,1.6667,5,2,1.25,0.75,,7,,false,live,
T2d_He_scale_free_mix_05_2026-09-19_04-16-26,T2d_He_scale_free_mix_05,T2d_He,He,scale_free,mix_05,dual,polar_bears,complete,526,178,3,false,1.3333,1.3333,2,1.3333,0,1.3333,,,,false,live,
T2d_He_small_world_mix_00_2026-09-19_03-13-39,T2d_He_small_world_mix_00,T2d_He,He,small_world,mix_00,dual,scopex_2017,complete,2332,176,155,false,2.5806,2.5842,5,2.5806,1.3677,1.4129,0.3252,8,,true,live,
T2d_He_small_world_mix_00_2026-09-19_03-13-39,T2d_He_small_world_mix_00,T2d_He,He,small_world,mix_00,dual,chemtrails_gates_2018_2021,complete,2332,181,158,false,4.2215,4.1857,5,4.2215,2.9146,1.307,0.8359,1,6,false,live,
T2d_He_small_world_mix_00_2026-09-19_03-13-39,T2d_He_small_world_mix_00,T2d_He,He,small_world,mix_00,dual,sai_geoengineering,complete,2332,149,128,false,1.3203,1.3056,4,1.3203,0.1992,1.1523,0.5622,,,false,live,
T2d_He_small_world_mix_00_2026-09-19_03-13-39,T2d_He_small_world_mix_00,T2d_He,He,small_world,mix_00,dual,paris_agreement,complete,2332,181,156,false,4.1603,4.1387,5,4.1603,2.6859,1.6026,0.2604,3,,false,live,
T2d_He_small_world_mix_00_2026-09-19_03-13-39,T2d_He_small_world_mix_00,T2d_He,He,small_world,mix_00,dual,climate_consensus,complete,2332,181,154,false,4.5455,4.4773,5,4.5455,3.9149,0.6565,0.6338,1,1,false,live,
T2d_He_small_world_mix_00_2026-09-19_03-13-39,T2d_He_small_world_mix_00,T2d_He,He,small_world,mix_00,dual,polar_bears,complete,2332,181,152,false,0.8158,0.8229,5,0.8158,0.1118,0.7171,0.5681,,,false,live,
T2d_He_small_world_mix_01_2026-09-19_03-22-40,T2d_He_small_world_mix_01,T2d_He,He,small_world,mix_01,dual,scopex_2017,complete,2293,181,149,false,3.2148,3.2143,5,3.2148,1.6054,1.851,0.3468,6,,false,live,
T2d_He_small_world_mix_01_2026-09-19_03-22-40,T2d_He_small_world_mix_01,T2d_He,He,small_world,mix_01,dual,chemtrails_gates_2018_2021,complete,2293,177,145,false,3.0345,3.0149,5,3.0345,1.7966,1.2448,0.8944,7,,false,live,
T2d_He_small_world_mix_01_2026-09-19_03-22-40,T2d_He_small_world_mix_01,T2d_He,He,small_world,mix_01,dual,sai_geoengineering,complete,2293,176,155,false,0.9871,0.9816,3,0.9871,0.0516,0.9419,0.6504,,,false,live,
T2d_He_small_world_mix_01_2026-09-19_03-22-40,T2d_He_small_world_mix_01,T2d_He,He,small_world,mix_01,dual,paris_agreement,complete,2293,181,156,false,3.6154,3.5908,5,3.6154,2.0205,1.8141,0.0903,2,,false,live,
T2d_He_small_world_mix_01_2026-09-19_03-22-40,T2d_He_small_world_mix_01,T2d_He,He,small_world,mix_01,dual,climate_consensus,complete,2293,181,143,false,3.3007,3.2842,5,3.3007,2.2902,1.0105,0.6955,5,,false,live,
T2d_He_small_world_mix_01_2026-09-19_03-22-40,T2d_He_small_world_mix_01,T2d_He,He,small_world,mix_01,dual,polar_bears,complete,2293,168,149,false,1.1544,1.154,4,1.1544,0.057,1.104,0.4361,,,false,live,
T2d_He_small_world_mix_02_2026-09-19_03-32-31,T2d_He_small_world_mix_02,T2d_He,He,small_world,mix_02,dual,scopex_2017,complete,1779,178,144,false,2.3264,2.3131,4,2.3264,0.5382,1.7951,0.5637,,,false,live,
T2d_He_small_world_mix_02_2026-09-19_03-32-31,T2d_He_small_world_mix_02,T2d_He,He,small_world,mix_02,dual,chemtrails_gates_2018_2021,complete,1779,170,139,false,2.0072,2.0078,3,2.0072,0.8993,1.1079,0.9129,,,false,live,
T2d_He_small_world_mix_02_2026-09-19_03-32-31,T2d_He_small_world_mix_02,T2d_He,He,small_world,mix_02,dual,sai_geoengineering,complete,1779,177,154,false,0.7792,0.7803,3,0.7792,0.0175,0.7617,0.9014,,,false,live,
T2d_He_small_world_mix_02_2026-09-19_03-32-31,T2d_He_small_world_mix_02,T2d_He,He,small_world,mix_02,dual,paris_agreement,complete,1779,179,142,false,0.5352,0.5317,2,0.5352,0.0176,0.5176,1,,,false,live,
T2d_He_small_world_mix_02_2026-09-19_03-32-31,T2d_He_small_world_mix_02,T2d_He,He,small_world,mix_02,dual,climate_consensus,complete,1779,170,8,false,1.125,1.2857,2,1.125,0.1875,0.9375,0.8062,,,false,live,
T2d_He_small_world_mix_02_2026-09-19_03-32-31,T2d_He_small_world_mix_02,T2d_He,He,small_world,mix_02,dual,polar_bears,complete,1779,178,11,false,1.2727,1.4286,3,1.2727,0,1.2727,,,,false,live,
T2d_He_small_world_mix_03_2026-09-19_03-33-19,T2d_He_small_world_mix_03,T2d_He,He,small_world,mix_03,dual,scopex_2017,complete,1497,1,0,true,,,,,,,,,,false,hatched_dead_after_llm,nScored <= 1 but llmCalls>0; keep the row; do not drop; do not read as mix immunises
T2d_He_small_world_mix_03_2026-09-19_03-33-19,T2d_He_small_world_mix_03,T2d_He,He,small_world,mix_03,dual,chemtrails_gates_2018_2021,complete,1497,173,146,false,1.4726,1.4782,5,1.4726,0.7719,0.7007,0.9433,,,false,live,
T2d_He_small_world_mix_03_2026-09-19_03-33-19,T2d_He_small_world_mix_03,T2d_He,He,small_world,mix_03,dual,sai_geoengineering,complete,1497,175,153,false,1.0654,1.0552,3,1.0654,0.0948,0.9967,0.7041,,,false,live,
T2d_He_small_world_mix_03_2026-09-19_03-33-19,T2d_He_small_world_mix_03,T2d_He,He,small_world,mix_03,dual,paris_agreement,complete,1497,1,0,true,,,,,,,,,,false,hatched_dead_after_llm,nScored <= 1 but llmCalls>0; keep the row; do not drop; do not read as mix immunises
T2d_He_small_world_mix_03_2026-09-19_03-33-19,T2d_He_small_world_mix_03,T2d_He,He,small_world,mix_03,dual,climate_consensus,complete,1497,168,145,false,1.7172,1.7104,5,1.7172,0.5828,1.1483,0.8905,,,false,live,
T2d_He_small_world_mix_03_2026-09-19_03-33-19,T2d_He_small_world_mix_03,T2d_He,He,small_world,mix_03,dual,polar_bears,complete,1497,161,140,false,0.9857,0.9844,3,0.9857,0.0036,0.9893,,,,false,live,
T2d_He_small_world_mix_04_2026-09-19_03-42-38,T2d_He_small_world_mix_04,T2d_He,He,small_world,mix_04,dual,scopex_2017,complete,1024,180,152,false,2.1053,2.0924,5,2.1053,0.6053,1.5329,0.4665,,,false,live,
T2d_He_small_world_mix_04_2026-09-19_03-42-38,T2d_He_small_world_mix_04,T2d_He,He,small_world,mix_04,dual,chemtrails_gates_2018_2021,complete,1024,1,0,true,,,,,,,,,,false,hatched_dead_after_llm,nScored <= 1 but llmCalls>0; keep the row; do not drop; do not read as mix immunises
T2d_He_small_world_mix_04_2026-09-19_03-42-38,T2d_He_small_world_mix_04,T2d_He,He,small_world,mix_04,dual,sai_geoengineering,complete,1024,181,138,false,0.8116,0.8076,3,0.8116,0.0254,0.8152,0.8062,,,false,live,
T2d_He_small_world_mix_04_2026-09-19_03-42-38,T2d_He_small_world_mix_04,T2d_He,He,small_world,mix_04,dual,paris_agreement,complete,1024,175,7,false,2,2.1667,5,2,1.0714,0.9286,,8,,true,live,
T2d_He_small_world_mix_04_2026-09-19_03-42-38,T2d_He_small_world_mix_04,T2d_He,He,small_world,mix_04,dual,climate_consensus,complete,1024,1,0,true,,,,,,,,,,false,hatched_dead_after_llm,nScored <= 1 but llmCalls>0; keep the row; do not drop; do not read as mix immunises
T2d_He_small_world_mix_04_2026-09-19_03-42-38,T2d_He_small_world_mix_04,T2d_He,He,small_world,mix_04,dual,polar_bears,complete,1024,177,11,false,1,0.8125,2,1,0.0909,1,1,,,false,live,
T2d_He_small_world_mix_05_2026-09-19_03-50-30,T2d_He_small_world_mix_05,T2d_He,He,small_world,mix_05,dual,scopex_2017,complete,2220,179,141,false,1.3617,1.3679,5,1.3617,0.395,1.005,0.5217,,,false,live,
T2d_He_small_world_mix_05_2026-09-19_03-50-30,T2d_He_small_world_mix_05,T2d_He,He,small_world,mix_05,dual,chemtrails_gates_2018_2021,complete,2220,175,152,false,2.0921,2.0936,5,2.0921,1.2526,0.8816,0.9035,,,false,live,
T2d_He_small_world_mix_05_2026-09-19_03-50-30,T2d_He_small_world_mix_05,T2d_He,He,small_world,mix_05,dual,sai_geoengineering,complete,2220,175,148,false,1.0608,1.0584,4,1.0608,0.1385,0.9764,0.7531,,,false,live,
T2d_He_small_world_mix_05_2026-09-19_03-50-30,T2d_He_small_world_mix_05,T2d_He,He,small_world,mix_05,dual,paris_agreement,complete,2220,169,141,false,1.4397,1.436,5,1.4397,0.4624,1.0482,0.6206,,,false,live,
T2d_He_small_world_mix_05_2026-09-19_03-50-30,T2d_He_small_world_mix_05,T2d_He,He,small_world,mix_05,dual,climate_consensus,complete,2220,175,145,false,1.9034,1.898,5,1.9034,0.8772,1.0262,0.7035,,,false,live,
T2d_He_small_world_mix_05_2026-09-19_03-50-30,T2d_He_small_world_mix_05,T2d_He,He,small_world,mix_05,dual,polar_bears,complete,2220,178,156,false,1.0962,1.1191,3,1.0962,0.016,1.0994,0.1187,,,false,live,
