runDir,experimentName,slice,arm,topology,rest,miScoringMode,articleId,status,llmCalls,nEvents,nScored,dead,meanMI,meanNodeMPR,maxMI,meanDiscreteMI,meanContinuousMI,meanDualGap,meanAgreement,kStarDiscrete,kStarContinuous,kStarCensoredDiscrete,hatchStatus,hatchNote
T2c_He_echo_chamber_mix_00_2026-09-19_04-13-27,T2c_He_echo_chamber_mix_00,T2c_He,He,echo_chamber,mix_00,continuous,scopex_2017,complete,771,150,116,false,1.9267,1.8641,5,,1.9267,,,,,false,live,
T2c_He_echo_chamber_mix_00_2026-09-19_04-13-27,T2c_He_echo_chamber_mix_00,T2c_He,He,echo_chamber,mix_00,continuous,chemtrails_gates_2018_2021,complete,771,152,106,false,2.3047,2.1131,5,,2.3047,,,,,false,live,
T2c_He_echo_chamber_mix_00_2026-09-19_04-13-27,T2c_He_echo_chamber_mix_00,T2c_He,He,echo_chamber,mix_00,continuous,sai_geoengineering,complete,771,160,125,false,0.4952,0.4395,4,,0.4952,,,,,false,live,
T2c_He_echo_chamber_mix_00_2026-09-19_04-13-27,T2c_He_echo_chamber_mix_00,T2c_He,He,echo_chamber,mix_00,continuous,paris_agreement,complete,771,148,65,false,3.1738,3.179,5,,3.1738,,,,,false,live,
T2c_He_echo_chamber_mix_00_2026-09-19_04-13-27,T2c_He_echo_chamber_mix_00,T2c_He,He,echo_chamber,mix_00,continuous,climate_consensus,complete,771,157,14,false,3.7143,3.4048,5,,3.7143,,,,,false,live,
T2c_He_echo_chamber_mix_00_2026-09-19_04-13-27,T2c_He_echo_chamber_mix_00,T2c_He,He,echo_chamber,mix_00,continuous,polar_bears,complete,771,1,0,true,,,,,,,,,,false,hatched_dead_after_llm,nScored <= 1 but llmCalls>0; keep the row; do not drop; do not read as mix immunises
T2c_He_echo_chamber_mix_01_2026-09-19_04-13-27,T2c_He_echo_chamber_mix_01,T2c_He,He,echo_chamber,mix_01,continuous,scopex_2017,complete,726,150,112,false,2.4241,2.0678,5,,2.4241,,,,,false,live,
T2c_He_echo_chamber_mix_01_2026-09-19_04-13-27,T2c_He_echo_chamber_mix_01,T2c_He,He,echo_chamber,mix_01,continuous,chemtrails_gates_2018_2021,complete,726,137,109,false,2.7578,2.5035,4,,2.7578,,,,,false,live,
T2c_He_echo_chamber_mix_01_2026-09-19_04-13-27,T2c_He_echo_chamber_mix_01,T2c_He,He,echo_chamber,mix_01,continuous,sai_geoengineering,complete,726,1,0,true,,,,,,,,,,false,hatched_dead_after_llm,nScored <= 1 but llmCalls>0; keep the row; do not drop; do not read as mix immunises
T2c_He_echo_chamber_mix_01_2026-09-19_04-13-27,T2c_He_echo_chamber_mix_01,T2c_He,He,echo_chamber,mix_01,continuous,paris_agreement,complete,726,158,125,false,2.9232,2.6605,5,,2.9232,,,,,false,live,
T2c_He_echo_chamber_mix_01_2026-09-19_04-13-27,T2c_He_echo_chamber_mix_01,T2c_He,He,echo_chamber,mix_01,continuous,climate_consensus,complete,726,157,29,false,4.3276,3.8563,5,,4.3276,,,,3,false,live,
T2c_He_echo_chamber_mix_01_2026-09-19_04-13-27,T2c_He_echo_chamber_mix_01,T2c_He,He,echo_chamber,mix_01,continuous,polar_bears,complete,726,151,9,false,0.0556,0.0333,0.4999999999999999,,0.0556,,,,,false,live,
T2c_He_echo_chamber_mix_02_2026-09-19_04-13-27,T2c_He_echo_chamber_mix_02,T2c_He,He,echo_chamber,mix_02,continuous,scopex_2017,complete,597,149,111,false,0.0378,0.0483,2.5,,0.0378,,,,,false,live,
T2c_He_echo_chamber_mix_02_2026-09-19_04-13-27,T2c_He_echo_chamber_mix_02,T2c_He,He,echo_chamber,mix_02,continuous,chemtrails_gates_2018_2021,complete,597,155,33,false,0.697,0.6871,0.9999999999999998,,0.697,,,,,false,live,
T2c_He_echo_chamber_mix_02_2026-09-19_04-13-27,T2c_He_echo_chamber_mix_02,T2c_He,He,echo_chamber,mix_02,continuous,sai_geoengineering,complete,597,153,16,false,0,0,0,,0,,,,,false,live,
T2c_He_echo_chamber_mix_02_2026-09-19_04-13-27,T2c_He_echo_chamber_mix_02,T2c_He,He,echo_chamber,mix_02,continuous,paris_agreement,complete,597,160,1,true,0,0,0,,0,,,,,false,hatched_dead_after_llm,nScored <= 1 but llmCalls>0; keep the row; do not drop; do not read as mix immunises
T2c_He_echo_chamber_mix_02_2026-09-19_04-13-27,T2c_He_echo_chamber_mix_02,T2c_He,He,echo_chamber,mix_02,continuous,climate_consensus,complete,597,142,8,false,0.25,0.2857,0.9999999999999998,,0.25,,,,,false,live,
T2c_He_echo_chamber_mix_02_2026-09-19_04-13-27,T2c_He_echo_chamber_mix_02,T2c_He,He,echo_chamber,mix_02,continuous,polar_bears,complete,597,148,2,false,0,0,0,,0,,,,,false,live,
T2c_He_echo_chamber_mix_03_2026-09-19_04-13-27,T2c_He_echo_chamber_mix_03,T2c_He,He,echo_chamber,mix_03,continuous,scopex_2017,complete,626,150,119,false,2.2134,2.0401,5,,2.2134,,,,,false,live,
T2c_He_echo_chamber_mix_03_2026-09-19_04-13-27,T2c_He_echo_chamber_mix_03,T2c_He,He,echo_chamber,mix_03,continuous,chemtrails_gates_2018_2021,complete,626,157,53,false,2.6491,2.394,4,,2.6491,,,,,false,live,
T2c_He_echo_chamber_mix_03_2026-09-19_04-13-27,T2c_He_echo_chamber_mix_03,T2c_He,He,echo_chamber,mix_03,continuous,sai_geoengineering,complete,626,148,11,false,0.7273,0.8571,3,,0.7273,,,,,false,live,
T2c_He_echo_chamber_mix_03_2026-09-19_04-13-27,T2c_He_echo_chamber_mix_03,T2c_He,He,echo_chamber,mix_03,continuous,paris_agreement,complete,626,156,11,false,3.9273,3.828,5,,3.9273,,,,7,false,live,
T2c_He_echo_chamber_mix_03_2026-09-19_04-13-27,T2c_He_echo_chamber_mix_03,T2c_He,He,echo_chamber,mix_03,continuous,climate_consensus,complete,626,155,4,false,5,5,5,,5,,,,6,false,live,
T2c_He_echo_chamber_mix_03_2026-09-19_04-13-27,T2c_He_echo_chamber_mix_03,T2c_He,He,echo_chamber,mix_03,continuous,polar_bears,complete,626,161,5,false,0,0,0,,0,,,,,false,live,
T2c_He_echo_chamber_mix_04_2026-09-19_04-30-04,T2c_He_echo_chamber_mix_04,T2c_He,He,echo_chamber,mix_04,continuous,scopex_2017,complete,57,145,10,false,0,0,0,,0,,,,,false,live,
T2c_He_echo_chamber_mix_04_2026-09-19_04-30-04,T2c_He_echo_chamber_mix_04,T2c_He,He,echo_chamber,mix_04,continuous,chemtrails_gates_2018_2021,complete,57,157,5,false,0.2,0.125,0.9999999999999998,,0.2,,,,,false,live,
T2c_He_echo_chamber_mix_04_2026-09-19_04-30-04,T2c_He_echo_chamber_mix_04,T2c_He,He,echo_chamber,mix_04,continuous,sai_geoengineering,complete,57,159,3,false,0.5,0.375,0.9999999999999998,,0.5,,,,,false,live,
T2c_He_echo_chamber_mix_04_2026-09-19_04-30-04,T2c_He_echo_chamber_mix_04,T2c_He,He,echo_chamber,mix_04,continuous,paris_agreement,complete,57,143,7,false,0.5714,0.6667,2,,0.5714,,,,,false,live,
T2c_He_echo_chamber_mix_04_2026-09-19_04-30-04,T2c_He_echo_chamber_mix_04,T2c_He,He,echo_chamber,mix_04,continuous,climate_consensus,complete,57,1,0,true,,,,,,,,,,false,hatched_dead_after_llm,nScored <= 1 but llmCalls>0; keep the row; do not drop; do not read as mix immunises
T2c_He_echo_chamber_mix_04_2026-09-19_04-30-04,T2c_He_echo_chamber_mix_04,T2c_He,He,echo_chamber,mix_04,continuous,polar_bears,complete,57,145,4,false,0,0,0,,0,,,,,false,live,
T2c_He_echo_chamber_mix_05_2026-09-19_04-30-13,T2c_He_echo_chamber_mix_05,T2c_He,He,echo_chamber,mix_05,continuous,scopex_2017,complete,176,147,10,false,0.3,0.2143,3,,0.3,,,,,false,live,
T2c_He_echo_chamber_mix_05_2026-09-19_04-30-13,T2c_He_echo_chamber_mix_05,T2c_He,He,echo_chamber,mix_05,continuous,chemtrails_gates_2018_2021,complete,176,153,2,false,1.25,1.25,2.5,,1.25,,,,,false,live,
T2c_He_echo_chamber_mix_05_2026-09-19_04-30-13,T2c_He_echo_chamber_mix_05,T2c_He,He,echo_chamber,mix_05,continuous,sai_geoengineering,complete,176,158,5,false,0,0,0,,0,,,,,false,live,
T2c_He_echo_chamber_mix_05_2026-09-19_04-30-13,T2c_He_echo_chamber_mix_05,T2c_He,He,echo_chamber,mix_05,continuous,paris_agreement,complete,176,158,8,false,0.875,1.1667,4,,0.875,,,,,false,live,
T2c_He_echo_chamber_mix_05_2026-09-19_04-30-13,T2c_He_echo_chamber_mix_05,T2c_He,He,echo_chamber,mix_05,continuous,climate_consensus,complete,176,147,9,false,0.7778,0.8571,5,,0.7778,,,,,false,live,
T2c_He_echo_chamber_mix_05_2026-09-19_04-30-13,T2c_He_echo_chamber_mix_05,T2c_He,He,echo_chamber,mix_05,continuous,polar_bears,complete,176,154,120,false,0,0,0,,0,,,,,false,live,
T2c_He_hierarchical_mix_00_2026-09-19_04-14-39,T2c_He_hierarchical_mix_00,T2c_He,He,hierarchical,mix_00,continuous,scopex_2017,complete,44,1,0,true,,,,,,,,,,false,hatched_dead_after_llm,nScored <= 1 but llmCalls>0; keep the row; do not drop; do not read as mix immunises
T2c_He_hierarchical_mix_00_2026-09-19_04-14-39,T2c_He_hierarchical_mix_00,T2c_He,He,hierarchical,mix_00,continuous,chemtrails_gates_2018_2021,complete,44,19,8,false,3.9625,3.9625,4,,3.9625,,,,1,false,live,
T2c_He_hierarchical_mix_00_2026-09-19_04-14-39,T2c_He_hierarchical_mix_00,T2c_He,He,hierarchical,mix_00,continuous,sai_geoengineering,complete,44,19,7,false,0.2857,0.2917,0.9999999999999998,,0.2857,,,,,false,live,
T2c_He_hierarchical_mix_00_2026-09-19_04-14-39,T2c_He_hierarchical_mix_00,T2c_He,He,hierarchical,mix_00,continuous,paris_agreement,complete,44,19,8,false,3.875,3.875,5,,3.875,,,,7,false,live,
T2c_He_hierarchical_mix_00_2026-09-19_04-14-39,T2c_He_hierarchical_mix_00,T2c_He,He,hierarchical,mix_00,continuous,climate_consensus,complete,44,6,2,false,5,5,5,,5,,,,1,false,live,
T2c_He_hierarchical_mix_00_2026-09-19_04-14-39,T2c_He_hierarchical_mix_00,T2c_He,He,hierarchical,mix_00,continuous,polar_bears,complete,44,11,4,false,0,0,0,,0,,,,,false,live,
T2c_He_hierarchical_mix_01_2026-09-19_04-14-39,T2c_He_hierarchical_mix_01,T2c_He,He,hierarchical,mix_01,continuous,scopex_2017,complete,39,9,3,false,0.1667,0.125,0.4999999999999999,,0.1667,,,,,false,live,
T2c_He_hierarchical_mix_01_2026-09-19_04-14-39,T2c_He_hierarchical_mix_01,T2c_He,He,hierarchical,mix_01,continuous,chemtrails_gates_2018_2021,complete,39,9,3,false,3.5667,3.55,4,,3.5667,,,,1,false,live,
T2c_He_hierarchical_mix_01_2026-09-19_04-14-39,T2c_He_hierarchical_mix_01,T2c_He,He,hierarchical,mix_01,continuous,sai_geoengineering,complete,39,19,8,false,0.5,0.5,1.5000000000000002,,0.5,,,,,false,live,
T2c_He_hierarchical_mix_01_2026-09-19_04-14-39,T2c_He_hierarchical_mix_01,T2c_He,He,hierarchical,mix_01,continuous,paris_agreement,complete,39,1,0,true,,,,,,,,,,false,hatched_dead_after_llm,nScored <= 1 but llmCalls>0; keep the row; do not drop; do not read as mix immunises
T2c_He_hierarchical_mix_01_2026-09-19_04-14-39,T2c_He_hierarchical_mix_01,T2c_He,He,hierarchical,mix_01,continuous,climate_consensus,complete,39,19,8,false,4.875,4.875,5,,4.875,,,,1,false,live,
T2c_He_hierarchical_mix_01_2026-09-19_04-14-39,T2c_He_hierarchical_mix_01,T2c_He,He,hierarchical,mix_01,continuous,polar_bears,complete,39,14,5,false,0,0,0,,0,,,,,false,live,
T2c_He_hierarchical_mix_02_2026-09-19_04-15-22,T2c_He_hierarchical_mix_02,T2c_He,He,hierarchical,mix_02,continuous,scopex_2017,complete,128,1,0,true,,,,,,,,,,false,hatched_dead_after_llm,nScored <= 1 but llmCalls>0; keep the row; do not drop; do not read as mix immunises
T2c_He_hierarchical_mix_02_2026-09-19_04-15-22,T2c_He_hierarchical_mix_02,T2c_He,He,hierarchical,mix_02,continuous,chemtrails_gates_2018_2021,complete,128,54,25,false,0.96,0.9606,0.9999999999999998,,0.96,,,,,false,live,
T2c_He_hierarchical_mix_02_2026-09-19_04-15-22,T2c_He_hierarchical_mix_02,T2c_He,He,hierarchical,mix_02,continuous,sai_geoengineering,complete,128,60,27,false,0.037,0.0394,0.4999999999999999,,0.037,,,,,false,live,
T2c_He_hierarchical_mix_02_2026-09-19_04-15-22,T2c_He_hierarchical_mix_02,T2c_He,He,hierarchical,mix_02,continuous,paris_agreement,complete,128,1,0,true,,,,,,,,,,false,hatched_dead_after_llm,nScored <= 1 but llmCalls>0; keep the row; do not drop; do not read as mix immunises
T2c_He_hierarchical_mix_02_2026-09-19_04-15-22,T2c_He_hierarchical_mix_02,T2c_He,He,hierarchical,mix_02,continuous,climate_consensus,complete,128,61,28,false,0.1429,0.1481,1.5000000000000002,,0.1429,,,,,false,live,
T2c_He_hierarchical_mix_02_2026-09-19_04-15-22,T2c_He_hierarchical_mix_02,T2c_He,He,hierarchical,mix_02,continuous,polar_bears,complete,128,1,0,true,,,,,,,,,,false,hatched_dead_after_llm,nScored <= 1 but llmCalls>0; keep the row; do not drop; do not read as mix immunises
T2c_He_hierarchical_mix_03_2026-09-19_04-15-33,T2c_He_hierarchical_mix_03,T2c_He,He,hierarchical,mix_03,continuous,scopex_2017,complete,37,6,2,false,0,0,0,,0,,,,,false,live,
T2c_He_hierarchical_mix_03_2026-09-19_04-15-33,T2c_He_hierarchical_mix_03,T2c_He,He,hierarchical,mix_03,continuous,chemtrails_gates_2018_2021,complete,37,19,7,false,3.5,3.4792,4,,3.5,,,,5,false,live,
T2c_He_hierarchical_mix_03_2026-09-19_04-15-33,T2c_He_hierarchical_mix_03,T2c_He,He,hierarchical,mix_03,continuous,sai_geoengineering,complete,37,19,8,false,0,0,0,,0,,,,,false,live,
T2c_He_hierarchical_mix_03_2026-09-19_04-15-33,T2c_He_hierarchical_mix_03,T2c_He,He,hierarchical,mix_03,continuous,paris_agreement,complete,37,4,1,true,5,5,5,,5,,,,1,false,hatched_dead_after_llm,nScored <= 1 but llmCalls>0; keep the row; do not drop; do not read as mix immunises
T2c_He_hierarchical_mix_03_2026-09-19_04-15-33,T2c_He_hierarchical_mix_03,T2c_He,He,hierarchical,mix_03,continuous,climate_consensus,complete,37,1,0,true,,,,,,,,,,false,hatched_dead_after_llm,nScored <= 1 but llmCalls>0; keep the row; do not drop; do not read as mix immunises
T2c_He_hierarchical_mix_03_2026-09-19_04-15-33,T2c_He_hierarchical_mix_03,T2c_He,He,hierarchical,mix_03,continuous,polar_bears,complete,37,14,5,false,0,0,0,,0,,,,,false,live,
T2c_He_hierarchical_mix_04_2026-09-19_04-16-17,T2c_He_hierarchical_mix_04,T2c_He,He,hierarchical,mix_04,continuous,scopex_2017,complete,16,6,2,false,0,0,0,,0,,,,,false,live,
T2c_He_hierarchical_mix_04_2026-09-19_04-16-17,T2c_He_hierarchical_mix_04,T2c_He,He,hierarchical,mix_04,continuous,chemtrails_gates_2018_2021,complete,16,1,0,true,,,,,,,,,,false,hatched_dead_after_llm,nScored <= 1 but llmCalls>0; keep the row; do not drop; do not read as mix immunises
T2c_He_hierarchical_mix_04_2026-09-19_04-16-17,T2c_He_hierarchical_mix_04,T2c_He,He,hierarchical,mix_04,continuous,sai_geoengineering,complete,16,6,2,false,0,0,0,,0,,,,,false,live,
T2c_He_hierarchical_mix_04_2026-09-19_04-16-17,T2c_He_hierarchical_mix_04,T2c_He,He,hierarchical,mix_04,continuous,paris_agreement,complete,16,4,1,true,0,0,0,,0,,,,,false,hatched_dead_after_llm,nScored <= 1 but llmCalls>0; keep the row; do not drop; do not read as mix immunises
T2c_He_hierarchical_mix_04_2026-09-19_04-16-17,T2c_He_hierarchical_mix_04,T2c_He,He,hierarchical,mix_04,continuous,climate_consensus,complete,16,4,1,true,0,0,0,,0,,,,,false,hatched_dead_after_llm,nScored <= 1 but llmCalls>0; keep the row; do not drop; do not read as mix immunises
T2c_He_hierarchical_mix_04_2026-09-19_04-16-17,T2c_He_hierarchical_mix_04,T2c_He,He,hierarchical,mix_04,continuous,polar_bears,complete,16,16,6,false,0,0,0,,0,,,,,false,live,
T2c_He_hierarchical_mix_05_2026-09-19_04-16-36,T2c_He_hierarchical_mix_05,T2c_He,He,hierarchical,mix_05,continuous,scopex_2017,complete,56,14,5,false,0.2,0.1667,0.9999999999999998,,0.2,,,,,false,live,
T2c_He_hierarchical_mix_05_2026-09-19_04-16-36,T2c_He_hierarchical_mix_05,T2c_He,He,hierarchical,mix_05,continuous,chemtrails_gates_2018_2021,complete,56,14,5,false,4.2,4.25,5,,4.2,,,,1,false,live,
T2c_He_hierarchical_mix_05_2026-09-19_04-16-36,T2c_He_hierarchical_mix_05,T2c_He,He,hierarchical,mix_05,continuous,sai_geoengineering,complete,56,6,2,false,1,1,2,,1,,,,,false,live,
T2c_He_hierarchical_mix_05_2026-09-19_04-16-36,T2c_He_hierarchical_mix_05,T2c_He,He,hierarchical,mix_05,continuous,paris_agreement,complete,56,19,7,false,2,2.0417,3,,2,,,,,false,live,
T2c_He_hierarchical_mix_05_2026-09-19_04-16-36,T2c_He_hierarchical_mix_05,T2c_He,He,hierarchical,mix_05,continuous,climate_consensus,complete,56,19,8,false,5,5,5,,5,,,,1,false,live,
T2c_He_hierarchical_mix_05_2026-09-19_04-16-36,T2c_He_hierarchical_mix_05,T2c_He,He,hierarchical,mix_05,continuous,polar_bears,complete,56,19,7,false,0.3571,0.3542,0.4999999999999999,,0.3571,,,,,false,live,
T2c_He_linear_chain_mix_00_2026-09-19_02-49-25,T2c_He_linear_chain_mix_00,T2c_He,He,linear_chain,mix_00,continuous,scopex_2017,complete,79,8,8,false,1,1,2.5,,1,,,,,false,live,
T2c_He_linear_chain_mix_00_2026-09-19_02-49-25,T2c_He_linear_chain_mix_00,T2c_He,He,linear_chain,mix_00,continuous,chemtrails_gates_2018_2021,complete,79,8,8,false,2.125,2.125,4,,2.125,,,,,false,live,
T2c_He_linear_chain_mix_00_2026-09-19_02-49-25,T2c_He_linear_chain_mix_00,T2c_He,He,linear_chain,mix_00,continuous,sai_geoengineering,complete,79,4,3,false,0,0,0,,0,,,,,false,live,
T2c_He_linear_chain_mix_00_2026-09-19_02-49-25,T2c_He_linear_chain_mix_00,T2c_He,He,linear_chain,mix_00,continuous,paris_agreement,complete,79,8,8,false,2.4375,2.4375,5,,2.4375,,,,,false,live,
T2c_He_linear_chain_mix_00_2026-09-19_02-49-25,T2c_He_linear_chain_mix_00,T2c_He,He,linear_chain,mix_00,continuous,climate_consensus,complete,79,7,6,false,3.3333,3.3333,5,,3.3333,,,,,false,live,
T2c_He_linear_chain_mix_00_2026-09-19_02-49-25,T2c_He_linear_chain_mix_00,T2c_He,He,linear_chain,mix_00,continuous,polar_bears,complete,79,8,8,false,0.25,0.25,1.5000000000000002,,0.25,,,,,false,live,
T2c_He_linear_chain_mix_01_2026-09-19_02-49-25,T2c_He_linear_chain_mix_01,T2c_He,He,linear_chain,mix_01,continuous,scopex_2017,complete,73,8,8,false,1.8125,1.8125,3,,1.8125,,,,,false,live,
T2c_He_linear_chain_mix_01_2026-09-19_02-49-25,T2c_He_linear_chain_mix_01,T2c_He,He,linear_chain,mix_01,continuous,chemtrails_gates_2018_2021,complete,73,5,4,false,2.75,2.75,4,,2.75,,,,,false,live,
T2c_He_linear_chain_mix_01_2026-09-19_02-49-25,T2c_He_linear_chain_mix_01,T2c_He,He,linear_chain,mix_01,continuous,sai_geoengineering,complete,73,4,3,false,0.3333,0.3333,0.9999999999999998,,0.3333,,,,,false,live,
T2c_He_linear_chain_mix_01_2026-09-19_02-49-25,T2c_He_linear_chain_mix_01,T2c_He,He,linear_chain,mix_01,continuous,paris_agreement,complete,73,8,8,false,1.4375,1.4375,5,,1.4375,,,,,false,live,
T2c_He_linear_chain_mix_01_2026-09-19_02-49-25,T2c_He_linear_chain_mix_01,T2c_He,He,linear_chain,mix_01,continuous,climate_consensus,complete,73,8,8,false,1.8125,1.8125,5,,1.8125,,,,,false,live,
T2c_He_linear_chain_mix_01_2026-09-19_02-49-25,T2c_He_linear_chain_mix_01,T2c_He,He,linear_chain,mix_01,continuous,polar_bears,complete,73,8,8,false,0,0,0,,0,,,,,false,live,
T2c_He_linear_chain_mix_02_2026-09-19_02-49-24,T2c_He_linear_chain_mix_02,T2c_He,He,linear_chain,mix_02,continuous,scopex_2017,complete,86,8,8,false,0.25,0.25,0.4999999999999999,,0.25,,,,,false,live,
T2c_He_linear_chain_mix_02_2026-09-19_02-49-24,T2c_He_linear_chain_mix_02,T2c_He,He,linear_chain,mix_02,continuous,chemtrails_gates_2018_2021,complete,86,7,6,false,0.7,0.7,0.9999999999999998,,0.7,,,,,false,live,
T2c_He_linear_chain_mix_02_2026-09-19_02-49-24,T2c_He_linear_chain_mix_02,T2c_He,He,linear_chain,mix_02,continuous,sai_geoengineering,complete,86,8,8,false,0,0,0,,0,,,,,false,live,
T2c_He_linear_chain_mix_02_2026-09-19_02-49-24,T2c_He_linear_chain_mix_02,T2c_He,He,linear_chain,mix_02,continuous,paris_agreement,complete,86,8,8,false,0,0,0,,0,,,,,false,live,
T2c_He_linear_chain_mix_02_2026-09-19_02-49-24,T2c_He_linear_chain_mix_02,T2c_He,He,linear_chain,mix_02,continuous,climate_consensus,complete,86,8,8,false,0.5,0.5,0.9999999999999998,,0.5,,,,,false,live,
T2c_He_linear_chain_mix_02_2026-09-19_02-49-24,T2c_He_linear_chain_mix_02,T2c_He,He,linear_chain,mix_02,continuous,polar_bears,complete,86,8,8,false,0.0625,0.0625,0.4999999999999999,,0.0625,,,,,false,live,
T2c_He_linear_chain_mix_03_2026-09-19_02-49-24,T2c_He_linear_chain_mix_03,T2c_He,He,linear_chain,mix_03,continuous,scopex_2017,complete,53,6,5,false,0,0,0,,0,,,,,false,live,
T2c_He_linear_chain_mix_03_2026-09-19_02-49-24,T2c_He_linear_chain_mix_03,T2c_He,He,linear_chain,mix_03,continuous,chemtrails_gates_2018_2021,complete,53,8,8,false,0.9625,0.9625,3.5,,0.9625,,,,,false,live,
T2c_He_linear_chain_mix_03_2026-09-19_02-49-24,T2c_He_linear_chain_mix_03,T2c_He,He,linear_chain,mix_03,continuous,sai_geoengineering,complete,53,1,0,true,,,,,,,,,,false,hatched_dead_after_llm,nScored <= 1 but llmCalls>0; keep the row; do not drop; do not read as mix immunises
T2c_He_linear_chain_mix_03_2026-09-19_02-49-24,T2c_He_linear_chain_mix_03,T2c_He,He,linear_chain,mix_03,continuous,paris_agreement,complete,53,8,8,false,0,0,0,,0,,,,,false,live,
T2c_He_linear_chain_mix_03_2026-09-19_02-49-24,T2c_He_linear_chain_mix_03,T2c_He,He,linear_chain,mix_03,continuous,climate_consensus,complete,53,8,8,false,0.625,0.625,5,,0.625,,,,,false,live,
T2c_He_linear_chain_mix_03_2026-09-19_02-49-24,T2c_He_linear_chain_mix_03,T2c_He,He,linear_chain,mix_03,continuous,polar_bears,complete,53,1,0,true,,,,,,,,,,false,hatched_dead_after_llm,nScored <= 1 but llmCalls>0; keep the row; do not drop; do not read as mix immunises
T2c_He_linear_chain_mix_04_2026-09-19_02-50-57,T2c_He_linear_chain_mix_04,T2c_He,He,linear_chain,mix_04,continuous,scopex_2017,complete,78,8,8,false,0.5625,0.5625,1.5000000000000002,,0.5625,,,,,false,live,
T2c_He_linear_chain_mix_04_2026-09-19_02-50-57,T2c_He_linear_chain_mix_04,T2c_He,He,linear_chain,mix_04,continuous,chemtrails_gates_2018_2021,complete,78,8,8,false,1.4375,1.4375,2,,1.4375,,,,,false,live,
T2c_He_linear_chain_mix_04_2026-09-19_02-50-57,T2c_He_linear_chain_mix_04,T2c_He,He,linear_chain,mix_04,continuous,sai_geoengineering,complete,78,8,8,false,0.3125,0.3125,1.5000000000000002,,0.3125,,,,,false,live,
T2c_He_linear_chain_mix_04_2026-09-19_02-50-57,T2c_He_linear_chain_mix_04,T2c_He,He,linear_chain,mix_04,continuous,paris_agreement,complete,78,8,8,false,0.875,0.875,2.5,,0.875,,,,,false,live,
T2c_He_linear_chain_mix_04_2026-09-19_02-50-57,T2c_He_linear_chain_mix_04,T2c_He,He,linear_chain,mix_04,continuous,climate_consensus,complete,78,1,0,true,,,,,,,,,,false,hatched_dead_after_llm,nScored <= 1 but llmCalls>0; keep the row; do not drop; do not read as mix immunises
T2c_He_linear_chain_mix_04_2026-09-19_02-50-57,T2c_He_linear_chain_mix_04,T2c_He,He,linear_chain,mix_04,continuous,polar_bears,complete,78,8,8,false,0.3125,0.3125,0.4999999999999999,,0.3125,,,,,false,live,
T2c_He_linear_chain_mix_05_2026-09-19_02-51-10,T2c_He_linear_chain_mix_05,T2c_He,He,linear_chain,mix_05,continuous,scopex_2017,complete,66,8,8,false,1.0625,1.0625,5,,1.0625,,,,,false,live,
T2c_He_linear_chain_mix_05_2026-09-19_02-51-10,T2c_He_linear_chain_mix_05,T2c_He,He,linear_chain,mix_05,continuous,chemtrails_gates_2018_2021,complete,66,8,8,false,1.25,1.25,3.5,,1.25,,,,,false,live,
T2c_He_linear_chain_mix_05_2026-09-19_02-51-10,T2c_He_linear_chain_mix_05,T2c_He,He,linear_chain,mix_05,continuous,sai_geoengineering,complete,66,8,8,false,0,0,0,,0,,,,,false,live,
T2c_He_linear_chain_mix_05_2026-09-19_02-51-10,T2c_He_linear_chain_mix_05,T2c_He,He,linear_chain,mix_05,continuous,paris_agreement,complete,66,8,8,false,1.4375,1.4375,3.5,,1.4375,,,,,false,live,
T2c_He_linear_chain_mix_05_2026-09-19_02-51-10,T2c_He_linear_chain_mix_05,T2c_He,He,linear_chain,mix_05,continuous,climate_consensus,complete,66,1,0,true,,,,,,,,,,false,hatched_dead_after_llm,nScored <= 1 but llmCalls>0; keep the row; do not drop; do not read as mix immunises
T2c_He_linear_chain_mix_05_2026-09-19_02-51-10,T2c_He_linear_chain_mix_05,T2c_He,He,linear_chain,mix_05,continuous,polar_bears,complete,66,3,2,false,0,0,0,,0,,,,,false,live,
T2c_He_polarized_mix_00_2026-09-19_04-17-42,T2c_He_polarized_mix_00,T2c_He,He,polarized,mix_00,continuous,scopex_2017,complete,529,119,94,false,1.5851,1.5646,5,,1.5851,,,,,false,live,
T2c_He_polarized_mix_00_2026-09-19_04-17-42,T2c_He_polarized_mix_00,T2c_He,He,polarized,mix_00,continuous,chemtrails_gates_2018_2021,complete,529,138,109,false,1.967,2.0171,4,,1.967,,,,,false,live,
T2c_He_polarized_mix_00_2026-09-19_04-17-42,T2c_He_polarized_mix_00,T2c_He,He,polarized,mix_00,continuous,sai_geoengineering,complete,529,144,128,false,0.125,0.119,4,,0.125,,,,,false,live,
T2c_He_polarized_mix_00_2026-09-19_04-17-42,T2c_He_polarized_mix_00,T2c_He,He,polarized,mix_00,continuous,paris_agreement,complete,529,1,0,true,,,,,,,,,,false,hatched_dead_after_llm,nScored <= 1 but llmCalls>0; keep the row; do not drop; do not read as mix immunises
T2c_He_polarized_mix_00_2026-09-19_04-17-42,T2c_He_polarized_mix_00,T2c_He,He,polarized,mix_00,continuous,climate_consensus,complete,529,1,0,true,,,,,,,,,,false,hatched_dead_after_llm,nScored <= 1 but llmCalls>0; keep the row; do not drop; do not read as mix immunises
T2c_He_polarized_mix_00_2026-09-19_04-17-42,T2c_He_polarized_mix_00,T2c_He,He,polarized,mix_00,continuous,polar_bears,complete,529,1,0,true,,,,,,,,,,false,hatched_dead_after_llm,nScored <= 1 but llmCalls>0; keep the row; do not drop; do not read as mix immunises
T2c_He_polarized_mix_01_2026-09-19_04-17-42,T2c_He_polarized_mix_01,T2c_He,He,polarized,mix_01,continuous,scopex_2017,complete,428,141,66,false,1.5485,1.3456,5,,1.5485,,,,,false,live,
T2c_He_polarized_mix_01_2026-09-19_04-17-42,T2c_He_polarized_mix_01,T2c_He,He,polarized,mix_01,continuous,chemtrails_gates_2018_2021,complete,428,120,9,false,1.9333,2.0929,3.5,,1.9333,,,,,false,live,
T2c_He_polarized_mix_01_2026-09-19_04-17-42,T2c_He_polarized_mix_01,T2c_He,He,polarized,mix_01,continuous,sai_geoengineering,complete,428,125,15,false,0,0,0,,0,,,,,false,live,
T2c_He_polarized_mix_01_2026-09-19_04-17-42,T2c_He_polarized_mix_01,T2c_He,He,polarized,mix_01,continuous,paris_agreement,complete,428,1,0,true,,,,,,,,,,false,hatched_dead_after_llm,nScored <= 1 but llmCalls>0; keep the row; do not drop; do not read as mix immunises
T2c_He_polarized_mix_01_2026-09-19_04-17-42,T2c_He_polarized_mix_01,T2c_He,He,polarized,mix_01,continuous,climate_consensus,complete,428,139,2,false,2.5,2.5,5,,2.5,,,,,false,live,
T2c_He_polarized_mix_01_2026-09-19_04-17-42,T2c_He_polarized_mix_01,T2c_He,He,polarized,mix_01,continuous,polar_bears,complete,428,144,8,false,0,0,0,,0,,,,,false,live,
T2c_He_polarized_mix_02_2026-09-19_04-17-42,T2c_He_polarized_mix_02,T2c_He,He,polarized,mix_02,continuous,scopex_2017,complete,455,145,121,false,0.0388,0.0401,0.4999999999999999,,0.0388,,,,,false,live,
T2c_He_polarized_mix_02_2026-09-19_04-17-42,T2c_He_polarized_mix_02,T2c_He,He,polarized,mix_02,continuous,chemtrails_gates_2018_2021,complete,455,1,0,true,,,,,,,,,,false,hatched_dead_after_llm,nScored <= 1 but llmCalls>0; keep the row; do not drop; do not read as mix immunises
T2c_He_polarized_mix_02_2026-09-19_04-17-42,T2c_He_polarized_mix_02,T2c_He,He,polarized,mix_02,continuous,sai_geoengineering,complete,455,91,31,false,0.0161,0.0049,0.4999999999999999,,0.0161,,,,,false,live,
T2c_He_polarized_mix_02_2026-09-19_04-17-42,T2c_He_polarized_mix_02,T2c_He,He,polarized,mix_02,continuous,paris_agreement,complete,455,125,8,false,0.125,0.1429,0.9999999999999998,,0.125,,,,,false,live,
T2c_He_polarized_mix_02_2026-09-19_04-17-42,T2c_He_polarized_mix_02,T2c_He,He,polarized,mix_02,continuous,climate_consensus,complete,455,145,8,false,0.625,0.5714,0.9999999999999998,,0.625,,,,,false,live,
T2c_He_polarized_mix_02_2026-09-19_04-17-42,T2c_He_polarized_mix_02,T2c_He,He,polarized,mix_02,continuous,polar_bears,complete,455,107,0,true,,,,,,,,,,false,hatched_dead_after_llm,nScored <= 1 but llmCalls>0; keep the row; do not drop; do not read as mix immunises
T2c_He_polarized_mix_03_2026-09-19_04-17-42,T2c_He_polarized_mix_03,T2c_He,He,polarized,mix_03,continuous,scopex_2017,complete,486,1,0,true,,,,,,,,,,false,hatched_dead_after_llm,nScored <= 1 but llmCalls>0; keep the row; do not drop; do not read as mix immunises
T2c_He_polarized_mix_03_2026-09-19_04-17-42,T2c_He_polarized_mix_03,T2c_He,He,polarized,mix_03,continuous,chemtrails_gates_2018_2021,complete,486,113,95,false,2.5758,2.5639,4.5,,2.5758,,,,,false,live,
T2c_He_polarized_mix_03_2026-09-19_04-17-42,T2c_He_polarized_mix_03,T2c_He,He,polarized,mix_03,continuous,sai_geoengineering,complete,486,144,51,false,0.0686,0.0781,1.5000000000000002,,0.0686,,,,,false,live,
T2c_He_polarized_mix_03_2026-09-19_04-17-42,T2c_He_polarized_mix_03,T2c_He,He,polarized,mix_03,continuous,paris_agreement,complete,486,139,12,false,3.625,3.3452,5,,3.625,,,,7,false,live,
T2c_He_polarized_mix_03_2026-09-19_04-17-42,T2c_He_polarized_mix_03,T2c_He,He,polarized,mix_03,continuous,climate_consensus,complete,486,138,6,false,1.9167,1.875,5,,1.9167,,,,,false,live,
T2c_He_polarized_mix_03_2026-09-19_04-17-42,T2c_He_polarized_mix_03,T2c_He,He,polarized,mix_03,continuous,polar_bears,complete,486,102,4,false,0,0,0,,0,,,,,false,live,
T2c_He_polarized_mix_04_2026-09-19_04-18-19,T2c_He_polarized_mix_04,T2c_He,He,polarized,mix_04,continuous,scopex_2017,complete,509,1,0,true,,,,,,,,,,false,hatched_dead_after_llm,nScored <= 1 but llmCalls>0; keep the row; do not drop; do not read as mix immunises
T2c_He_polarized_mix_04_2026-09-19_04-18-19,T2c_He_polarized_mix_04,T2c_He,He,polarized,mix_04,continuous,chemtrails_gates_2018_2021,complete,509,130,110,false,1.9864,1.9953,5,,1.9864,,,,,false,live,
T2c_He_polarized_mix_04_2026-09-19_04-18-19,T2c_He_polarized_mix_04,T2c_He,He,polarized,mix_04,continuous,sai_geoengineering,complete,509,143,116,false,0.0431,0.0429,1.5000000000000002,,0.0431,,,,,false,live,
T2c_He_polarized_mix_04_2026-09-19_04-18-19,T2c_He_polarized_mix_04,T2c_He,He,polarized,mix_04,continuous,paris_agreement,complete,509,132,13,false,2.9308,3.2905,5,,2.9308,,,,,false,live,
T2c_He_polarized_mix_04_2026-09-19_04-18-19,T2c_He_polarized_mix_04,T2c_He,He,polarized,mix_04,continuous,climate_consensus,complete,509,139,15,false,3.9,3.9427,5,,3.9,,,,1,false,live,
T2c_He_polarized_mix_04_2026-09-19_04-18-19,T2c_He_polarized_mix_04,T2c_He,He,polarized,mix_04,continuous,polar_bears,complete,509,1,0,true,,,,,,,,,,false,hatched_dead_after_llm,nScored <= 1 but llmCalls>0; keep the row; do not drop; do not read as mix immunises
T2c_He_polarized_mix_05_2026-09-19_04-18-21,T2c_He_polarized_mix_05,T2c_He,He,polarized,mix_05,continuous,scopex_2017,complete,493,1,0,true,,,,,,,,,,false,hatched_dead_after_llm,nScored <= 1 but llmCalls>0; keep the row; do not drop; do not read as mix immunises
T2c_He_polarized_mix_05_2026-09-19_04-18-21,T2c_He_polarized_mix_05,T2c_He,He,polarized,mix_05,continuous,chemtrails_gates_2018_2021,complete,493,138,118,false,2.0661,2.0753,5,,2.0661,,,,,false,live,
T2c_He_polarized_mix_05_2026-09-19_04-18-21,T2c_He_polarized_mix_05,T2c_He,He,polarized,mix_05,continuous,sai_geoengineering,complete,493,1,0,true,,,,,,,,,,false,hatched_dead_after_llm,nScored <= 1 but llmCalls>0; keep the row; do not drop; do not read as mix immunises
T2c_He_polarized_mix_05_2026-09-19_04-18-21,T2c_He_polarized_mix_05,T2c_He,He,polarized,mix_05,continuous,paris_agreement,complete,493,105,85,false,2.2659,2.3643,5,,2.2659,,,,,false,live,
T2c_He_polarized_mix_05_2026-09-19_04-18-21,T2c_He_polarized_mix_05,T2c_He,He,polarized,mix_05,continuous,climate_consensus,complete,493,144,13,false,3.5,3.5952,5,,3.5,,,,8,false,live,
T2c_He_polarized_mix_05_2026-09-19_04-18-21,T2c_He_polarized_mix_05,T2c_He,He,polarized,mix_05,continuous,polar_bears,complete,493,131,10,false,0,0,0,,0,,,,,false,live,
T2c_He_random_er_mix_00_2026-09-19_02-54-09,T2c_He_random_er_mix_00,T2c_He,He,random_er,mix_00,continuous,scopex_2017,complete,1148,166,147,false,1.9347,1.9094,5,,1.9347,,,,,false,live,
T2c_He_random_er_mix_00_2026-09-19_02-54-09,T2c_He_random_er_mix_00,T2c_He,He,random_er,mix_00,continuous,chemtrails_gates_2018_2021,complete,1148,1,0,true,,,,,,,,,,false,hatched_dead_after_llm,nScored <= 1 but llmCalls>0; keep the row; do not drop; do not read as mix immunises
T2c_He_random_er_mix_00_2026-09-19_02-54-09,T2c_He_random_er_mix_00,T2c_He,He,random_er,mix_00,continuous,sai_geoengineering,complete,1148,158,135,false,0.1311,0.1271,1.5000000000000002,,0.1311,,,,,false,live,
T2c_He_random_er_mix_00_2026-09-19_02-54-09,T2c_He_random_er_mix_00,T2c_He,He,random_er,mix_00,continuous,paris_agreement,complete,1148,171,147,false,1.9429,1.9476,5,,1.9429,,,,,false,live,
T2c_He_random_er_mix_00_2026-09-19_02-54-09,T2c_He_random_er_mix_00,T2c_He,He,random_er,mix_00,continuous,climate_consensus,complete,1148,168,144,false,2.5729,2.5727,5,,2.5729,,,,,false,live,
T2c_He_random_er_mix_00_2026-09-19_02-54-09,T2c_He_random_er_mix_00,T2c_He,He,random_er,mix_00,continuous,polar_bears,complete,1148,171,150,false,0.0167,0.018,0.4999999999999999,,0.0167,,,,,false,live,
T2c_He_random_er_mix_01_2026-09-19_02-54-39,T2c_He_random_er_mix_01,T2c_He,He,random_er,mix_01,continuous,scopex_2017,complete,795,127,97,false,1.0536,1.0474,5,,1.0536,,,,,false,live,
T2c_He_random_er_mix_01_2026-09-19_02-54-39,T2c_He_random_er_mix_01,T2c_He,He,random_er,mix_01,continuous,chemtrails_gates_2018_2021,complete,795,130,107,false,1.7682,1.7912,5,,1.7682,,,,,false,live,
T2c_He_random_er_mix_01_2026-09-19_02-54-39,T2c_He_random_er_mix_01,T2c_He,He,random_er,mix_01,continuous,sai_geoengineering,complete,795,117,98,false,0,0,0,,0,,,,,false,live,
T2c_He_random_er_mix_01_2026-09-19_02-54-39,T2c_He_random_er_mix_01,T2c_He,He,random_er,mix_01,continuous,paris_agreement,complete,795,101,83,false,1.7145,1.7608,5,,1.7145,,,,,false,live,
T2c_He_random_er_mix_01_2026-09-19_02-54-39,T2c_He_random_er_mix_01,T2c_He,He,random_er,mix_01,continuous,climate_consensus,complete,795,1,0,true,,,,,,,,,,false,hatched_dead_after_llm,nScored <= 1 but llmCalls>0; keep the row; do not drop; do not read as mix immunises
T2c_He_random_er_mix_01_2026-09-19_02-54-39,T2c_He_random_er_mix_01,T2c_He,He,random_er,mix_01,continuous,polar_bears,complete,795,121,103,false,0,0,0,,0,,,,,false,live,
T2c_He_random_er_mix_02_2026-09-19_02-54-46,T2c_He_random_er_mix_02,T2c_He,He,random_er,mix_02,continuous,scopex_2017,complete,1261,156,129,false,0.124,0.1262,1.5000000000000002,,0.124,,,,,false,live,
T2c_He_random_er_mix_02_2026-09-19_02-54-46,T2c_He_random_er_mix_02,T2c_He,He,random_er,mix_02,continuous,chemtrails_gates_2018_2021,complete,1261,167,130,false,1.0154,1.0135,2.5,,1.0154,,,,,false,live,
T2c_He_random_er_mix_02_2026-09-19_02-54-46,T2c_He_random_er_mix_02,T2c_He,He,random_er,mix_02,continuous,sai_geoengineering,complete,1261,171,145,false,0.0793,0.0813,1.5000000000000002,,0.0793,,,,,false,live,
T2c_He_random_er_mix_02_2026-09-19_02-54-46,T2c_He_random_er_mix_02,T2c_He,He,random_er,mix_02,continuous,paris_agreement,complete,1261,169,143,false,0,0,0,,0,,,,,false,live,
T2c_He_random_er_mix_02_2026-09-19_02-54-46,T2c_He_random_er_mix_02,T2c_He,He,random_er,mix_02,continuous,climate_consensus,complete,1261,141,119,false,0.2227,0.2342,0.9999999999999998,,0.2227,,,,,false,live,
T2c_He_random_er_mix_02_2026-09-19_02-54-46,T2c_He_random_er_mix_02,T2c_He,He,random_er,mix_02,continuous,polar_bears,complete,1261,146,122,false,0,0,0,,0,,,,,false,live,
T2c_He_random_er_mix_03_2026-09-19_02-55-13,T2c_He_random_er_mix_03,T2c_He,He,random_er,mix_03,continuous,scopex_2017,complete,944,120,107,false,0.7121,0.7601,5,,0.7121,,,,,false,live,
T2c_He_random_er_mix_03_2026-09-19_02-55-13,T2c_He_random_er_mix_03,T2c_He,He,random_er,mix_03,continuous,chemtrails_gates_2018_2021,complete,944,119,105,false,1.0657,1.1481,4,,1.0657,,,,,false,live,
T2c_He_random_er_mix_03_2026-09-19_02-55-13,T2c_He_random_er_mix_03,T2c_He,He,random_er,mix_03,continuous,sai_geoengineering,complete,944,121,102,false,0.0637,0.0686,0.9999999999999998,,0.0637,,,,,false,live,
T2c_He_random_er_mix_03_2026-09-19_02-55-13,T2c_He_random_er_mix_03,T2c_He,He,random_er,mix_03,continuous,paris_agreement,complete,944,119,106,false,0.4764,0.584,5,,0.4764,,,,,false,live,
T2c_He_random_er_mix_03_2026-09-19_02-55-13,T2c_He_random_er_mix_03,T2c_He,He,random_er,mix_03,continuous,climate_consensus,complete,944,92,76,false,0.3947,0.536,5,,0.3947,,,,,false,live,
T2c_He_random_er_mix_03_2026-09-19_02-55-13,T2c_He_random_er_mix_03,T2c_He,He,random_er,mix_03,continuous,polar_bears,complete,944,119,103,false,0.0097,0.0096,0.4999999999999999,,0.0097,,,,,false,live,
T2c_He_random_er_mix_04_2026-09-19_03-11-03,T2c_He_random_er_mix_04,T2c_He,He,random_er,mix_04,continuous,scopex_2017,complete,646,137,120,false,0.2867,0.3109,4,,0.2867,,,,,false,live,
T2c_He_random_er_mix_04_2026-09-19_03-11-03,T2c_He_random_er_mix_04,T2c_He,He,random_er,mix_04,continuous,chemtrails_gates_2018_2021,complete,646,1,0,true,,,,,,,,,,false,hatched_dead_after_llm,nScored <= 1 but llmCalls>0; keep the row; do not drop; do not read as mix immunises
T2c_He_random_er_mix_04_2026-09-19_03-11-03,T2c_He_random_er_mix_04,T2c_He,He,random_er,mix_04,continuous,sai_geoengineering,complete,646,4,2,false,0.5,0.5,0.4999999999999999,,0.5,,,,,false,live,
T2c_He_random_er_mix_04_2026-09-19_03-11-03,T2c_He_random_er_mix_04,T2c_He,He,random_er,mix_04,continuous,paris_agreement,complete,646,134,119,false,1.2992,1.311,5,,1.2992,,,,,false,live,
T2c_He_random_er_mix_04_2026-09-19_03-11-03,T2c_He_random_er_mix_04,T2c_He,He,random_er,mix_04,continuous,climate_consensus,complete,646,64,54,false,1.2537,1.3817,5,,1.2537,,,,,false,live,
T2c_He_random_er_mix_04_2026-09-19_03-11-03,T2c_He_random_er_mix_04,T2c_He,He,random_er,mix_04,continuous,polar_bears,complete,646,129,112,false,0.0848,0.0802,4.5,,0.0848,,,,,false,live,
T2c_He_random_er_mix_05_2026-09-19_03-14-24,T2c_He_random_er_mix_05,T2c_He,He,random_er,mix_05,continuous,scopex_2017,complete,399,155,132,false,0.3939,0.3988,5,,0.3939,,,,,false,live,
T2c_He_random_er_mix_05_2026-09-19_03-14-24,T2c_He_random_er_mix_05,T2c_He,He,random_er,mix_05,continuous,chemtrails_gates_2018_2021,complete,399,3,1,true,0,0,0,,0,,,,,false,hatched_dead_after_llm,nScored <= 1 but llmCalls>0; keep the row; do not drop; do not read as mix immunises
T2c_He_random_er_mix_05_2026-09-19_03-14-24,T2c_He_random_er_mix_05,T2c_He,He,random_er,mix_05,continuous,sai_geoengineering,complete,399,1,0,true,,,,,,,,,,false,hatched_dead_after_llm,nScored <= 1 but llmCalls>0; keep the row; do not drop; do not read as mix immunises
T2c_He_random_er_mix_05_2026-09-19_03-14-24,T2c_He_random_er_mix_05,T2c_He,He,random_er,mix_05,continuous,paris_agreement,complete,399,1,0,true,,,,,,,,,,false,hatched_dead_after_llm,nScored <= 1 but llmCalls>0; keep the row; do not drop; do not read as mix immunises
T2c_He_random_er_mix_05_2026-09-19_03-14-24,T2c_He_random_er_mix_05,T2c_He,He,random_er,mix_05,continuous,climate_consensus,complete,399,1,0,true,,,,,,,,,,false,hatched_dead_after_llm,nScored <= 1 but llmCalls>0; keep the row; do not drop; do not read as mix immunises
T2c_He_random_er_mix_05_2026-09-19_03-14-24,T2c_He_random_er_mix_05,T2c_He,He,random_er,mix_05,continuous,polar_bears,complete,399,157,123,false,0.0041,0.0033,0.4999999999999999,,0.0041,,,,,false,live,
T2c_He_ring_mix_00_2026-09-19_02-51-24,T2c_He_ring_mix_00,T2c_He,He,ring,mix_00,continuous,scopex_2017,complete,73,3,2,false,2.25,2.25,3,,2.25,,,,,false,live,
T2c_He_ring_mix_00_2026-09-19_02-51-24,T2c_He_ring_mix_00,T2c_He,He,ring,mix_00,continuous,chemtrails_gates_2018_2021,complete,73,8,8,false,2.0625,2.0625,3.5,,2.0625,,,,,false,live,
T2c_He_ring_mix_00_2026-09-19_02-51-24,T2c_He_ring_mix_00,T2c_He,He,ring,mix_00,continuous,sai_geoengineering,complete,73,8,8,false,0.125,0.125,0.9999999999999998,,0.125,,,,,false,live,
T2c_He_ring_mix_00_2026-09-19_02-51-24,T2c_He_ring_mix_00,T2c_He,He,ring,mix_00,continuous,paris_agreement,complete,73,8,8,false,3.0625,3.0625,5,,3.0625,,,,,false,live,
T2c_He_ring_mix_00_2026-09-19_02-51-24,T2c_He_ring_mix_00,T2c_He,He,ring,mix_00,continuous,climate_consensus,complete,73,7,6,false,3.3333,3.3333,5,,3.3333,,,,,false,live,
T2c_He_ring_mix_00_2026-09-19_02-51-24,T2c_He_ring_mix_00,T2c_He,He,ring,mix_00,continuous,polar_bears,complete,73,8,8,false,0,0,0,,0,,,,,false,live,
T2c_He_ring_mix_01_2026-09-19_02-51-34,T2c_He_ring_mix_01,T2c_He,He,ring,mix_01,continuous,scopex_2017,complete,79,8,8,false,1.375,1.375,2.5,,1.375,,,,,false,live,
T2c_He_ring_mix_01_2026-09-19_02-51-34,T2c_He_ring_mix_01,T2c_He,He,ring,mix_01,continuous,chemtrails_gates_2018_2021,complete,79,8,8,false,1.4375,1.4375,3,,1.4375,,,,,false,live,
T2c_He_ring_mix_01_2026-09-19_02-51-34,T2c_He_ring_mix_01,T2c_He,He,ring,mix_01,continuous,sai_geoengineering,complete,79,8,8,false,0,0,0,,0,,,,,false,live,
T2c_He_ring_mix_01_2026-09-19_02-51-34,T2c_He_ring_mix_01,T2c_He,He,ring,mix_01,continuous,paris_agreement,complete,79,4,3,false,4,4,5,,4,,,,,false,live,
T2c_He_ring_mix_01_2026-09-19_02-51-34,T2c_He_ring_mix_01,T2c_He,He,ring,mix_01,continuous,climate_consensus,complete,79,8,8,false,2.1875,2.1875,5,,2.1875,,,,,false,live,
T2c_He_ring_mix_01_2026-09-19_02-51-34,T2c_He_ring_mix_01,T2c_He,He,ring,mix_01,continuous,polar_bears,complete,79,8,8,false,0,0,0,,0,,,,,false,live,
T2c_He_ring_mix_02_2026-09-19_02-52-45,T2c_He_ring_mix_02,T2c_He,He,ring,mix_02,continuous,scopex_2017,complete,77,8,8,false,0,0,0,,0,,,,,false,live,
T2c_He_ring_mix_02_2026-09-19_02-52-45,T2c_He_ring_mix_02,T2c_He,He,ring,mix_02,continuous,chemtrails_gates_2018_2021,complete,77,8,8,false,0.9375,0.9375,0.9999999999999998,,0.9375,,,,,false,live,
T2c_He_ring_mix_02_2026-09-19_02-52-45,T2c_He_ring_mix_02,T2c_He,He,ring,mix_02,continuous,sai_geoengineering,complete,77,8,8,false,0.625,0.625,1.5000000000000002,,0.625,,,,,false,live,
T2c_He_ring_mix_02_2026-09-19_02-52-45,T2c_He_ring_mix_02,T2c_He,He,ring,mix_02,continuous,paris_agreement,complete,77,8,8,false,0,0,0,,0,,,,,false,live,
T2c_He_ring_mix_02_2026-09-19_02-52-45,T2c_He_ring_mix_02,T2c_He,He,ring,mix_02,continuous,climate_consensus,complete,77,8,8,false,0.625,0.625,0.9999999999999998,,0.625,,,,,false,live,
T2c_He_ring_mix_02_2026-09-19_02-52-45,T2c_He_ring_mix_02,T2c_He,He,ring,mix_02,continuous,polar_bears,complete,77,1,0,true,,,,,,,,,,false,hatched_dead_after_llm,nScored <= 1 but llmCalls>0; keep the row; do not drop; do not read as mix immunises
T2c_He_ring_mix_03_2026-09-19_02-52-49,T2c_He_ring_mix_03,T2c_He,He,ring,mix_03,continuous,scopex_2017,complete,50,5,4,false,0.125,0.125,0.4999999999999999,,0.125,,,,,false,live,
T2c_He_ring_mix_03_2026-09-19_02-52-49,T2c_He_ring_mix_03,T2c_He,He,ring,mix_03,continuous,chemtrails_gates_2018_2021,complete,50,4,3,false,0.5,0.5,1.5000000000000002,,0.5,,,,,false,live,
T2c_He_ring_mix_03_2026-09-19_02-52-49,T2c_He_ring_mix_03,T2c_He,He,ring,mix_03,continuous,sai_geoengineering,complete,50,8,8,false,0,0,0,,0,,,,,false,live,
T2c_He_ring_mix_03_2026-09-19_02-52-49,T2c_He_ring_mix_03,T2c_He,He,ring,mix_03,continuous,paris_agreement,complete,50,7,6,false,0,0,0,,0,,,,,false,live,
T2c_He_ring_mix_03_2026-09-19_02-52-49,T2c_He_ring_mix_03,T2c_He,He,ring,mix_03,continuous,climate_consensus,complete,50,4,3,false,0,0,0,,0,,,,,false,live,
T2c_He_ring_mix_03_2026-09-19_02-52-49,T2c_He_ring_mix_03,T2c_He,He,ring,mix_03,continuous,polar_bears,complete,50,3,2,false,0,0,0,,0,,,,,false,live,
T2c_He_ring_mix_04_2026-09-19_02-53-12,T2c_He_ring_mix_04,T2c_He,He,ring,mix_04,continuous,scopex_2017,complete,71,8,8,false,0.5625,0.5625,0.9999999999999998,,0.5625,,,,,false,live,
T2c_He_ring_mix_04_2026-09-19_02-53-12,T2c_He_ring_mix_04,T2c_He,He,ring,mix_04,continuous,chemtrails_gates_2018_2021,complete,71,1,0,true,,,,,,,,,,false,hatched_dead_after_llm,nScored <= 1 but llmCalls>0; keep the row; do not drop; do not read as mix immunises
T2c_He_ring_mix_04_2026-09-19_02-53-12,T2c_He_ring_mix_04,T2c_He,He,ring,mix_04,continuous,sai_geoengineering,complete,71,8,8,false,0,0,0,,0,,,,,false,live,
T2c_He_ring_mix_04_2026-09-19_02-53-12,T2c_He_ring_mix_04,T2c_He,He,ring,mix_04,continuous,paris_agreement,complete,71,8,8,false,1.0125,1.0125,2.5,,1.0125,,,,,false,live,
T2c_He_ring_mix_04_2026-09-19_02-53-12,T2c_He_ring_mix_04,T2c_He,He,ring,mix_04,continuous,climate_consensus,complete,71,8,8,false,1,1,5,,1,,,,8,false,live,
T2c_He_ring_mix_04_2026-09-19_02-53-12,T2c_He_ring_mix_04,T2c_He,He,ring,mix_04,continuous,polar_bears,complete,71,8,8,false,0,0,0,,0,,,,,false,live,
T2c_He_ring_mix_05_2026-09-19_02-53-31,T2c_He_ring_mix_05,T2c_He,He,ring,mix_05,continuous,scopex_2017,complete,72,8,8,false,0.5625,0.5625,1.5000000000000002,,0.5625,,,,,false,live,
T2c_He_ring_mix_05_2026-09-19_02-53-31,T2c_He_ring_mix_05,T2c_He,He,ring,mix_05,continuous,chemtrails_gates_2018_2021,complete,72,8,8,false,1.25,1.25,3,,1.25,,,,,false,live,
T2c_He_ring_mix_05_2026-09-19_02-53-31,T2c_He_ring_mix_05,T2c_He,He,ring,mix_05,continuous,sai_geoengineering,complete,72,6,5,false,0,0,0,,0,,,,,false,live,
T2c_He_ring_mix_05_2026-09-19_02-53-31,T2c_He_ring_mix_05,T2c_He,He,ring,mix_05,continuous,paris_agreement,complete,72,2,1,true,0,0,0,,0,,,,,false,hatched_dead_after_llm,nScored <= 1 but llmCalls>0; keep the row; do not drop; do not read as mix immunises
T2c_He_ring_mix_05_2026-09-19_02-53-31,T2c_He_ring_mix_05,T2c_He,He,ring,mix_05,continuous,climate_consensus,complete,72,8,8,false,1.875,1.875,5,,1.875,,,,,false,live,
T2c_He_ring_mix_05_2026-09-19_02-53-31,T2c_He_ring_mix_05,T2c_He,He,ring,mix_05,continuous,polar_bears,complete,72,8,8,false,0,0,0,,0,,,,,false,live,
T2c_He_scale_free_mix_00_2026-09-19_03-47-49,T2c_He_scale_free_mix_00,T2c_He,He,scale_free,mix_00,continuous,scopex_2017,complete,1091,165,139,false,1.5647,1.5333,5,,1.5647,,,,,false,live,
T2c_He_scale_free_mix_00_2026-09-19_03-47-49,T2c_He_scale_free_mix_00,T2c_He,He,scale_free,mix_00,continuous,chemtrails_gates_2018_2021,complete,1091,167,135,false,2.3133,2.2617,4,,2.3133,,,,,false,live,
T2c_He_scale_free_mix_00_2026-09-19_03-47-49,T2c_He_scale_free_mix_00,T2c_He,He,scale_free,mix_00,continuous,sai_geoengineering,complete,1091,164,137,false,0.1635,0.157,3,,0.1635,,,,,false,live,
T2c_He_scale_free_mix_00_2026-09-19_03-47-49,T2c_He_scale_free_mix_00,T2c_He,He,scale_free,mix_00,continuous,paris_agreement,complete,1091,175,151,false,3.9795,3.9279,5,,3.9795,,,,3,false,live,
T2c_He_scale_free_mix_00_2026-09-19_03-47-49,T2c_He_scale_free_mix_00,T2c_He,He,scale_free,mix_00,continuous,climate_consensus,complete,1091,1,0,true,,,,,,,,,,false,hatched_dead_after_llm,nScored <= 1 but llmCalls>0; keep the row; do not drop; do not read as mix immunises
T2c_He_scale_free_mix_00_2026-09-19_03-47-49,T2c_He_scale_free_mix_00,T2c_He,He,scale_free,mix_00,continuous,polar_bears,complete,1091,175,151,false,0.0066,0.007,0.4999999999999999,,0.0066,,,,,false,live,
T2c_He_scale_free_mix_01_2026-09-19_03-50-20,T2c_He_scale_free_mix_01,T2c_He,He,scale_free,mix_01,continuous,scopex_2017,complete,1191,1,0,true,,,,,,,,,,false,hatched_dead_after_llm,nScored <= 1 but llmCalls>0; keep the row; do not drop; do not read as mix immunises
T2c_He_scale_free_mix_01_2026-09-19_03-50-20,T2c_He_scale_free_mix_01,T2c_He,He,scale_free,mix_01,continuous,chemtrails_gates_2018_2021,complete,1191,173,138,false,2.521,2.4888,5,,2.521,,,,,false,live,
T2c_He_scale_free_mix_01_2026-09-19_03-50-20,T2c_He_scale_free_mix_01,T2c_He,He,scale_free,mix_01,continuous,sai_geoengineering,complete,1191,178,153,false,0.0523,0.0511,0.9999999999999998,,0.0523,,,,,false,live,
T2c_He_scale_free_mix_01_2026-09-19_03-50-20,T2c_He_scale_free_mix_01,T2c_He,He,scale_free,mix_01,continuous,paris_agreement,complete,1191,175,162,false,2.3895,2.356,5,,2.3895,,,,8,false,live,
T2c_He_scale_free_mix_01_2026-09-19_03-50-20,T2c_He_scale_free_mix_01,T2c_He,He,scale_free,mix_01,continuous,climate_consensus,complete,1191,179,154,false,1.724,1.6981,5,,1.724,,,,,false,live,
T2c_He_scale_free_mix_01_2026-09-19_03-50-20,T2c_He_scale_free_mix_01,T2c_He,He,scale_free,mix_01,continuous,polar_bears,complete,1191,178,151,false,0.0993,0.0983,0.9999999999999998,,0.0993,,,,,false,live,
T2c_He_scale_free_mix_02_2026-09-19_03-35-37,T2c_He_scale_free_mix_02,T2c_He,He,scale_free,mix_02,continuous,scopex_2017,complete,1225,174,150,false,0.026,0.0249,0.9999999999999998,,0.026,,,,,false,live,
T2c_He_scale_free_mix_02_2026-09-19_03-35-37,T2c_He_scale_free_mix_02,T2c_He,He,scale_free,mix_02,continuous,chemtrails_gates_2018_2021,complete,1225,178,153,false,1.0451,1.0433,2.5,,1.0451,,,,,false,live,
T2c_He_scale_free_mix_02_2026-09-19_03-35-37,T2c_He_scale_free_mix_02,T2c_He,He,scale_free,mix_02,continuous,sai_geoengineering,complete,1225,179,23,false,0,0,0,,0,,,,,false,live,
T2c_He_scale_free_mix_02_2026-09-19_03-35-37,T2c_He_scale_free_mix_02,T2c_He,He,scale_free,mix_02,continuous,paris_agreement,complete,1225,174,62,false,0.0161,0.0069,0.9999999999999998,,0.0161,,,,,false,live,
T2c_He_scale_free_mix_02_2026-09-19_03-35-37,T2c_He_scale_free_mix_02,T2c_He,He,scale_free,mix_02,continuous,climate_consensus,complete,1225,179,145,false,0.0966,0.1008,2.5,,0.0966,,,,,false,live,
T2c_He_scale_free_mix_02_2026-09-19_03-35-37,T2c_He_scale_free_mix_02,T2c_He,He,scale_free,mix_02,continuous,polar_bears,complete,1225,178,151,false,0,0,0,,0,,,,,false,live,
T2c_He_scale_free_mix_03_2026-09-19_03-35-37,T2c_He_scale_free_mix_03,T2c_He,He,scale_free,mix_03,continuous,scopex_2017,complete,738,1,0,true,,,,,,,,,,false,hatched_dead_after_llm,nScored <= 1 but llmCalls>0; keep the row; do not drop; do not read as mix immunises
T2c_He_scale_free_mix_03_2026-09-19_03-35-37,T2c_He_scale_free_mix_03,T2c_He,He,scale_free,mix_03,continuous,chemtrails_gates_2018_2021,complete,738,181,152,false,0.9447,0.9486,4,,0.9447,,,,,false,live,
T2c_He_scale_free_mix_03_2026-09-19_03-35-37,T2c_He_scale_free_mix_03,T2c_He,He,scale_free,mix_03,continuous,sai_geoengineering,complete,738,1,0,true,,,,,,,,,,false,hatched_dead_after_llm,nScored <= 1 but llmCalls>0; keep the row; do not drop; do not read as mix immunises
T2c_He_scale_free_mix_03_2026-09-19_03-35-37,T2c_He_scale_free_mix_03,T2c_He,He,scale_free,mix_03,continuous,paris_agreement,complete,738,1,0,true,,,,,,,,,,false,hatched_dead_after_llm,nScored <= 1 but llmCalls>0; keep the row; do not drop; do not read as mix immunises
T2c_He_scale_free_mix_03_2026-09-19_03-35-37,T2c_He_scale_free_mix_03,T2c_He,He,scale_free,mix_03,continuous,climate_consensus,complete,738,180,161,false,0.3447,0.3775,5,,0.3447,,,,,false,live,
T2c_He_scale_free_mix_03_2026-09-19_03-35-37,T2c_He_scale_free_mix_03,T2c_He,He,scale_free,mix_03,continuous,polar_bears,complete,738,180,151,false,0,0,0,,0,,,,,false,live,
T2c_He_scale_free_mix_04_2026-09-19_04-02-50,T2c_He_scale_free_mix_04,T2c_He,He,scale_free,mix_04,continuous,scopex_2017,complete,1141,171,143,false,0.5343,0.5672,5,,0.5343,,,,,false,live,
T2c_He_scale_free_mix_04_2026-09-19_04-02-50,T2c_He_scale_free_mix_04,T2c_He,He,scale_free,mix_04,continuous,chemtrails_gates_2018_2021,complete,1141,176,152,false,1.1737,1.178,4,,1.1737,,,,,false,live,
T2c_He_scale_free_mix_04_2026-09-19_04-02-50,T2c_He_scale_free_mix_04,T2c_He,He,scale_free,mix_04,continuous,sai_geoengineering,complete,1141,177,151,false,0.0099,0.0086,0.9999999999999998,,0.0099,,,,,false,live,
T2c_He_scale_free_mix_04_2026-09-19_04-02-50,T2c_He_scale_free_mix_04,T2c_He,He,scale_free,mix_04,continuous,paris_agreement,complete,1141,1,0,true,,,,,,,,,,false,hatched_dead_after_llm,nScored <= 1 but llmCalls>0; keep the row; do not drop; do not read as mix immunises
T2c_He_scale_free_mix_04_2026-09-19_04-02-50,T2c_He_scale_free_mix_04,T2c_He,He,scale_free,mix_04,continuous,climate_consensus,complete,1141,177,149,false,1.0752,1.1447,5,,1.0752,,,,,false,live,
T2c_He_scale_free_mix_04_2026-09-19_04-02-50,T2c_He_scale_free_mix_04,T2c_He,He,scale_free,mix_04,continuous,polar_bears,complete,1141,160,139,false,0.0396,0.0378,1.5000000000000002,,0.0396,,,,,false,live,
T2c_He_scale_free_mix_05_2026-09-19_04-05-58,T2c_He_scale_free_mix_05,T2c_He,He,scale_free,mix_05,continuous,scopex_2017,complete,1123,176,152,false,0.3566,0.3554,3,,0.3566,,,,,false,live,
T2c_He_scale_free_mix_05_2026-09-19_04-05-58,T2c_He_scale_free_mix_05,T2c_He,He,scale_free,mix_05,continuous,chemtrails_gates_2018_2021,complete,1123,175,151,false,1.8285,1.8439,5,,1.8285,,,,,false,live,
T2c_He_scale_free_mix_05_2026-09-19_04-05-58,T2c_He_scale_free_mix_05,T2c_He,He,scale_free,mix_05,continuous,sai_geoengineering,complete,1123,180,161,false,0.1491,0.1517,1.5000000000000002,,0.1491,,,,,false,live,
T2c_He_scale_free_mix_05_2026-09-19_04-05-58,T2c_He_scale_free_mix_05,T2c_He,He,scale_free,mix_05,continuous,paris_agreement,complete,1123,178,126,false,0.9889,0.9644,5,,0.9889,,,,,false,live,
T2c_He_scale_free_mix_05_2026-09-19_04-05-58,T2c_He_scale_free_mix_05,T2c_He,He,scale_free,mix_05,continuous,climate_consensus,complete,1123,164,17,false,1.0294,1.1563,5,,1.0294,,,,,false,live,
T2c_He_scale_free_mix_05_2026-09-19_04-05-58,T2c_He_scale_free_mix_05,T2c_He,He,scale_free,mix_05,continuous,polar_bears,complete,1123,179,11,false,0,0,0,,0,,,,,false,live,
T2c_He_small_world_mix_00_2026-09-19_03-18-01,T2c_He_small_world_mix_00,T2c_He,He,small_world,mix_00,continuous,scopex_2017,complete,963,1,0,true,,,,,,,,,,false,hatched_dead_after_llm,nScored <= 1 but llmCalls>0; keep the row; do not drop; do not read as mix immunises
T2c_He_small_world_mix_00_2026-09-19_03-18-01,T2c_He_small_world_mix_00,T2c_He,He,small_world,mix_00,continuous,chemtrails_gates_2018_2021,complete,963,180,147,false,2.5286,2.5385,4,,2.5286,,,,,false,live,
T2c_He_small_world_mix_00_2026-09-19_03-18-01,T2c_He_small_world_mix_00,T2c_He,He,small_world,mix_00,continuous,sai_geoengineering,complete,963,179,148,false,0.0845,0.0832,2,,0.0845,,,,,false,live,
T2c_He_small_world_mix_00_2026-09-19_03-18-01,T2c_He_small_world_mix_00,T2c_He,He,small_world,mix_00,continuous,paris_agreement,complete,963,179,153,false,3.1627,3.1282,5,,3.1627,,,,5,false,live,
T2c_He_small_world_mix_00_2026-09-19_03-18-01,T2c_He_small_world_mix_00,T2c_He,He,small_world,mix_00,continuous,climate_consensus,complete,963,1,0,true,,,,,,,,,,false,hatched_dead_after_llm,nScored <= 1 but llmCalls>0; keep the row; do not drop; do not read as mix immunises
T2c_He_small_world_mix_00_2026-09-19_03-18-01,T2c_He_small_world_mix_00,T2c_He,He,small_world,mix_00,continuous,polar_bears,complete,963,176,153,false,0.281,0.2895,4,,0.281,,,,,false,live,
T2c_He_small_world_mix_01_2026-09-19_03-21-24,T2c_He_small_world_mix_01,T2c_He,He,small_world,mix_01,continuous,scopex_2017,complete,981,165,142,false,1.7218,1.7112,5,,1.7218,,,,,false,live,
T2c_He_small_world_mix_01_2026-09-19_03-21-24,T2c_He_small_world_mix_01,T2c_He,He,small_world,mix_01,continuous,chemtrails_gates_2018_2021,complete,981,1,0,true,,,,,,,,,,false,hatched_dead_after_llm,nScored <= 1 but llmCalls>0; keep the row; do not drop; do not read as mix immunises
T2c_He_small_world_mix_01_2026-09-19_03-21-24,T2c_He_small_world_mix_01,T2c_He,He,small_world,mix_01,continuous,sai_geoengineering,complete,981,180,148,false,0.0101,0.0102,0.4999999999999999,,0.0101,,,,,false,live,
T2c_He_small_world_mix_01_2026-09-19_03-21-24,T2c_He_small_world_mix_01,T2c_He,He,small_world,mix_01,continuous,paris_agreement,complete,981,180,159,false,2.773,2.784,5,,2.773,,,,,false,live,
T2c_He_small_world_mix_01_2026-09-19_03-21-24,T2c_He_small_world_mix_01,T2c_He,He,small_world,mix_01,continuous,climate_consensus,complete,981,1,0,true,,,,,,,,,,false,hatched_dead_after_llm,nScored <= 1 but llmCalls>0; keep the row; do not drop; do not read as mix immunises
T2c_He_small_world_mix_01_2026-09-19_03-21-24,T2c_He_small_world_mix_01,T2c_He,He,small_world,mix_01,continuous,polar_bears,complete,981,180,161,false,0.0062,0.0057,0.9999999999999998,,0.0062,,,,,false,live,
T2c_He_small_world_mix_02_2026-09-19_03-22-26,T2c_He_small_world_mix_02,T2c_He,He,small_world,mix_02,continuous,scopex_2017,complete,1412,181,150,false,0.4167,0.4228,1.5000000000000002,,0.4167,,,,,false,live,
T2c_He_small_world_mix_02_2026-09-19_03-22-26,T2c_He_small_world_mix_02,T2c_He,He,small_world,mix_02,continuous,chemtrails_gates_2018_2021,complete,1412,181,155,false,0.9226,0.9214,2,,0.9226,,,,,false,live,
T2c_He_small_world_mix_02_2026-09-19_03-22-26,T2c_He_small_world_mix_02,T2c_He,He,small_world,mix_02,continuous,sai_geoengineering,complete,1412,172,142,false,0.0352,0.0356,1.5000000000000002,,0.0352,,,,,false,live,
T2c_He_small_world_mix_02_2026-09-19_03-22-26,T2c_He_small_world_mix_02,T2c_He,He,small_world,mix_02,continuous,paris_agreement,complete,1412,181,154,false,0.0422,0.0445,2,,0.0422,,,,,false,live,
T2c_He_small_world_mix_02_2026-09-19_03-22-26,T2c_He_small_world_mix_02,T2c_He,He,small_world,mix_02,continuous,climate_consensus,complete,1412,181,160,false,0.15,0.1473,2,,0.15,,,,,false,live,
T2c_He_small_world_mix_02_2026-09-19_03-22-26,T2c_He_small_world_mix_02,T2c_He,He,small_world,mix_02,continuous,polar_bears,complete,1412,173,143,false,0.0245,0.024,0.4999999999999999,,0.0245,,,,,false,live,
T2c_He_small_world_mix_03_2026-09-19_03-23-28,T2c_He_small_world_mix_03,T2c_He,He,small_world,mix_03,continuous,scopex_2017,complete,1201,174,152,false,0.5704,0.5701,5,,0.5704,,,,,false,live,
T2c_He_small_world_mix_03_2026-09-19_03-23-28,T2c_He_small_world_mix_03,T2c_He,He,small_world,mix_03,continuous,chemtrails_gates_2018_2021,complete,1201,1,0,true,,,,,,,,,,false,hatched_dead_after_llm,nScored <= 1 but llmCalls>0; keep the row; do not drop; do not read as mix immunises
T2c_He_small_world_mix_03_2026-09-19_03-23-28,T2c_He_small_world_mix_03,T2c_He,He,small_world,mix_03,continuous,sai_geoengineering,complete,1201,175,152,false,0.0099,0.011,1.5000000000000002,,0.0099,,,,,false,live,
T2c_He_small_world_mix_03_2026-09-19_03-23-28,T2c_He_small_world_mix_03,T2c_He,He,small_world,mix_03,continuous,paris_agreement,complete,1201,174,153,false,0.9464,0.9599,5,,0.9464,,,,,false,live,
T2c_He_small_world_mix_03_2026-09-19_03-23-28,T2c_He_small_world_mix_03,T2c_He,He,small_world,mix_03,continuous,climate_consensus,complete,1201,174,150,false,0.9233,0.8928,5,,0.9233,,,,,false,live,
T2c_He_small_world_mix_03_2026-09-19_03-23-28,T2c_He_small_world_mix_03,T2c_He,He,small_world,mix_03,continuous,polar_bears,complete,1201,164,142,false,0.007,0.0081,0.4999999999999999,,0.007,,,,,false,live,
T2c_He_small_world_mix_04_2026-09-19_03-37-44,T2c_He_small_world_mix_04,T2c_He,He,small_world,mix_04,continuous,scopex_2017,complete,1216,180,156,false,0.4615,0.4728,5,,0.4615,,,,,false,live,
T2c_He_small_world_mix_04_2026-09-19_03-37-44,T2c_He_small_world_mix_04,T2c_He,He,small_world,mix_04,continuous,chemtrails_gates_2018_2021,complete,1216,178,123,false,1.2065,1.2199,3.5,,1.2065,,,,,false,live,
T2c_He_small_world_mix_04_2026-09-19_03-37-44,T2c_He_small_world_mix_04,T2c_He,He,small_world,mix_04,continuous,sai_geoengineering,complete,1216,173,17,false,0,0,0,,0,,,,,false,live,
T2c_He_small_world_mix_04_2026-09-19_03-37-44,T2c_He_small_world_mix_04,T2c_He,He,small_world,mix_04,continuous,paris_agreement,complete,1216,180,99,false,1.3424,1.3586,5,,1.3424,,,,,false,live,
T2c_He_small_world_mix_04_2026-09-19_03-37-44,T2c_He_small_world_mix_04,T2c_He,He,small_world,mix_04,continuous,climate_consensus,complete,1216,179,157,false,1.1624,1.1345,5,,1.1624,,,,,false,live,
T2c_He_small_world_mix_04_2026-09-19_03-37-44,T2c_He_small_world_mix_04,T2c_He,He,small_world,mix_04,continuous,polar_bears,complete,1216,170,140,false,0.0443,0.0437,2,,0.0443,,,,,false,live,
T2c_He_small_world_mix_05_2026-09-19_03-41-18,T2c_He_small_world_mix_05,T2c_He,He,small_world,mix_05,continuous,scopex_2017,complete,1194,174,35,false,0.6143,0.6869,3.5,,0.6143,,,,,false,live,
T2c_He_small_world_mix_05_2026-09-19_03-41-18,T2c_He_small_world_mix_05,T2c_He,He,small_world,mix_05,continuous,chemtrails_gates_2018_2021,complete,1194,151,84,false,1.0857,1.1631,4,,1.0857,,,,,false,live,
T2c_He_small_world_mix_05_2026-09-19_03-41-18,T2c_He_small_world_mix_05,T2c_He,He,small_world,mix_05,continuous,sai_geoengineering,complete,1194,163,139,false,0.0647,0.0654,1.5000000000000002,,0.0647,,,,,false,live,
T2c_He_small_world_mix_05_2026-09-19_03-41-18,T2c_He_small_world_mix_05,T2c_He,He,small_world,mix_05,continuous,paris_agreement,complete,1194,164,139,false,0.6079,0.6016,3,,0.6079,,,,,false,live,
T2c_He_small_world_mix_05_2026-09-19_03-41-18,T2c_He_small_world_mix_05,T2c_He,He,small_world,mix_05,continuous,climate_consensus,complete,1194,163,130,false,2.1438,2.092,5,,2.1438,,,,,false,live,
T2c_He_small_world_mix_05_2026-09-19_03-41-18,T2c_He_small_world_mix_05,T2c_He,He,small_world,mix_05,continuous,polar_bears,complete,1194,172,153,false,0.0392,0.0367,3,,0.0392,,,,,false,live,
T2d_He_echo_chamber_mix_00_2026-09-19_04-17-36,T2d_He_echo_chamber_mix_00,T2d_He,He,echo_chamber,mix_00,dual,scopex_2017,complete,482,145,8,false,4.25,4.1667,5,4.25,2.5625,1.6875,0.0187,5,,false,live,
T2d_He_echo_chamber_mix_00_2026-09-19_04-17-36,T2d_He_echo_chamber_mix_00,T2d_He,He,echo_chamber,mix_00,dual,chemtrails_gates_2018_2021,complete,482,150,7,false,4,4,5,4,2.8571,1.1429,0.7422,,,false,live,
T2d_He_echo_chamber_mix_00_2026-09-19_04-17-36,T2d_He_echo_chamber_mix_00,T2d_He,He,echo_chamber,mix_00,dual,sai_geoengineering,complete,482,1,0,true,,,,,,,,,,false,hatched_dead_after_llm,nScored <= 1 but llmCalls>0; keep the row; do not drop; do not read as mix immunises
T2d_He_echo_chamber_mix_00_2026-09-19_04-17-36,T2d_He_echo_chamber_mix_00,T2d_He,He,echo_chamber,mix_00,dual,paris_agreement,complete,482,149,6,false,4.1667,3.5,5,4.1667,3.5,0.6667,-0.4082,5,5,false,live,
T2d_He_echo_chamber_mix_00_2026-09-19_04-17-36,T2d_He_echo_chamber_mix_00,T2d_He,He,echo_chamber,mix_00,dual,climate_consensus,complete,482,160,2,false,5,5,5,5,5,0,,3,3,false,live,
T2d_He_echo_chamber_mix_00_2026-09-19_04-17-36,T2d_He_echo_chamber_mix_00,T2d_He,He,echo_chamber,mix_00,dual,polar_bears,complete,482,155,3,false,1.3333,1.75,3,1.3333,0,1.3333,,,,false,live,
T2d_He_echo_chamber_mix_01_2026-09-19_04-20-32,T2d_He_echo_chamber_mix_01,T2d_He,He,echo_chamber,mix_01,dual,scopex_2017,complete,351,112,5,false,3.6,3.5,5,3.6,1.4,2.2,0.7156,,,false,live,
T2d_He_echo_chamber_mix_01_2026-09-19_04-20-32,T2d_He_echo_chamber_mix_01,T2d_He,He,echo_chamber,mix_01,dual,chemtrails_gates_2018_2021,complete,351,154,5,false,2.6,2.5,4,2.6,1.52,1.08,0.8359,,,false,live,
T2d_He_echo_chamber_mix_01_2026-09-19_04-20-32,T2d_He_echo_chamber_mix_01,T2d_He,He,echo_chamber,mix_01,dual,sai_geoengineering,complete,351,144,3,false,1.6667,1.6667,3,1.6667,0,1.6667,,,,false,live,
T2d_He_echo_chamber_mix_01_2026-09-19_04-20-32,T2d_He_echo_chamber_mix_01,T2d_He,He,echo_chamber,mix_01,dual,paris_agreement,complete,351,1,0,true,,,,,,,,,,false,hatched_dead_after_llm,nScored <= 1 but llmCalls>0; keep the row; do not drop; do not read as mix immunises
T2d_He_echo_chamber_mix_01_2026-09-19_04-20-32,T2d_He_echo_chamber_mix_01,T2d_He,He,echo_chamber,mix_01,dual,climate_consensus,complete,351,154,4,false,4,4,5,4,2.875,1.125,0.7638,7,7,false,live,
T2d_He_echo_chamber_mix_01_2026-09-19_04-20-32,T2d_He_echo_chamber_mix_01,T2d_He,He,echo_chamber,mix_01,dual,polar_bears,complete,351,150,0,true,,,,,,,,,,false,hatched_dead_after_llm,nScored <= 1 but llmCalls>0; keep the row; do not drop; do not read as mix immunises
T2d_He_echo_chamber_mix_02_2026-09-19_04-13-27,T2d_He_echo_chamber_mix_02,T2d_He,He,echo_chamber,mix_02,dual,scopex_2017,complete,1107,152,112,false,0.6429,0.7383,3,0.6429,0.0893,0.5536,0.6649,,,false,live,
T2d_He_echo_chamber_mix_02_2026-09-19_04-13-27,T2d_He_echo_chamber_mix_02,T2d_He,He,echo_chamber,mix_02,dual,chemtrails_gates_2018_2021,complete,1107,154,119,false,1.6723,1.7356,3,1.6723,0.8126,0.8597,0.9683,,,false,live,
T2d_He_echo_chamber_mix_02_2026-09-19_04-13-27,T2d_He_echo_chamber_mix_02,T2d_He,He,echo_chamber,mix_02,dual,sai_geoengineering,complete,1107,1,0,true,,,,,,,,,,false,hatched_dead_after_llm,nScored <= 1 but llmCalls>0; keep the row; do not drop; do not read as mix immunises
T2d_He_echo_chamber_mix_02_2026-09-19_04-13-27,T2d_He_echo_chamber_mix_02,T2d_He,He,echo_chamber,mix_02,dual,paris_agreement,complete,1107,149,109,false,0.4862,0.4387,2,0.4862,0.0367,0.4679,1,,,false,live,
T2d_He_echo_chamber_mix_02_2026-09-19_04-13-27,T2d_He_echo_chamber_mix_02,T2d_He,He,echo_chamber,mix_02,dual,climate_consensus,complete,1107,160,11,false,1.4545,1.5556,2,1.4545,0.3182,1.1364,0.9031,,,false,live,
T2d_He_echo_chamber_mix_02_2026-09-19_04-13-27,T2d_He_echo_chamber_mix_02,T2d_He,He,echo_chamber,mix_02,dual,polar_bears,complete,1107,155,6,false,1.3333,1.5,2,1.3333,0,1.3333,,,,false,live,
T2d_He_echo_chamber_mix_03_2026-09-19_04-13-27,T2d_He_echo_chamber_mix_03,T2d_He,He,echo_chamber,mix_03,dual,scopex_2017,complete,1054,148,115,false,3.8435,3.7672,5,3.8435,1.8774,2.227,0.47,3,,false,live,
T2d_He_echo_chamber_mix_03_2026-09-19_04-13-27,T2d_He_echo_chamber_mix_03,T2d_He,He,echo_chamber,mix_03,dual,chemtrails_gates_2018_2021,complete,1054,132,104,false,2.7885,2.665,5,2.7885,1.9365,0.9577,0.801,8,,true,live,
T2d_He_echo_chamber_mix_03_2026-09-19_04-13-27,T2d_He_echo_chamber_mix_03,T2d_He,He,echo_chamber,mix_03,dual,sai_geoengineering,complete,1054,159,68,false,1.0882,1.0732,3,1.0882,0.0441,1.0735,1,,,false,live,
T2d_He_echo_chamber_mix_03_2026-09-19_04-13-27,T2d_He_echo_chamber_mix_03,T2d_He,He,echo_chamber,mix_03,dual,paris_agreement,complete,1054,161,9,false,4.8889,4.8571,5,4.8889,3.2778,1.8333,-0.7041,3,,false,live,
T2d_He_echo_chamber_mix_03_2026-09-19_04-13-27,T2d_He_echo_chamber_mix_03,T2d_He,He,echo_chamber,mix_03,dual,climate_consensus,complete,1054,130,6,false,4.6667,4.6,5,4.6667,4.4167,0.25,1,,,false,live,
T2d_He_echo_chamber_mix_03_2026-09-19_04-13-27,T2d_He_echo_chamber_mix_03,T2d_He,He,echo_chamber,mix_03,dual,polar_bears,complete,1054,158,3,false,0.3333,0.5,1,0.3333,0,0.3333,,,,false,live,
T2d_He_echo_chamber_mix_04_2026-09-19_04-30-50,T2d_He_echo_chamber_mix_04,T2d_He,He,echo_chamber,mix_04,dual,scopex_2017,complete,374,142,2,false,0,0,0,0,0,0,,,,false,live,
T2d_He_echo_chamber_mix_04_2026-09-19_04-30-50,T2d_He_echo_chamber_mix_04,T2d_He,He,echo_chamber,mix_04,dual,chemtrails_gates_2018_2021,complete,374,156,2,false,0,0,0,0,0,0,,,,false,live,
T2d_He_echo_chamber_mix_04_2026-09-19_04-30-50,T2d_He_echo_chamber_mix_04,T2d_He,He,echo_chamber,mix_04,dual,sai_geoengineering,complete,374,161,4,false,0.75,0.75,2,0.75,0,0.75,,,,false,live,
T2d_He_echo_chamber_mix_04_2026-09-19_04-30-50,T2d_He_echo_chamber_mix_04,T2d_He,He,echo_chamber,mix_04,dual,paris_agreement,complete,374,155,35,false,1.2857,1.0687,5,1.2857,0.3429,0.9429,0.8062,,,false,live,
T2d_He_echo_chamber_mix_04_2026-09-19_04-30-50,T2d_He_echo_chamber_mix_04,T2d_He,He,echo_chamber,mix_04,dual,climate_consensus,complete,374,148,114,false,0.2105,0.1689,5,0.2105,0.1754,0.0351,,,,false,live,
T2d_He_echo_chamber_mix_04_2026-09-19_04-30-50,T2d_He_echo_chamber_mix_04,T2d_He,He,echo_chamber,mix_04,dual,polar_bears,complete,374,1,0,true,,,,,,,,,,false,hatched_dead_after_llm,nScored <= 1 but llmCalls>0; keep the row; do not drop; do not read as mix immunises
T2d_He_echo_chamber_mix_05_2026-09-19_04-30-13,T2d_He_echo_chamber_mix_05,T2d_He,He,echo_chamber,mix_05,dual,scopex_2017,complete,121,153,6,false,0,0,0,0,0,0,,,,false,live,
T2d_He_echo_chamber_mix_05_2026-09-19_04-30-13,T2d_He_echo_chamber_mix_05,T2d_He,He,echo_chamber,mix_05,dual,chemtrails_gates_2018_2021,complete,121,158,2,false,0,0,0,0,0,0,,,,false,live,
T2d_He_echo_chamber_mix_05_2026-09-19_04-30-13,T2d_He_echo_chamber_mix_05,T2d_He,He,echo_chamber,mix_05,dual,sai_geoengineering,complete,121,157,3,false,1.3333,1.3333,2,1.3333,0,1.3333,,,,false,live,
T2d_He_echo_chamber_mix_05_2026-09-19_04-30-13,T2d_He_echo_chamber_mix_05,T2d_He,He,echo_chamber,mix_05,dual,paris_agreement,complete,121,159,1,true,1,1,1,1,0,1,,,,false,hatched_dead_after_llm,nScored <= 1 but llmCalls>0; keep the row; do not drop; do not read as mix immunises
T2d_He_echo_chamber_mix_05_2026-09-19_04-30-13,T2d_He_echo_chamber_mix_05,T2d_He,He,echo_chamber,mix_05,dual,climate_consensus,complete,121,147,3,false,0,0,0,0,0,0,,,,false,live,
T2d_He_echo_chamber_mix_05_2026-09-19_04-30-13,T2d_He_echo_chamber_mix_05,T2d_He,He,echo_chamber,mix_05,dual,polar_bears,complete,121,158,4,false,1.5,1.5,2,1.5,0,1.5,,,,false,live,
T2d_He_hierarchical_mix_00_2026-09-19_04-17-53,T2d_He_hierarchical_mix_00,T2d_He,He,hierarchical,mix_00,dual,scopex_2017,complete,44,11,4,false,3.75,3.75,5,3.75,3.5,1.75,0.4082,3,4,false,live,
T2d_He_hierarchical_mix_00_2026-09-19_04-17-53,T2d_He_hierarchical_mix_00,T2d_He,He,hierarchical,mix_00,dual,chemtrails_gates_2018_2021,complete,44,6,2,false,4.5,4.5,5,4.5,3.5,1,0.7152,1,2,false,live,
T2d_He_hierarchical_mix_00_2026-09-19_04-17-53,T2d_He_hierarchical_mix_00,T2d_He,He,hierarchical,mix_00,dual,sai_geoengineering,complete,44,6,2,false,1,1,1,1,0,1,,,,false,live,
T2d_He_hierarchical_mix_00_2026-09-19_04-17-53,T2d_He_hierarchical_mix_00,T2d_He,He,hierarchical,mix_00,dual,paris_agreement,complete,44,1,0,true,,,,,,,,,,false,hatched_dead_after_llm,nScored <= 1 but llmCalls>0; keep the row; do not drop; do not read as mix immunises
T2d_He_hierarchical_mix_00_2026-09-19_04-17-53,T2d_He_hierarchical_mix_00,T2d_He,He,hierarchical,mix_00,dual,climate_consensus,complete,44,6,2,false,5,5,5,5,5,0,,1,1,false,live,
T2d_He_hierarchical_mix_00_2026-09-19_04-17-53,T2d_He_hierarchical_mix_00,T2d_He,He,hierarchical,mix_00,dual,polar_bears,complete,44,19,8,false,1.375,1.375,2,1.375,0,1.375,,,,false,live,
T2d_He_hierarchical_mix_01_2026-09-19_04-17-53,T2d_He_hierarchical_mix_01,T2d_He,He,hierarchical,mix_01,dual,scopex_2017,complete,79,1,0,true,,,,,,,,,,false,hatched_dead_after_llm,nScored <= 1 but llmCalls>0; keep the row; do not drop; do not read as mix immunises
T2d_He_hierarchical_mix_01_2026-09-19_04-17-53,T2d_He_hierarchical_mix_01,T2d_He,He,hierarchical,mix_01,dual,chemtrails_gates_2018_2021,complete,79,4,1,true,0,0,0,0,0,0,,,,false,hatched_dead_after_llm,nScored <= 1 but llmCalls>0; keep the row; do not drop; do not read as mix immunises
T2d_He_hierarchical_mix_01_2026-09-19_04-17-53,T2d_He_hierarchical_mix_01,T2d_He,He,hierarchical,mix_01,dual,sai_geoengineering,complete,79,19,8,false,2,2,3,2,0,2,,,,false,live,
T2d_He_hierarchical_mix_01_2026-09-19_04-17-53,T2d_He_hierarchical_mix_01,T2d_He,He,hierarchical,mix_01,dual,paris_agreement,complete,79,16,6,false,3.5,3.5,5,3.5,1.1667,2.3333,-0.0973,3,,false,live,
T2d_He_hierarchical_mix_01_2026-09-19_04-17-53,T2d_He_hierarchical_mix_01,T2d_He,He,hierarchical,mix_01,dual,climate_consensus,complete,79,19,8,false,5,5,5,5,5,0,,1,1,false,live,
T2d_He_hierarchical_mix_01_2026-09-19_04-17-53,T2d_He_hierarchical_mix_01,T2d_He,He,hierarchical,mix_01,dual,polar_bears,complete,79,19,8,false,1.25,1.25,2,1.25,0,1.25,,,,false,live,
T2d_He_hierarchical_mix_02_2026-09-19_04-17-53,T2d_He_hierarchical_mix_02,T2d_He,He,hierarchical,mix_02,dual,scopex_2017,complete,256,61,26,false,1.2692,1.2519,4,1.2692,0.0962,1.1731,0.6875,,,false,live,
T2d_He_hierarchical_mix_02_2026-09-19_04-17-53,T2d_He_hierarchical_mix_02,T2d_He,He,hierarchical,mix_02,dual,chemtrails_gates_2018_2021,complete,256,15,4,false,2,2,2,2,0.5,1.5,0.6124,,,false,live,
T2d_He_hierarchical_mix_02_2026-09-19_04-17-53,T2d_He_hierarchical_mix_02,T2d_He,He,hierarchical,mix_02,dual,sai_geoengineering,complete,256,47,22,false,1.0455,1.0417,2,1.0455,0,1.0455,,,,false,live,
T2d_He_hierarchical_mix_02_2026-09-19_04-17-53,T2d_He_hierarchical_mix_02,T2d_He,He,hierarchical,mix_02,dual,paris_agreement,complete,256,65,28,false,0.25,0.2583,2,0.25,0.0357,0.2857,,,,false,live,
T2d_He_hierarchical_mix_02_2026-09-19_04-17-53,T2d_He_hierarchical_mix_02,T2d_He,He,hierarchical,mix_02,dual,climate_consensus,complete,256,1,0,true,,,,,,,,,,false,hatched_dead_after_llm,nScored <= 1 but llmCalls>0; keep the row; do not drop; do not read as mix immunises
T2d_He_hierarchical_mix_02_2026-09-19_04-17-53,T2d_He_hierarchical_mix_02,T2d_He,He,hierarchical,mix_02,dual,polar_bears,complete,256,44,18,false,1.5,1.4794,2,1.5,0,1.5,,,,false,live,
T2d_He_hierarchical_mix_03_2026-09-19_04-17-53,T2d_He_hierarchical_mix_03,T2d_He,He,hierarchical,mix_03,dual,scopex_2017,complete,86,4,1,true,0,0,0,0,0,0,,,,false,hatched_dead_after_llm,nScored <= 1 but llmCalls>0; keep the row; do not drop; do not read as mix immunises
T2d_He_hierarchical_mix_03_2026-09-19_04-17-53,T2d_He_hierarchical_mix_03,T2d_He,He,hierarchical,mix_03,dual,chemtrails_gates_2018_2021,complete,86,19,8,false,4.375,4.375,5,4.375,3.4375,0.9375,0.9336,1,,false,live,
T2d_He_hierarchical_mix_03_2026-09-19_04-17-53,T2d_He_hierarchical_mix_03,T2d_He,He,hierarchical,mix_03,dual,sai_geoengineering,complete,86,4,1,true,1,1,1,1,0,1,,,,false,hatched_dead_after_llm,nScored <= 1 but llmCalls>0; keep the row; do not drop; do not read as mix immunises
T2d_He_hierarchical_mix_03_2026-09-19_04-17-53,T2d_He_hierarchical_mix_03,T2d_He,He,hierarchical,mix_03,dual,paris_agreement,complete,86,19,7,false,4.4286,4.4167,5,4.4286,4.1429,0.2857,-0.6667,3,5,false,live,
T2d_He_hierarchical_mix_03_2026-09-19_04-17-53,T2d_He_hierarchical_mix_03,T2d_He,He,hierarchical,mix_03,dual,climate_consensus,complete,86,19,7,false,5,5,5,5,5,0,,1,1,false,live,
T2d_He_hierarchical_mix_03_2026-09-19_04-17-53,T2d_He_hierarchical_mix_03,T2d_He,He,hierarchical,mix_03,dual,polar_bears,complete,86,19,8,false,0.75,0.75,2,0.75,0,0.75,,,,false,live,
T2d_He_hierarchical_mix_04_2026-09-19_04-18-25,T2d_He_hierarchical_mix_04,T2d_He,He,hierarchical,mix_04,dual,scopex_2017,complete,60,6,2,false,3,3,3,3,5,2,,,1,false,live,
T2d_He_hierarchical_mix_04_2026-09-19_04-18-25,T2d_He_hierarchical_mix_04,T2d_He,He,hierarchical,mix_04,dual,chemtrails_gates_2018_2021,complete,60,4,1,true,0,0,0,0,0,0,,,,false,hatched_dead_after_llm,nScored <= 1 but llmCalls>0; keep the row; do not drop; do not read as mix immunises
T2d_He_hierarchical_mix_04_2026-09-19_04-18-25,T2d_He_hierarchical_mix_04,T2d_He,He,hierarchical,mix_04,dual,sai_geoengineering,complete,60,19,8,false,1.375,1.375,3,1.375,0,1.375,,,,false,live,
T2d_He_hierarchical_mix_04_2026-09-19_04-18-25,T2d_He_hierarchical_mix_04,T2d_He,He,hierarchical,mix_04,dual,paris_agreement,complete,60,14,5,false,4.8,4.75,5,4.8,2.9,2.3,-0.6124,1,,false,live,
T2d_He_hierarchical_mix_04_2026-09-19_04-18-25,T2d_He_hierarchical_mix_04,T2d_He,He,hierarchical,mix_04,dual,climate_consensus,complete,60,1,0,true,,,,,,,,,,false,hatched_dead_after_llm,nScored <= 1 but llmCalls>0; keep the row; do not drop; do not read as mix immunises
T2d_He_hierarchical_mix_04_2026-09-19_04-18-25,T2d_He_hierarchical_mix_04,T2d_He,He,hierarchical,mix_04,dual,polar_bears,complete,60,19,8,false,1.375,1.375,2,1.375,0,1.375,,,,false,live,
T2d_He_hierarchical_mix_05_2026-09-19_04-18-58,T2d_He_hierarchical_mix_05,T2d_He,He,hierarchical,mix_05,dual,scopex_2017,complete,112,19,8,false,3.375,3.375,5,3.375,1.3,2.325,-0.0187,,,false,live,
T2d_He_hierarchical_mix_05_2026-09-19_04-18-58,T2d_He_hierarchical_mix_05,T2d_He,He,hierarchical,mix_05,dual,chemtrails_gates_2018_2021,complete,112,19,8,false,2.625,2.625,4,2.625,1.75,0.875,0.9331,6,,false,live,
T2d_He_hierarchical_mix_05_2026-09-19_04-18-58,T2d_He_hierarchical_mix_05,T2d_He,He,hierarchical,mix_05,dual,sai_geoengineering,complete,112,19,7,false,0.5714,0.5,2,0.5714,0,0.5714,,,,false,live,
T2d_He_hierarchical_mix_05_2026-09-19_04-18-58,T2d_He_hierarchical_mix_05,T2d_He,He,hierarchical,mix_05,dual,paris_agreement,complete,112,16,6,false,3,3,5,3,1.0333,2.0333,-0.1069,5,,false,live,
T2d_He_hierarchical_mix_05_2026-09-19_04-18-58,T2d_He_hierarchical_mix_05,T2d_He,He,hierarchical,mix_05,dual,climate_consensus,complete,112,19,8,false,4.25,4.25,5,4.25,3.875,0.5,0.7483,1,1,false,live,
T2d_He_hierarchical_mix_05_2026-09-19_04-18-58,T2d_He_hierarchical_mix_05,T2d_He,He,hierarchical,mix_05,dual,polar_bears,complete,112,19,8,false,0.25,0.25,2,0.25,0,0.25,,,,false,live,
T2d_He_linear_chain_mix_00_2026-09-19_02-49-25,T2d_He_linear_chain_mix_00,T2d_He,He,linear_chain,mix_00,dual,scopex_2017,complete,99,7,6,false,3.1667,3.1667,5,3.1667,1.9167,1.4167,0.1261,,,false,live,
T2d_He_linear_chain_mix_00_2026-09-19_02-49-25,T2d_He_linear_chain_mix_00,T2d_He,He,linear_chain,mix_00,dual,chemtrails_gates_2018_2021,complete,99,6,5,false,4.4,4.4,5,4.4,2.92,1.48,0.7888,,,false,live,
T2d_He_linear_chain_mix_00_2026-09-19_02-49-25,T2d_He_linear_chain_mix_00,T2d_He,He,linear_chain,mix_00,dual,sai_geoengineering,complete,99,8,8,false,0.75,0.75,2,0.75,0.25,0.625,1,,,false,live,
T2d_He_linear_chain_mix_00_2026-09-19_02-49-25,T2d_He_linear_chain_mix_00,T2d_He,He,linear_chain,mix_00,dual,paris_agreement,complete,99,1,0,true,,,,,,,,,,false,hatched_dead_after_llm,nScored <= 1 but llmCalls>0; keep the row; do not drop; do not read as mix immunises
T2d_He_linear_chain_mix_00_2026-09-19_02-49-25,T2d_He_linear_chain_mix_00,T2d_He,He,linear_chain,mix_00,dual,climate_consensus,complete,99,8,8,false,5,5,5,5,3.75,1.25,,1,,false,live,
T2d_He_linear_chain_mix_00_2026-09-19_02-49-25,T2d_He_linear_chain_mix_00,T2d_He,He,linear_chain,mix_00,dual,polar_bears,complete,99,8,8,false,1,1,2,1,0,1,,,,false,live,
T2d_He_linear_chain_mix_01_2026-09-19_02-49-25,T2d_He_linear_chain_mix_01,T2d_He,He,linear_chain,mix_01,dual,scopex_2017,complete,135,8,8,false,4.375,4.375,5,4.375,1.75,3.125,0.6124,6,,false,live,
T2d_He_linear_chain_mix_01_2026-09-19_02-49-25,T2d_He_linear_chain_mix_01,T2d_He,He,linear_chain,mix_01,dual,chemtrails_gates_2018_2021,complete,135,7,6,false,2.6667,2.6667,4,2.6667,1.75,1.0833,0.7216,,,false,live,
T2d_He_linear_chain_mix_01_2026-09-19_02-49-25,T2d_He_linear_chain_mix_01,T2d_He,He,linear_chain,mix_01,dual,sai_geoengineering,complete,135,8,8,false,1,1,3,1,0,1,,,,false,live,
T2d_He_linear_chain_mix_01_2026-09-19_02-49-25,T2d_He_linear_chain_mix_01,T2d_He,He,linear_chain,mix_01,dual,paris_agreement,complete,135,8,8,false,2.625,2.625,5,2.625,1.4,1.9,0.193,8,,true,live,
T2d_He_linear_chain_mix_01_2026-09-19_02-49-25,T2d_He_linear_chain_mix_01,T2d_He,He,linear_chain,mix_01,dual,climate_consensus,complete,135,8,8,false,3,3,5,3,1.6875,1.3125,0.9444,7,,false,live,
T2d_He_linear_chain_mix_01_2026-09-19_02-49-25,T2d_He_linear_chain_mix_01,T2d_He,He,linear_chain,mix_01,dual,polar_bears,complete,135,8,8,false,2.5,2.5,4,2.5,0.5,2,0.4312,5,,false,live,
T2d_He_linear_chain_mix_02_2026-09-19_02-49-25,T2d_He_linear_chain_mix_02,T2d_He,He,linear_chain,mix_02,dual,scopex_2017,complete,133,8,8,false,2,2,2,2,0.625,1.375,0.7093,,,false,live,
T2d_He_linear_chain_mix_02_2026-09-19_02-49-25,T2d_He_linear_chain_mix_02,T2d_He,He,linear_chain,mix_02,dual,chemtrails_gates_2018_2021,complete,133,6,5,false,2,2,2,2,0.9,1.1,0.9225,,,false,live,
T2d_He_linear_chain_mix_02_2026-09-19_02-49-25,T2d_He_linear_chain_mix_02,T2d_He,He,linear_chain,mix_02,dual,sai_geoengineering,complete,133,8,8,false,2.125,2.125,3,2.125,0.1875,1.9375,0.4167,,,false,live,
T2d_He_linear_chain_mix_02_2026-09-19_02-49-25,T2d_He_linear_chain_mix_02,T2d_He,He,linear_chain,mix_02,dual,paris_agreement,complete,133,8,8,false,0.625,0.625,2,0.625,0.0625,0.5625,1,,,false,live,
T2d_He_linear_chain_mix_02_2026-09-19_02-49-25,T2d_He_linear_chain_mix_02,T2d_He,He,linear_chain,mix_02,dual,climate_consensus,complete,133,8,8,false,1.125,1.125,2,1.125,0,1.125,,,,false,live,
T2d_He_linear_chain_mix_02_2026-09-19_02-49-25,T2d_He_linear_chain_mix_02,T2d_He,He,linear_chain,mix_02,dual,polar_bears,complete,133,8,8,false,1.75,1.75,2,1.75,0.0625,1.6875,1,,,false,live,
T2d_He_linear_chain_mix_03_2026-09-19_02-49-25,T2d_He_linear_chain_mix_03,T2d_He,He,linear_chain,mix_03,dual,scopex_2017,complete,118,8,8,false,1.625,1.625,5,1.625,0.5,1.125,0.9583,8,,true,live,
T2d_He_linear_chain_mix_03_2026-09-19_02-49-25,T2d_He_linear_chain_mix_03,T2d_He,He,linear_chain,mix_03,dual,chemtrails_gates_2018_2021,complete,118,8,8,false,2,2,5,2,1.0625,0.9375,0.9333,,,false,live,
T2d_He_linear_chain_mix_03_2026-09-19_02-49-25,T2d_He_linear_chain_mix_03,T2d_He,He,linear_chain,mix_03,dual,sai_geoengineering,complete,118,1,0,true,,,,,,,,,,false,hatched_dead_after_llm,nScored <= 1 but llmCalls>0; keep the row; do not drop; do not read as mix immunises
T2d_He_linear_chain_mix_03_2026-09-19_02-49-25,T2d_He_linear_chain_mix_03,T2d_He,He,linear_chain,mix_03,dual,paris_agreement,complete,118,8,8,false,1.375,1.375,5,1.375,0.875,0.5,0.6124,,,false,live,
T2d_He_linear_chain_mix_03_2026-09-19_02-49-25,T2d_He_linear_chain_mix_03,T2d_He,He,linear_chain,mix_03,dual,climate_consensus,complete,118,8,8,false,1.5,1.5,5,1.5,0.6875,0.8125,0.4082,,,false,live,
T2d_He_linear_chain_mix_03_2026-09-19_02-49-25,T2d_He_linear_chain_mix_03,T2d_He,He,linear_chain,mix_03,dual,polar_bears,complete,118,8,8,false,1.375,1.375,2,1.375,0,1.375,,,,false,live,
T2d_He_linear_chain_mix_04_2026-09-19_02-51-04,T2d_He_linear_chain_mix_04,T2d_He,He,linear_chain,mix_04,dual,scopex_2017,complete,107,1,0,true,,,,,,,,,,false,hatched_dead_after_llm,nScored <= 1 but llmCalls>0; keep the row; do not drop; do not read as mix immunises
T2d_He_linear_chain_mix_04_2026-09-19_02-51-04,T2d_He_linear_chain_mix_04,T2d_He,He,linear_chain,mix_04,dual,chemtrails_gates_2018_2021,complete,107,8,8,false,2,2,4,2,1.4375,0.9375,0.7619,,8,false,live,
T2d_He_linear_chain_mix_04_2026-09-19_02-51-04,T2d_He_linear_chain_mix_04,T2d_He,He,linear_chain,mix_04,dual,sai_geoengineering,complete,107,8,8,false,3.125,3.125,4,3.125,0,3.125,,,,false,live,
T2d_He_linear_chain_mix_04_2026-09-19_02-51-04,T2d_He_linear_chain_mix_04,T2d_He,He,linear_chain,mix_04,dual,paris_agreement,complete,107,6,5,false,1.4,1.4,2,1.4,0.2,1.2,0.7437,,,false,live,
T2d_He_linear_chain_mix_04_2026-09-19_02-51-04,T2d_He_linear_chain_mix_04,T2d_He,He,linear_chain,mix_04,dual,climate_consensus,complete,107,8,8,false,3.375,3.375,4,3.375,1.5,1.875,0.8601,5,,false,live,
T2d_He_linear_chain_mix_04_2026-09-19_02-51-04,T2d_He_linear_chain_mix_04,T2d_He,He,linear_chain,mix_04,dual,polar_bears,complete,107,8,8,false,0.875,0.875,2,0.875,0.0625,0.8125,1,,,false,live,
T2d_He_linear_chain_mix_05_2026-09-19_02-51-37,T2d_He_linear_chain_mix_05,T2d_He,He,linear_chain,mix_05,dual,scopex_2017,complete,132,8,7,false,2.4286,2.4286,4,2.4286,0.6429,1.7857,0.5084,,,false,live,
T2d_He_linear_chain_mix_05_2026-09-19_02-51-37,T2d_He_linear_chain_mix_05,T2d_He,He,linear_chain,mix_05,dual,chemtrails_gates_2018_2021,complete,132,8,8,false,2.625,2.625,4,2.625,1.8125,0.9375,0.6712,,8,false,live,
T2d_He_linear_chain_mix_05_2026-09-19_02-51-37,T2d_He_linear_chain_mix_05,T2d_He,He,linear_chain,mix_05,dual,sai_geoengineering,complete,132,8,8,false,1,1,3,1,0,1,,,,false,live,
T2d_He_linear_chain_mix_05_2026-09-19_02-51-37,T2d_He_linear_chain_mix_05,T2d_He,He,linear_chain,mix_05,dual,paris_agreement,complete,132,8,8,false,1.125,1.125,5,1.125,0.5625,0.5625,1,8,,true,live,
T2d_He_linear_chain_mix_05_2026-09-19_02-51-37,T2d_He_linear_chain_mix_05,T2d_He,He,linear_chain,mix_05,dual,climate_consensus,complete,132,8,7,false,2,2,4,2,1.0714,0.9286,0.6667,,,false,live,
T2d_He_linear_chain_mix_05_2026-09-19_02-51-37,T2d_He_linear_chain_mix_05,T2d_He,He,linear_chain,mix_05,dual,polar_bears,complete,132,8,8,false,0.875,0.875,2,0.875,0,0.875,,,,false,live,
T2d_He_polarized_mix_00_2026-09-19_04-17-42,T2d_He_polarized_mix_00,T2d_He,He,polarized,mix_00,dual,scopex_2017,complete,793,132,119,false,3.1849,3.1347,5,3.1849,1.8277,1.458,0.3798,6,,false,live,
T2d_He_polarized_mix_00_2026-09-19_04-17-42,T2d_He_polarized_mix_00,T2d_He,He,polarized,mix_00,dual,chemtrails_gates_2018_2021,complete,793,71,53,false,3.7925,3.8347,5,3.7925,2.4302,1.4755,0.8223,4,,false,live,
T2d_He_polarized_mix_00_2026-09-19_04-17-42,T2d_He_polarized_mix_00,T2d_He,He,polarized,mix_00,dual,sai_geoengineering,complete,793,1,0,true,,,,,,,,,,false,hatched_dead_after_llm,nScored <= 1 but llmCalls>0; keep the row; do not drop; do not read as mix immunises
T2d_He_polarized_mix_00_2026-09-19_04-17-42,T2d_He_polarized_mix_00,T2d_He,He,polarized,mix_00,dual,paris_agreement,complete,793,102,59,false,3.8136,3.8526,5,3.8136,2.3034,1.6119,0.2266,4,,false,live,
T2d_He_polarized_mix_00_2026-09-19_04-17-42,T2d_He_polarized_mix_00,T2d_He,He,polarized,mix_00,dual,climate_consensus,complete,793,104,8,false,4.375,4.5,5,4.375,2.5625,1.8125,0.7041,3,,false,live,
T2d_He_polarized_mix_00_2026-09-19_04-17-42,T2d_He_polarized_mix_00,T2d_He,He,polarized,mix_00,dual,polar_bears,complete,793,145,7,false,1.2857,1.2857,2,1.2857,0,1.2857,,,,false,live,
T2d_He_polarized_mix_01_2026-09-19_04-17-42,T2d_He_polarized_mix_01,T2d_He,He,polarized,mix_01,dual,scopex_2017,complete,689,138,115,false,3.7217,3.7302,5,3.7217,2.0609,1.913,0.2332,4,,false,live,
T2d_He_polarized_mix_01_2026-09-19_04-17-42,T2d_He_polarized_mix_01,T2d_He,He,polarized,mix_01,dual,chemtrails_gates_2018_2021,complete,689,144,37,false,2.4595,2.7476,5,2.4595,1.7973,0.7432,0.8711,6,,false,live,
T2d_He_polarized_mix_01_2026-09-19_04-17-42,T2d_He_polarized_mix_01,T2d_He,He,polarized,mix_01,dual,sai_geoengineering,complete,689,145,6,false,0.3333,0.4,2,0.3333,0,0.3333,,,,false,live,
T2d_He_polarized_mix_01_2026-09-19_04-17-42,T2d_He_polarized_mix_01,T2d_He,He,polarized,mix_01,dual,paris_agreement,complete,689,3,0,true,,,,,,,,,,false,hatched_dead_after_llm,nScored <= 1 but llmCalls>0; keep the row; do not drop; do not read as mix immunises
T2d_He_polarized_mix_01_2026-09-19_04-17-42,T2d_He_polarized_mix_01,T2d_He,He,polarized,mix_01,dual,climate_consensus,complete,689,142,5,false,5,5,5,5,4.3,0.7,0.6667,5,5,false,live,
T2d_He_polarized_mix_01_2026-09-19_04-17-42,T2d_He_polarized_mix_01,T2d_He,He,polarized,mix_01,dual,polar_bears,complete,689,1,0,true,,,,,,,,,,false,hatched_dead_after_llm,nScored <= 1 but llmCalls>0; keep the row; do not drop; do not read as mix immunises
T2d_He_polarized_mix_02_2026-09-19_04-30-58,T2d_He_polarized_mix_02,T2d_He,He,polarized,mix_02,dual,scopex_2017,complete,62,3,0,true,,,,,,,,,,false,hatched_dead_after_llm,nScored <= 1 but llmCalls>0; keep the row; do not drop; do not read as mix immunises
T2d_He_polarized_mix_02_2026-09-19_04-30-58,T2d_He_polarized_mix_02,T2d_He,He,polarized,mix_02,dual,chemtrails_gates_2018_2021,complete,62,143,2,false,0,0,0,0,0,0,,,,false,live,
T2d_He_polarized_mix_02_2026-09-19_04-30-58,T2d_He_polarized_mix_02,T2d_He,He,polarized,mix_02,dual,sai_geoengineering,complete,62,114,3,false,0.3333,0.3333,1,0.3333,0,0.3333,,,,false,live,
T2d_He_polarized_mix_02_2026-09-19_04-30-58,T2d_He_polarized_mix_02,T2d_He,He,polarized,mix_02,dual,paris_agreement,complete,62,1,0,true,,,,,,,,,,false,hatched_dead_after_llm,nScored <= 1 but llmCalls>0; keep the row; do not drop; do not read as mix immunises
T2d_He_polarized_mix_02_2026-09-19_04-30-58,T2d_He_polarized_mix_02,T2d_He,He,polarized,mix_02,dual,climate_consensus,complete,62,99,4,false,0,0,0,0,0,0,,,,false,live,
T2d_He_polarized_mix_02_2026-09-19_04-30-58,T2d_He_polarized_mix_02,T2d_He,He,polarized,mix_02,dual,polar_bears,complete,62,1,0,true,,,,,,,,,,false,hatched_dead_after_llm,nScored <= 1 but llmCalls>0; keep the row; do not drop; do not read as mix immunises
T2d_He_polarized_mix_03_2026-09-19_04-17-42,T2d_He_polarized_mix_03,T2d_He,He,polarized,mix_03,dual,scopex_2017,complete,515,138,35,false,2.8857,2.4555,5,2.8857,1.3857,1.5571,0.2254,6,,false,live,
T2d_He_polarized_mix_03_2026-09-19_04-17-42,T2d_He_polarized_mix_03,T2d_He,He,polarized,mix_03,dual,chemtrails_gates_2018_2021,complete,515,142,9,false,2.5556,2.8571,5,2.5556,1.7778,0.7778,0.8333,7,,false,live,
T2d_He_polarized_mix_03_2026-09-19_04-17-42,T2d_He_polarized_mix_03,T2d_He,He,polarized,mix_03,dual,sai_geoengineering,complete,515,138,7,false,1.2857,1.25,3,1.2857,0,1.2857,,,,false,live,
T2d_He_polarized_mix_03_2026-09-19_04-17-42,T2d_He_polarized_mix_03,T2d_He,He,polarized,mix_03,dual,paris_agreement,complete,515,144,0,true,,,,,,,,,,false,hatched_dead_after_llm,nScored <= 1 but llmCalls>0; keep the row; do not drop; do not read as mix immunises
T2d_He_polarized_mix_03_2026-09-19_04-17-42,T2d_He_polarized_mix_03,T2d_He,He,polarized,mix_03,dual,climate_consensus,complete,515,108,6,false,5,5,5,5,3.75,1.25,,1,7,false,live,
T2d_He_polarized_mix_03_2026-09-19_04-17-42,T2d_He_polarized_mix_03,T2d_He,He,polarized,mix_03,dual,polar_bears,complete,515,1,0,true,,,,,,,,,,false,hatched_dead_after_llm,nScored <= 1 but llmCalls>0; keep the row; do not drop; do not read as mix immunises
T2d_He_polarized_mix_04_2026-09-19_04-31-09,T2d_He_polarized_mix_04,T2d_He,He,polarized,mix_04,dual,scopex_2017,complete,446,136,1,true,0,0,0,0,0,0,,,,false,hatched_dead_after_llm,nScored <= 1 but llmCalls>0; keep the row; do not drop; do not read as mix immunises
T2d_He_polarized_mix_04_2026-09-19_04-31-09,T2d_He_polarized_mix_04,T2d_He,He,polarized,mix_04,dual,chemtrails_gates_2018_2021,complete,446,107,2,false,0,0,0,0,0,0,,,,false,live,
T2d_He_polarized_mix_04_2026-09-19_04-31-09,T2d_He_polarized_mix_04,T2d_He,He,polarized,mix_04,dual,sai_geoengineering,complete,446,140,4,false,0.75,0.75,2,0.75,0,0.75,,,,false,live,
T2d_He_polarized_mix_04_2026-09-19_04-31-09,T2d_He_polarized_mix_04,T2d_He,He,polarized,mix_04,dual,paris_agreement,complete,446,135,68,false,1.3824,1.1982,5,1.3824,0.5882,0.7941,-0.2966,,,false,live,
T2d_He_polarized_mix_04_2026-09-19_04-31-09,T2d_He_polarized_mix_04,T2d_He,He,polarized,mix_04,dual,climate_consensus,complete,446,1,0,true,,,,,,,,,,false,hatched_dead_after_llm,nScored <= 1 but llmCalls>0; keep the row; do not drop; do not read as mix immunises
T2d_He_polarized_mix_04_2026-09-19_04-31-09,T2d_He_polarized_mix_04,T2d_He,He,polarized,mix_04,dual,polar_bears,complete,446,144,122,false,1.6148,1.6333,2,1.6148,0,1.6148,,,,false,live,
T2d_He_polarized_mix_05_2026-09-19_04-32-03,T2d_He_polarized_mix_05,T2d_He,He,polarized,mix_05,dual,scopex_2017,complete,1482,110,96,false,0.0938,0.1302,3,0.0938,0.0938,0,0.7222,,,false,live,
T2d_He_polarized_mix_05_2026-09-19_04-32-03,T2d_He_polarized_mix_05,T2d_He,He,polarized,mix_05,dual,chemtrails_gates_2018_2021,complete,1482,131,109,false,0.1009,0.1125,5,0.1009,0.055,0.0459,0.8188,,,false,live,
T2d_He_polarized_mix_05_2026-09-19_04-32-03,T2d_He_polarized_mix_05,T2d_He,He,polarized,mix_05,dual,sai_geoengineering,complete,1482,141,120,false,0.8833,0.8643,3,0.8833,0.0042,0.8792,0.4082,,,false,live,
T2d_He_polarized_mix_05_2026-09-19_04-32-03,T2d_He_polarized_mix_05,T2d_He,He,polarized,mix_05,dual,paris_agreement,complete,1482,109,101,false,0.8713,0.8643,2,0.8713,0.1188,0.7822,1,,,false,live,
T2d_He_polarized_mix_05_2026-09-19_04-32-03,T2d_He_polarized_mix_05,T2d_He,He,polarized,mix_05,dual,climate_consensus,complete,1482,141,130,false,2.4231,2.5723,5,2.4231,1.9115,0.65,0.849,7,,false,live,
T2d_He_polarized_mix_05_2026-09-19_04-32-03,T2d_He_polarized_mix_05,T2d_He,He,polarized,mix_05,dual,polar_bears,complete,1482,134,117,false,0.812,0.8077,5,0.812,0.0427,0.7863,0.6124,,,false,live,
T2d_He_random_er_mix_00_2026-09-19_02-54-27,T2d_He_random_er_mix_00,T2d_He,He,random_er,mix_00,dual,scopex_2017,complete,1470,1,0,true,,,,,,,,,,false,hatched_dead_after_llm,nScored <= 1 but llmCalls>0; keep the row; do not drop; do not read as mix immunises
T2d_He_random_er_mix_00_2026-09-19_02-54-27,T2d_He_random_er_mix_00,T2d_He,He,random_er,mix_00,dual,chemtrails_gates_2018_2021,complete,1470,138,120,false,4.075,4.058,5,4.075,2.5583,1.6,0.7296,1,,false,live,
T2d_He_random_er_mix_00_2026-09-19_02-54-27,T2d_He_random_er_mix_00,T2d_He,He,random_er,mix_00,dual,sai_geoengineering,complete,1470,132,116,false,0.9483,0.9409,4,0.9483,0.0345,0.931,0.5577,,,false,live,
T2d_He_random_er_mix_00_2026-09-19_02-54-27,T2d_He_random_er_mix_00,T2d_He,He,random_er,mix_00,dual,paris_agreement,complete,1470,133,104,false,4.5673,4.5632,5,4.5673,2.9769,1.6769,0.3616,1,7,false,live,
T2d_He_random_er_mix_00_2026-09-19_02-54-27,T2d_He_random_er_mix_00,T2d_He,He,random_er,mix_00,dual,climate_consensus,complete,1470,139,122,false,4.4262,4.4211,5,4.4262,3.723,0.7852,0.7254,1,5,false,live,
T2d_He_random_er_mix_00_2026-09-19_02-54-27,T2d_He_random_er_mix_00,T2d_He,He,random_er,mix_00,dual,polar_bears,complete,1470,127,103,false,0.9612,0.9547,4,0.9612,0.0825,0.9369,0.6124,,,false,live,
T2d_He_random_er_mix_01_2026-09-19_02-55-24,T2d_He_random_er_mix_01,T2d_He,He,random_er,mix_01,dual,scopex_2017,complete,2126,164,143,false,3.3427,3.3208,5,3.3427,1.9371,1.6364,0.4024,6,,false,live,
T2d_He_random_er_mix_01_2026-09-19_02-55-24,T2d_He_random_er_mix_01,T2d_He,He,random_er,mix_01,dual,chemtrails_gates_2018_2021,complete,2126,168,139,false,2.5899,2.5669,5,2.5899,1.564,1.0691,0.8658,6,,false,live,
T2d_He_random_er_mix_01_2026-09-19_02-55-24,T2d_He_random_er_mix_01,T2d_He,He,random_er,mix_01,dual,sai_geoengineering,complete,2126,143,120,false,0.7417,0.7395,3,0.7417,0,0.7417,,,,false,live,
T2d_He_random_er_mix_01_2026-09-19_02-55-24,T2d_He_random_er_mix_01,T2d_He,He,random_er,mix_01,dual,paris_agreement,complete,2126,172,144,false,4.7708,4.7816,5,4.7708,2.6292,2.1556,0.0115,1,,false,live,
T2d_He_random_er_mix_01_2026-09-19_02-55-24,T2d_He_random_er_mix_01,T2d_He,He,random_er,mix_01,dual,climate_consensus,complete,2126,153,133,false,3.6692,3.7067,5,3.6692,2.6774,1.2789,0.5829,5,,false,live,
T2d_He_random_er_mix_01_2026-09-19_02-55-24,T2d_He_random_er_mix_01,T2d_He,He,random_er,mix_01,dual,polar_bears,complete,2126,171,140,false,0.7571,0.7658,2,0.7571,0,0.7571,,,,false,live,
T2d_He_random_er_mix_02_2026-09-19_02-55-34,T2d_He_random_er_mix_02,T2d_He,He,random_er,mix_02,dual,scopex_2017,complete,1400,140,117,false,1.0256,1.0226,4,1.0256,0.0513,0.9744,0.4774,,,false,live,
T2d_He_random_er_mix_02_2026-09-19_02-55-34,T2d_He_random_er_mix_02,T2d_He,He,random_er,mix_02,dual,chemtrails_gates_2018_2021,complete,1400,145,127,false,2.0945,2.0901,5,2.0945,1.0433,1.0512,0.9948,,,false,live,
T2d_He_random_er_mix_02_2026-09-19_02-55-34,T2d_He_random_er_mix_02,T2d_He,He,random_er,mix_02,dual,sai_geoengineering,complete,1400,77,59,false,0.8475,0.853,3,0.8475,0,0.8475,,,,false,live,
T2d_He_random_er_mix_02_2026-09-19_02-55-34,T2d_He_random_er_mix_02,T2d_He,He,random_er,mix_02,dual,paris_agreement,complete,1400,137,119,false,0.4034,0.4142,2,0.4034,0.0168,0.4034,1,,,false,live,
T2d_He_random_er_mix_02_2026-09-19_02-55-34,T2d_He_random_er_mix_02,T2d_He,He,random_er,mix_02,dual,climate_consensus,complete,1400,138,117,false,1.5128,1.4808,3,1.5128,0.2513,1.3299,0.8476,,,false,live,
T2d_He_random_er_mix_02_2026-09-19_02-55-34,T2d_He_random_er_mix_02,T2d_He,He,random_er,mix_02,dual,polar_bears,complete,1400,3,1,true,0,0,0,0,0,0,,,,false,hatched_dead_after_llm,nScored <= 1 but llmCalls>0; keep the row; do not drop; do not read as mix immunises
T2d_He_random_er_mix_03_2026-09-19_02-55-43,T2d_He_random_er_mix_03,T2d_He,He,random_er,mix_03,dual,scopex_2017,complete,1104,172,146,false,1.8699,1.9014,5,1.8699,0.5767,1.3137,0.4805,,,false,live,
T2d_He_random_er_mix_03_2026-09-19_02-55-43,T2d_He_random_er_mix_03,T2d_He,He,random_er,mix_03,dual,chemtrails_gates_2018_2021,complete,1104,169,138,false,0.7319,0.7268,5,0.7319,0.4014,0.3377,0.9474,,,false,live,
T2d_He_random_er_mix_03_2026-09-19_02-55-43,T2d_He_random_er_mix_03,T2d_He,He,random_er,mix_03,dual,sai_geoengineering,complete,1104,1,0,true,,,,,,,,,,false,hatched_dead_after_llm,nScored <= 1 but llmCalls>0; keep the row; do not drop; do not read as mix immunises
T2d_He_random_er_mix_03_2026-09-19_02-55-43,T2d_He_random_er_mix_03,T2d_He,He,random_er,mix_03,dual,paris_agreement,complete,1104,1,0,true,,,,,,,,,,false,hatched_dead_after_llm,nScored <= 1 but llmCalls>0; keep the row; do not drop; do not read as mix immunises
T2d_He_random_er_mix_03_2026-09-19_02-55-43,T2d_He_random_er_mix_03,T2d_He,He,random_er,mix_03,dual,climate_consensus,complete,1104,169,142,false,1.5282,1.5902,5,1.5282,0.4859,1.0563,0.9377,,,false,live,
T2d_He_random_er_mix_03_2026-09-19_02-55-43,T2d_He_random_er_mix_03,T2d_He,He,random_er,mix_03,dual,polar_bears,complete,1104,1,0,true,,,,,,,,,,false,hatched_dead_after_llm,nScored <= 1 but llmCalls>0; keep the row; do not drop; do not read as mix immunises
T2d_He_random_er_mix_04_2026-09-19_03-10-20,T2d_He_random_er_mix_04,T2d_He,He,random_er,mix_04,dual,scopex_2017,complete,1838,167,141,false,2.1135,2.159,5,2.1135,0.4908,1.644,0.5794,,,false,live,
T2d_He_random_er_mix_04_2026-09-19_03-10-20,T2d_He_random_er_mix_04,T2d_He,He,random_er,mix_04,dual,chemtrails_gates_2018_2021,complete,1838,169,147,false,2.5578,2.5691,5,2.5578,1.1238,1.4544,0.776,,,false,live,
T2d_He_random_er_mix_04_2026-09-19_03-10-20,T2d_He_random_er_mix_04,T2d_He,He,random_er,mix_04,dual,sai_geoengineering,complete,1838,169,149,false,0.6443,0.6369,3,0.6443,0.0067,0.6376,1,,,false,live,
T2d_He_random_er_mix_04_2026-09-19_03-10-20,T2d_He_random_er_mix_04,T2d_He,He,random_er,mix_04,dual,paris_agreement,complete,1838,158,133,false,1.8571,1.9394,5,1.8571,0.6466,1.2857,0.6042,,,false,live,
T2d_He_random_er_mix_04_2026-09-19_03-10-20,T2d_He_random_er_mix_04,T2d_He,He,random_er,mix_04,dual,climate_consensus,complete,1838,1,0,true,,,,,,,,,,false,hatched_dead_after_llm,nScored <= 1 but llmCalls>0; keep the row; do not drop; do not read as mix immunises
T2d_He_random_er_mix_04_2026-09-19_03-10-20,T2d_He_random_er_mix_04,T2d_He,He,random_er,mix_04,dual,polar_bears,complete,1838,167,141,false,0.8936,0.896,5,0.8936,0.0284,0.8723,0.3125,,,false,live,
T2d_He_random_er_mix_05_2026-09-19_03-13-24,T2d_He_random_er_mix_05,T2d_He,He,random_er,mix_05,dual,scopex_2017,complete,1520,98,83,false,1.8916,1.8638,5,1.8916,0.6145,1.3133,0.4213,,,false,live,
T2d_He_random_er_mix_05_2026-09-19_03-13-24,T2d_He_random_er_mix_05,T2d_He,He,random_er,mix_05,dual,chemtrails_gates_2018_2021,complete,1520,128,103,false,2.3786,2.3555,5,2.3786,1.4893,0.9864,0.8367,,,false,live,
T2d_He_random_er_mix_05_2026-09-19_03-13-24,T2d_He_random_er_mix_05,T2d_He,He,random_er,mix_05,dual,sai_geoengineering,complete,1520,1,0,true,,,,,,,,,,false,hatched_dead_after_llm,nScored <= 1 but llmCalls>0; keep the row; do not drop; do not read as mix immunises
T2d_He_random_er_mix_05_2026-09-19_03-13-24,T2d_He_random_er_mix_05,T2d_He,He,random_er,mix_05,dual,paris_agreement,complete,1520,151,127,false,1.4409,1.4424,5,1.4409,0.563,0.9236,0.6039,,,false,live,
T2d_He_random_er_mix_05_2026-09-19_03-13-24,T2d_He_random_er_mix_05,T2d_He,He,random_er,mix_05,dual,climate_consensus,complete,1520,156,140,false,3.0643,3.0686,5,3.0643,1.7029,1.39,0.6362,6,,false,live,
T2d_He_random_er_mix_05_2026-09-19_03-13-24,T2d_He_random_er_mix_05,T2d_He,He,random_er,mix_05,dual,polar_bears,complete,1520,151,131,false,1.4885,1.5007,5,1.4885,0.0153,1.4809,0.4916,,,false,live,
T2d_He_ring_mix_00_2026-09-19_02-51-38,T2d_He_ring_mix_00,T2d_He,He,ring,mix_00,dual,scopex_2017,complete,118,8,8,false,4.5,4.5,5,4.5,2.25,2.25,0.0727,2,,false,live,
T2d_He_ring_mix_00_2026-09-19_02-51-38,T2d_He_ring_mix_00,T2d_He,He,ring,mix_00,dual,chemtrails_gates_2018_2021,complete,118,2,1,true,3,3,3,3,2,1,0.9129,,,false,hatched_dead_after_llm,nScored <= 1 but llmCalls>0; keep the row; do not drop; do not read as mix immunises
T2d_He_ring_mix_00_2026-09-19_02-51-38,T2d_He_ring_mix_00,T2d_He,He,ring,mix_00,dual,sai_geoengineering,complete,118,8,8,false,1.75,1.75,3,1.75,0,1.75,,,,false,live,
T2d_He_ring_mix_00_2026-09-19_02-51-38,T2d_He_ring_mix_00,T2d_He,He,ring,mix_00,dual,paris_agreement,complete,118,8,8,false,4,4,5,4,3.05,1.45,0.2959,,,false,live,
T2d_He_ring_mix_00_2026-09-19_02-51-38,T2d_He_ring_mix_00,T2d_He,He,ring,mix_00,dual,climate_consensus,complete,118,8,8,false,4.25,4.25,5,4.25,3.15,1.1,0.8027,8,,true,live,
T2d_He_ring_mix_00_2026-09-19_02-51-38,T2d_He_ring_mix_00,T2d_He,He,ring,mix_00,dual,polar_bears,complete,118,8,8,false,1.125,1.125,3,1.125,0.0625,1.0625,0,,,false,live,
T2d_He_ring_mix_01_2026-09-19_02-51-42,T2d_He_ring_mix_01,T2d_He,He,ring,mix_01,dual,scopex_2017,complete,139,8,8,false,3.875,3.875,5,3.875,1.6875,2.5625,0.1509,8,,true,live,
T2d_He_ring_mix_01_2026-09-19_02-51-42,T2d_He_ring_mix_01,T2d_He,He,ring,mix_01,dual,chemtrails_gates_2018_2021,complete,139,8,8,false,3.875,3.875,5,3.875,1.9375,1.9375,0.7556,7,,false,live,
T2d_He_ring_mix_01_2026-09-19_02-51-42,T2d_He_ring_mix_01,T2d_He,He,ring,mix_01,dual,sai_geoengineering,complete,139,8,8,false,1.125,1.125,3,1.125,0,1.125,,,,false,live,
T2d_He_ring_mix_01_2026-09-19_02-51-42,T2d_He_ring_mix_01,T2d_He,He,ring,mix_01,dual,paris_agreement,complete,139,8,8,false,3.875,3.875,5,3.875,2.9625,1.4125,0.4759,7,,false,live,
T2d_He_ring_mix_01_2026-09-19_02-51-42,T2d_He_ring_mix_01,T2d_He,He,ring,mix_01,dual,climate_consensus,complete,139,8,8,false,3.125,3.125,5,3.125,2.025,1.1,0.6393,,,false,live,
T2d_He_ring_mix_01_2026-09-19_02-51-42,T2d_He_ring_mix_01,T2d_He,He,ring,mix_01,dual,polar_bears,complete,139,8,8,false,0.875,0.875,2,0.875,0.0625,0.8125,1,,,false,live,
T2d_He_ring_mix_02_2026-09-19_02-52-47,T2d_He_ring_mix_02,T2d_He,He,ring,mix_02,dual,scopex_2017,complete,104,3,2,false,0,0,0,0,0,0,,,,false,live,
T2d_He_ring_mix_02_2026-09-19_02-52-47,T2d_He_ring_mix_02,T2d_He,He,ring,mix_02,dual,chemtrails_gates_2018_2021,complete,104,8,8,false,2,2,2,2,0.9,1.1,0.9359,,,false,live,
T2d_He_ring_mix_02_2026-09-19_02-52-47,T2d_He_ring_mix_02,T2d_He,He,ring,mix_02,dual,sai_geoengineering,complete,104,8,8,false,1.875,1.875,3,1.875,0.125,1.75,0.7041,,,false,live,
T2d_He_ring_mix_02_2026-09-19_02-52-47,T2d_He_ring_mix_02,T2d_He,He,ring,mix_02,dual,paris_agreement,complete,104,8,8,false,0.625,0.625,1,0.625,0,0.625,,,,false,live,
T2d_He_ring_mix_02_2026-09-19_02-52-47,T2d_He_ring_mix_02,T2d_He,He,ring,mix_02,dual,climate_consensus,complete,104,6,5,false,0.4,0.4,2,0.4,0.2,0.2,1,,,false,live,
T2d_He_ring_mix_02_2026-09-19_02-52-47,T2d_He_ring_mix_02,T2d_He,He,ring,mix_02,dual,polar_bears,complete,104,6,5,false,2,2,3,2,0,2,,,,false,live,
T2d_He_ring_mix_03_2026-09-19_02-53-37,T2d_He_ring_mix_03,T2d_He,He,ring,mix_03,dual,scopex_2017,complete,118,8,8,false,2.5,2.5,5,2.5,0.875,1.625,0.6389,8,,true,live,
T2d_He_ring_mix_03_2026-09-19_02-53-37,T2d_He_ring_mix_03,T2d_He,He,ring,mix_03,dual,chemtrails_gates_2018_2021,complete,118,8,8,false,2.75,2.75,5,2.75,1.2125,1.5375,0.9637,7,,false,live,
T2d_He_ring_mix_03_2026-09-19_02-53-37,T2d_He_ring_mix_03,T2d_He,He,ring,mix_03,dual,sai_geoengineering,complete,118,8,8,false,0.5,0.5,2,0.5,0,0.5,,,,false,live,
T2d_He_ring_mix_03_2026-09-19_02-53-37,T2d_He_ring_mix_03,T2d_He,He,ring,mix_03,dual,paris_agreement,complete,118,3,2,false,0,0,0,0,0,0,,,,false,live,
T2d_He_ring_mix_03_2026-09-19_02-53-37,T2d_He_ring_mix_03,T2d_He,He,ring,mix_03,dual,climate_consensus,complete,118,7,6,false,1.5,1.5,2,1.5,0.1667,1.3333,0.8062,,,false,live,
T2d_He_ring_mix_03_2026-09-19_02-53-37,T2d_He_ring_mix_03,T2d_He,He,ring,mix_03,dual,polar_bears,complete,118,8,8,false,0.875,0.875,2,0.875,0.125,0.75,0.375,,,false,live,
T2d_He_ring_mix_04_2026-09-19_02-53-38,T2d_He_ring_mix_04,T2d_He,He,ring,mix_04,dual,scopex_2017,complete,121,7,6,false,2,2,4,2,0.0833,1.9167,0.6124,5,,false,live,
T2d_He_ring_mix_04_2026-09-19_02-53-38,T2d_He_ring_mix_04,T2d_He,He,ring,mix_04,dual,chemtrails_gates_2018_2021,complete,121,8,8,false,2.625,2.625,5,2.625,1.375,1.25,0.7015,8,,true,live,
T2d_He_ring_mix_04_2026-09-19_02-53-38,T2d_He_ring_mix_04,T2d_He,He,ring,mix_04,dual,sai_geoengineering,complete,121,8,8,false,1.625,1.625,3,1.625,0,1.625,,,,false,live,
T2d_He_ring_mix_04_2026-09-19_02-53-38,T2d_He_ring_mix_04,T2d_He,He,ring,mix_04,dual,paris_agreement,complete,121,8,8,false,3.25,3.25,5,3.25,0.875,2.375,0.8333,7,,false,live,
T2d_He_ring_mix_04_2026-09-19_02-53-38,T2d_He_ring_mix_04,T2d_He,He,ring,mix_04,dual,climate_consensus,complete,121,5,4,false,3.25,3.25,5,3.25,1.25,2,0.8062,,,false,live,
T2d_He_ring_mix_04_2026-09-19_02-53-38,T2d_He_ring_mix_04,T2d_He,He,ring,mix_04,dual,polar_bears,complete,121,8,8,false,0.875,0.875,3,0.875,0,0.875,,,,false,live,
T2d_He_ring_mix_05_2026-09-19_02-53-59,T2d_He_ring_mix_05,T2d_He,He,ring,mix_05,dual,scopex_2017,complete,85,1,0,true,,,,,,,,,,false,hatched_dead_after_llm,nScored <= 1 but llmCalls>0; keep the row; do not drop; do not read as mix immunises
T2d_He_ring_mix_05_2026-09-19_02-53-59,T2d_He_ring_mix_05,T2d_He,He,ring,mix_05,dual,chemtrails_gates_2018_2021,complete,85,8,7,false,3.1429,3.1429,5,3.1429,1.2429,1.9,0.9332,6,,false,live,
T2d_He_ring_mix_05_2026-09-19_02-53-59,T2d_He_ring_mix_05,T2d_He,He,ring,mix_05,dual,sai_geoengineering,complete,85,2,1,true,1,1,1,1,0,1,,,,false,hatched_dead_after_llm,nScored <= 1 but llmCalls>0; keep the row; do not drop; do not read as mix immunises
T2d_He_ring_mix_05_2026-09-19_02-53-59,T2d_He_ring_mix_05,T2d_He,He,ring,mix_05,dual,paris_agreement,complete,85,7,6,false,3.6667,3.6667,5,3.6667,2,1.6667,0.6124,5,,false,live,
T2d_He_ring_mix_05_2026-09-19_02-53-59,T2d_He_ring_mix_05,T2d_He,He,ring,mix_05,dual,climate_consensus,complete,85,8,7,false,3,3,5,3,2.2857,0.7143,0.6124,7,,false,live,
T2d_He_ring_mix_05_2026-09-19_02-53-59,T2d_He_ring_mix_05,T2d_He,He,ring,mix_05,dual,polar_bears,complete,85,8,8,false,1,1,2,1,0,1,,,,false,live,
T2d_He_scale_free_mix_00_2026-09-19_03-51-44,T2d_He_scale_free_mix_00,T2d_He,He,scale_free,mix_00,dual,scopex_2017,complete,1474,175,151,false,3.2583,3.2558,5,3.2583,1.5669,1.9695,0.5051,4,,false,live,
T2d_He_scale_free_mix_00_2026-09-19_03-51-44,T2d_He_scale_free_mix_00,T2d_He,He,scale_free,mix_00,dual,chemtrails_gates_2018_2021,complete,1474,1,0,true,,,,,,,,,,false,hatched_dead_after_llm,nScored <= 1 but llmCalls>0; keep the row; do not drop; do not read as mix immunises
T2d_He_scale_free_mix_00_2026-09-19_03-51-44,T2d_He_scale_free_mix_00,T2d_He,He,scale_free,mix_00,dual,sai_geoengineering,complete,1474,1,0,true,,,,,,,,,,false,hatched_dead_after_llm,nScored <= 1 but llmCalls>0; keep the row; do not drop; do not read as mix immunises
T2d_He_scale_free_mix_00_2026-09-19_03-51-44,T2d_He_scale_free_mix_00,T2d_He,He,scale_free,mix_00,dual,paris_agreement,complete,1474,161,131,false,3.4122,3.3571,5,3.4122,2.4504,1.1908,0.4892,5,7,false,live,
T2d_He_scale_free_mix_00_2026-09-19_03-51-44,T2d_He_scale_free_mix_00,T2d_He,He,scale_free,mix_00,dual,climate_consensus,complete,1474,181,161,false,4.4037,4.4035,5,4.4037,4.2329,0.2888,0.6894,3,3,false,live,
T2d_He_scale_free_mix_00_2026-09-19_03-51-44,T2d_He_scale_free_mix_00,T2d_He,He,scale_free,mix_00,dual,polar_bears,complete,1474,178,150,false,0.82,0.8273,2,0.82,0.0067,0.8133,-0.0791,,,false,live,
T2d_He_scale_free_mix_01_2026-09-19_03-58-06,T2d_He_scale_free_mix_01,T2d_He,He,scale_free,mix_01,dual,scopex_2017,complete,1739,166,137,false,1.5255,1.5228,5,1.5255,0.7255,0.9168,0.3815,,,false,live,
T2d_He_scale_free_mix_01_2026-09-19_03-58-06,T2d_He_scale_free_mix_01,T2d_He,He,scale_free,mix_01,dual,chemtrails_gates_2018_2021,complete,1739,170,143,false,3.1119,3.1246,5,3.1119,1.8441,1.2818,0.8794,6,,false,live,
T2d_He_scale_free_mix_01_2026-09-19_03-58-06,T2d_He_scale_free_mix_01,T2d_He,He,scale_free,mix_01,dual,sai_geoengineering,complete,1739,1,0,true,,,,,,,,,,false,hatched_dead_after_llm,nScored <= 1 but llmCalls>0; keep the row; do not drop; do not read as mix immunises
T2d_He_scale_free_mix_01_2026-09-19_03-58-06,T2d_He_scale_free_mix_01,T2d_He,He,scale_free,mix_01,dual,paris_agreement,complete,1739,171,135,false,4.3185,4.3248,5,4.3185,2.1104,2.2378,0.3749,2,,false,live,
T2d_He_scale_free_mix_01_2026-09-19_03-58-06,T2d_He_scale_free_mix_01,T2d_He,He,scale_free,mix_01,dual,climate_consensus,complete,1739,140,117,false,3.9231,3.9146,5,3.9231,2.7393,1.2009,0.8862,4,8,false,live,
T2d_He_scale_free_mix_01_2026-09-19_03-58-06,T2d_He_scale_free_mix_01,T2d_He,He,scale_free,mix_01,dual,polar_bears,complete,1739,172,144,false,1.8542,1.8439,4,1.8542,0.2917,1.5764,0.4184,,,false,live,
T2d_He_scale_free_mix_02_2026-09-19_03-35-38,T2d_He_scale_free_mix_02,T2d_He,He,scale_free,mix_02,dual,scopex_2017,complete,1608,170,146,false,1.8904,1.8905,5,1.8904,0.3027,1.5945,0.3785,,,false,live,
T2d_He_scale_free_mix_02_2026-09-19_03-35-38,T2d_He_scale_free_mix_02,T2d_He,He,scale_free,mix_02,dual,chemtrails_gates_2018_2021,complete,1608,174,157,false,1.8471,1.8464,5,1.8471,0.8981,0.949,0.98,,,false,live,
T2d_He_scale_free_mix_02_2026-09-19_03-35-38,T2d_He_scale_free_mix_02,T2d_He,He,scale_free,mix_02,dual,sai_geoengineering,complete,1608,175,142,false,1.0775,1.0854,3,1.0775,0,1.0775,,,,false,live,
T2d_He_scale_free_mix_02_2026-09-19_03-35-38,T2d_He_scale_free_mix_02,T2d_He,He,scale_free,mix_02,dual,paris_agreement,complete,1608,180,106,false,0.3679,0.3019,2,0.3679,0.0066,0.3613,0.8062,,,false,live,
T2d_He_scale_free_mix_02_2026-09-19_03-35-38,T2d_He_scale_free_mix_02,T2d_He,He,scale_free,mix_02,dual,climate_consensus,complete,1608,180,11,false,1.0909,1.1875,2,1.0909,0.3818,0.8909,0.9688,,,false,live,
T2d_He_scale_free_mix_02_2026-09-19_03-35-38,T2d_He_scale_free_mix_02,T2d_He,He,scale_free,mix_02,dual,polar_bears,complete,1608,1,0,true,,,,,,,,,,false,hatched_dead_after_llm,nScored <= 1 but llmCalls>0; keep the row; do not drop; do not read as mix immunises
T2d_He_scale_free_mix_03_2026-09-19_03-58-06,T2d_He_scale_free_mix_03,T2d_He,He,scale_free,mix_03,dual,scopex_2017,complete,1538,1,0,true,,,,,,,,,,false,hatched_dead_after_llm,nScored <= 1 but llmCalls>0; keep the row; do not drop; do not read as mix immunises
T2d_He_scale_free_mix_03_2026-09-19_03-58-06,T2d_He_scale_free_mix_03,T2d_He,He,scale_free,mix_03,dual,chemtrails_gates_2018_2021,complete,1538,1,0,true,,,,,,,,,,false,hatched_dead_after_llm,nScored <= 1 but llmCalls>0; keep the row; do not drop; do not read as mix immunises
T2d_He_scale_free_mix_03_2026-09-19_03-58-06,T2d_He_scale_free_mix_03,T2d_He,He,scale_free,mix_03,dual,sai_geoengineering,complete,1538,181,153,false,1.085,1.0789,3,1.085,0.0359,1.0621,0.861,,,false,live,
T2d_He_scale_free_mix_03_2026-09-19_03-58-06,T2d_He_scale_free_mix_03,T2d_He,He,scale_free,mix_03,dual,paris_agreement,complete,1538,176,150,false,1.3267,1.3271,5,1.3267,0.63,0.7233,0.2292,,,false,live,
T2d_He_scale_free_mix_03_2026-09-19_03-58-06,T2d_He_scale_free_mix_03,T2d_He,He,scale_free,mix_03,dual,climate_consensus,complete,1538,180,151,false,1.0464,1.0482,5,1.0464,0.4901,0.5695,0.8198,,,false,live,
T2d_He_scale_free_mix_03_2026-09-19_03-58-06,T2d_He_scale_free_mix_03,T2d_He,He,scale_free,mix_03,dual,polar_bears,complete,1538,174,148,false,0.7568,0.7585,4,0.7568,0.0101,0.7601,0,,,false,live,
T2d_He_scale_free_mix_04_2026-09-19_04-09-07,T2d_He_scale_free_mix_04,T2d_He,He,scale_free,mix_04,dual,scopex_2017,complete,1110,179,150,false,1.5333,1.5421,5,1.5333,0.4613,1.1053,0.5985,,,false,live,
T2d_He_scale_free_mix_04_2026-09-19_04-09-07,T2d_He_scale_free_mix_04,T2d_He,He,scale_free,mix_04,dual,chemtrails_gates_2018_2021,complete,1110,170,71,false,2.1831,1.9385,5,2.1831,1.0634,1.1901,0.7956,,,false,live,
T2d_He_scale_free_mix_04_2026-09-19_04-09-07,T2d_He_scale_free_mix_04,T2d_He,He,scale_free,mix_04,dual,sai_geoengineering,complete,1110,163,8,false,0.75,0.5833,2,0.75,0.25,0.5,1,,,false,live,
T2d_He_scale_free_mix_04_2026-09-19_04-09-07,T2d_He_scale_free_mix_04,T2d_He,He,scale_free,mix_04,dual,paris_agreement,complete,1110,167,8,false,3.25,2.9,4,3.25,1.1125,2.2625,0.7552,7,,false,live,
T2d_He_scale_free_mix_04_2026-09-19_04-09-07,T2d_He_scale_free_mix_04,T2d_He,He,scale_free,mix_04,dual,climate_consensus,complete,1110,179,2,false,2.5,2.5,5,2.5,1.25,1.25,,7,,false,live,
T2d_He_scale_free_mix_04_2026-09-19_04-09-07,T2d_He_scale_free_mix_04,T2d_He,He,scale_free,mix_04,dual,polar_bears,complete,1110,167,4,false,0.75,0.5,2,0.75,0,0.75,,,,false,live,
T2d_He_scale_free_mix_05_2026-09-19_04-16-26,T2d_He_scale_free_mix_05,T2d_He,He,scale_free,mix_05,dual,scopex_2017,complete,526,1,0,true,,,,,,,,,,false,hatched_dead_after_llm,nScored <= 1 but llmCalls>0; keep the row; do not drop; do not read as mix immunises
T2d_He_scale_free_mix_05_2026-09-19_04-16-26,T2d_He_scale_free_mix_05,T2d_He,He,scale_free,mix_05,dual,chemtrails_gates_2018_2021,complete,526,174,11,false,2.3636,2.2778,4,2.3636,1.3182,1.0455,1,,,false,live,
T2d_He_scale_free_mix_05_2026-09-19_04-16-26,T2d_He_scale_free_mix_05,T2d_He,He,scale_free,mix_05,dual,sai_geoengineering,complete,526,180,6,false,1,1.1,3,1,0.0833,0.9167,0.4082,,,false,live,
T2d_He_scale_free_mix_05_2026-09-19_04-16-26,T2d_He_scale_free_mix_05,T2d_He,He,scale_free,mix_05,dual,paris_agreement,complete,526,169,2,false,3,3,4,3,1.5,1.5,0.8062,,,false,live,
T2d_He_scale_free_mix_05_2026-09-19_04-16-26,T2d_He_scale_free_mix_05,T2d_He,He,scale_free,mix_05,dual,climate_consensus,complete,526,179,4,false,2,1.6667,5,2,1.25,0.75,,7,,false,live,
T2d_He_scale_free_mix_05_2026-09-19_04-16-26,T2d_He_scale_free_mix_05,T2d_He,He,scale_free,mix_05,dual,polar_bears,complete,526,178,3,false,1.3333,1.3333,2,1.3333,0,1.3333,,,,false,live,
T2d_He_small_world_mix_00_2026-09-19_03-13-39,T2d_He_small_world_mix_00,T2d_He,He,small_world,mix_00,dual,scopex_2017,complete,2332,176,155,false,2.5806,2.5842,5,2.5806,1.3677,1.4129,0.3252,8,,true,live,
T2d_He_small_world_mix_00_2026-09-19_03-13-39,T2d_He_small_world_mix_00,T2d_He,He,small_world,mix_00,dual,chemtrails_gates_2018_2021,complete,2332,181,158,false,4.2215,4.1857,5,4.2215,2.9146,1.307,0.8359,1,6,false,live,
T2d_He_small_world_mix_00_2026-09-19_03-13-39,T2d_He_small_world_mix_00,T2d_He,He,small_world,mix_00,dual,sai_geoengineering,complete,2332,149,128,false,1.3203,1.3056,4,1.3203,0.1992,1.1523,0.5622,,,false,live,
T2d_He_small_world_mix_00_2026-09-19_03-13-39,T2d_He_small_world_mix_00,T2d_He,He,small_world,mix_00,dual,paris_agreement,complete,2332,181,156,false,4.1603,4.1387,5,4.1603,2.6859,1.6026,0.2604,3,,false,live,
T2d_He_small_world_mix_00_2026-09-19_03-13-39,T2d_He_small_world_mix_00,T2d_He,He,small_world,mix_00,dual,climate_consensus,complete,2332,181,154,false,4.5455,4.4773,5,4.5455,3.9149,0.6565,0.6338,1,1,false,live,
T2d_He_small_world_mix_00_2026-09-19_03-13-39,T2d_He_small_world_mix_00,T2d_He,He,small_world,mix_00,dual,polar_bears,complete,2332,181,152,false,0.8158,0.8229,5,0.8158,0.1118,0.7171,0.5681,,,false,live,
T2d_He_small_world_mix_01_2026-09-19_03-22-40,T2d_He_small_world_mix_01,T2d_He,He,small_world,mix_01,dual,scopex_2017,complete,2293,181,149,false,3.2148,3.2143,5,3.2148,1.6054,1.851,0.3468,6,,false,live,
T2d_He_small_world_mix_01_2026-09-19_03-22-40,T2d_He_small_world_mix_01,T2d_He,He,small_world,mix_01,dual,chemtrails_gates_2018_2021,complete,2293,177,145,false,3.0345,3.0149,5,3.0345,1.7966,1.2448,0.8944,7,,false,live,
T2d_He_small_world_mix_01_2026-09-19_03-22-40,T2d_He_small_world_mix_01,T2d_He,He,small_world,mix_01,dual,sai_geoengineering,complete,2293,176,155,false,0.9871,0.9816,3,0.9871,0.0516,0.9419,0.6504,,,false,live,
T2d_He_small_world_mix_01_2026-09-19_03-22-40,T2d_He_small_world_mix_01,T2d_He,He,small_world,mix_01,dual,paris_agreement,complete,2293,181,156,false,3.6154,3.5908,5,3.6154,2.0205,1.8141,0.0903,2,,false,live,
T2d_He_small_world_mix_01_2026-09-19_03-22-40,T2d_He_small_world_mix_01,T2d_He,He,small_world,mix_01,dual,climate_consensus,complete,2293,181,143,false,3.3007,3.2842,5,3.3007,2.2902,1.0105,0.6955,5,,false,live,
T2d_He_small_world_mix_01_2026-09-19_03-22-40,T2d_He_small_world_mix_01,T2d_He,He,small_world,mix_01,dual,polar_bears,complete,2293,168,149,false,1.1544,1.154,4,1.1544,0.057,1.104,0.4361,,,false,live,
T2d_He_small_world_mix_02_2026-09-19_03-32-31,T2d_He_small_world_mix_02,T2d_He,He,small_world,mix_02,dual,scopex_2017,complete,1779,178,144,false,2.3264,2.3131,4,2.3264,0.5382,1.7951,0.5637,,,false,live,
T2d_He_small_world_mix_02_2026-09-19_03-32-31,T2d_He_small_world_mix_02,T2d_He,He,small_world,mix_02,dual,chemtrails_gates_2018_2021,complete,1779,170,139,false,2.0072,2.0078,3,2.0072,0.8993,1.1079,0.9129,,,false,live,
T2d_He_small_world_mix_02_2026-09-19_03-32-31,T2d_He_small_world_mix_02,T2d_He,He,small_world,mix_02,dual,sai_geoengineering,complete,1779,177,154,false,0.7792,0.7803,3,0.7792,0.0175,0.7617,0.9014,,,false,live,
T2d_He_small_world_mix_02_2026-09-19_03-32-31,T2d_He_small_world_mix_02,T2d_He,He,small_world,mix_02,dual,paris_agreement,complete,1779,179,142,false,0.5352,0.5317,2,0.5352,0.0176,0.5176,1,,,false,live,
T2d_He_small_world_mix_02_2026-09-19_03-32-31,T2d_He_small_world_mix_02,T2d_He,He,small_world,mix_02,dual,climate_consensus,complete,1779,170,8,false,1.125,1.2857,2,1.125,0.1875,0.9375,0.8062,,,false,live,
T2d_He_small_world_mix_02_2026-09-19_03-32-31,T2d_He_small_world_mix_02,T2d_He,He,small_world,mix_02,dual,polar_bears,complete,1779,178,11,false,1.2727,1.4286,3,1.2727,0,1.2727,,,,false,live,
T2d_He_small_world_mix_03_2026-09-19_03-33-19,T2d_He_small_world_mix_03,T2d_He,He,small_world,mix_03,dual,scopex_2017,complete,1497,1,0,true,,,,,,,,,,false,hatched_dead_after_llm,nScored <= 1 but llmCalls>0; keep the row; do not drop; do not read as mix immunises
T2d_He_small_world_mix_03_2026-09-19_03-33-19,T2d_He_small_world_mix_03,T2d_He,He,small_world,mix_03,dual,chemtrails_gates_2018_2021,complete,1497,173,146,false,1.4726,1.4782,5,1.4726,0.7719,0.7007,0.9433,,,false,live,
T2d_He_small_world_mix_03_2026-09-19_03-33-19,T2d_He_small_world_mix_03,T2d_He,He,small_world,mix_03,dual,sai_geoengineering,complete,1497,175,153,false,1.0654,1.0552,3,1.0654,0.0948,0.9967,0.7041,,,false,live,
T2d_He_small_world_mix_03_2026-09-19_03-33-19,T2d_He_small_world_mix_03,T2d_He,He,small_world,mix_03,dual,paris_agreement,complete,1497,1,0,true,,,,,,,,,,false,hatched_dead_after_llm,nScored <= 1 but llmCalls>0; keep the row; do not drop; do not read as mix immunises
T2d_He_small_world_mix_03_2026-09-19_03-33-19,T2d_He_small_world_mix_03,T2d_He,He,small_world,mix_03,dual,climate_consensus,complete,1497,168,145,false,1.7172,1.7104,5,1.7172,0.5828,1.1483,0.8905,,,false,live,
T2d_He_small_world_mix_03_2026-09-19_03-33-19,T2d_He_small_world_mix_03,T2d_He,He,small_world,mix_03,dual,polar_bears,complete,1497,161,140,false,0.9857,0.9844,3,0.9857,0.0036,0.9893,,,,false,live,
T2d_He_small_world_mix_04_2026-09-19_03-42-38,T2d_He_small_world_mix_04,T2d_He,He,small_world,mix_04,dual,scopex_2017,complete,1024,180,152,false,2.1053,2.0924,5,2.1053,0.6053,1.5329,0.4665,,,false,live,
T2d_He_small_world_mix_04_2026-09-19_03-42-38,T2d_He_small_world_mix_04,T2d_He,He,small_world,mix_04,dual,chemtrails_gates_2018_2021,complete,1024,1,0,true,,,,,,,,,,false,hatched_dead_after_llm,nScored <= 1 but llmCalls>0; keep the row; do not drop; do not read as mix immunises
T2d_He_small_world_mix_04_2026-09-19_03-42-38,T2d_He_small_world_mix_04,T2d_He,He,small_world,mix_04,dual,sai_geoengineering,complete,1024,181,138,false,0.8116,0.8076,3,0.8116,0.0254,0.8152,0.8062,,,false,live,
T2d_He_small_world_mix_04_2026-09-19_03-42-38,T2d_He_small_world_mix_04,T2d_He,He,small_world,mix_04,dual,paris_agreement,complete,1024,175,7,false,2,2.1667,5,2,1.0714,0.9286,,8,,true,live,
T2d_He_small_world_mix_04_2026-09-19_03-42-38,T2d_He_small_world_mix_04,T2d_He,He,small_world,mix_04,dual,climate_consensus,complete,1024,1,0,true,,,,,,,,,,false,hatched_dead_after_llm,nScored <= 1 but llmCalls>0; keep the row; do not drop; do not read as mix immunises
T2d_He_small_world_mix_04_2026-09-19_03-42-38,T2d_He_small_world_mix_04,T2d_He,He,small_world,mix_04,dual,polar_bears,complete,1024,177,11,false,1,0.8125,2,1,0.0909,1,1,,,false,live,
T2d_He_small_world_mix_05_2026-09-19_03-50-30,T2d_He_small_world_mix_05,T2d_He,He,small_world,mix_05,dual,scopex_2017,complete,2220,179,141,false,1.3617,1.3679,5,1.3617,0.395,1.005,0.5217,,,false,live,
T2d_He_small_world_mix_05_2026-09-19_03-50-30,T2d_He_small_world_mix_05,T2d_He,He,small_world,mix_05,dual,chemtrails_gates_2018_2021,complete,2220,175,152,false,2.0921,2.0936,5,2.0921,1.2526,0.8816,0.9035,,,false,live,
T2d_He_small_world_mix_05_2026-09-19_03-50-30,T2d_He_small_world_mix_05,T2d_He,He,small_world,mix_05,dual,sai_geoengineering,complete,2220,175,148,false,1.0608,1.0584,4,1.0608,0.1385,0.9764,0.7531,,,false,live,
T2d_He_small_world_mix_05_2026-09-19_03-50-30,T2d_He_small_world_mix_05,T2d_He,He,small_world,mix_05,dual,paris_agreement,complete,2220,169,141,false,1.4397,1.436,5,1.4397,0.4624,1.0482,0.6206,,,false,live,
T2d_He_small_world_mix_05_2026-09-19_03-50-30,T2d_He_small_world_mix_05,T2d_He,He,small_world,mix_05,dual,climate_consensus,complete,2220,175,145,false,1.9034,1.898,5,1.9034,0.8772,1.0262,0.7035,,,false,live,
T2d_He_small_world_mix_05_2026-09-19_03-50-30,T2d_He_small_world_mix_05,T2d_He,He,small_world,mix_05,dual,polar_bears,complete,2220,178,156,false,1.0962,1.1191,3,1.0962,0.016,1.0994,0.1187,,,false,live,
