runDir,experimentName,slice,arm,topology,rest,scoringMode,articleId,run_http_errors,nEvents,nEligible_raw,nScored,dead,meanMI,meanNodeMPR,kStar,raw_matches_canonical,identity_rewrite_fallbacks,identity_fallbacks_scored,unscored_eligible_events,corrected_nScored,corrected_dead,corrected_meanMI,corrected_meanNodeMPR,corrected_kStar,delta_meanMI
T2c_H_echo_chamber_biodiversity_food_security_2026-09-19_04-43-08,T2c_H_echo_chamber_biodiversity_food_security,T2c_H,H,echo_chamber,biodiversity_food_security,continuous,scopex_2017,0,161,141,141,False,0.0496,0.055,,True,0,0,0,141,False,0.049645390070921974,0.054988741908246534,,4.5390070921975945e-05
T2c_H_echo_chamber_biodiversity_food_security_2026-09-19_04-43-08,T2c_H_echo_chamber_biodiversity_food_security,T2c_H,H,echo_chamber,biodiversity_food_security,continuous,chemtrails_gates_2018_2021,0,167,142,142,False,1.0,1.0,,True,0,0,0,142,False,0.9999999999999998,0.9999999999999998,,-2.220446049250313e-16
T2c_H_echo_chamber_biodiversity_food_security_2026-09-19_04-43-08,T2c_H_echo_chamber_biodiversity_food_security,T2c_H,H,echo_chamber,biodiversity_food_security,continuous,sai_geoengineering,0,149,122,122,False,0.1148,0.1183,,True,0,0,0,122,False,0.11475409836065573,0.11831569166127988,,-4.590163934427294e-05
T2c_H_echo_chamber_biodiversity_food_security_2026-09-19_04-43-08,T2c_H_echo_chamber_biodiversity_food_security,T2c_H,H,echo_chamber,biodiversity_food_security,continuous,paris_agreement,0,164,139,139,False,0.2209,0.2239,,True,0,0,0,139,False,0.22086330935251797,0.22385802407087232,,-3.669064748204609e-05
T2c_H_echo_chamber_biodiversity_food_security_2026-09-19_04-43-08,T2c_H_echo_chamber_biodiversity_food_security,T2c_H,H,echo_chamber,biodiversity_food_security,continuous,climate_consensus,0,1,0,0,True,,,,True,0,0,0,0,True,,,,
T2c_H_echo_chamber_biodiversity_food_security_2026-09-19_04-43-08,T2c_H_echo_chamber_biodiversity_food_security,T2c_H,H,echo_chamber,biodiversity_food_security,continuous,polar_bears,0,155,133,133,False,0.0,0.0,,True,0,0,0,133,False,0.0,0.0,,0.0
T2c_H_echo_chamber_climate_action_advocate_2026-09-19_04-30-38,T2c_H_echo_chamber_climate_action_advocate,T2c_H,H,echo_chamber,climate_action_advocate,continuous,scopex_2017,637,167,144,8,False,0.0,0.0,,True,86,4,136,4,False,0.0,0.0,,0.0
T2c_H_echo_chamber_climate_action_advocate_2026-09-19_04-30-38,T2c_H_echo_chamber_climate_action_advocate,T2c_H,H,echo_chamber,climate_action_advocate,continuous,chemtrails_gates_2018_2021,637,150,133,6,False,0.0833,0.0833,,True,70,5,127,1,True,0.0,0.0,,-0.0833
T2c_H_echo_chamber_climate_action_advocate_2026-09-19_04-30-38,T2c_H_echo_chamber_climate_action_advocate,T2c_H,H,echo_chamber,climate_action_advocate,continuous,sai_geoengineering,637,1,0,0,True,,,,True,0,0,0,0,True,,,,
T2c_H_echo_chamber_climate_action_advocate_2026-09-19_04-30-38,T2c_H_echo_chamber_climate_action_advocate,T2c_H,H,echo_chamber,climate_action_advocate,continuous,paris_agreement,637,167,150,6,False,0.0,0.0,,True,74,2,144,4,False,0.0,0.0,,0.0
T2c_H_echo_chamber_climate_action_advocate_2026-09-19_04-30-38,T2c_H_echo_chamber_climate_action_advocate,T2c_H,H,echo_chamber,climate_action_advocate,continuous,climate_consensus,637,1,0,0,True,,,,True,0,0,0,0,True,,,,
T2c_H_echo_chamber_climate_action_advocate_2026-09-19_04-30-38,T2c_H_echo_chamber_climate_action_advocate,T2c_H,H,echo_chamber,climate_action_advocate,continuous,polar_bears,637,1,0,0,True,,,,True,0,0,0,0,True,,,,
T2c_H_echo_chamber_climate_justice_youth_2026-09-19_04-31-18,T2c_H_echo_chamber_climate_justice_youth,T2c_H,H,echo_chamber,climate_justice_youth,continuous,scopex_2017,355,164,142,142,False,0.0176,0.0199,,True,86,86,0,56,False,0.044642857142857144,0.03757440476190476,,0.027042857142857143
T2c_H_echo_chamber_climate_justice_youth_2026-09-19_04-31-18,T2c_H_echo_chamber_climate_justice_youth,T2c_H,H,echo_chamber,climate_justice_youth,continuous,chemtrails_gates_2018_2021,355,161,136,136,False,0.0956,0.0913,,True,83,83,0,53,False,0.09433962264150941,0.09851190476190474,,-0.0012603773584905914
T2c_H_echo_chamber_climate_justice_youth_2026-09-19_04-31-18,T2c_H_echo_chamber_climate_justice_youth,T2c_H,H,echo_chamber,climate_justice_youth,continuous,sai_geoengineering,355,162,139,139,False,0.0468,0.0472,,True,81,81,0,58,False,0.03448275862068965,0.027083333333333327,,-0.012317241379310354
T2c_H_echo_chamber_climate_justice_youth_2026-09-19_04-31-18,T2c_H_echo_chamber_climate_justice_youth,T2c_H,H,echo_chamber,climate_justice_youth,continuous,paris_agreement,355,159,134,134,False,0.0187,0.017,,True,69,69,0,65,False,0.030769230769230764,0.031593406593406585,,0.012069230769230763
T2c_H_echo_chamber_climate_justice_youth_2026-09-19_04-31-18,T2c_H_echo_chamber_climate_justice_youth,T2c_H,H,echo_chamber,climate_justice_youth,continuous,climate_consensus,355,147,125,125,False,0.056,0.0598,,True,36,36,0,89,False,0.07865168539325841,0.07874417249417248,,0.02265168539325841
T2c_H_echo_chamber_climate_justice_youth_2026-09-19_04-31-18,T2c_H_echo_chamber_climate_justice_youth,T2c_H,H,echo_chamber,climate_justice_youth,continuous,polar_bears,355,152,114,114,False,0.0044,0.0042,,True,0,0,0,114,False,0.004385964912280701,0.004166666666666666,,-1.4035087719299622e-05
T2c_H_echo_chamber_climate_scientist_2026-09-19_04-45-38,T2c_H_echo_chamber_climate_scientist,T2c_H,H,echo_chamber,climate_scientist,continuous,scopex_2017,0,154,139,139,False,0.0,0.0,,True,0,0,0,139,False,0.0,0.0,,0.0
T2c_H_echo_chamber_climate_scientist_2026-09-19_04-45-38,T2c_H_echo_chamber_climate_scientist,T2c_H,H,echo_chamber,climate_scientist,continuous,chemtrails_gates_2018_2021,0,166,147,147,False,0.0102,0.01,,True,0,0,0,147,False,0.010204081632653059,0.009989601901366605,,4.081632653057943e-06
T2c_H_echo_chamber_climate_scientist_2026-09-19_04-45-38,T2c_H_echo_chamber_climate_scientist,T2c_H,H,echo_chamber,climate_scientist,continuous,sai_geoengineering,0,159,134,134,False,0.0037,0.0035,,True,0,0,0,134,False,0.0037313432835820886,0.0034722222222222216,,3.134328358208845e-05
T2c_H_echo_chamber_climate_scientist_2026-09-19_04-45-38,T2c_H_echo_chamber_climate_scientist,T2c_H,H,echo_chamber,climate_scientist,continuous,paris_agreement,0,167,148,148,False,0.0338,0.0362,,True,0,0,0,148,False,0.03378378378378378,0.03617238562091503,,-1.6216216216217993e-05
T2c_H_echo_chamber_climate_scientist_2026-09-19_04-45-38,T2c_H_echo_chamber_climate_scientist,T2c_H,H,echo_chamber,climate_scientist,continuous,climate_consensus,0,1,0,0,True,,,,True,0,0,0,0,True,,,,
T2c_H_echo_chamber_climate_scientist_2026-09-19_04-45-38,T2c_H_echo_chamber_climate_scientist,T2c_H,H,echo_chamber,climate_scientist,continuous,polar_bears,0,160,135,135,False,0.0,0.0,,True,0,0,0,135,False,0.0,0.0,,0.0
T2c_H_echo_chamber_conspiracy_believer_2026-09-19_04-13-27,T2c_H_echo_chamber_conspiracy_believer,T2c_H,H,echo_chamber,conspiracy_believer,continuous,scopex_2017,705,165,140,59,False,2.2881,2.3606,,True,1,1,81,58,False,2.3275862068965516,2.6731150793650795,,0.03948620689655158
T2c_H_echo_chamber_conspiracy_believer_2026-09-19_04-13-27,T2c_H_echo_chamber_conspiracy_believer,T2c_H,H,echo_chamber,conspiracy_believer,continuous,chemtrails_gates_2018_2021,705,158,131,12,False,2.8333,3.0,5.0,True,9,1,119,11,False,2.8181818181818183,2.9375,5,-0.015118181818181586
T2c_H_echo_chamber_conspiracy_believer_2026-09-19_04-13-27,T2c_H_echo_chamber_conspiracy_believer,T2c_H,H,echo_chamber,conspiracy_believer,continuous,sai_geoengineering,705,162,136,5,False,0.4,0.3333,,True,9,0,131,5,False,0.3999999999999999,0.33333333333333326,,-1.1102230246251565e-16
T2c_H_echo_chamber_conspiracy_believer_2026-09-19_04-13-27,T2c_H_echo_chamber_conspiracy_believer,T2c_H,H,echo_chamber,conspiracy_believer,continuous,paris_agreement,705,145,121,7,False,4.6429,4.6429,6.0,True,2,0,114,7,False,4.642857142857143,4.642857142857143,6,-4.285714285678921e-05
T2c_H_echo_chamber_conspiracy_believer_2026-09-19_04-13-27,T2c_H_echo_chamber_conspiracy_believer,T2c_H,H,echo_chamber,conspiracy_believer,continuous,climate_consensus,705,165,135,5,False,5.0,5.0,4.0,True,0,0,130,5,False,5.0,5.0,4,0.0
T2c_H_echo_chamber_conspiracy_believer_2026-09-19_04-13-27,T2c_H_echo_chamber_conspiracy_believer,T2c_H,H,echo_chamber,conspiracy_believer,continuous,polar_bears,705,167,137,7,False,0.1429,0.2,,True,0,0,130,7,False,0.14285714285714282,0.19999999999999996,,-4.285714285717779e-05
T2c_H_echo_chamber_conspiracy_climate_piggyback_2026-09-19_04-13-27,T2c_H_echo_chamber_conspiracy_climate_piggyback,T2c_H,H,echo_chamber,conspiracy_climate_piggyback,continuous,scopex_2017,754,155,134,13,False,1.6077,1.5125,,True,0,0,121,13,False,1.6076923076923078,1.5125,,-7.692307692153122e-06
T2c_H_echo_chamber_conspiracy_climate_piggyback_2026-09-19_04-13-27,T2c_H_echo_chamber_conspiracy_climate_piggyback,T2c_H,H,echo_chamber,conspiracy_climate_piggyback,continuous,chemtrails_gates_2018_2021,754,150,117,5,False,3.8,3.8,6.0,True,1,0,112,5,False,3.8,3.8,6,0.0
T2c_H_echo_chamber_conspiracy_climate_piggyback_2026-09-19_04-13-27,T2c_H_echo_chamber_conspiracy_climate_piggyback,T2c_H,H,echo_chamber,conspiracy_climate_piggyback,continuous,sai_geoengineering,754,165,139,6,False,0.4167,0.4,,True,0,0,133,6,False,0.4166666666666667,0.4,,-3.333333333332966e-05
T2c_H_echo_chamber_conspiracy_climate_piggyback_2026-09-19_04-13-27,T2c_H_echo_chamber_conspiracy_climate_piggyback,T2c_H,H,echo_chamber,conspiracy_climate_piggyback,continuous,paris_agreement,754,165,133,2,False,1.5,1.5,,True,0,0,131,2,False,1.5,1.5,,0.0
T2c_H_echo_chamber_conspiracy_climate_piggyback_2026-09-19_04-13-27,T2c_H_echo_chamber_conspiracy_climate_piggyback,T2c_H,H,echo_chamber,conspiracy_climate_piggyback,continuous,climate_consensus,754,157,129,7,False,5.0,5.0,6.0,True,0,0,122,7,False,5.0,5.0,6,0.0
T2c_H_echo_chamber_conspiracy_climate_piggyback_2026-09-19_04-13-27,T2c_H_echo_chamber_conspiracy_climate_piggyback,T2c_H,H,echo_chamber,conspiracy_climate_piggyback,continuous,polar_bears,754,144,121,5,False,0.0,0.0,,True,19,0,116,5,False,0.0,0.0,,0.0
T2c_H_echo_chamber_conspiracy_depopulation_2026-09-19_04-13-27,T2c_H_echo_chamber_conspiracy_depopulation,T2c_H,H,echo_chamber,conspiracy_depopulation,continuous,scopex_2017,792,143,127,13,False,1.9615,1.9063,,True,1,0,114,13,False,1.9615384615384615,1.90625,,3.8461538461431743e-05
T2c_H_echo_chamber_conspiracy_depopulation_2026-09-19_04-13-27,T2c_H_echo_chamber_conspiracy_depopulation,T2c_H,H,echo_chamber,conspiracy_depopulation,continuous,chemtrails_gates_2018_2021,792,167,138,6,False,3.3333,3.4,,True,0,0,132,6,False,3.3333333333333335,3.4,,3.333333333355171e-05
T2c_H_echo_chamber_conspiracy_depopulation_2026-09-19_04-13-27,T2c_H_echo_chamber_conspiracy_depopulation,T2c_H,H,echo_chamber,conspiracy_depopulation,continuous,sai_geoengineering,792,153,134,8,False,0.375,0.5,,True,0,0,126,8,False,0.375,0.5,,0.0
T2c_H_echo_chamber_conspiracy_depopulation_2026-09-19_04-13-27,T2c_H_echo_chamber_conspiracy_depopulation,T2c_H,H,echo_chamber,conspiracy_depopulation,continuous,paris_agreement,792,167,138,3,False,1.3333,1.3333,,True,0,0,135,3,False,1.3333333333333333,1.3333333333333333,,3.333333333332966e-05
T2c_H_echo_chamber_conspiracy_depopulation_2026-09-19_04-13-27,T2c_H_echo_chamber_conspiracy_depopulation,T2c_H,H,echo_chamber,conspiracy_depopulation,continuous,climate_consensus,792,166,141,6,False,5.0,5.0,6.0,True,1,0,135,6,False,5.0,5.0,6,0.0
T2c_H_echo_chamber_conspiracy_depopulation_2026-09-19_04-13-27,T2c_H_echo_chamber_conspiracy_depopulation,T2c_H,H,echo_chamber,conspiracy_depopulation,continuous,polar_bears,792,158,130,8,False,0.0,0.0,,True,28,1,122,7,False,0.0,0.0,,0.0
T2c_H_echo_chamber_conspiracy_haarp_weather_2026-09-19_04-13-27,T2c_H_echo_chamber_conspiracy_haarp_weather,T2c_H,H,echo_chamber,conspiracy_haarp_weather,continuous,scopex_2017,416,1,0,0,True,,,,True,0,0,0,0,True,,,,
T2c_H_echo_chamber_conspiracy_haarp_weather_2026-09-19_04-13-27,T2c_H_echo_chamber_conspiracy_haarp_weather,T2c_H,H,echo_chamber,conspiracy_haarp_weather,continuous,chemtrails_gates_2018_2021,416,165,137,137,False,2.8847,2.8846,6.0,True,0,0,0,137,False,2.884671532846715,2.884555109922757,6,-2.846715328486127e-05
T2c_H_echo_chamber_conspiracy_haarp_weather_2026-09-19_04-13-27,T2c_H_echo_chamber_conspiracy_haarp_weather,T2c_H,H,echo_chamber,conspiracy_haarp_weather,continuous,sai_geoengineering,416,166,144,105,False,0.4876,0.5434,,True,0,0,39,105,False,0.48761904761904756,0.5434027777777777,,1.904761904758523e-05
T2c_H_echo_chamber_conspiracy_haarp_weather_2026-09-19_04-13-27,T2c_H_echo_chamber_conspiracy_haarp_weather,T2c_H,H,echo_chamber,conspiracy_haarp_weather,continuous,paris_agreement,416,165,146,15,False,3.4,3.5625,,True,0,0,131,15,False,3.4,3.5625,,0.0
T2c_H_echo_chamber_conspiracy_haarp_weather_2026-09-19_04-13-27,T2c_H_echo_chamber_conspiracy_haarp_weather,T2c_H,H,echo_chamber,conspiracy_haarp_weather,continuous,climate_consensus,416,151,126,8,False,4.5625,4.375,4.0,True,0,0,118,8,False,4.5625,4.375,4,0.0
T2c_H_echo_chamber_conspiracy_haarp_weather_2026-09-19_04-13-27,T2c_H_echo_chamber_conspiracy_haarp_weather,T2c_H,H,echo_chamber,conspiracy_haarp_weather,continuous,polar_bears,416,158,133,5,False,0.0,0.0,,True,0,0,128,5,False,0.0,0.0,,0.0
T2c_H_echo_chamber_environmental_concern_2026-09-19_04-31-37,T2c_H_echo_chamber_environmental_concern,T2c_H,H,echo_chamber,environmental_concern,continuous,scopex_2017,330,157,136,136,False,0.0,0.0,,True,65,65,0,71,False,0.0,0.0,,0.0
T2c_H_echo_chamber_environmental_concern_2026-09-19_04-31-37,T2c_H_echo_chamber_environmental_concern,T2c_H,H,echo_chamber,environmental_concern,continuous,chemtrails_gates_2018_2021,330,167,139,139,False,0.0108,0.0116,,True,92,92,0,47,False,0.021276595744680847,0.02256944444444444,,0.010476595744680847
T2c_H_echo_chamber_environmental_concern_2026-09-19_04-31-37,T2c_H_echo_chamber_environmental_concern,T2c_H,H,echo_chamber,environmental_concern,continuous,sai_geoengineering,330,151,132,132,False,0.0,0.0,,True,80,80,0,52,False,0.0,0.0,,0.0
T2c_H_echo_chamber_environmental_concern_2026-09-19_04-31-37,T2c_H_echo_chamber_environmental_concern,T2c_H,H,echo_chamber,environmental_concern,continuous,paris_agreement,330,94,72,72,False,0.0139,0.025,,True,48,48,0,24,False,0.0,0.0,,-0.0139
T2c_H_echo_chamber_environmental_concern_2026-09-19_04-31-37,T2c_H_echo_chamber_environmental_concern,T2c_H,H,echo_chamber,environmental_concern,continuous,climate_consensus,330,166,134,134,False,0.0,0.0,,True,45,45,0,89,False,0.0,0.0,,0.0
T2c_H_echo_chamber_environmental_concern_2026-09-19_04-31-37,T2c_H_echo_chamber_environmental_concern,T2c_H,H,echo_chamber,environmental_concern,continuous,polar_bears,330,164,136,136,False,0.0,0.0,,True,0,0,0,136,False,0.0,0.0,,0.0
T2c_H_echo_chamber_mitigation_first_policy_2026-09-19_04-31-24,T2c_H_echo_chamber_mitigation_first_policy,T2c_H,H,echo_chamber,mitigation_first_policy,continuous,scopex_2017,397,166,143,143,False,0.0,0.0,,True,81,81,0,62,False,0.0,0.0,,0.0
T2c_H_echo_chamber_mitigation_first_policy_2026-09-19_04-31-24,T2c_H_echo_chamber_mitigation_first_policy,T2c_H,H,echo_chamber,mitigation_first_policy,continuous,chemtrails_gates_2018_2021,397,164,143,143,False,0.0,0.0,,True,73,73,0,70,False,0.0,0.0,,0.0
T2c_H_echo_chamber_mitigation_first_policy_2026-09-19_04-31-24,T2c_H_echo_chamber_mitigation_first_policy,T2c_H,H,echo_chamber,mitigation_first_policy,continuous,sai_geoengineering,397,144,111,111,False,0.018,0.0156,,True,66,66,0,45,False,0.044444444444444446,0.041666666666666664,,0.026444444444444448
T2c_H_echo_chamber_mitigation_first_policy_2026-09-19_04-31-24,T2c_H_echo_chamber_mitigation_first_policy,T2c_H,H,echo_chamber,mitigation_first_policy,continuous,paris_agreement,397,129,98,98,False,0.0459,0.0446,,True,56,56,0,42,False,0.059523809523809514,0.05691964285714284,,0.01362380952380951
T2c_H_echo_chamber_mitigation_first_policy_2026-09-19_04-31-24,T2c_H_echo_chamber_mitigation_first_policy,T2c_H,H,echo_chamber,mitigation_first_policy,continuous,climate_consensus,397,157,132,132,False,0.0,0.0,,True,75,75,0,57,False,0.0,0.0,,0.0
T2c_H_echo_chamber_mitigation_first_policy_2026-09-19_04-31-24,T2c_H_echo_chamber_mitigation_first_policy,T2c_H,H,echo_chamber,mitigation_first_policy,continuous,polar_bears,397,160,138,138,False,0.0,0.0,,True,46,46,0,92,False,0.0,0.0,,0.0
T2c_H_echo_chamber_ozone_stratosphere_specialist_2026-09-19_04-32-32,T2c_H_echo_chamber_ozone_stratosphere_specialist,T2c_H,H,echo_chamber,ozone_stratosphere_specialist,continuous,scopex_2017,101,163,140,140,False,0.0,0.0,,True,75,75,0,65,False,0.0,0.0,,0.0
T2c_H_echo_chamber_ozone_stratosphere_specialist_2026-09-19_04-32-32,T2c_H_echo_chamber_ozone_stratosphere_specialist,T2c_H,H,echo_chamber,ozone_stratosphere_specialist,continuous,chemtrails_gates_2018_2021,101,165,147,147,False,0.385,0.3922,,True,26,26,0,121,False,0.46776859504132223,0.4671839649321266,,0.08276859504132222
T2c_H_echo_chamber_ozone_stratosphere_specialist_2026-09-19_04-32-32,T2c_H_echo_chamber_ozone_stratosphere_specialist,T2c_H,H,echo_chamber,ozone_stratosphere_specialist,continuous,sai_geoengineering,101,1,0,0,True,,,,True,0,0,0,0,True,,,,
T2c_H_echo_chamber_ozone_stratosphere_specialist_2026-09-19_04-32-32,T2c_H_echo_chamber_ozone_stratosphere_specialist,T2c_H,H,echo_chamber,ozone_stratosphere_specialist,continuous,paris_agreement,101,165,141,141,False,0.0213,0.0221,,True,0,0,0,141,False,0.021276595744680844,0.02208646616541353,,-2.340425531915588e-05
T2c_H_echo_chamber_ozone_stratosphere_specialist_2026-09-19_04-32-32,T2c_H_echo_chamber_ozone_stratosphere_specialist,T2c_H,H,echo_chamber,ozone_stratosphere_specialist,continuous,climate_consensus,101,167,144,144,False,0.0104,0.0099,,True,0,0,0,144,False,0.010416666666666664,0.009868421052631577,,1.666666666666483e-05
T2c_H_echo_chamber_ozone_stratosphere_specialist_2026-09-19_04-32-32,T2c_H_echo_chamber_ozone_stratosphere_specialist,T2c_H,H,echo_chamber,ozone_stratosphere_specialist,continuous,polar_bears,101,156,138,138,False,0.1703,0.1693,,True,0,0,0,138,False,0.17028985507246375,0.16932216417268658,,-1.0144927536259729e-05
T2c_H_echo_chamber_science_journalist_2026-09-19_04-45-58,T2c_H_echo_chamber_science_journalist,T2c_H,H,echo_chamber,science_journalist,continuous,scopex_2017,0,165,139,139,False,0.0,0.0,,True,0,0,0,139,False,0.0,0.0,,0.0
T2c_H_echo_chamber_science_journalist_2026-09-19_04-45-58,T2c_H_echo_chamber_science_journalist,T2c_H,H,echo_chamber,science_journalist,continuous,chemtrails_gates_2018_2021,0,165,139,139,False,0.018,0.0207,,True,0,0,0,139,False,0.017985611510791363,0.020745798319327727,,-1.4388489208636002e-05
T2c_H_echo_chamber_science_journalist_2026-09-19_04-45-58,T2c_H_echo_chamber_science_journalist,T2c_H,H,echo_chamber,science_journalist,continuous,sai_geoengineering,0,1,0,0,True,,,,True,0,0,0,0,True,,,,
T2c_H_echo_chamber_science_journalist_2026-09-19_04-45-58,T2c_H_echo_chamber_science_journalist,T2c_H,H,echo_chamber,science_journalist,continuous,paris_agreement,0,158,133,133,False,0.0414,0.0383,,True,0,0,0,133,False,0.04135338345864661,0.03831845238095238,,-4.6616541353391994e-05
T2c_H_echo_chamber_science_journalist_2026-09-19_04-45-58,T2c_H_echo_chamber_science_journalist,T2c_H,H,echo_chamber,science_journalist,continuous,climate_consensus,0,158,139,139,False,0.0288,0.028,,True,0,0,0,139,False,0.02877697841726618,0.028029057017543855,,-2.3021582733817603e-05
T2c_H_echo_chamber_science_journalist_2026-09-19_04-45-58,T2c_H_echo_chamber_science_journalist,T2c_H,H,echo_chamber,science_journalist,continuous,polar_bears,0,1,0,0,True,,,,True,0,0,0,0,True,,,,
T2c_H_hierarchical_biodiversity_food_security_2026-09-19_04-31-12,T2c_H_hierarchical_biodiversity_food_security,T2c_H,H,hierarchical,biodiversity_food_security,continuous,scopex_2017,523,83,78,3,False,0.0,0.0,,True,51,1,75,2,False,0.0,0.0,,0.0
T2c_H_hierarchical_biodiversity_food_security_2026-09-19_04-31-12,T2c_H_hierarchical_biodiversity_food_security,T2c_H,H,hierarchical,biodiversity_food_security,continuous,chemtrails_gates_2018_2021,523,78,67,3,False,0.0,0.0,,True,35,1,64,2,False,0.0,0.0,,0.0
T2c_H_hierarchical_biodiversity_food_security_2026-09-19_04-31-12,T2c_H_hierarchical_biodiversity_food_security,T2c_H,H,hierarchical,biodiversity_food_security,continuous,sai_geoengineering,523,1,0,0,True,,,,True,0,0,0,0,True,,,,
T2c_H_hierarchical_biodiversity_food_security_2026-09-19_04-31-12,T2c_H_hierarchical_biodiversity_food_security,T2c_H,H,hierarchical,biodiversity_food_security,continuous,paris_agreement,523,77,67,5,False,0.0,0.0,,True,34,3,62,2,False,0.0,0.0,,0.0
T2c_H_hierarchical_biodiversity_food_security_2026-09-19_04-31-12,T2c_H_hierarchical_biodiversity_food_security,T2c_H,H,hierarchical,biodiversity_food_security,continuous,climate_consensus,523,82,73,4,False,0.0,0.0,,True,36,3,69,1,True,0.0,0.0,,0.0
T2c_H_hierarchical_biodiversity_food_security_2026-09-19_04-31-12,T2c_H_hierarchical_biodiversity_food_security,T2c_H,H,hierarchical,biodiversity_food_security,continuous,polar_bears,523,79,68,10,False,0.0,0.0,,True,39,6,58,4,False,0.0,0.0,,0.0
T2c_H_hierarchical_climate_action_advocate_2026-09-19_04-26-01,T2c_H_hierarchical_climate_action_advocate,T2c_H,H,hierarchical,climate_action_advocate,continuous,scopex_2017,446,71,58,0,True,,,,True,0,0,58,0,True,,,,
T2c_H_hierarchical_climate_action_advocate_2026-09-19_04-26-01,T2c_H_hierarchical_climate_action_advocate,T2c_H,H,hierarchical,climate_action_advocate,continuous,chemtrails_gates_2018_2021,446,64,53,3,False,1.0,1.0,,True,0,0,50,3,False,0.9999999999999997,0.9999999999999997,,-3.3306690738754696e-16
T2c_H_hierarchical_climate_action_advocate_2026-09-19_04-26-01,T2c_H_hierarchical_climate_action_advocate,T2c_H,H,hierarchical,climate_action_advocate,continuous,sai_geoengineering,446,75,60,6,False,0.3333,0.2,,True,0,0,54,6,False,0.3333333333333333,0.2,,3.333333333332966e-05
T2c_H_hierarchical_climate_action_advocate_2026-09-19_04-26-01,T2c_H_hierarchical_climate_action_advocate,T2c_H,H,hierarchical,climate_action_advocate,continuous,paris_agreement,446,75,60,0,True,,,,True,21,0,60,0,True,,,,
T2c_H_hierarchical_climate_action_advocate_2026-09-19_04-26-01,T2c_H_hierarchical_climate_action_advocate,T2c_H,H,hierarchical,climate_action_advocate,continuous,climate_consensus,446,72,58,1,True,0.0,0.0,,True,34,0,57,1,True,0.0,0.0,,0.0
T2c_H_hierarchical_climate_action_advocate_2026-09-19_04-26-01,T2c_H_hierarchical_climate_action_advocate,T2c_H,H,hierarchical,climate_action_advocate,continuous,polar_bears,446,79,72,5,False,0.0,0.0,,True,45,4,67,1,True,0.0,0.0,,0.0
T2c_H_hierarchical_climate_justice_youth_2026-09-19_04-26-51,T2c_H_hierarchical_climate_justice_youth,T2c_H,H,hierarchical,climate_justice_youth,continuous,scopex_2017,522,78,69,0,True,,,,True,0,0,69,0,True,,,,
T2c_H_hierarchical_climate_justice_youth_2026-09-19_04-26-51,T2c_H_hierarchical_climate_justice_youth,T2c_H,H,hierarchical,climate_justice_youth,continuous,chemtrails_gates_2018_2021,522,83,69,5,False,1.0,1.0,,True,1,1,64,4,False,0.9999999999999998,0.9999999999999998,,-2.220446049250313e-16
T2c_H_hierarchical_climate_justice_youth_2026-09-19_04-26-51,T2c_H_hierarchical_climate_justice_youth,T2c_H,H,hierarchical,climate_justice_youth,continuous,sai_geoengineering,522,77,66,4,False,0.25,0.25,,True,21,1,62,3,False,0.33333333333333326,0.3749999999999999,,0.08333333333333326
T2c_H_hierarchical_climate_justice_youth_2026-09-19_04-26-51,T2c_H_hierarchical_climate_justice_youth,T2c_H,H,hierarchical,climate_justice_youth,continuous,paris_agreement,522,69,55,0,True,,,,True,31,0,55,0,True,,,,
T2c_H_hierarchical_climate_justice_youth_2026-09-19_04-26-51,T2c_H_hierarchical_climate_justice_youth,T2c_H,H,hierarchical,climate_justice_youth,continuous,climate_consensus,522,83,76,4,False,0.0,0.0,,True,43,2,72,2,False,0.0,0.0,,0.0
T2c_H_hierarchical_climate_justice_youth_2026-09-19_04-26-51,T2c_H_hierarchical_climate_justice_youth,T2c_H,H,hierarchical,climate_justice_youth,continuous,polar_bears,522,76,65,4,False,0.0,0.0,,True,44,2,61,2,False,0.0,0.0,,0.0
T2c_H_hierarchical_climate_scientist_2026-09-19_04-31-18,T2c_H_hierarchical_climate_scientist,T2c_H,H,hierarchical,climate_scientist,continuous,scopex_2017,378,77,62,3,False,0.0,0.0,,True,28,1,59,2,False,0.0,0.0,,0.0
T2c_H_hierarchical_climate_scientist_2026-09-19_04-31-18,T2c_H_hierarchical_climate_scientist,T2c_H,H,hierarchical,climate_scientist,continuous,chemtrails_gates_2018_2021,378,76,64,1,True,0.0,0.0,,True,24,0,63,1,True,0.0,0.0,,0.0
T2c_H_hierarchical_climate_scientist_2026-09-19_04-31-18,T2c_H_hierarchical_climate_scientist,T2c_H,H,hierarchical,climate_scientist,continuous,sai_geoengineering,378,1,0,0,True,,,,True,0,0,0,0,True,,,,
T2c_H_hierarchical_climate_scientist_2026-09-19_04-31-18,T2c_H_hierarchical_climate_scientist,T2c_H,H,hierarchical,climate_scientist,continuous,paris_agreement,378,74,65,4,False,0.0,0.0,,True,35,3,61,1,True,0.0,0.0,,0.0
T2c_H_hierarchical_climate_scientist_2026-09-19_04-31-18,T2c_H_hierarchical_climate_scientist,T2c_H,H,hierarchical,climate_scientist,continuous,climate_consensus,378,1,0,0,True,,,,True,0,0,0,0,True,,,,
T2c_H_hierarchical_climate_scientist_2026-09-19_04-31-18,T2c_H_hierarchical_climate_scientist,T2c_H,H,hierarchical,climate_scientist,continuous,polar_bears,378,76,67,2,False,0.0,0.0,,True,43,1,65,1,True,0.0,0.0,,0.0
T2c_H_hierarchical_conspiracy_believer_2026-09-19_04-17-53,T2c_H_hierarchical_conspiracy_believer,T2c_H,H,hierarchical,conspiracy_believer,continuous,scopex_2017,0,64,54,54,False,2.3333,2.3251,,True,8,8,0,46,False,2.3043478260869565,2.259266774891775,,-0.02895217391304339
T2c_H_hierarchical_conspiracy_believer_2026-09-19_04-17-53,T2c_H_hierarchical_conspiracy_believer,T2c_H,H,hierarchical,conspiracy_believer,continuous,chemtrails_gates_2018_2021,0,74,62,62,False,3.6468,3.6625,1.0,True,6,6,0,56,False,3.644642857142857,3.673005952380952,1,-0.0021571428571429685
T2c_H_hierarchical_conspiracy_believer_2026-09-19_04-17-53,T2c_H_hierarchical_conspiracy_believer,T2c_H,H,hierarchical,conspiracy_believer,continuous,sai_geoengineering,0,65,47,47,False,1.6064,1.7306,,True,1,1,0,46,False,1.6195652173913044,1.7524305555555555,,0.013165217391304385
T2c_H_hierarchical_conspiracy_believer_2026-09-19_04-17-53,T2c_H_hierarchical_conspiracy_believer,T2c_H,H,hierarchical,conspiracy_believer,continuous,paris_agreement,0,76,66,66,False,4.2909,4.3532,3.0,True,0,0,0,66,False,4.290909090909091,4.353246753246753,3,9.090909091291621e-06
T2c_H_hierarchical_conspiracy_believer_2026-09-19_04-17-53,T2c_H_hierarchical_conspiracy_believer,T2c_H,H,hierarchical,conspiracy_believer,continuous,climate_consensus,0,61,53,53,False,4.9057,4.9306,2.0,True,5,5,0,48,False,4.895833333333333,4.921875,2,-0.009866666666667356
T2c_H_hierarchical_conspiracy_believer_2026-09-19_04-17-53,T2c_H_hierarchical_conspiracy_believer,T2c_H,H,hierarchical,conspiracy_believer,continuous,polar_bears,0,80,69,69,False,0.3188,0.3028,,True,6,6,0,63,False,0.3492063492063492,0.3399621212121212,,0.030406349206349215
T2c_H_hierarchical_conspiracy_climate_piggyback_2026-09-19_04-17-53,T2c_H_hierarchical_conspiracy_climate_piggyback,T2c_H,H,hierarchical,conspiracy_climate_piggyback,continuous,scopex_2017,0,60,45,45,False,1.9778,2.0534,,True,0,0,0,45,False,1.9777777777777779,2.053373015873016,,-2.222222222214576e-05
T2c_H_hierarchical_conspiracy_climate_piggyback_2026-09-19_04-17-53,T2c_H_hierarchical_conspiracy_climate_piggyback,T2c_H,H,hierarchical,conspiracy_climate_piggyback,continuous,chemtrails_gates_2018_2021,0,62,50,50,False,3.324,3.3462,4.0,True,0,0,0,50,False,3.324,3.3462391774891773,4,0.0
T2c_H_hierarchical_conspiracy_climate_piggyback_2026-09-19_04-17-53,T2c_H_hierarchical_conspiracy_climate_piggyback,T2c_H,H,hierarchical,conspiracy_climate_piggyback,continuous,sai_geoengineering,0,75,64,64,False,0.1172,0.1159,,True,0,0,0,64,False,0.11718749999999999,0.11585497835497834,,-1.2500000000012501e-05
T2c_H_hierarchical_conspiracy_climate_piggyback_2026-09-19_04-17-53,T2c_H_hierarchical_conspiracy_climate_piggyback,T2c_H,H,hierarchical,conspiracy_climate_piggyback,continuous,paris_agreement,0,75,59,59,False,3.0729,3.0567,,True,0,0,0,59,False,3.0728813559322035,3.0567045454545454,,-1.8644067796724784e-05
T2c_H_hierarchical_conspiracy_climate_piggyback_2026-09-19_04-17-53,T2c_H_hierarchical_conspiracy_climate_piggyback,T2c_H,H,hierarchical,conspiracy_climate_piggyback,continuous,climate_consensus,0,1,0,0,True,,,,True,0,0,0,0,True,,,,
T2c_H_hierarchical_conspiracy_climate_piggyback_2026-09-19_04-17-53,T2c_H_hierarchical_conspiracy_climate_piggyback,T2c_H,H,hierarchical,conspiracy_climate_piggyback,continuous,polar_bears,0,75,64,64,False,0.0,0.0,,True,1,1,0,63,False,0.0,0.0,,0.0
T2c_H_hierarchical_conspiracy_depopulation_2026-09-19_04-17-53,T2c_H_hierarchical_conspiracy_depopulation,T2c_H,H,hierarchical,conspiracy_depopulation,continuous,scopex_2017,0,73,57,57,False,2.0351,2.0199,,True,0,0,0,57,False,2.0350877192982457,2.0199179292929292,,-1.2280701754185941e-05
T2c_H_hierarchical_conspiracy_depopulation_2026-09-19_04-17-53,T2c_H_hierarchical_conspiracy_depopulation,T2c_H,H,hierarchical,conspiracy_depopulation,continuous,chemtrails_gates_2018_2021,0,1,0,0,True,,,,True,0,0,0,0,True,,,,
T2c_H_hierarchical_conspiracy_depopulation_2026-09-19_04-17-53,T2c_H_hierarchical_conspiracy_depopulation,T2c_H,H,hierarchical,conspiracy_depopulation,continuous,sai_geoengineering,0,71,57,57,False,0.2807,0.2646,,True,0,0,0,57,False,0.2807017543859649,0.26458333333333334,,1.754385964891636e-06
T2c_H_hierarchical_conspiracy_depopulation_2026-09-19_04-17-53,T2c_H_hierarchical_conspiracy_depopulation,T2c_H,H,hierarchical,conspiracy_depopulation,continuous,paris_agreement,0,73,63,63,False,2.6556,2.6341,,True,0,0,0,63,False,2.6555555555555554,2.6340900072150073,,-4.444444444473561e-05
T2c_H_hierarchical_conspiracy_depopulation_2026-09-19_04-17-53,T2c_H_hierarchical_conspiracy_depopulation,T2c_H,H,hierarchical,conspiracy_depopulation,continuous,climate_consensus,0,80,72,72,False,4.1583,4.1461,1.0,True,0,0,0,72,False,4.158333333333333,4.14610119047619,1,3.333333333355171e-05
T2c_H_hierarchical_conspiracy_depopulation_2026-09-19_04-17-53,T2c_H_hierarchical_conspiracy_depopulation,T2c_H,H,hierarchical,conspiracy_depopulation,continuous,polar_bears,0,80,67,67,False,0.0149,0.0182,,True,0,0,0,67,False,0.014925373134328354,0.018229166666666664,,2.5373134328354405e-05
T2c_H_hierarchical_conspiracy_haarp_weather_2026-09-19_04-17-53,T2c_H_hierarchical_conspiracy_haarp_weather,T2c_H,H,hierarchical,conspiracy_haarp_weather,continuous,scopex_2017,0,74,61,61,False,2.5016,2.4244,,True,0,0,0,61,False,2.501639344262295,2.424433621933622,,3.93442622952378e-05
T2c_H_hierarchical_conspiracy_haarp_weather_2026-09-19_04-17-53,T2c_H_hierarchical_conspiracy_haarp_weather,T2c_H,H,hierarchical,conspiracy_haarp_weather,continuous,chemtrails_gates_2018_2021,0,1,0,0,True,,,,True,0,0,0,0,True,,,,
T2c_H_hierarchical_conspiracy_haarp_weather_2026-09-19_04-17-53,T2c_H_hierarchical_conspiracy_haarp_weather,T2c_H,H,hierarchical,conspiracy_haarp_weather,continuous,sai_geoengineering,0,73,58,58,False,1.5207,1.5502,,True,0,0,0,58,False,1.5206896551724136,1.5502182539682539,,-1.0344827586328265e-05
T2c_H_hierarchical_conspiracy_haarp_weather_2026-09-19_04-17-53,T2c_H_hierarchical_conspiracy_haarp_weather,T2c_H,H,hierarchical,conspiracy_haarp_weather,continuous,paris_agreement,0,81,73,73,False,3.7808,3.773,4.0,True,0,0,0,73,False,3.780821917808219,3.772964015151515,4,2.1917808219029666e-05
T2c_H_hierarchical_conspiracy_haarp_weather_2026-09-19_04-17-53,T2c_H_hierarchical_conspiracy_haarp_weather,T2c_H,H,hierarchical,conspiracy_haarp_weather,continuous,climate_consensus,0,4,1,1,True,0.0,0.0,,True,0,0,0,1,True,0.0,0.0,,0.0
T2c_H_hierarchical_conspiracy_haarp_weather_2026-09-19_04-17-53,T2c_H_hierarchical_conspiracy_haarp_weather,T2c_H,H,hierarchical,conspiracy_haarp_weather,continuous,polar_bears,0,75,62,62,False,0.0,0.0,,True,0,0,0,62,False,0.0,0.0,,0.0
T2c_H_hierarchical_environmental_concern_2026-09-19_04-28-19,T2c_H_hierarchical_environmental_concern,T2c_H,H,hierarchical,environmental_concern,continuous,scopex_2017,562,82,71,2,False,0.0,0.0,,True,7,0,69,2,False,0.0,0.0,,0.0
T2c_H_hierarchical_environmental_concern_2026-09-19_04-28-19,T2c_H_hierarchical_environmental_concern,T2c_H,H,hierarchical,environmental_concern,continuous,chemtrails_gates_2018_2021,562,64,52,0,True,,,,True,28,0,52,0,True,,,,
T2c_H_hierarchical_environmental_concern_2026-09-19_04-28-19,T2c_H_hierarchical_environmental_concern,T2c_H,H,hierarchical,environmental_concern,continuous,sai_geoengineering,562,66,58,4,False,0.0,0.0,,True,33,3,54,1,True,0.0,0.0,,0.0
T2c_H_hierarchical_environmental_concern_2026-09-19_04-28-19,T2c_H_hierarchical_environmental_concern,T2c_H,H,hierarchical,environmental_concern,continuous,paris_agreement,562,77,62,4,False,0.0,0.0,,True,37,1,58,3,False,0.0,0.0,,0.0
T2c_H_hierarchical_environmental_concern_2026-09-19_04-28-19,T2c_H_hierarchical_environmental_concern,T2c_H,H,hierarchical,environmental_concern,continuous,climate_consensus,562,80,69,2,False,0.0,0.0,,True,42,1,67,1,True,0.0,0.0,,0.0
T2c_H_hierarchical_environmental_concern_2026-09-19_04-28-19,T2c_H_hierarchical_environmental_concern,T2c_H,H,hierarchical,environmental_concern,continuous,polar_bears,562,80,71,4,False,0.0,0.0,,True,48,3,67,1,True,0.0,0.0,,0.0
T2c_H_hierarchical_mitigation_first_policy_2026-09-19_04-28-02,T2c_H_hierarchical_mitigation_first_policy,T2c_H,H,hierarchical,mitigation_first_policy,continuous,scopex_2017,523,74,61,5,False,0.0,0.0,,True,0,0,56,5,False,0.0,0.0,,0.0
T2c_H_hierarchical_mitigation_first_policy_2026-09-19_04-28-02,T2c_H_hierarchical_mitigation_first_policy,T2c_H,H,hierarchical,mitigation_first_policy,continuous,chemtrails_gates_2018_2021,523,81,70,0,True,,,,True,32,0,70,0,True,,,,
T2c_H_hierarchical_mitigation_first_policy_2026-09-19_04-28-02,T2c_H_hierarchical_mitigation_first_policy,T2c_H,H,hierarchical,mitigation_first_policy,continuous,sai_geoengineering,523,82,72,1,True,0.0,0.0,,True,36,0,71,1,True,0.0,0.0,,0.0
T2c_H_hierarchical_mitigation_first_policy_2026-09-19_04-28-02,T2c_H_hierarchical_mitigation_first_policy,T2c_H,H,hierarchical,mitigation_first_policy,continuous,paris_agreement,523,68,57,3,False,0.3333,0.3333,,True,33,2,54,1,True,0.0,0.0,,-0.3333
T2c_H_hierarchical_mitigation_first_policy_2026-09-19_04-28-02,T2c_H_hierarchical_mitigation_first_policy,T2c_H,H,hierarchical,mitigation_first_policy,continuous,climate_consensus,523,75,54,1,True,0.0,0.0,,True,26,1,53,0,True,,,,
T2c_H_hierarchical_mitigation_first_policy_2026-09-19_04-28-02,T2c_H_hierarchical_mitigation_first_policy,T2c_H,H,hierarchical,mitigation_first_policy,continuous,polar_bears,523,76,62,3,False,0.0,0.0,,True,33,0,59,3,False,0.0,0.0,,0.0
T2c_H_hierarchical_ozone_stratosphere_specialist_2026-09-19_04-31-07,T2c_H_hierarchical_ozone_stratosphere_specialist,T2c_H,H,hierarchical,ozone_stratosphere_specialist,continuous,scopex_2017,508,43,33,0,True,,,,True,22,0,33,0,True,,,,
T2c_H_hierarchical_ozone_stratosphere_specialist_2026-09-19_04-31-07,T2c_H_hierarchical_ozone_stratosphere_specialist,T2c_H,H,hierarchical,ozone_stratosphere_specialist,continuous,chemtrails_gates_2018_2021,508,66,51,2,False,0.0,0.0,,True,25,1,49,1,True,0.0,0.0,,0.0
T2c_H_hierarchical_ozone_stratosphere_specialist_2026-09-19_04-31-07,T2c_H_hierarchical_ozone_stratosphere_specialist,T2c_H,H,hierarchical,ozone_stratosphere_specialist,continuous,sai_geoengineering,508,81,72,4,False,0.0,0.0,,True,41,2,68,2,False,0.0,0.0,,0.0
T2c_H_hierarchical_ozone_stratosphere_specialist_2026-09-19_04-31-07,T2c_H_hierarchical_ozone_stratosphere_specialist,T2c_H,H,hierarchical,ozone_stratosphere_specialist,continuous,paris_agreement,508,82,71,1,True,0.0,0.0,,True,36,1,70,0,True,,,,
T2c_H_hierarchical_ozone_stratosphere_specialist_2026-09-19_04-31-07,T2c_H_hierarchical_ozone_stratosphere_specialist,T2c_H,H,hierarchical,ozone_stratosphere_specialist,continuous,climate_consensus,508,74,61,6,False,0.0,0.0,,True,32,2,55,4,False,0.0,0.0,,0.0
T2c_H_hierarchical_ozone_stratosphere_specialist_2026-09-19_04-31-07,T2c_H_hierarchical_ozone_stratosphere_specialist,T2c_H,H,hierarchical,ozone_stratosphere_specialist,continuous,polar_bears,508,67,54,1,True,0.0,0.0,,True,24,0,53,1,True,0.0,0.0,,0.0
T2c_H_hierarchical_science_journalist_2026-09-19_04-31-27,T2c_H_hierarchical_science_journalist,T2c_H,H,hierarchical,science_journalist,continuous,scopex_2017,431,75,67,3,False,0.0,0.0,,True,33,0,64,3,False,0.0,0.0,,0.0
T2c_H_hierarchical_science_journalist_2026-09-19_04-31-27,T2c_H_hierarchical_science_journalist,T2c_H,H,hierarchical,science_journalist,continuous,chemtrails_gates_2018_2021,431,77,70,3,False,0.0,0.0,,True,35,3,67,0,True,,,,
T2c_H_hierarchical_science_journalist_2026-09-19_04-31-27,T2c_H_hierarchical_science_journalist,T2c_H,H,hierarchical,science_journalist,continuous,sai_geoengineering,431,76,63,3,False,0.0,0.0,,True,29,1,60,2,False,0.0,0.0,,0.0
T2c_H_hierarchical_science_journalist_2026-09-19_04-31-27,T2c_H_hierarchical_science_journalist,T2c_H,H,hierarchical,science_journalist,continuous,paris_agreement,431,65,55,41,False,0.0488,0.0335,,True,37,25,14,16,False,0.062499999999999986,0.04761904761904761,,0.013699999999999983
T2c_H_hierarchical_science_journalist_2026-09-19_04-31-27,T2c_H_hierarchical_science_journalist,T2c_H,H,hierarchical,science_journalist,continuous,climate_consensus,431,81,72,72,False,0.0,0.0,,True,46,46,0,26,False,0.0,0.0,,0.0
T2c_H_hierarchical_science_journalist_2026-09-19_04-31-27,T2c_H_hierarchical_science_journalist,T2c_H,H,hierarchical,science_journalist,continuous,polar_bears,431,85,75,75,False,0.0,0.0,,True,46,46,0,29,False,0.0,0.0,,0.0
T2c_H_linear_chain_biodiversity_food_security_2026-09-19_02-52-45,T2c_H_linear_chain_biodiversity_food_security,T2c_H,H,linear_chain,biodiversity_food_security,continuous,scopex_2017,0,7,6,6,False,0.5,0.5,,True,0,0,0,6,False,0.49999999999999983,0.49999999999999983,,-1.6653345369377348e-16
T2c_H_linear_chain_biodiversity_food_security_2026-09-19_02-52-45,T2c_H_linear_chain_biodiversity_food_security,T2c_H,H,linear_chain,biodiversity_food_security,continuous,chemtrails_gates_2018_2021,0,6,5,5,False,1.0,1.0,,True,0,0,0,5,False,0.9999999999999998,0.9999999999999998,,-2.220446049250313e-16
T2c_H_linear_chain_biodiversity_food_security_2026-09-19_02-52-45,T2c_H_linear_chain_biodiversity_food_security,T2c_H,H,linear_chain,biodiversity_food_security,continuous,sai_geoengineering,0,6,5,5,False,0.0,0.0,,True,0,0,0,5,False,0.0,0.0,,0.0
T2c_H_linear_chain_biodiversity_food_security_2026-09-19_02-52-45,T2c_H_linear_chain_biodiversity_food_security,T2c_H,H,linear_chain,biodiversity_food_security,continuous,paris_agreement,0,8,8,8,False,0.0,0.0,,True,0,0,0,8,False,0.0,0.0,,0.0
T2c_H_linear_chain_biodiversity_food_security_2026-09-19_02-52-45,T2c_H_linear_chain_biodiversity_food_security,T2c_H,H,linear_chain,biodiversity_food_security,continuous,climate_consensus,0,2,1,1,True,0.0,0.0,,True,0,0,0,1,True,0.0,0.0,,0.0
T2c_H_linear_chain_biodiversity_food_security_2026-09-19_02-52-45,T2c_H_linear_chain_biodiversity_food_security,T2c_H,H,linear_chain,biodiversity_food_security,continuous,polar_bears,0,8,7,7,False,0.0,0.0,,True,0,0,0,7,False,0.0,0.0,,0.0
T2c_H_linear_chain_climate_action_advocate_2026-09-19_02-50-46,T2c_H_linear_chain_climate_action_advocate,T2c_H,H,linear_chain,climate_action_advocate,continuous,scopex_2017,0,8,8,8,False,0.0,0.0,,True,0,0,0,8,False,0.0,0.0,,0.0
T2c_H_linear_chain_climate_action_advocate_2026-09-19_02-50-46,T2c_H_linear_chain_climate_action_advocate,T2c_H,H,linear_chain,climate_action_advocate,continuous,chemtrails_gates_2018_2021,0,8,8,8,False,0.9375,0.9375,,True,0,0,0,8,False,0.9374999999999998,0.9374999999999998,,-2.220446049250313e-16
T2c_H_linear_chain_climate_action_advocate_2026-09-19_02-50-46,T2c_H_linear_chain_climate_action_advocate,T2c_H,H,linear_chain,climate_action_advocate,continuous,sai_geoengineering,0,3,2,2,False,0.0,0.0,,True,0,0,0,2,False,0.0,0.0,,0.0
T2c_H_linear_chain_climate_action_advocate_2026-09-19_02-50-46,T2c_H_linear_chain_climate_action_advocate,T2c_H,H,linear_chain,climate_action_advocate,continuous,paris_agreement,0,8,8,8,False,0.0,0.0,,True,0,0,0,8,False,0.0,0.0,,0.0
T2c_H_linear_chain_climate_action_advocate_2026-09-19_02-50-46,T2c_H_linear_chain_climate_action_advocate,T2c_H,H,linear_chain,climate_action_advocate,continuous,climate_consensus,0,4,3,3,False,0.0,0.0,,True,0,0,0,3,False,0.0,0.0,,0.0
T2c_H_linear_chain_climate_action_advocate_2026-09-19_02-50-46,T2c_H_linear_chain_climate_action_advocate,T2c_H,H,linear_chain,climate_action_advocate,continuous,polar_bears,0,8,8,8,False,0.0,0.0,,True,0,0,0,8,False,0.0,0.0,,0.0
T2c_H_linear_chain_climate_justice_youth_2026-09-19_02-51-20,T2c_H_linear_chain_climate_justice_youth,T2c_H,H,linear_chain,climate_justice_youth,continuous,scopex_2017,0,8,8,8,False,1.0625,1.0625,,True,0,0,0,8,False,1.0625,1.0625,,0.0
T2c_H_linear_chain_climate_justice_youth_2026-09-19_02-51-20,T2c_H_linear_chain_climate_justice_youth,T2c_H,H,linear_chain,climate_justice_youth,continuous,chemtrails_gates_2018_2021,0,8,8,8,False,0.875,0.875,,True,0,0,0,8,False,0.8749999999999998,0.8749999999999998,,-2.220446049250313e-16
T2c_H_linear_chain_climate_justice_youth_2026-09-19_02-51-20,T2c_H_linear_chain_climate_justice_youth,T2c_H,H,linear_chain,climate_justice_youth,continuous,sai_geoengineering,0,8,8,8,False,0.0,0.0,,True,0,0,0,8,False,0.0,0.0,,0.0
T2c_H_linear_chain_climate_justice_youth_2026-09-19_02-51-20,T2c_H_linear_chain_climate_justice_youth,T2c_H,H,linear_chain,climate_justice_youth,continuous,paris_agreement,0,4,3,3,False,0.0,0.0,,True,0,0,0,3,False,0.0,0.0,,0.0
T2c_H_linear_chain_climate_justice_youth_2026-09-19_02-51-20,T2c_H_linear_chain_climate_justice_youth,T2c_H,H,linear_chain,climate_justice_youth,continuous,climate_consensus,0,8,8,8,False,0.75,0.75,,True,1,1,0,7,False,0.7857142857142856,0.7857142857142856,,0.03571428571428559
T2c_H_linear_chain_climate_justice_youth_2026-09-19_02-51-20,T2c_H_linear_chain_climate_justice_youth,T2c_H,H,linear_chain,climate_justice_youth,continuous,polar_bears,0,2,1,1,True,0.0,0.0,,True,0,0,0,1,True,0.0,0.0,,0.0
T2c_H_linear_chain_climate_scientist_2026-09-19_02-53-23,T2c_H_linear_chain_climate_scientist,T2c_H,H,linear_chain,climate_scientist,continuous,scopex_2017,0,8,8,8,False,0.0,0.0,,True,0,0,0,8,False,0.0,0.0,,0.0
T2c_H_linear_chain_climate_scientist_2026-09-19_02-53-23,T2c_H_linear_chain_climate_scientist,T2c_H,H,linear_chain,climate_scientist,continuous,chemtrails_gates_2018_2021,0,8,8,8,False,0.0,0.0,,True,0,0,0,8,False,0.0,0.0,,0.0
T2c_H_linear_chain_climate_scientist_2026-09-19_02-53-23,T2c_H_linear_chain_climate_scientist,T2c_H,H,linear_chain,climate_scientist,continuous,sai_geoengineering,0,8,8,8,False,0.0,0.0,,True,0,0,0,8,False,0.0,0.0,,0.0
T2c_H_linear_chain_climate_scientist_2026-09-19_02-53-23,T2c_H_linear_chain_climate_scientist,T2c_H,H,linear_chain,climate_scientist,continuous,paris_agreement,0,2,1,1,True,0.0,0.0,,True,0,0,0,1,True,0.0,0.0,,0.0
T2c_H_linear_chain_climate_scientist_2026-09-19_02-53-23,T2c_H_linear_chain_climate_scientist,T2c_H,H,linear_chain,climate_scientist,continuous,climate_consensus,0,8,8,8,False,0.0,0.0,,True,0,0,0,8,False,0.0,0.0,,0.0
T2c_H_linear_chain_climate_scientist_2026-09-19_02-53-23,T2c_H_linear_chain_climate_scientist,T2c_H,H,linear_chain,climate_scientist,continuous,polar_bears,0,8,8,8,False,0.0,0.0,,True,0,0,0,8,False,0.0,0.0,,0.0
T2c_H_linear_chain_conspiracy_believer_2026-09-19_02-49-25,T2c_H_linear_chain_conspiracy_believer,T2c_H,H,linear_chain,conspiracy_believer,continuous,scopex_2017,0,8,8,8,False,1.5625,1.5625,,True,0,0,0,8,False,1.5625,1.5625,,0.0
T2c_H_linear_chain_conspiracy_believer_2026-09-19_02-49-25,T2c_H_linear_chain_conspiracy_believer,T2c_H,H,linear_chain,conspiracy_believer,continuous,chemtrails_gates_2018_2021,0,6,5,5,False,3.0,3.0,5.0,True,0,0,0,5,False,3.0,3.0,5,0.0
T2c_H_linear_chain_conspiracy_believer_2026-09-19_02-49-25,T2c_H_linear_chain_conspiracy_believer,T2c_H,H,linear_chain,conspiracy_believer,continuous,sai_geoengineering,0,8,8,8,False,0.0,0.0,,True,0,0,0,8,False,0.0,0.0,,0.0
T2c_H_linear_chain_conspiracy_believer_2026-09-19_02-49-25,T2c_H_linear_chain_conspiracy_believer,T2c_H,H,linear_chain,conspiracy_believer,continuous,paris_agreement,0,8,8,8,False,4.75,4.75,7.0,True,0,0,0,8,False,4.75,4.75,7,0.0
T2c_H_linear_chain_conspiracy_believer_2026-09-19_02-49-25,T2c_H_linear_chain_conspiracy_believer,T2c_H,H,linear_chain,conspiracy_believer,continuous,climate_consensus,0,8,8,8,False,5.0,5.0,1.0,True,0,0,0,8,False,5.0,5.0,1,0.0
T2c_H_linear_chain_conspiracy_believer_2026-09-19_02-49-25,T2c_H_linear_chain_conspiracy_believer,T2c_H,H,linear_chain,conspiracy_believer,continuous,polar_bears,0,8,8,8,False,0.0,0.0,,True,0,0,0,8,False,0.0,0.0,,0.0
T2c_H_linear_chain_conspiracy_climate_piggyback_2026-09-19_02-49-25,T2c_H_linear_chain_conspiracy_climate_piggyback,T2c_H,H,linear_chain,conspiracy_climate_piggyback,continuous,scopex_2017,0,3,2,2,False,0.25,0.25,,True,0,0,0,2,False,0.24999999999999994,0.24999999999999994,,-5.551115123125783e-17
T2c_H_linear_chain_conspiracy_climate_piggyback_2026-09-19_02-49-25,T2c_H_linear_chain_conspiracy_climate_piggyback,T2c_H,H,linear_chain,conspiracy_climate_piggyback,continuous,chemtrails_gates_2018_2021,0,8,8,8,False,2.9625,2.9625,,True,0,0,0,8,False,2.9625,2.9625,,0.0
T2c_H_linear_chain_conspiracy_climate_piggyback_2026-09-19_02-49-25,T2c_H_linear_chain_conspiracy_climate_piggyback,T2c_H,H,linear_chain,conspiracy_climate_piggyback,continuous,sai_geoengineering,0,3,2,2,False,0.0,0.0,,True,0,0,0,2,False,0.0,0.0,,0.0
T2c_H_linear_chain_conspiracy_climate_piggyback_2026-09-19_02-49-25,T2c_H_linear_chain_conspiracy_climate_piggyback,T2c_H,H,linear_chain,conspiracy_climate_piggyback,continuous,paris_agreement,0,7,6,6,False,3.1667,3.1667,4.0,True,1,1,0,5,False,2.8,2.8,5,-0.36670000000000025
T2c_H_linear_chain_conspiracy_climate_piggyback_2026-09-19_02-49-25,T2c_H_linear_chain_conspiracy_climate_piggyback,T2c_H,H,linear_chain,conspiracy_climate_piggyback,continuous,climate_consensus,0,2,1,1,True,5.0,5.0,1.0,True,0,0,0,1,True,5.0,5.0,1,0.0
T2c_H_linear_chain_conspiracy_climate_piggyback_2026-09-19_02-49-25,T2c_H_linear_chain_conspiracy_climate_piggyback,T2c_H,H,linear_chain,conspiracy_climate_piggyback,continuous,polar_bears,0,8,8,8,False,0.0,0.0,,True,0,0,0,8,False,0.0,0.0,,0.0
T2c_H_linear_chain_conspiracy_depopulation_2026-09-19_02-49-24,T2c_H_linear_chain_conspiracy_depopulation,T2c_H,H,linear_chain,conspiracy_depopulation,continuous,scopex_2017,0,8,8,8,False,1.875,1.875,,True,0,0,0,8,False,1.875,1.875,,0.0
T2c_H_linear_chain_conspiracy_depopulation_2026-09-19_02-49-24,T2c_H_linear_chain_conspiracy_depopulation,T2c_H,H,linear_chain,conspiracy_depopulation,continuous,chemtrails_gates_2018_2021,0,8,8,8,False,3.5625,3.5625,2.0,True,0,0,0,8,False,3.5625,3.5625,2,0.0
T2c_H_linear_chain_conspiracy_depopulation_2026-09-19_02-49-24,T2c_H_linear_chain_conspiracy_depopulation,T2c_H,H,linear_chain,conspiracy_depopulation,continuous,sai_geoengineering,0,8,8,8,False,0.0,0.0,,True,0,0,0,8,False,0.0,0.0,,0.0
T2c_H_linear_chain_conspiracy_depopulation_2026-09-19_02-49-24,T2c_H_linear_chain_conspiracy_depopulation,T2c_H,H,linear_chain,conspiracy_depopulation,continuous,paris_agreement,0,8,8,8,False,2.75,2.75,,True,0,0,0,8,False,2.75,2.75,,0.0
T2c_H_linear_chain_conspiracy_depopulation_2026-09-19_02-49-24,T2c_H_linear_chain_conspiracy_depopulation,T2c_H,H,linear_chain,conspiracy_depopulation,continuous,climate_consensus,0,8,8,8,False,4.25,4.25,2.0,True,0,0,0,8,False,4.25,4.25,2,0.0
T2c_H_linear_chain_conspiracy_depopulation_2026-09-19_02-49-24,T2c_H_linear_chain_conspiracy_depopulation,T2c_H,H,linear_chain,conspiracy_depopulation,continuous,polar_bears,0,8,8,8,False,0.0,0.0,,True,0,0,0,8,False,0.0,0.0,,0.0
T2c_H_linear_chain_conspiracy_haarp_weather_2026-09-19_02-49-24,T2c_H_linear_chain_conspiracy_haarp_weather,T2c_H,H,linear_chain,conspiracy_haarp_weather,continuous,scopex_2017,0,8,8,8,False,2.425,2.425,,True,0,0,0,8,False,2.425,2.425,,0.0
T2c_H_linear_chain_conspiracy_haarp_weather_2026-09-19_02-49-24,T2c_H_linear_chain_conspiracy_haarp_weather,T2c_H,H,linear_chain,conspiracy_haarp_weather,continuous,chemtrails_gates_2018_2021,0,8,8,8,False,3.65,3.65,5.0,True,0,0,0,8,False,3.65,3.65,5,0.0
T2c_H_linear_chain_conspiracy_haarp_weather_2026-09-19_02-49-24,T2c_H_linear_chain_conspiracy_haarp_weather,T2c_H,H,linear_chain,conspiracy_haarp_weather,continuous,sai_geoengineering,0,8,8,8,False,0.125,0.125,,True,0,0,0,8,False,0.12499999999999997,0.12499999999999997,,-2.7755575615628914e-17
T2c_H_linear_chain_conspiracy_haarp_weather_2026-09-19_02-49-24,T2c_H_linear_chain_conspiracy_haarp_weather,T2c_H,H,linear_chain,conspiracy_haarp_weather,continuous,paris_agreement,0,8,8,8,False,4.75,4.75,6.0,True,0,0,0,8,False,4.75,4.75,6,0.0
T2c_H_linear_chain_conspiracy_haarp_weather_2026-09-19_02-49-24,T2c_H_linear_chain_conspiracy_haarp_weather,T2c_H,H,linear_chain,conspiracy_haarp_weather,continuous,climate_consensus,0,6,5,5,False,5.0,5.0,1.0,True,0,0,0,5,False,5.0,5.0,1,0.0
T2c_H_linear_chain_conspiracy_haarp_weather_2026-09-19_02-49-24,T2c_H_linear_chain_conspiracy_haarp_weather,T2c_H,H,linear_chain,conspiracy_haarp_weather,continuous,polar_bears,0,8,8,8,False,0.0,0.0,,True,0,0,0,8,False,0.0,0.0,,0.0
T2c_H_linear_chain_environmental_concern_2026-09-19_02-51-57,T2c_H_linear_chain_environmental_concern,T2c_H,H,linear_chain,environmental_concern,continuous,scopex_2017,0,8,8,8,False,0.0,0.0,,True,0,0,0,8,False,0.0,0.0,,0.0
T2c_H_linear_chain_environmental_concern_2026-09-19_02-51-57,T2c_H_linear_chain_environmental_concern,T2c_H,H,linear_chain,environmental_concern,continuous,chemtrails_gates_2018_2021,0,8,7,7,False,1.1429,1.1429,,True,0,0,0,7,False,1.1428571428571426,1.1428571428571426,,-4.2857142857455344e-05
T2c_H_linear_chain_environmental_concern_2026-09-19_02-51-57,T2c_H_linear_chain_environmental_concern,T2c_H,H,linear_chain,environmental_concern,continuous,sai_geoengineering,0,2,1,1,True,0.0,0.0,,True,0,0,0,1,True,0.0,0.0,,0.0
T2c_H_linear_chain_environmental_concern_2026-09-19_02-51-57,T2c_H_linear_chain_environmental_concern,T2c_H,H,linear_chain,environmental_concern,continuous,paris_agreement,0,8,8,8,False,0.0,0.0,,True,0,0,0,8,False,0.0,0.0,,0.0
T2c_H_linear_chain_environmental_concern_2026-09-19_02-51-57,T2c_H_linear_chain_environmental_concern,T2c_H,H,linear_chain,environmental_concern,continuous,climate_consensus,0,4,3,3,False,0.0,0.0,,True,0,0,0,3,False,0.0,0.0,,0.0
T2c_H_linear_chain_environmental_concern_2026-09-19_02-51-57,T2c_H_linear_chain_environmental_concern,T2c_H,H,linear_chain,environmental_concern,continuous,polar_bears,0,8,8,8,False,0.0,0.0,,True,0,0,0,8,False,0.0,0.0,,0.0
T2c_H_linear_chain_mitigation_first_policy_2026-09-19_02-51-40,T2c_H_linear_chain_mitigation_first_policy,T2c_H,H,linear_chain,mitigation_first_policy,continuous,scopex_2017,0,4,3,3,False,0.0,0.0,,True,0,0,0,3,False,0.0,0.0,,0.0
T2c_H_linear_chain_mitigation_first_policy_2026-09-19_02-51-40,T2c_H_linear_chain_mitigation_first_policy,T2c_H,H,linear_chain,mitigation_first_policy,continuous,chemtrails_gates_2018_2021,0,8,8,8,False,0.3125,0.3125,,True,0,0,0,8,False,0.31249999999999994,0.31249999999999994,,-5.551115123125783e-17
T2c_H_linear_chain_mitigation_first_policy_2026-09-19_02-51-40,T2c_H_linear_chain_mitigation_first_policy,T2c_H,H,linear_chain,mitigation_first_policy,continuous,sai_geoengineering,0,8,8,8,False,0.0,0.0,,True,0,0,0,8,False,0.0,0.0,,0.0
T2c_H_linear_chain_mitigation_first_policy_2026-09-19_02-51-40,T2c_H_linear_chain_mitigation_first_policy,T2c_H,H,linear_chain,mitigation_first_policy,continuous,paris_agreement,0,1,0,0,True,,,,True,0,0,0,0,True,,,,
T2c_H_linear_chain_mitigation_first_policy_2026-09-19_02-51-40,T2c_H_linear_chain_mitigation_first_policy,T2c_H,H,linear_chain,mitigation_first_policy,continuous,climate_consensus,0,8,8,8,False,0.1875,0.1875,,True,0,0,0,8,False,0.18749999999999994,0.18749999999999994,,-5.551115123125783e-17
T2c_H_linear_chain_mitigation_first_policy_2026-09-19_02-51-40,T2c_H_linear_chain_mitigation_first_policy,T2c_H,H,linear_chain,mitigation_first_policy,continuous,polar_bears,0,1,0,0,True,,,,True,0,0,0,0,True,,,,
T2c_H_linear_chain_ozone_stratosphere_specialist_2026-09-19_02-52-16,T2c_H_linear_chain_ozone_stratosphere_specialist,T2c_H,H,linear_chain,ozone_stratosphere_specialist,continuous,scopex_2017,0,8,8,8,False,0.0,0.0,,True,0,0,0,8,False,0.0,0.0,,0.0
T2c_H_linear_chain_ozone_stratosphere_specialist_2026-09-19_02-52-16,T2c_H_linear_chain_ozone_stratosphere_specialist,T2c_H,H,linear_chain,ozone_stratosphere_specialist,continuous,chemtrails_gates_2018_2021,0,8,8,8,False,0.5,0.5,,True,0,0,0,8,False,0.4999999999999999,0.4999999999999999,,-1.1102230246251565e-16
T2c_H_linear_chain_ozone_stratosphere_specialist_2026-09-19_02-52-16,T2c_H_linear_chain_ozone_stratosphere_specialist,T2c_H,H,linear_chain,ozone_stratosphere_specialist,continuous,sai_geoengineering,0,4,3,3,False,0.0,0.0,,True,0,0,0,3,False,0.0,0.0,,0.0
T2c_H_linear_chain_ozone_stratosphere_specialist_2026-09-19_02-52-16,T2c_H_linear_chain_ozone_stratosphere_specialist,T2c_H,H,linear_chain,ozone_stratosphere_specialist,continuous,paris_agreement,0,8,8,8,False,0.0,0.0,,True,0,0,0,8,False,0.0,0.0,,0.0
T2c_H_linear_chain_ozone_stratosphere_specialist_2026-09-19_02-52-16,T2c_H_linear_chain_ozone_stratosphere_specialist,T2c_H,H,linear_chain,ozone_stratosphere_specialist,continuous,climate_consensus,0,8,8,8,False,0.0,0.0,,True,0,0,0,8,False,0.0,0.0,,0.0
T2c_H_linear_chain_ozone_stratosphere_specialist_2026-09-19_02-52-16,T2c_H_linear_chain_ozone_stratosphere_specialist,T2c_H,H,linear_chain,ozone_stratosphere_specialist,continuous,polar_bears,0,7,6,6,False,0.25,0.25,,True,0,0,0,6,False,0.24999999999999992,0.24999999999999992,,-8.326672684688674e-17
T2c_H_linear_chain_science_journalist_2026-09-19_02-53-41,T2c_H_linear_chain_science_journalist,T2c_H,H,linear_chain,science_journalist,continuous,scopex_2017,0,8,8,8,False,0.0,0.0,,True,0,0,0,8,False,0.0,0.0,,0.0
T2c_H_linear_chain_science_journalist_2026-09-19_02-53-41,T2c_H_linear_chain_science_journalist,T2c_H,H,linear_chain,science_journalist,continuous,chemtrails_gates_2018_2021,0,8,8,8,False,0.0,0.0,,True,0,0,0,8,False,0.0,0.0,,0.0
T2c_H_linear_chain_science_journalist_2026-09-19_02-53-41,T2c_H_linear_chain_science_journalist,T2c_H,H,linear_chain,science_journalist,continuous,sai_geoengineering,0,8,8,8,False,0.0,0.0,,True,0,0,0,8,False,0.0,0.0,,0.0
T2c_H_linear_chain_science_journalist_2026-09-19_02-53-41,T2c_H_linear_chain_science_journalist,T2c_H,H,linear_chain,science_journalist,continuous,paris_agreement,0,2,1,1,True,0.0,0.0,,True,0,0,0,1,True,0.0,0.0,,0.0
T2c_H_linear_chain_science_journalist_2026-09-19_02-53-41,T2c_H_linear_chain_science_journalist,T2c_H,H,linear_chain,science_journalist,continuous,climate_consensus,0,1,0,0,True,,,,True,0,0,0,0,True,,,,
T2c_H_linear_chain_science_journalist_2026-09-19_02-53-41,T2c_H_linear_chain_science_journalist,T2c_H,H,linear_chain,science_journalist,continuous,polar_bears,0,1,0,0,True,,,,True,0,0,0,0,True,,,,
T2c_H_polarized_biodiversity_food_security_2026-09-19_04-36-59,T2c_H_polarized_biodiversity_food_security,T2c_H,H,polarized,biodiversity_food_security,continuous,scopex_2017,0,137,122,122,False,0.373,0.3686,,True,0,0,0,122,False,0.37295081967213106,0.3686001361577019,,-4.9180327868936224e-05
T2c_H_polarized_biodiversity_food_security_2026-09-19_04-36-59,T2c_H_polarized_biodiversity_food_security,T2c_H,H,polarized,biodiversity_food_security,continuous,chemtrails_gates_2018_2021,0,1,0,0,True,,,,True,0,0,0,0,True,,,,
T2c_H_polarized_biodiversity_food_security_2026-09-19_04-36-59,T2c_H_polarized_biodiversity_food_security,T2c_H,H,polarized,biodiversity_food_security,continuous,sai_geoengineering,0,144,124,124,False,0.225,0.2334,,True,0,0,0,124,False,0.22499999999999995,0.2333767110082899,,-5.551115123125783e-17
T2c_H_polarized_biodiversity_food_security_2026-09-19_04-36-59,T2c_H_polarized_biodiversity_food_security,T2c_H,H,polarized,biodiversity_food_security,continuous,paris_agreement,0,128,102,102,False,0.0098,0.0125,,True,0,0,0,102,False,0.009803921568627449,0.012499999999999997,,3.921568627449426e-06
T2c_H_polarized_biodiversity_food_security_2026-09-19_04-36-59,T2c_H_polarized_biodiversity_food_security,T2c_H,H,polarized,biodiversity_food_security,continuous,climate_consensus,0,138,114,114,False,0.2474,0.2478,,True,0,0,0,114,False,0.24736842105263154,0.24777997173749877,,-3.157894736846578e-05
T2c_H_polarized_biodiversity_food_security_2026-09-19_04-36-59,T2c_H_polarized_biodiversity_food_security,T2c_H,H,polarized,biodiversity_food_security,continuous,polar_bears,0,141,117,117,False,0.0,0.0,,True,0,0,0,117,False,0.0,0.0,,0.0
T2c_H_polarized_climate_action_advocate_2026-09-19_04-30-42,T2c_H_polarized_climate_action_advocate,T2c_H,H,polarized,climate_action_advocate,continuous,scopex_2017,883,143,124,8,False,0.0,0.0,,True,74,6,116,2,False,0.0,0.0,,0.0
T2c_H_polarized_climate_action_advocate_2026-09-19_04-30-42,T2c_H_polarized_climate_action_advocate,T2c_H,H,polarized,climate_action_advocate,continuous,chemtrails_gates_2018_2021,883,1,0,0,True,,,,True,0,0,0,0,True,,,,
T2c_H_polarized_climate_action_advocate_2026-09-19_04-30-42,T2c_H_polarized_climate_action_advocate,T2c_H,H,polarized,climate_action_advocate,continuous,sai_geoengineering,883,125,108,3,False,0.0,0.0,,True,69,3,105,0,True,,,,
T2c_H_polarized_climate_action_advocate_2026-09-19_04-30-42,T2c_H_polarized_climate_action_advocate,T2c_H,H,polarized,climate_action_advocate,continuous,paris_agreement,883,138,122,4,False,0.0,0.0,,True,65,2,118,2,False,0.0,0.0,,0.0
T2c_H_polarized_climate_action_advocate_2026-09-19_04-30-42,T2c_H_polarized_climate_action_advocate,T2c_H,H,polarized,climate_action_advocate,continuous,climate_consensus,883,130,108,5,False,0.0,0.0,,True,55,3,103,2,False,0.0,0.0,,0.0
T2c_H_polarized_climate_action_advocate_2026-09-19_04-30-42,T2c_H_polarized_climate_action_advocate,T2c_H,H,polarized,climate_action_advocate,continuous,polar_bears,883,135,119,4,False,0.0,0.0,,True,63,2,115,2,False,0.0,0.0,,0.0
T2c_H_polarized_climate_justice_youth_2026-09-19_04-30-49,T2c_H_polarized_climate_justice_youth,T2c_H,H,polarized,climate_justice_youth,continuous,scopex_2017,668,142,120,6,False,0.0,0.0,,True,72,4,114,2,False,0.0,0.0,,0.0
T2c_H_polarized_climate_justice_youth_2026-09-19_04-30-49,T2c_H_polarized_climate_justice_youth,T2c_H,H,polarized,climate_justice_youth,continuous,chemtrails_gates_2018_2021,668,132,107,7,False,0.0,0.0,,True,64,5,100,2,False,0.0,0.0,,0.0
T2c_H_polarized_climate_justice_youth_2026-09-19_04-30-49,T2c_H_polarized_climate_justice_youth,T2c_H,H,polarized,climate_justice_youth,continuous,sai_geoengineering,668,97,82,2,False,0.0,0.0,,True,41,1,80,1,True,0.0,0.0,,0.0
T2c_H_polarized_climate_justice_youth_2026-09-19_04-30-49,T2c_H_polarized_climate_justice_youth,T2c_H,H,polarized,climate_justice_youth,continuous,paris_agreement,668,142,117,109,False,0.0413,0.0426,,True,60,57,8,52,False,0.028846153846153837,0.03035714285714285,,-0.012453846153846166
T2c_H_polarized_climate_justice_youth_2026-09-19_04-30-49,T2c_H_polarized_climate_justice_youth,T2c_H,H,polarized,climate_justice_youth,continuous,climate_consensus,668,125,109,109,False,0.0,0.0,,True,58,58,0,51,False,0.0,0.0,,0.0
T2c_H_polarized_climate_justice_youth_2026-09-19_04-30-49,T2c_H_polarized_climate_justice_youth,T2c_H,H,polarized,climate_justice_youth,continuous,polar_bears,668,142,125,125,False,0.0,0.0,,True,71,71,0,54,False,0.0,0.0,,0.0
T2c_H_polarized_climate_scientist_2026-09-19_04-42-33,T2c_H_polarized_climate_scientist,T2c_H,H,polarized,climate_scientist,continuous,scopex_2017,0,142,125,125,False,0.016,0.0147,,True,0,0,0,125,False,0.015999999999999997,0.014705882352941173,,-3.469446951953614e-18
T2c_H_polarized_climate_scientist_2026-09-19_04-42-33,T2c_H_polarized_climate_scientist,T2c_H,H,polarized,climate_scientist,continuous,chemtrails_gates_2018_2021,0,145,126,126,False,0.0159,0.0135,,True,0,0,0,126,False,0.01587301587301587,0.013479662698412696,,-2.6984126984132273e-05
T2c_H_polarized_climate_scientist_2026-09-19_04-42-33,T2c_H_polarized_climate_scientist,T2c_H,H,polarized,climate_scientist,continuous,sai_geoengineering,0,1,0,0,True,,,,True,0,0,0,0,True,,,,
T2c_H_polarized_climate_scientist_2026-09-19_04-42-33,T2c_H_polarized_climate_scientist,T2c_H,H,polarized,climate_scientist,continuous,paris_agreement,0,140,121,121,False,0.0124,0.0107,,True,0,0,0,121,False,0.01239669421487603,0.010745614035087718,,-3.3057851239696318e-06
T2c_H_polarized_climate_scientist_2026-09-19_04-42-33,T2c_H_polarized_climate_scientist,T2c_H,H,polarized,climate_scientist,continuous,climate_consensus,0,142,119,119,False,0.0,0.0,,True,0,0,0,119,False,0.0,0.0,,0.0
T2c_H_polarized_climate_scientist_2026-09-19_04-42-33,T2c_H_polarized_climate_scientist,T2c_H,H,polarized,climate_scientist,continuous,polar_bears,0,96,75,75,False,0.0,0.0,,True,0,0,0,75,False,0.0,0.0,,0.0
T2c_H_polarized_conspiracy_believer_2026-09-19_04-17-42,T2c_H_polarized_conspiracy_believer,T2c_H,H,polarized,conspiracy_believer,continuous,scopex_2017,463,118,98,75,False,2.7867,2.7718,,True,1,1,23,74,False,2.7837837837837838,2.7690614707421433,,-0.002916216216216405
T2c_H_polarized_conspiracy_believer_2026-09-19_04-17-42,T2c_H_polarized_conspiracy_believer,T2c_H,H,polarized,conspiracy_believer,continuous,chemtrails_gates_2018_2021,463,1,0,0,True,,,,True,0,0,0,0,True,,,,
T2c_H_polarized_conspiracy_believer_2026-09-19_04-17-42,T2c_H_polarized_conspiracy_believer,T2c_H,H,polarized,conspiracy_believer,continuous,sai_geoengineering,463,129,112,18,False,0.2222,0.1667,,True,2,0,94,18,False,0.22222222222222218,0.16666666666666663,,2.2222222222173516e-05
T2c_H_polarized_conspiracy_believer_2026-09-19_04-17-42,T2c_H_polarized_conspiracy_believer,T2c_H,H,polarized,conspiracy_believer,continuous,paris_agreement,463,135,117,10,False,4.6,4.4286,4.0,True,0,0,107,10,False,4.6,4.428571428571429,4,0.0
T2c_H_polarized_conspiracy_believer_2026-09-19_04-17-42,T2c_H_polarized_conspiracy_believer,T2c_H,H,polarized,conspiracy_believer,continuous,climate_consensus,463,144,121,2,False,5.0,5.0,7.0,True,24,0,119,2,False,5.0,5.0,7,0.0
T2c_H_polarized_conspiracy_believer_2026-09-19_04-17-42,T2c_H_polarized_conspiracy_believer,T2c_H,H,polarized,conspiracy_believer,continuous,polar_bears,463,145,128,8,False,0.0,0.0,,True,8,0,120,8,False,0.0,0.0,,0.0
T2c_H_polarized_conspiracy_climate_piggyback_2026-09-19_04-17-42,T2c_H_polarized_conspiracy_climate_piggyback,T2c_H,H,polarized,conspiracy_climate_piggyback,continuous,scopex_2017,418,120,104,65,False,2.5846,2.4678,,True,0,0,39,65,False,2.5846153846153848,2.467787114845938,,1.5384615384750333e-05
T2c_H_polarized_conspiracy_climate_piggyback_2026-09-19_04-17-42,T2c_H_polarized_conspiracy_climate_piggyback,T2c_H,H,polarized,conspiracy_climate_piggyback,continuous,chemtrails_gates_2018_2021,418,126,108,11,False,3.0455,3.0119,8.0,True,0,0,97,11,False,3.0454545454545454,3.011904761904762,8,-4.545454545468175e-05
T2c_H_polarized_conspiracy_climate_piggyback_2026-09-19_04-17-42,T2c_H_polarized_conspiracy_climate_piggyback,T2c_H,H,polarized,conspiracy_climate_piggyback,continuous,sai_geoengineering,418,1,0,0,True,,,,True,0,0,0,0,True,,,,
T2c_H_polarized_conspiracy_climate_piggyback_2026-09-19_04-17-42,T2c_H_polarized_conspiracy_climate_piggyback,T2c_H,H,polarized,conspiracy_climate_piggyback,continuous,paris_agreement,418,134,112,13,False,2.7615,2.7188,,True,0,0,99,13,False,2.7615384615384615,2.71875,,3.846153846165379e-05
T2c_H_polarized_conspiracy_climate_piggyback_2026-09-19_04-17-42,T2c_H_polarized_conspiracy_climate_piggyback,T2c_H,H,polarized,conspiracy_climate_piggyback,continuous,climate_consensus,418,131,99,0,True,,,,True,1,0,99,0,True,,,,
T2c_H_polarized_conspiracy_climate_piggyback_2026-09-19_04-17-42,T2c_H_polarized_conspiracy_climate_piggyback,T2c_H,H,polarized,conspiracy_climate_piggyback,continuous,polar_bears,418,110,90,6,False,0.0,0.0,,True,2,1,84,5,False,0.0,0.0,,0.0
T2c_H_polarized_conspiracy_depopulation_2026-09-19_04-17-42,T2c_H_polarized_conspiracy_depopulation,T2c_H,H,polarized,conspiracy_depopulation,continuous,scopex_2017,732,142,124,3,False,2.0,2.0,,True,0,0,121,3,False,2.0,2.0,,0.0
T2c_H_polarized_conspiracy_depopulation_2026-09-19_04-17-42,T2c_H_polarized_conspiracy_depopulation,T2c_H,H,polarized,conspiracy_depopulation,continuous,chemtrails_gates_2018_2021,732,144,122,8,False,3.8125,3.8167,4.0,True,0,0,114,8,False,3.8125,3.8166666666666664,4,0.0
T2c_H_polarized_conspiracy_depopulation_2026-09-19_04-17-42,T2c_H_polarized_conspiracy_depopulation,T2c_H,H,polarized,conspiracy_depopulation,continuous,sai_geoengineering,732,140,127,4,False,0.125,0.125,,True,1,0,123,4,False,0.12499999999999997,0.12499999999999997,,-2.7755575615628914e-17
T2c_H_polarized_conspiracy_depopulation_2026-09-19_04-17-42,T2c_H_polarized_conspiracy_depopulation,T2c_H,H,polarized,conspiracy_depopulation,continuous,paris_agreement,732,138,115,4,False,4.75,4.75,5.0,True,0,0,111,4,False,4.75,4.75,5,0.0
T2c_H_polarized_conspiracy_depopulation_2026-09-19_04-17-42,T2c_H_polarized_conspiracy_depopulation,T2c_H,H,polarized,conspiracy_depopulation,continuous,climate_consensus,732,139,117,8,False,4.75,4.75,3.0,True,22,3,109,5,False,4.8,4.8,3,0.04999999999999982
T2c_H_polarized_conspiracy_depopulation_2026-09-19_04-17-42,T2c_H_polarized_conspiracy_depopulation,T2c_H,H,polarized,conspiracy_depopulation,continuous,polar_bears,732,103,93,3,False,0.0,0.0,,True,42,2,90,1,True,0.0,0.0,,0.0
T2c_H_polarized_conspiracy_haarp_weather_2026-09-19_04-17-42,T2c_H_polarized_conspiracy_haarp_weather,T2c_H,H,polarized,conspiracy_haarp_weather,continuous,scopex_2017,703,140,121,4,False,2.425,2.6167,8.0,True,1,0,117,4,False,2.425,2.6166666666666667,8,0.0
T2c_H_polarized_conspiracy_haarp_weather_2026-09-19_04-17-42,T2c_H_polarized_conspiracy_haarp_weather,T2c_H,H,polarized,conspiracy_haarp_weather,continuous,chemtrails_gates_2018_2021,703,125,101,5,False,3.3,3.3,8.0,True,0,0,96,5,False,3.3,3.3,8,0.0
T2c_H_polarized_conspiracy_haarp_weather_2026-09-19_04-17-42,T2c_H_polarized_conspiracy_haarp_weather,T2c_H,H,polarized,conspiracy_haarp_weather,continuous,sai_geoengineering,703,141,120,3,False,1.0,1.0,,True,0,0,117,3,False,0.9999999999999997,0.9999999999999998,,-3.3306690738754696e-16
T2c_H_polarized_conspiracy_haarp_weather_2026-09-19_04-17-42,T2c_H_polarized_conspiracy_haarp_weather,T2c_H,H,polarized,conspiracy_haarp_weather,continuous,paris_agreement,703,125,108,4,False,4.025,4.025,7.0,True,0,0,104,4,False,4.025,4.025,7,0.0
T2c_H_polarized_conspiracy_haarp_weather_2026-09-19_04-17-42,T2c_H_polarized_conspiracy_haarp_weather,T2c_H,H,polarized,conspiracy_haarp_weather,continuous,climate_consensus,703,142,121,5,False,4.8,4.8,6.0,True,0,0,116,5,False,4.8,4.8,6,0.0
T2c_H_polarized_conspiracy_haarp_weather_2026-09-19_04-17-42,T2c_H_polarized_conspiracy_haarp_weather,T2c_H,H,polarized,conspiracy_haarp_weather,continuous,polar_bears,703,145,129,6,False,0.0833,0.0833,,True,30,2,123,4,False,0.12499999999999997,0.12499999999999997,,0.04169999999999997
T2c_H_polarized_environmental_concern_2026-09-19_04-31-45,T2c_H_polarized_environmental_concern,T2c_H,H,polarized,environmental_concern,continuous,scopex_2017,297,142,115,115,False,0.0,0.0,,True,52,52,0,63,False,0.0,0.0,,0.0
T2c_H_polarized_environmental_concern_2026-09-19_04-31-45,T2c_H_polarized_environmental_concern,T2c_H,H,polarized,environmental_concern,continuous,chemtrails_gates_2018_2021,297,145,126,126,False,0.0952,0.1122,,True,71,71,0,55,False,0.12727272727272723,0.13705357142857139,,0.032072727272727225
T2c_H_polarized_environmental_concern_2026-09-19_04-31-45,T2c_H_polarized_environmental_concern,T2c_H,H,polarized,environmental_concern,continuous,sai_geoengineering,297,141,122,122,False,0.0,0.0,,True,65,65,0,57,False,0.0,0.0,,0.0
T2c_H_polarized_environmental_concern_2026-09-19_04-31-45,T2c_H_polarized_environmental_concern,T2c_H,H,polarized,environmental_concern,continuous,paris_agreement,297,109,94,94,False,0.0319,0.0327,,True,45,45,0,49,False,0.030612244897959176,0.02566964285714285,,-0.0012877551020408218
T2c_H_polarized_environmental_concern_2026-09-19_04-31-45,T2c_H_polarized_environmental_concern,T2c_H,H,polarized,environmental_concern,continuous,climate_consensus,297,138,119,119,False,0.0,0.0,,True,64,64,0,55,False,0.0,0.0,,0.0
T2c_H_polarized_environmental_concern_2026-09-19_04-31-45,T2c_H_polarized_environmental_concern,T2c_H,H,polarized,environmental_concern,continuous,polar_bears,297,138,111,111,False,0.0,0.0,,True,0,0,0,111,False,0.0,0.0,,0.0
T2c_H_polarized_mitigation_first_policy_2026-09-19_04-31-35,T2c_H_polarized_mitigation_first_policy,T2c_H,H,polarized,mitigation_first_policy,continuous,scopex_2017,311,136,118,118,False,0.0,0.0,,True,64,64,0,54,False,0.0,0.0,,0.0
T2c_H_polarized_mitigation_first_policy_2026-09-19_04-31-35,T2c_H_polarized_mitigation_first_policy,T2c_H,H,polarized,mitigation_first_policy,continuous,chemtrails_gates_2018_2021,311,130,109,109,False,0.0,0.0,,True,63,63,0,46,False,0.0,0.0,,0.0
T2c_H_polarized_mitigation_first_policy_2026-09-19_04-31-35,T2c_H_polarized_mitigation_first_policy,T2c_H,H,polarized,mitigation_first_policy,continuous,sai_geoengineering,311,75,67,67,False,0.0,0.0,,True,39,39,0,28,False,0.0,0.0,,0.0
T2c_H_polarized_mitigation_first_policy_2026-09-19_04-31-35,T2c_H_polarized_mitigation_first_policy,T2c_H,H,polarized,mitigation_first_policy,continuous,paris_agreement,311,131,103,103,False,0.0049,0.0089,,True,52,52,0,51,False,0.009803921568627449,0.012499999999999997,,0.004903921568627449
T2c_H_polarized_mitigation_first_policy_2026-09-19_04-31-35,T2c_H_polarized_mitigation_first_policy,T2c_H,H,polarized,mitigation_first_policy,continuous,climate_consensus,311,144,126,126,False,0.0,0.0,,True,85,85,0,41,False,0.0,0.0,,0.0
T2c_H_polarized_mitigation_first_policy_2026-09-19_04-31-35,T2c_H_polarized_mitigation_first_policy,T2c_H,H,polarized,mitigation_first_policy,continuous,polar_bears,311,145,123,123,False,0.0,0.0,,True,8,8,0,115,False,0.0,0.0,,0.0
T2c_H_polarized_ozone_stratosphere_specialist_2026-09-19_04-32-52,T2c_H_polarized_ozone_stratosphere_specialist,T2c_H,H,polarized,ozone_stratosphere_specialist,continuous,scopex_2017,19,144,126,126,False,0.0,0.0,,True,19,19,0,107,False,0.0,0.0,,0.0
T2c_H_polarized_ozone_stratosphere_specialist_2026-09-19_04-32-52,T2c_H_polarized_ozone_stratosphere_specialist,T2c_H,H,polarized,ozone_stratosphere_specialist,continuous,chemtrails_gates_2018_2021,19,118,104,104,False,0.851,0.8792,,True,0,0,0,104,False,0.8509615384615383,0.8792384607351711,,-3.846153846165379e-05
T2c_H_polarized_ozone_stratosphere_specialist_2026-09-19_04-32-52,T2c_H_polarized_ozone_stratosphere_specialist,T2c_H,H,polarized,ozone_stratosphere_specialist,continuous,sai_geoengineering,19,107,95,95,False,0.0105,0.0139,,True,0,0,0,95,False,0.010526315789473682,0.013888888888888886,,2.6315789473681586e-05
T2c_H_polarized_ozone_stratosphere_specialist_2026-09-19_04-32-52,T2c_H_polarized_ozone_stratosphere_specialist,T2c_H,H,polarized,ozone_stratosphere_specialist,continuous,paris_agreement,19,140,112,112,False,0.192,0.263,,True,0,0,0,112,False,0.19196428571428573,0.26298076923076924,,-3.5714285714277816e-05
T2c_H_polarized_ozone_stratosphere_specialist_2026-09-19_04-32-52,T2c_H_polarized_ozone_stratosphere_specialist,T2c_H,H,polarized,ozone_stratosphere_specialist,continuous,climate_consensus,19,143,120,120,False,0.0,0.0,,True,0,0,0,120,False,0.0,0.0,,0.0
T2c_H_polarized_ozone_stratosphere_specialist_2026-09-19_04-32-52,T2c_H_polarized_ozone_stratosphere_specialist,T2c_H,H,polarized,ozone_stratosphere_specialist,continuous,polar_bears,19,144,124,124,False,0.0,0.0,,True,0,0,0,124,False,0.0,0.0,,0.0
T2c_H_polarized_science_journalist_2026-09-19_04-43-11,T2c_H_polarized_science_journalist,T2c_H,H,polarized,science_journalist,continuous,scopex_2017,0,89,74,74,False,0.0,0.0,,True,0,0,0,74,False,0.0,0.0,,0.0
T2c_H_polarized_science_journalist_2026-09-19_04-43-11,T2c_H_polarized_science_journalist,T2c_H,H,polarized,science_journalist,continuous,chemtrails_gates_2018_2021,0,136,115,115,False,0.0365,0.0364,,True,0,0,0,115,False,0.03652173913043478,0.03638102845726684,,2.1739130434780818e-05
T2c_H_polarized_science_journalist_2026-09-19_04-43-11,T2c_H_polarized_science_journalist,T2c_H,H,polarized,science_journalist,continuous,sai_geoengineering,0,3,1,1,True,0.0,0.0,,True,0,0,0,1,True,0.0,0.0,,0.0
T2c_H_polarized_science_journalist_2026-09-19_04-43-11,T2c_H_polarized_science_journalist,T2c_H,H,polarized,science_journalist,continuous,paris_agreement,0,142,121,121,False,0.0785,0.0819,,True,0,0,0,121,False,0.07851239669421486,0.08192987567987567,,1.2396694214864001e-05
T2c_H_polarized_science_journalist_2026-09-19_04-43-11,T2c_H_polarized_science_journalist,T2c_H,H,polarized,science_journalist,continuous,climate_consensus,0,140,122,122,False,0.0041,0.0035,,True,0,0,0,122,False,0.004098360655737704,0.0034722222222222216,,-1.6393442622960816e-06
T2c_H_polarized_science_journalist_2026-09-19_04-43-11,T2c_H_polarized_science_journalist,T2c_H,H,polarized,science_journalist,continuous,polar_bears,0,143,121,121,False,0.0,0.0,,True,0,0,0,121,False,0.0,0.0,,0.0
T2c_H_random_er_biodiversity_food_security_2026-09-19_03-33-32,T2c_H_random_er_biodiversity_food_security,T2c_H,H,random_er,biodiversity_food_security,continuous,scopex_2017,0,118,95,95,False,0.1,0.1023,,True,0,0,0,95,False,0.09999999999999998,0.10230552011014193,,-2.7755575615628914e-17
T2c_H_random_er_biodiversity_food_security_2026-09-19_03-33-32,T2c_H_random_er_biodiversity_food_security,T2c_H,H,random_er,biodiversity_food_security,continuous,chemtrails_gates_2018_2021,0,127,110,110,False,1.0,1.0,,True,0,0,0,110,False,0.9999999999999998,0.9999999999999998,,-2.220446049250313e-16
T2c_H_random_er_biodiversity_food_security_2026-09-19_03-33-32,T2c_H_random_er_biodiversity_food_security,T2c_H,H,random_er,biodiversity_food_security,continuous,sai_geoengineering,0,108,90,90,False,0.0167,0.0146,,True,0,0,0,90,False,0.016666666666666663,0.01462585034013605,,-3.33333333333366e-05
T2c_H_random_er_biodiversity_food_security_2026-09-19_03-33-32,T2c_H_random_er_biodiversity_food_security,T2c_H,H,random_er,biodiversity_food_security,continuous,paris_agreement,0,125,115,115,False,0.0,0.0,,True,0,0,0,115,False,0.0,0.0,,0.0
T2c_H_random_er_biodiversity_food_security_2026-09-19_03-33-32,T2c_H_random_er_biodiversity_food_security,T2c_H,H,random_er,biodiversity_food_security,continuous,climate_consensus,0,116,106,106,False,0.1953,0.2028,,True,0,0,0,106,False,0.19528301886792448,0.20276741324673653,,-1.6981132075516436e-05
T2c_H_random_er_biodiversity_food_security_2026-09-19_03-33-32,T2c_H_random_er_biodiversity_food_security,T2c_H,H,random_er,biodiversity_food_security,continuous,polar_bears,0,119,102,102,False,0.0,0.0,,True,0,0,0,102,False,0.0,0.0,,0.0
T2c_H_random_er_climate_action_advocate_2026-09-19_03-10-51,T2c_H_random_er_climate_action_advocate,T2c_H,H,random_er,climate_action_advocate,continuous,scopex_2017,0,118,99,99,False,0.5606,0.5641,,True,0,0,0,99,False,0.5606060606060604,0.5640899541634834,,6.060606060453999e-06
T2c_H_random_er_climate_action_advocate_2026-09-19_03-10-51,T2c_H_random_er_climate_action_advocate,T2c_H,H,random_er,climate_action_advocate,continuous,chemtrails_gates_2018_2021,0,125,109,109,False,1.0183,1.0167,,True,0,0,0,109,False,1.0183486238532107,1.0167410714285712,,4.862385321069418e-05
T2c_H_random_er_climate_action_advocate_2026-09-19_03-10-51,T2c_H_random_er_climate_action_advocate,T2c_H,H,random_er,climate_action_advocate,continuous,sai_geoengineering,0,114,103,103,False,0.0,0.0,,True,0,0,0,103,False,0.0,0.0,,0.0
T2c_H_random_er_climate_action_advocate_2026-09-19_03-10-51,T2c_H_random_er_climate_action_advocate,T2c_H,H,random_er,climate_action_advocate,continuous,paris_agreement,0,99,86,86,False,0.0116,0.0125,,True,0,0,0,86,False,0.011627906976744184,0.012499999999999997,,2.790697674418495e-05
T2c_H_random_er_climate_action_advocate_2026-09-19_03-10-51,T2c_H_random_er_climate_action_advocate,T2c_H,H,random_er,climate_action_advocate,continuous,climate_consensus,0,114,103,103,False,0.068,0.0666,,True,0,0,0,103,False,0.06796116504854367,0.06662660256410255,,-3.883495145633187e-05
T2c_H_random_er_climate_action_advocate_2026-09-19_03-10-51,T2c_H_random_er_climate_action_advocate,T2c_H,H,random_er,climate_action_advocate,continuous,polar_bears,0,1,0,0,True,,,,True,0,0,0,0,True,,,,
T2c_H_random_er_climate_justice_youth_2026-09-19_03-21-04,T2c_H_random_er_climate_justice_youth,T2c_H,H,random_er,climate_justice_youth,continuous,scopex_2017,0,105,96,96,False,0.1719,0.1911,,True,0,0,0,96,False,0.17187499999999997,0.1910905934343434,,-2.5000000000025002e-05
T2c_H_random_er_climate_justice_youth_2026-09-19_03-21-04,T2c_H_random_er_climate_justice_youth,T2c_H,H,random_er,climate_justice_youth,continuous,chemtrails_gates_2018_2021,0,66,57,57,False,0.6667,0.7355,,True,0,0,0,57,False,0.6666666666666665,0.7355181277056275,,-3.3333333333440684e-05
T2c_H_random_er_climate_justice_youth_2026-09-19_03-21-04,T2c_H_random_er_climate_justice_youth,T2c_H,H,random_er,climate_justice_youth,continuous,sai_geoengineering,0,65,57,57,False,0.3158,0.3166,,True,0,0,0,57,False,0.31578947368421045,0.31660006660006657,,-1.052631578957186e-05
T2c_H_random_er_climate_justice_youth_2026-09-19_03-21-04,T2c_H_random_er_climate_justice_youth,T2c_H,H,random_er,climate_justice_youth,continuous,paris_agreement,0,109,95,95,False,0.0,0.0,,True,0,0,0,95,False,0.0,0.0,,0.0
T2c_H_random_er_climate_justice_youth_2026-09-19_03-21-04,T2c_H_random_er_climate_justice_youth,T2c_H,H,random_er,climate_justice_youth,continuous,climate_consensus,0,118,102,102,False,0.2206,0.2257,,True,0,0,0,102,False,0.2205882352941176,0.2257316468253968,,-1.1764705882377768e-05
T2c_H_random_er_climate_justice_youth_2026-09-19_03-21-04,T2c_H_random_er_climate_justice_youth,T2c_H,H,random_er,climate_justice_youth,continuous,polar_bears,0,1,0,0,True,,,,True,0,0,0,0,True,,,,
T2c_H_random_er_climate_scientist_2026-09-19_03-34-55,T2c_H_random_er_climate_scientist,T2c_H,H,random_er,climate_scientist,continuous,scopex_2017,53,162,132,132,False,0.0,0.0,,True,0,0,0,132,False,0.0,0.0,,0.0
T2c_H_random_er_climate_scientist_2026-09-19_03-34-55,T2c_H_random_er_climate_scientist,T2c_H,H,random_er,climate_scientist,continuous,chemtrails_gates_2018_2021,53,146,126,126,False,0.1222,0.1246,,True,0,0,0,126,False,0.1222222222222222,0.12456775658981539,,2.222222222220127e-05
T2c_H_random_er_climate_scientist_2026-09-19_03-34-55,T2c_H_random_er_climate_scientist,T2c_H,H,random_er,climate_scientist,continuous,sai_geoengineering,53,158,136,136,False,0.0294,0.0277,,True,0,0,0,136,False,0.02941176470588235,0.027665441176470587,,1.1764705882350013e-05
T2c_H_random_er_climate_scientist_2026-09-19_03-34-55,T2c_H_random_er_climate_scientist,T2c_H,H,random_er,climate_scientist,continuous,paris_agreement,53,1,0,0,True,,,,True,0,0,0,0,True,,,,
T2c_H_random_er_climate_scientist_2026-09-19_03-34-55,T2c_H_random_er_climate_scientist,T2c_H,H,random_er,climate_scientist,continuous,climate_consensus,53,157,137,137,False,0.0,0.0,,True,0,0,0,137,False,0.0,0.0,,0.0
T2c_H_random_er_climate_scientist_2026-09-19_03-34-55,T2c_H_random_er_climate_scientist,T2c_H,H,random_er,climate_scientist,continuous,polar_bears,53,158,131,78,False,0.0064,0.0049,,True,0,0,53,78,False,0.006410256410256409,0.0049019607843137246,,1.025641025640886e-05
T2c_H_random_er_conspiracy_believer_2026-09-19_02-59-38,T2c_H_random_er_conspiracy_believer,T2c_H,H,random_er,conspiracy_believer,continuous,scopex_2017,0,166,141,141,False,1.9468,1.9739,,True,7,7,0,134,False,1.9253731343283582,1.9435404918546366,,-0.02142686567164187
T2c_H_random_er_conspiracy_believer_2026-09-19_02-59-38,T2c_H_random_er_conspiracy_believer,T2c_H,H,random_er,conspiracy_believer,continuous,chemtrails_gates_2018_2021,0,1,0,0,True,,,,True,0,0,0,0,True,,,,
T2c_H_random_er_conspiracy_believer_2026-09-19_02-59-38,T2c_H_random_er_conspiracy_believer,T2c_H,H,random_er,conspiracy_believer,continuous,sai_geoengineering,0,1,0,0,True,,,,True,0,0,0,0,True,,,,
T2c_H_random_er_conspiracy_believer_2026-09-19_02-59-38,T2c_H_random_er_conspiracy_believer,T2c_H,H,random_er,conspiracy_believer,continuous,paris_agreement,0,177,154,154,False,4.6026,4.604,2.0,True,0,0,0,154,False,4.602597402597402,4.604005166659966,2,-2.5974025978925397e-06
T2c_H_random_er_conspiracy_believer_2026-09-19_02-59-38,T2c_H_random_er_conspiracy_believer,T2c_H,H,random_er,conspiracy_believer,continuous,climate_consensus,0,178,155,155,False,4.4839,4.4778,3.0,True,3,3,0,152,False,4.473684210526316,4.461805555555555,3,-0.01021578947368429
T2c_H_random_er_conspiracy_believer_2026-09-19_02-59-38,T2c_H_random_er_conspiracy_believer,T2c_H,H,random_er,conspiracy_believer,continuous,polar_bears,0,176,150,150,False,0.05,0.0469,,True,1,1,0,149,False,0.050335570469798654,0.046875,,0.0003355704697986517
T2c_H_random_er_conspiracy_climate_piggyback_2026-09-19_03-00-50,T2c_H_random_er_conspiracy_climate_piggyback,T2c_H,H,random_er,conspiracy_climate_piggyback,continuous,scopex_2017,0,188,169,169,False,2.0136,2.0131,,True,0,0,0,169,False,2.0136094674556215,2.0131023767422507,,9.467455621692267e-06
T2c_H_random_er_conspiracy_climate_piggyback_2026-09-19_03-00-50,T2c_H_random_er_conspiracy_climate_piggyback,T2c_H,H,random_er,conspiracy_climate_piggyback,continuous,chemtrails_gates_2018_2021,0,182,150,150,False,3.248,3.2449,3.0,True,18,18,0,132,False,3.296969696969697,3.2958674259177356,3,0.04896969696969666
T2c_H_random_er_conspiracy_climate_piggyback_2026-09-19_03-00-50,T2c_H_random_er_conspiracy_climate_piggyback,T2c_H,H,random_er,conspiracy_climate_piggyback,continuous,sai_geoengineering,0,188,153,153,False,0.7647,0.7684,,True,2,2,0,151,False,0.7748344370860927,0.776579315936901,,0.01013443708609263
T2c_H_random_er_conspiracy_climate_piggyback_2026-09-19_03-00-50,T2c_H_random_er_conspiracy_climate_piggyback,T2c_H,H,random_er,conspiracy_climate_piggyback,continuous,paris_agreement,0,184,156,156,False,2.1564,2.1654,,True,0,0,0,156,False,2.1564102564102563,2.165374164019675,,1.0256410256204163e-05
T2c_H_random_er_conspiracy_climate_piggyback_2026-09-19_03-00-50,T2c_H_random_er_conspiracy_climate_piggyback,T2c_H,H,random_er,conspiracy_climate_piggyback,continuous,climate_consensus,0,188,169,169,False,4.9734,4.9728,1.0,True,0,0,0,169,False,4.9733727810650885,4.9728020334928225,1,-2.7218934911310555e-05
T2c_H_random_er_conspiracy_climate_piggyback_2026-09-19_03-00-50,T2c_H_random_er_conspiracy_climate_piggyback,T2c_H,H,random_er,conspiracy_climate_piggyback,continuous,polar_bears,0,180,161,161,False,0.0,0.0,,True,1,1,0,160,False,0.0,0.0,,0.0
T2c_H_random_er_conspiracy_depopulation_2026-09-19_02-59-53,T2c_H_random_er_conspiracy_depopulation,T2c_H,H,random_er,conspiracy_depopulation,continuous,scopex_2017,0,142,118,118,False,1.0254,0.9842,,True,0,0,0,118,False,1.0254237288135593,0.9841801578087375,,2.372881355916512e-05
T2c_H_random_er_conspiracy_depopulation_2026-09-19_02-59-53,T2c_H_random_er_conspiracy_depopulation,T2c_H,H,random_er,conspiracy_depopulation,continuous,chemtrails_gates_2018_2021,0,141,119,119,False,3.1017,2.9736,6.0,True,0,0,0,119,False,3.1016806722689076,2.9735705992923487,6,-1.9327731092477762e-05
T2c_H_random_er_conspiracy_depopulation_2026-09-19_02-59-53,T2c_H_random_er_conspiracy_depopulation,T2c_H,H,random_er,conspiracy_depopulation,continuous,sai_geoengineering,0,142,115,115,False,0.1061,0.0938,,True,0,0,0,115,False,0.1060869565217391,0.09375992063492061,,-1.304347826089347e-05
T2c_H_random_er_conspiracy_depopulation_2026-09-19_02-59-53,T2c_H_random_er_conspiracy_depopulation,T2c_H,H,random_er,conspiracy_depopulation,continuous,paris_agreement,0,127,104,104,False,3.7019,3.1976,4.0,True,0,0,0,104,False,3.701923076923077,3.197596153846154,4,2.3076923076903455e-05
T2c_H_random_er_conspiracy_depopulation_2026-09-19_02-59-53,T2c_H_random_er_conspiracy_depopulation,T2c_H,H,random_er,conspiracy_depopulation,continuous,climate_consensus,0,139,125,125,False,4.904,4.3248,2.0,True,1,1,0,124,False,4.903225806451613,4.324143692564745,2,-0.0007741935483869256
T2c_H_random_er_conspiracy_depopulation_2026-09-19_02-59-53,T2c_H_random_er_conspiracy_depopulation,T2c_H,H,random_er,conspiracy_depopulation,continuous,polar_bears,0,143,120,120,False,0.0,0.0,,True,0,0,0,120,False,0.0,0.0,,0.0
T2c_H_random_er_conspiracy_haarp_weather_2026-09-19_02-59-41,T2c_H_random_er_conspiracy_haarp_weather,T2c_H,H,random_er,conspiracy_haarp_weather,continuous,scopex_2017,0,132,114,114,False,2.6412,2.6344,,True,0,0,0,114,False,2.6412280701754387,2.6343643856143855,,2.8070175438710265e-05
T2c_H_random_er_conspiracy_haarp_weather_2026-09-19_02-59-41,T2c_H_random_er_conspiracy_haarp_weather,T2c_H,H,random_er,conspiracy_haarp_weather,continuous,chemtrails_gates_2018_2021,0,1,0,0,True,,,,True,0,0,0,0,True,,,,
T2c_H_random_er_conspiracy_haarp_weather_2026-09-19_02-59-41,T2c_H_random_er_conspiracy_haarp_weather,T2c_H,H,random_er,conspiracy_haarp_weather,continuous,sai_geoengineering,0,142,120,120,False,0.1458,0.1511,,True,0,0,0,120,False,0.14583333333333331,0.1510679271708683,,3.333333333330191e-05
T2c_H_random_er_conspiracy_haarp_weather_2026-09-19_02-59-41,T2c_H_random_er_conspiracy_haarp_weather,T2c_H,H,random_er,conspiracy_haarp_weather,continuous,paris_agreement,0,149,124,124,False,3.7798,3.7943,3.0,True,0,0,0,124,False,3.7798387096774193,3.79434561965812,3,3.8709677419479505e-05
T2c_H_random_er_conspiracy_haarp_weather_2026-09-19_02-59-41,T2c_H_random_er_conspiracy_haarp_weather,T2c_H,H,random_er,conspiracy_haarp_weather,continuous,climate_consensus,0,1,0,0,True,,,,True,0,0,0,0,True,,,,
T2c_H_random_er_conspiracy_haarp_weather_2026-09-19_02-59-41,T2c_H_random_er_conspiracy_haarp_weather,T2c_H,H,random_er,conspiracy_haarp_weather,continuous,polar_bears,0,1,0,0,True,,,,True,0,0,0,0,True,,,,
T2c_H_random_er_environmental_concern_2026-09-19_03-26-13,T2c_H_random_er_environmental_concern,T2c_H,H,random_er,environmental_concern,continuous,scopex_2017,0,137,113,113,False,0.0,0.0,,True,0,0,0,113,False,0.0,0.0,,0.0
T2c_H_random_er_environmental_concern_2026-09-19_03-26-13,T2c_H_random_er_environmental_concern,T2c_H,H,random_er,environmental_concern,continuous,chemtrails_gates_2018_2021,0,159,141,141,False,1.0071,1.0078,,True,0,0,0,141,False,1.0070921985815602,1.0078124999999998,,-7.801418439923324e-06
T2c_H_random_er_environmental_concern_2026-09-19_03-26-13,T2c_H_random_er_environmental_concern,T2c_H,H,random_er,environmental_concern,continuous,sai_geoengineering,0,1,0,0,True,,,,True,0,0,0,0,True,,,,
T2c_H_random_er_environmental_concern_2026-09-19_03-26-13,T2c_H_random_er_environmental_concern,T2c_H,H,random_er,environmental_concern,continuous,paris_agreement,0,149,125,125,False,0.3008,0.3057,,True,0,0,0,125,False,0.30079999999999996,0.3057281123481781,,-5.551115123125783e-17
T2c_H_random_er_environmental_concern_2026-09-19_03-26-13,T2c_H_random_er_environmental_concern,T2c_H,H,random_er,environmental_concern,continuous,climate_consensus,0,157,130,130,False,0.0615,0.0655,,True,0,0,0,130,False,0.06153846153846153,0.0655384188931983,,3.846153846152889e-05
T2c_H_random_er_environmental_concern_2026-09-19_03-26-13,T2c_H_random_er_environmental_concern,T2c_H,H,random_er,environmental_concern,continuous,polar_bears,0,1,0,0,True,,,,True,0,0,0,0,True,,,,
T2c_H_random_er_mitigation_first_policy_2026-09-19_03-24-12,T2c_H_random_er_mitigation_first_policy,T2c_H,H,random_er,mitigation_first_policy,continuous,scopex_2017,0,65,55,55,False,0.1,0.1003,,True,0,0,0,55,False,0.09999999999999998,0.10029761904761902,,-2.7755575615628914e-17
T2c_H_random_er_mitigation_first_policy_2026-09-19_03-24-12,T2c_H_random_er_mitigation_first_policy,T2c_H,H,random_er,mitigation_first_policy,continuous,chemtrails_gates_2018_2021,0,144,123,123,False,0.0894,0.0901,,True,0,0,0,123,False,0.08943089430894308,0.09010332498383966,,3.089430894308298e-05
T2c_H_random_er_mitigation_first_policy_2026-09-19_03-24-12,T2c_H_random_er_mitigation_first_policy,T2c_H,H,random_er,mitigation_first_policy,continuous,sai_geoengineering,0,139,119,119,False,0.0252,0.025,,True,0,0,0,119,False,0.025210084033613446,0.024999999999999998,,1.0084033613445842e-05
T2c_H_random_er_mitigation_first_policy_2026-09-19_03-24-12,T2c_H_random_er_mitigation_first_policy,T2c_H,H,random_er,mitigation_first_policy,continuous,paris_agreement,0,131,116,116,False,0.0103,0.0083,,True,0,0,0,116,False,0.010344827586206896,0.008333333333333333,,4.482758620689628e-05
T2c_H_random_er_mitigation_first_policy_2026-09-19_03-24-12,T2c_H_random_er_mitigation_first_policy,T2c_H,H,random_er,mitigation_first_policy,continuous,climate_consensus,0,1,0,0,True,,,,True,0,0,0,0,True,,,,
T2c_H_random_er_mitigation_first_policy_2026-09-19_03-24-12,T2c_H_random_er_mitigation_first_policy,T2c_H,H,random_er,mitigation_first_policy,continuous,polar_bears,0,131,111,111,False,0.0045,0.0045,,True,0,0,0,111,False,0.004504504504504504,0.004464285714285713,,4.504504504503938e-06
T2c_H_random_er_ozone_stratosphere_specialist_2026-09-19_03-33-20,T2c_H_random_er_ozone_stratosphere_specialist,T2c_H,H,random_er,ozone_stratosphere_specialist,continuous,scopex_2017,0,3,2,2,False,0.0,0.0,,True,0,0,0,2,False,0.0,0.0,,0.0
T2c_H_random_er_ozone_stratosphere_specialist_2026-09-19_03-33-20,T2c_H_random_er_ozone_stratosphere_specialist,T2c_H,H,random_er,ozone_stratosphere_specialist,continuous,chemtrails_gates_2018_2021,0,1,0,0,True,,,,True,0,0,0,0,True,,,,
T2c_H_random_er_ozone_stratosphere_specialist_2026-09-19_03-33-20,T2c_H_random_er_ozone_stratosphere_specialist,T2c_H,H,random_er,ozone_stratosphere_specialist,continuous,sai_geoengineering,0,21,17,17,False,0.0,0.0,,True,0,0,0,17,False,0.0,0.0,,0.0
T2c_H_random_er_ozone_stratosphere_specialist_2026-09-19_03-33-20,T2c_H_random_er_ozone_stratosphere_specialist,T2c_H,H,random_er,ozone_stratosphere_specialist,continuous,paris_agreement,0,2,1,1,True,0.0,0.0,,True,0,0,0,1,True,0.0,0.0,,0.0
T2c_H_random_er_ozone_stratosphere_specialist_2026-09-19_03-33-20,T2c_H_random_er_ozone_stratosphere_specialist,T2c_H,H,random_er,ozone_stratosphere_specialist,continuous,climate_consensus,0,1,0,0,True,,,,True,0,0,0,0,True,,,,
T2c_H_random_er_ozone_stratosphere_specialist_2026-09-19_03-33-20,T2c_H_random_er_ozone_stratosphere_specialist,T2c_H,H,random_er,ozone_stratosphere_specialist,continuous,polar_bears,0,35,31,31,False,0.0,0.0,,True,0,0,0,31,False,0.0,0.0,,0.0
T2c_H_random_er_science_journalist_2026-09-19_03-41-14,T2c_H_random_er_science_journalist,T2c_H,H,random_er,science_journalist,continuous,scopex_2017,189,158,138,138,False,0.0036,0.0031,,True,0,0,0,138,False,0.0036231884057971006,0.0031249999999999993,,2.3188405797100724e-05
T2c_H_random_er_science_journalist_2026-09-19_03-41-14,T2c_H_random_er_science_journalist,T2c_H,H,random_er,science_journalist,continuous,chemtrails_gates_2018_2021,189,159,133,97,False,0.0361,0.0821,,True,0,0,36,97,False,0.036082474226804113,0.08207236842105262,,-1.7525773195886662e-05
T2c_H_random_er_science_journalist_2026-09-19_03-41-14,T2c_H_random_er_science_journalist,T2c_H,H,random_er,science_journalist,continuous,sai_geoengineering,189,158,142,20,False,0.0,0.0,,True,0,0,122,20,False,0.0,0.0,,0.0
T2c_H_random_er_science_journalist_2026-09-19_03-41-14,T2c_H_random_er_science_journalist,T2c_H,H,random_er,science_journalist,continuous,paris_agreement,189,155,132,101,False,0.0099,0.0089,,True,0,0,31,101,False,0.0099009900990099,0.008928571428571426,,9.900990098985624e-07
T2c_H_random_er_science_journalist_2026-09-19_03-41-14,T2c_H_random_er_science_journalist,T2c_H,H,random_er,science_journalist,continuous,climate_consensus,189,1,0,0,True,,,,True,0,0,0,0,True,,,,
T2c_H_random_er_science_journalist_2026-09-19_03-41-14,T2c_H_random_er_science_journalist,T2c_H,H,random_er,science_journalist,continuous,polar_bears,189,146,123,123,False,0.0,0.0,,True,0,0,0,123,False,0.0,0.0,,0.0
T2c_H_ring_biodiversity_food_security_2026-09-19_02-58-51,T2c_H_ring_biodiversity_food_security,T2c_H,H,ring,biodiversity_food_security,continuous,scopex_2017,0,8,8,8,False,0.0,0.0,,True,0,0,0,8,False,0.0,0.0,,0.0
T2c_H_ring_biodiversity_food_security_2026-09-19_02-58-51,T2c_H_ring_biodiversity_food_security,T2c_H,H,ring,biodiversity_food_security,continuous,chemtrails_gates_2018_2021,0,8,8,8,False,1.0,1.0,,True,0,0,0,8,False,0.9999999999999998,0.9999999999999998,,-2.220446049250313e-16
T2c_H_ring_biodiversity_food_security_2026-09-19_02-58-51,T2c_H_ring_biodiversity_food_security,T2c_H,H,ring,biodiversity_food_security,continuous,sai_geoengineering,0,1,0,0,True,,,,True,0,0,0,0,True,,,,
T2c_H_ring_biodiversity_food_security_2026-09-19_02-58-51,T2c_H_ring_biodiversity_food_security,T2c_H,H,ring,biodiversity_food_security,continuous,paris_agreement,0,8,8,8,False,0.5625,0.5625,,True,0,0,0,8,False,0.5624999999999999,0.5624999999999999,,-1.1102230246251565e-16
T2c_H_ring_biodiversity_food_security_2026-09-19_02-58-51,T2c_H_ring_biodiversity_food_security,T2c_H,H,ring,biodiversity_food_security,continuous,climate_consensus,0,7,6,6,False,0.1167,0.1167,,True,0,0,0,6,False,0.11666666666666668,0.11666666666666668,,-3.3333333333315784e-05
T2c_H_ring_biodiversity_food_security_2026-09-19_02-58-51,T2c_H_ring_biodiversity_food_security,T2c_H,H,ring,biodiversity_food_security,continuous,polar_bears,0,8,8,8,False,0.0,0.0,,True,0,0,0,8,False,0.0,0.0,,0.0
T2c_H_ring_climate_action_advocate_2026-09-19_02-56-04,T2c_H_ring_climate_action_advocate,T2c_H,H,ring,climate_action_advocate,continuous,scopex_2017,0,8,8,8,False,0.3125,0.3125,,True,0,0,0,8,False,0.31249999999999994,0.31249999999999994,,-5.551115123125783e-17
T2c_H_ring_climate_action_advocate_2026-09-19_02-56-04,T2c_H_ring_climate_action_advocate,T2c_H,H,ring,climate_action_advocate,continuous,chemtrails_gates_2018_2021,0,8,8,8,False,1.0,1.0,,True,0,0,0,8,False,0.9999999999999998,0.9999999999999998,,-2.220446049250313e-16
T2c_H_ring_climate_action_advocate_2026-09-19_02-56-04,T2c_H_ring_climate_action_advocate,T2c_H,H,ring,climate_action_advocate,continuous,sai_geoengineering,0,8,8,8,False,0.0,0.0,,True,0,0,0,8,False,0.0,0.0,,0.0
T2c_H_ring_climate_action_advocate_2026-09-19_02-56-04,T2c_H_ring_climate_action_advocate,T2c_H,H,ring,climate_action_advocate,continuous,paris_agreement,0,6,5,5,False,0.0,0.0,,True,0,0,0,5,False,0.0,0.0,,0.0
T2c_H_ring_climate_action_advocate_2026-09-19_02-56-04,T2c_H_ring_climate_action_advocate,T2c_H,H,ring,climate_action_advocate,continuous,climate_consensus,0,8,8,8,False,0.375,0.375,,True,0,0,0,8,False,0.3749999999999999,0.3749999999999999,,-1.1102230246251565e-16
T2c_H_ring_climate_action_advocate_2026-09-19_02-56-04,T2c_H_ring_climate_action_advocate,T2c_H,H,ring,climate_action_advocate,continuous,polar_bears,0,5,4,4,False,0.0,0.0,,True,0,0,0,4,False,0.0,0.0,,0.0
T2c_H_ring_climate_justice_youth_2026-09-19_02-56-14,T2c_H_ring_climate_justice_youth,T2c_H,H,ring,climate_justice_youth,continuous,scopex_2017,0,1,0,0,True,,,,True,0,0,0,0,True,,,,
T2c_H_ring_climate_justice_youth_2026-09-19_02-56-14,T2c_H_ring_climate_justice_youth,T2c_H,H,ring,climate_justice_youth,continuous,chemtrails_gates_2018_2021,0,5,4,4,False,0.625,0.625,,True,0,0,0,4,False,0.6249999999999999,0.6249999999999999,,-1.1102230246251565e-16
T2c_H_ring_climate_justice_youth_2026-09-19_02-56-14,T2c_H_ring_climate_justice_youth,T2c_H,H,ring,climate_justice_youth,continuous,sai_geoengineering,0,8,8,8,False,0.0625,0.0625,,True,0,0,0,8,False,0.062499999999999986,0.062499999999999986,,-1.3877787807814457e-17
T2c_H_ring_climate_justice_youth_2026-09-19_02-56-14,T2c_H_ring_climate_justice_youth,T2c_H,H,ring,climate_justice_youth,continuous,paris_agreement,0,4,3,3,False,0.0,0.0,,True,0,0,0,3,False,0.0,0.0,,0.0
T2c_H_ring_climate_justice_youth_2026-09-19_02-56-14,T2c_H_ring_climate_justice_youth,T2c_H,H,ring,climate_justice_youth,continuous,climate_consensus,0,8,8,8,False,0.5625,0.5625,,True,0,0,0,8,False,0.5624999999999999,0.5624999999999999,,-1.1102230246251565e-16
T2c_H_ring_climate_justice_youth_2026-09-19_02-56-14,T2c_H_ring_climate_justice_youth,T2c_H,H,ring,climate_justice_youth,continuous,polar_bears,0,8,8,8,False,0.0,0.0,,True,0,0,0,8,False,0.0,0.0,,0.0
T2c_H_ring_climate_scientist_2026-09-19_02-58-51,T2c_H_ring_climate_scientist,T2c_H,H,ring,climate_scientist,continuous,scopex_2017,0,4,3,3,False,0.0,0.0,,True,0,0,0,3,False,0.0,0.0,,0.0
T2c_H_ring_climate_scientist_2026-09-19_02-58-51,T2c_H_ring_climate_scientist,T2c_H,H,ring,climate_scientist,continuous,chemtrails_gates_2018_2021,0,8,8,8,False,0.0,0.0,,True,0,0,0,8,False,0.0,0.0,,0.0
T2c_H_ring_climate_scientist_2026-09-19_02-58-51,T2c_H_ring_climate_scientist,T2c_H,H,ring,climate_scientist,continuous,sai_geoengineering,0,8,8,8,False,0.125,0.125,,True,0,0,0,8,False,0.12499999999999997,0.12499999999999997,,-2.7755575615628914e-17
T2c_H_ring_climate_scientist_2026-09-19_02-58-51,T2c_H_ring_climate_scientist,T2c_H,H,ring,climate_scientist,continuous,paris_agreement,0,8,8,8,False,0.0,0.0,,True,0,0,0,8,False,0.0,0.0,,0.0
T2c_H_ring_climate_scientist_2026-09-19_02-58-51,T2c_H_ring_climate_scientist,T2c_H,H,ring,climate_scientist,continuous,climate_consensus,0,8,8,8,False,0.0,0.0,,True,0,0,0,8,False,0.0,0.0,,0.0
T2c_H_ring_climate_scientist_2026-09-19_02-58-51,T2c_H_ring_climate_scientist,T2c_H,H,ring,climate_scientist,continuous,polar_bears,0,8,8,8,False,0.0,0.0,,True,0,0,0,8,False,0.0,0.0,,0.0
T2c_H_ring_conspiracy_believer_2026-09-19_02-54-16,T2c_H_ring_conspiracy_believer,T2c_H,H,ring,conspiracy_believer,continuous,scopex_2017,0,8,8,8,False,1.5625,1.5625,,True,0,0,0,8,False,1.5625,1.5625,,0.0
T2c_H_ring_conspiracy_believer_2026-09-19_02-54-16,T2c_H_ring_conspiracy_believer,T2c_H,H,ring,conspiracy_believer,continuous,chemtrails_gates_2018_2021,0,8,8,8,False,3.25,3.25,6.0,True,1,1,0,7,False,3.2142857142857144,3.2142857142857144,6,-0.03571428571428559
T2c_H_ring_conspiracy_believer_2026-09-19_02-54-16,T2c_H_ring_conspiracy_believer,T2c_H,H,ring,conspiracy_believer,continuous,sai_geoengineering,0,3,2,2,False,0.5,0.5,,True,0,0,0,2,False,0.4999999999999999,0.4999999999999999,,-1.1102230246251565e-16
T2c_H_ring_conspiracy_believer_2026-09-19_02-54-16,T2c_H_ring_conspiracy_believer,T2c_H,H,ring,conspiracy_believer,continuous,paris_agreement,0,8,8,8,False,4.25,4.25,8.0,True,0,0,0,8,False,4.25,4.25,8,0.0
T2c_H_ring_conspiracy_believer_2026-09-19_02-54-16,T2c_H_ring_conspiracy_believer,T2c_H,H,ring,conspiracy_believer,continuous,climate_consensus,0,6,5,5,False,5.0,5.0,1.0,True,0,0,0,5,False,5.0,5.0,1,0.0
T2c_H_ring_conspiracy_believer_2026-09-19_02-54-16,T2c_H_ring_conspiracy_believer,T2c_H,H,ring,conspiracy_believer,continuous,polar_bears,0,6,5,5,False,0.0,0.0,,True,0,0,0,5,False,0.0,0.0,,0.0
T2c_H_ring_conspiracy_climate_piggyback_2026-09-19_02-55-28,T2c_H_ring_conspiracy_climate_piggyback,T2c_H,H,ring,conspiracy_climate_piggyback,continuous,scopex_2017,0,8,8,8,False,2.125,2.125,,True,0,0,0,8,False,2.125,2.125,,0.0
T2c_H_ring_conspiracy_climate_piggyback_2026-09-19_02-55-28,T2c_H_ring_conspiracy_climate_piggyback,T2c_H,H,ring,conspiracy_climate_piggyback,continuous,chemtrails_gates_2018_2021,0,8,8,8,False,3.5625,3.5625,4.0,True,0,0,0,8,False,3.5625,3.5625,4,0.0
T2c_H_ring_conspiracy_climate_piggyback_2026-09-19_02-55-28,T2c_H_ring_conspiracy_climate_piggyback,T2c_H,H,ring,conspiracy_climate_piggyback,continuous,sai_geoengineering,0,8,8,8,False,0.1875,0.1875,,True,0,0,0,8,False,0.18749999999999994,0.18749999999999994,,-5.551115123125783e-17
T2c_H_ring_conspiracy_climate_piggyback_2026-09-19_02-55-28,T2c_H_ring_conspiracy_climate_piggyback,T2c_H,H,ring,conspiracy_climate_piggyback,continuous,paris_agreement,0,8,8,8,False,3.25,3.25,8.0,True,0,0,0,8,False,3.25,3.25,8,0.0
T2c_H_ring_conspiracy_climate_piggyback_2026-09-19_02-55-28,T2c_H_ring_conspiracy_climate_piggyback,T2c_H,H,ring,conspiracy_climate_piggyback,continuous,climate_consensus,0,8,8,8,False,5.0,5.0,1.0,True,0,0,0,8,False,5.0,5.0,1,0.0
T2c_H_ring_conspiracy_climate_piggyback_2026-09-19_02-55-28,T2c_H_ring_conspiracy_climate_piggyback,T2c_H,H,ring,conspiracy_climate_piggyback,continuous,polar_bears,0,8,8,8,False,0.0,0.0,,True,0,0,0,8,False,0.0,0.0,,0.0
T2c_H_ring_conspiracy_depopulation_2026-09-19_02-54-43,T2c_H_ring_conspiracy_depopulation,T2c_H,H,ring,conspiracy_depopulation,continuous,scopex_2017,0,8,8,8,False,1.75,1.75,,True,0,0,0,8,False,1.75,1.75,,0.0
T2c_H_ring_conspiracy_depopulation_2026-09-19_02-54-43,T2c_H_ring_conspiracy_depopulation,T2c_H,H,ring,conspiracy_depopulation,continuous,chemtrails_gates_2018_2021,0,8,8,8,False,3.025,3.025,6.0,True,0,0,0,8,False,3.025,3.025,6,0.0
T2c_H_ring_conspiracy_depopulation_2026-09-19_02-54-43,T2c_H_ring_conspiracy_depopulation,T2c_H,H,ring,conspiracy_depopulation,continuous,sai_geoengineering,0,8,8,8,False,0.25,0.25,,True,0,0,0,8,False,0.24999999999999994,0.24999999999999994,,-5.551115123125783e-17
T2c_H_ring_conspiracy_depopulation_2026-09-19_02-54-43,T2c_H_ring_conspiracy_depopulation,T2c_H,H,ring,conspiracy_depopulation,continuous,paris_agreement,0,8,8,8,False,3.5875,3.5875,6.0,True,0,0,0,8,False,3.5875,3.5875,6,0.0
T2c_H_ring_conspiracy_depopulation_2026-09-19_02-54-43,T2c_H_ring_conspiracy_depopulation,T2c_H,H,ring,conspiracy_depopulation,continuous,climate_consensus,0,1,0,0,True,,,,True,0,0,0,0,True,,,,
T2c_H_ring_conspiracy_depopulation_2026-09-19_02-54-43,T2c_H_ring_conspiracy_depopulation,T2c_H,H,ring,conspiracy_depopulation,continuous,polar_bears,0,7,6,6,False,0.0,0.0,,True,0,0,0,6,False,0.0,0.0,,0.0
T2c_H_ring_conspiracy_haarp_weather_2026-09-19_02-54-16,T2c_H_ring_conspiracy_haarp_weather,T2c_H,H,ring,conspiracy_haarp_weather,continuous,scopex_2017,0,8,8,8,False,3.4375,3.4375,,True,0,0,0,8,False,3.4375,3.4375,,0.0
T2c_H_ring_conspiracy_haarp_weather_2026-09-19_02-54-16,T2c_H_ring_conspiracy_haarp_weather,T2c_H,H,ring,conspiracy_haarp_weather,continuous,chemtrails_gates_2018_2021,0,8,8,8,False,3.375,3.375,7.0,True,0,0,0,8,False,3.375,3.375,7,0.0
T2c_H_ring_conspiracy_haarp_weather_2026-09-19_02-54-16,T2c_H_ring_conspiracy_haarp_weather,T2c_H,H,ring,conspiracy_haarp_weather,continuous,sai_geoengineering,0,8,8,8,False,2.0625,2.0625,,True,0,0,0,8,False,2.0625,2.0625,,0.0
T2c_H_ring_conspiracy_haarp_weather_2026-09-19_02-54-16,T2c_H_ring_conspiracy_haarp_weather,T2c_H,H,ring,conspiracy_haarp_weather,continuous,paris_agreement,0,1,0,0,True,,,,True,0,0,0,0,True,,,,
T2c_H_ring_conspiracy_haarp_weather_2026-09-19_02-54-16,T2c_H_ring_conspiracy_haarp_weather,T2c_H,H,ring,conspiracy_haarp_weather,continuous,climate_consensus,0,8,8,8,False,4.75,4.75,1.0,True,0,0,0,8,False,4.75,4.75,1,0.0
T2c_H_ring_conspiracy_haarp_weather_2026-09-19_02-54-16,T2c_H_ring_conspiracy_haarp_weather,T2c_H,H,ring,conspiracy_haarp_weather,continuous,polar_bears,0,8,8,8,False,0.0,0.0,,True,0,0,0,8,False,0.0,0.0,,0.0
T2c_H_ring_environmental_concern_2026-09-19_02-58-51,T2c_H_ring_environmental_concern,T2c_H,H,ring,environmental_concern,continuous,scopex_2017,0,8,8,8,False,0.0,0.0,,True,0,0,0,8,False,0.0,0.0,,0.0
T2c_H_ring_environmental_concern_2026-09-19_02-58-51,T2c_H_ring_environmental_concern,T2c_H,H,ring,environmental_concern,continuous,chemtrails_gates_2018_2021,0,8,8,8,False,1.0,1.0,,True,0,0,0,8,False,0.9999999999999998,0.9999999999999998,,-2.220446049250313e-16
T2c_H_ring_environmental_concern_2026-09-19_02-58-51,T2c_H_ring_environmental_concern,T2c_H,H,ring,environmental_concern,continuous,sai_geoengineering,0,8,8,8,False,0.1875,0.1875,,True,0,0,0,8,False,0.18749999999999994,0.18749999999999994,,-5.551115123125783e-17
T2c_H_ring_environmental_concern_2026-09-19_02-58-51,T2c_H_ring_environmental_concern,T2c_H,H,ring,environmental_concern,continuous,paris_agreement,0,3,2,2,False,0.25,0.25,,True,0,0,0,2,False,0.24999999999999994,0.24999999999999994,,-5.551115123125783e-17
T2c_H_ring_environmental_concern_2026-09-19_02-58-51,T2c_H_ring_environmental_concern,T2c_H,H,ring,environmental_concern,continuous,climate_consensus,0,8,8,8,False,0.25,0.25,,True,0,0,0,8,False,0.24999999999999994,0.24999999999999994,,-5.551115123125783e-17
T2c_H_ring_environmental_concern_2026-09-19_02-58-51,T2c_H_ring_environmental_concern,T2c_H,H,ring,environmental_concern,continuous,polar_bears,0,8,8,8,False,0.0,0.0,,True,0,0,0,8,False,0.0,0.0,,0.0
T2c_H_ring_mitigation_first_policy_2026-09-19_02-56-48,T2c_H_ring_mitigation_first_policy,T2c_H,H,ring,mitigation_first_policy,continuous,scopex_2017,0,8,8,8,False,0.0,0.0,,True,0,0,0,8,False,0.0,0.0,,0.0
T2c_H_ring_mitigation_first_policy_2026-09-19_02-56-48,T2c_H_ring_mitigation_first_policy,T2c_H,H,ring,mitigation_first_policy,continuous,chemtrails_gates_2018_2021,0,8,8,8,False,0.5,0.5,,True,0,0,0,8,False,0.4999999999999999,0.4999999999999999,,-1.1102230246251565e-16
T2c_H_ring_mitigation_first_policy_2026-09-19_02-56-48,T2c_H_ring_mitigation_first_policy,T2c_H,H,ring,mitigation_first_policy,continuous,sai_geoengineering,0,1,0,0,True,,,,True,0,0,0,0,True,,,,
T2c_H_ring_mitigation_first_policy_2026-09-19_02-56-48,T2c_H_ring_mitigation_first_policy,T2c_H,H,ring,mitigation_first_policy,continuous,paris_agreement,0,8,8,8,False,0.0,0.0,,True,0,0,0,8,False,0.0,0.0,,0.0
T2c_H_ring_mitigation_first_policy_2026-09-19_02-56-48,T2c_H_ring_mitigation_first_policy,T2c_H,H,ring,mitigation_first_policy,continuous,climate_consensus,0,3,2,2,False,0.0,0.0,,True,0,0,0,2,False,0.0,0.0,,0.0
T2c_H_ring_mitigation_first_policy_2026-09-19_02-56-48,T2c_H_ring_mitigation_first_policy,T2c_H,H,ring,mitigation_first_policy,continuous,polar_bears,0,8,8,8,False,0.0,0.0,,True,0,0,0,8,False,0.0,0.0,,0.0
T2c_H_ring_ozone_stratosphere_specialist_2026-09-19_02-58-51,T2c_H_ring_ozone_stratosphere_specialist,T2c_H,H,ring,ozone_stratosphere_specialist,continuous,scopex_2017,0,8,7,7,False,0.0,0.0,,True,0,0,0,7,False,0.0,0.0,,0.0
T2c_H_ring_ozone_stratosphere_specialist_2026-09-19_02-58-51,T2c_H_ring_ozone_stratosphere_specialist,T2c_H,H,ring,ozone_stratosphere_specialist,continuous,chemtrails_gates_2018_2021,0,8,8,8,False,1.0625,1.0625,,True,0,0,0,8,False,1.0625,1.0625,,0.0
T2c_H_ring_ozone_stratosphere_specialist_2026-09-19_02-58-51,T2c_H_ring_ozone_stratosphere_specialist,T2c_H,H,ring,ozone_stratosphere_specialist,continuous,sai_geoengineering,0,8,8,8,False,0.0,0.0,,True,0,0,0,8,False,0.0,0.0,,0.0
T2c_H_ring_ozone_stratosphere_specialist_2026-09-19_02-58-51,T2c_H_ring_ozone_stratosphere_specialist,T2c_H,H,ring,ozone_stratosphere_specialist,continuous,paris_agreement,0,8,8,8,False,0.0,0.0,,True,0,0,0,8,False,0.0,0.0,,0.0
T2c_H_ring_ozone_stratosphere_specialist_2026-09-19_02-58-51,T2c_H_ring_ozone_stratosphere_specialist,T2c_H,H,ring,ozone_stratosphere_specialist,continuous,climate_consensus,0,8,8,8,False,0.0625,0.0625,,True,0,0,0,8,False,0.062499999999999986,0.062499999999999986,,-1.3877787807814457e-17
T2c_H_ring_ozone_stratosphere_specialist_2026-09-19_02-58-51,T2c_H_ring_ozone_stratosphere_specialist,T2c_H,H,ring,ozone_stratosphere_specialist,continuous,polar_bears,0,2,1,1,True,0.0,0.0,,True,0,0,0,1,True,0.0,0.0,,0.0
T2c_H_ring_science_journalist_2026-09-19_03-00-29,T2c_H_ring_science_journalist,T2c_H,H,ring,science_journalist,continuous,scopex_2017,0,8,8,8,False,0.0,0.0,,True,0,0,0,8,False,0.0,0.0,,0.0
T2c_H_ring_science_journalist_2026-09-19_03-00-29,T2c_H_ring_science_journalist,T2c_H,H,ring,science_journalist,continuous,chemtrails_gates_2018_2021,0,4,3,3,False,0.5,0.5,,True,0,0,0,3,False,0.49999999999999983,0.49999999999999983,,-1.6653345369377348e-16
T2c_H_ring_science_journalist_2026-09-19_03-00-29,T2c_H_ring_science_journalist,T2c_H,H,ring,science_journalist,continuous,sai_geoengineering,0,8,8,8,False,0.0625,0.0625,,True,0,0,0,8,False,0.062499999999999986,0.062499999999999986,,-1.3877787807814457e-17
T2c_H_ring_science_journalist_2026-09-19_03-00-29,T2c_H_ring_science_journalist,T2c_H,H,ring,science_journalist,continuous,paris_agreement,0,1,0,0,True,,,,True,0,0,0,0,True,,,,
T2c_H_ring_science_journalist_2026-09-19_03-00-29,T2c_H_ring_science_journalist,T2c_H,H,ring,science_journalist,continuous,climate_consensus,0,8,8,8,False,0.0,0.0,,True,0,0,0,8,False,0.0,0.0,,0.0
T2c_H_ring_science_journalist_2026-09-19_03-00-29,T2c_H_ring_science_journalist,T2c_H,H,ring,science_journalist,continuous,polar_bears,0,8,8,8,False,0.0,0.0,,True,0,0,0,8,False,0.0,0.0,,0.0
T2c_H_scale_free_biodiversity_food_security_2026-09-19_04-32-40,T2c_H_scale_free_biodiversity_food_security,T2c_H,H,scale_free,biodiversity_food_security,continuous,scopex_2017,45,181,155,155,False,0.0677,0.0665,,True,45,45,0,110,False,0.07727272727272726,0.0751488095238095,,0.00957272727272726
T2c_H_scale_free_biodiversity_food_security_2026-09-19_04-32-40,T2c_H_scale_free_biodiversity_food_security,T2c_H,H,scale_free,biodiversity_food_security,continuous,chemtrails_gates_2018_2021,45,175,156,156,False,0.9968,0.9982,,True,0,0,0,156,False,0.9967948717948716,0.9981646825396824,,-5.128205128435148e-06
T2c_H_scale_free_biodiversity_food_security_2026-09-19_04-32-40,T2c_H_scale_free_biodiversity_food_security,T2c_H,H,scale_free,biodiversity_food_security,continuous,sai_geoengineering,45,1,0,0,True,,,,True,0,0,0,0,True,,,,
T2c_H_scale_free_biodiversity_food_security_2026-09-19_04-32-40,T2c_H_scale_free_biodiversity_food_security,T2c_H,H,scale_free,biodiversity_food_security,continuous,paris_agreement,45,173,145,145,False,0.0497,0.0537,,True,0,0,0,145,False,0.049655172413793094,0.05366228070175437,,-4.482758620690669e-05
T2c_H_scale_free_biodiversity_food_security_2026-09-19_04-32-40,T2c_H_scale_free_biodiversity_food_security,T2c_H,H,scale_free,biodiversity_food_security,continuous,climate_consensus,45,180,155,155,False,0.2142,0.2163,,True,0,0,0,155,False,0.21419354838709675,0.21630451672295709,,-6.451612903246584e-06
T2c_H_scale_free_biodiversity_food_security_2026-09-19_04-32-40,T2c_H_scale_free_biodiversity_food_security,T2c_H,H,scale_free,biodiversity_food_security,continuous,polar_bears,45,180,162,162,False,0.0,0.0,,True,0,0,0,162,False,0.0,0.0,,0.0
T2c_H_scale_free_climate_action_advocate_2026-09-19_03-57-46,T2c_H_scale_free_climate_action_advocate,T2c_H,H,scale_free,climate_action_advocate,continuous,scopex_2017,30,180,147,147,False,0.1293,0.1302,,True,30,30,0,117,False,0.14957264957264954,0.15138191030460763,,0.020272649572649543
T2c_H_scale_free_climate_action_advocate_2026-09-19_03-57-46,T2c_H_scale_free_climate_action_advocate,T2c_H,H,scale_free,climate_action_advocate,continuous,chemtrails_gates_2018_2021,30,177,154,154,False,0.8312,0.8358,,True,0,0,0,154,False,0.831168831168831,0.8358488132094941,,-3.116883116904834e-05
T2c_H_scale_free_climate_action_advocate_2026-09-19_03-57-46,T2c_H_scale_free_climate_action_advocate,T2c_H,H,scale_free,climate_action_advocate,continuous,sai_geoengineering,30,181,150,150,False,0.3533,0.3565,,True,0,0,0,150,False,0.3533333333333333,0.35654107137272767,,3.333333333327415e-05
T2c_H_scale_free_climate_action_advocate_2026-09-19_03-57-46,T2c_H_scale_free_climate_action_advocate,T2c_H,H,scale_free,climate_action_advocate,continuous,paris_agreement,30,180,148,148,False,0.0439,0.0433,,True,0,0,0,148,False,0.04391891891891891,0.043334131898373374,,1.8918918918905958e-05
T2c_H_scale_free_climate_action_advocate_2026-09-19_03-57-46,T2c_H_scale_free_climate_action_advocate,T2c_H,H,scale_free,climate_action_advocate,continuous,climate_consensus,30,179,159,159,False,0.261,0.2616,,True,0,0,0,159,False,0.26100628930817604,0.2615592441296607,,6.289308176032904e-06
T2c_H_scale_free_climate_action_advocate_2026-09-19_03-57-46,T2c_H_scale_free_climate_action_advocate,T2c_H,H,scale_free,climate_action_advocate,continuous,polar_bears,30,1,0,0,True,,,,True,0,0,0,0,True,,,,
T2c_H_scale_free_climate_justice_youth_2026-09-19_04-01-22,T2c_H_scale_free_climate_justice_youth,T2c_H,H,scale_free,climate_justice_youth,continuous,scopex_2017,0,178,149,149,False,0.2919,0.2902,,True,0,0,0,149,False,0.29194630872483224,0.29023878490790256,,4.6308724832244685e-05
T2c_H_scale_free_climate_justice_youth_2026-09-19_04-01-22,T2c_H_scale_free_climate_justice_youth,T2c_H,H,scale_free,climate_justice_youth,continuous,chemtrails_gates_2018_2021,0,175,146,146,False,0.9452,0.9452,,True,0,0,0,146,False,0.9452054794520546,0.9452239283871442,,5.479452054535372e-06
T2c_H_scale_free_climate_justice_youth_2026-09-19_04-01-22,T2c_H_scale_free_climate_justice_youth,T2c_H,H,scale_free,climate_justice_youth,continuous,sai_geoengineering,0,1,0,0,True,,,,True,0,0,0,0,True,,,,
T2c_H_scale_free_climate_justice_youth_2026-09-19_04-01-22,T2c_H_scale_free_climate_justice_youth,T2c_H,H,scale_free,climate_justice_youth,continuous,paris_agreement,0,1,0,0,True,,,,True,0,0,0,0,True,,,,
T2c_H_scale_free_climate_justice_youth_2026-09-19_04-01-22,T2c_H_scale_free_climate_justice_youth,T2c_H,H,scale_free,climate_justice_youth,continuous,climate_consensus,0,179,149,149,False,0.1007,0.0999,,True,0,0,0,149,False,0.1006711409395973,0.09986065276312953,,-2.8859060402702807e-05
T2c_H_scale_free_climate_justice_youth_2026-09-19_04-01-22,T2c_H_scale_free_climate_justice_youth,T2c_H,H,scale_free,climate_justice_youth,continuous,polar_bears,0,179,143,143,False,0.0035,0.0033,,True,0,0,0,143,False,0.0034965034965034956,0.0032894736842105257,,-3.4965034965044398e-06
T2c_H_scale_free_climate_scientist_2026-09-19_04-40-48,T2c_H_scale_free_climate_scientist,T2c_H,H,scale_free,climate_scientist,continuous,scopex_2017,0,179,153,153,False,0.0,0.0,,True,0,0,0,153,False,0.0,0.0,,0.0
T2c_H_scale_free_climate_scientist_2026-09-19_04-40-48,T2c_H_scale_free_climate_scientist,T2c_H,H,scale_free,climate_scientist,continuous,chemtrails_gates_2018_2021,0,180,156,156,False,0.1026,0.102,,True,0,0,0,156,False,0.10256410256410255,0.10198796623912722,,-3.589743589745009e-05
T2c_H_scale_free_climate_scientist_2026-09-19_04-40-48,T2c_H_scale_free_climate_scientist,T2c_H,H,scale_free,climate_scientist,continuous,sai_geoengineering,0,179,156,156,False,0.0064,0.0062,,True,0,0,0,156,False,0.006410256410256409,0.006249999999999999,,1.025641025640886e-05
T2c_H_scale_free_climate_scientist_2026-09-19_04-40-48,T2c_H_scale_free_climate_scientist,T2c_H,H,scale_free,climate_scientist,continuous,paris_agreement,0,183,157,157,False,0.0255,0.0257,,True,0,0,0,157,False,0.02547770700636942,0.025725772765246444,,-2.2292993630577268e-05
T2c_H_scale_free_climate_scientist_2026-09-19_04-40-48,T2c_H_scale_free_climate_scientist,T2c_H,H,scale_free,climate_scientist,continuous,climate_consensus,0,176,147,147,False,0.0,0.0,,True,0,0,0,147,False,0.0,0.0,,0.0
T2c_H_scale_free_climate_scientist_2026-09-19_04-40-48,T2c_H_scale_free_climate_scientist,T2c_H,H,scale_free,climate_scientist,continuous,polar_bears,0,179,150,150,False,0.0,0.0,,True,0,0,0,150,False,0.0,0.0,,0.0
T2c_H_scale_free_conspiracy_believer_2026-09-19_03-35-38,T2c_H_scale_free_conspiracy_believer,T2c_H,H,scale_free,conspiracy_believer,continuous,scopex_2017,187,163,138,138,False,1.9246,1.9344,,True,1,1,0,137,False,1.9167883211678833,1.9261773459383753,,-0.007811678832116753
T2c_H_scale_free_conspiracy_believer_2026-09-19_03-35-38,T2c_H_scale_free_conspiracy_believer,T2c_H,H,scale_free,conspiracy_believer,continuous,chemtrails_gates_2018_2021,187,165,132,132,False,3.1606,3.1681,7.0,True,10,10,0,122,False,3.1368852459016394,3.150623872655123,7,-0.023714754098360658
T2c_H_scale_free_conspiracy_believer_2026-09-19_03-35-38,T2c_H_scale_free_conspiracy_believer,T2c_H,H,scale_free,conspiracy_believer,continuous,sai_geoengineering,187,167,140,51,False,0.1588,0.0996,,True,2,0,89,51,False,0.1588235294117647,0.0996031746031746,,2.3529411764700026e-05
T2c_H_scale_free_conspiracy_believer_2026-09-19_03-35-38,T2c_H_scale_free_conspiracy_believer,T2c_H,H,scale_free,conspiracy_believer,continuous,paris_agreement,187,145,122,24,False,3.5917,3.7667,5.0,True,1,0,98,24,False,3.591666666666667,3.7666666666666666,5,-3.333333333310762e-05
T2c_H_scale_free_conspiracy_believer_2026-09-19_03-35-38,T2c_H_scale_free_conspiracy_believer,T2c_H,H,scale_free,conspiracy_believer,continuous,climate_consensus,187,152,118,118,False,4.9958,4.9952,1.0,True,3,3,0,115,False,4.995652173913044,4.994791666666667,1,-0.00014782608695629307
T2c_H_scale_free_conspiracy_believer_2026-09-19_03-35-38,T2c_H_scale_free_conspiracy_believer,T2c_H,H,scale_free,conspiracy_believer,continuous,polar_bears,187,168,145,145,False,0.131,0.1313,,True,0,0,0,145,False,0.1310344827586207,0.13133169934640523,,3.4482758620696385e-05
T2c_H_scale_free_conspiracy_climate_piggyback_2026-09-19_03-57-14,T2c_H_scale_free_conspiracy_climate_piggyback,T2c_H,H,scale_free,conspiracy_climate_piggyback,continuous,scopex_2017,63,1,0,0,True,,,,True,0,0,0,0,True,,,,
T2c_H_scale_free_conspiracy_climate_piggyback_2026-09-19_03-57-14,T2c_H_scale_free_conspiracy_climate_piggyback,T2c_H,H,scale_free,conspiracy_climate_piggyback,continuous,chemtrails_gates_2018_2021,63,182,159,159,False,2.6082,2.6112,8.0,True,63,63,0,96,False,2.7427083333333333,2.7225381562881563,8,0.13450833333333323
T2c_H_scale_free_conspiracy_climate_piggyback_2026-09-19_03-57-14,T2c_H_scale_free_conspiracy_climate_piggyback,T2c_H,H,scale_free,conspiracy_climate_piggyback,continuous,sai_geoengineering,63,178,154,154,False,0.6747,0.6738,,True,4,4,0,150,False,0.6793333333333333,0.676390355484299,,0.004633333333333378
T2c_H_scale_free_conspiracy_climate_piggyback_2026-09-19_03-57-14,T2c_H_scale_free_conspiracy_climate_piggyback,T2c_H,H,scale_free,conspiracy_climate_piggyback,continuous,paris_agreement,63,183,156,156,False,1.7647,1.7606,,True,0,0,0,156,False,1.76474358974359,1.7605774853801168,,4.3589743589977914e-05
T2c_H_scale_free_conspiracy_climate_piggyback_2026-09-19_03-57-14,T2c_H_scale_free_conspiracy_climate_piggyback,T2c_H,H,scale_free,conspiracy_climate_piggyback,continuous,climate_consensus,63,181,156,156,False,4.9679,4.9681,1.0,True,1,1,0,155,False,4.967741935483871,4.968066679379609,1,-0.00015806451612920824
T2c_H_scale_free_conspiracy_climate_piggyback_2026-09-19_03-57-14,T2c_H_scale_free_conspiracy_climate_piggyback,T2c_H,H,scale_free,conspiracy_climate_piggyback,continuous,polar_bears,63,182,152,152,False,0.0,0.0,,True,0,0,0,152,False,0.0,0.0,,0.0
T2c_H_scale_free_conspiracy_depopulation_2026-09-19_03-35-38,T2c_H_scale_free_conspiracy_depopulation,T2c_H,H,scale_free,conspiracy_depopulation,continuous,scopex_2017,65,174,150,150,False,2.222,2.2232,,True,0,0,0,150,False,2.222,2.223233036635707,,0.0
T2c_H_scale_free_conspiracy_depopulation_2026-09-19_03-35-38,T2c_H_scale_free_conspiracy_depopulation,T2c_H,H,scale_free,conspiracy_depopulation,continuous,chemtrails_gates_2018_2021,65,170,149,149,False,2.957,2.9503,6.0,True,0,0,0,149,False,2.957046979865772,2.95030936716792,6,4.697986577228974e-05
T2c_H_scale_free_conspiracy_depopulation_2026-09-19_03-35-38,T2c_H_scale_free_conspiracy_depopulation,T2c_H,H,scale_free,conspiracy_depopulation,continuous,sai_geoengineering,65,170,144,144,False,0.0174,0.0174,,True,0,0,0,144,False,0.01736111111111111,0.017429641812865493,,-3.888888888889039e-05
T2c_H_scale_free_conspiracy_depopulation_2026-09-19_03-35-38,T2c_H_scale_free_conspiracy_depopulation,T2c_H,H,scale_free,conspiracy_depopulation,continuous,paris_agreement,65,172,145,145,False,3.7434,3.7513,1.0,True,0,0,0,145,False,3.7434482758620686,3.751314499484004,1,4.827586206879175e-05
T2c_H_scale_free_conspiracy_depopulation_2026-09-19_03-35-38,T2c_H_scale_free_conspiracy_depopulation,T2c_H,H,scale_free,conspiracy_depopulation,continuous,climate_consensus,65,1,0,0,True,,,,True,0,0,0,0,True,,,,
T2c_H_scale_free_conspiracy_depopulation_2026-09-19_03-35-38,T2c_H_scale_free_conspiracy_depopulation,T2c_H,H,scale_free,conspiracy_depopulation,continuous,polar_bears,65,172,149,84,False,0.1905,0.1252,,True,0,0,65,84,False,0.19047619047619044,0.12524509803921566,,-2.3809523809564803e-05
T2c_H_scale_free_conspiracy_haarp_weather_2026-09-19_03-35-38,T2c_H_scale_free_conspiracy_haarp_weather,T2c_H,H,scale_free,conspiracy_haarp_weather,continuous,scopex_2017,0,170,150,150,False,2.0953,2.101,,True,0,0,0,150,False,2.0953333333333335,2.1010069444444444,,3.333333333355171e-05
T2c_H_scale_free_conspiracy_haarp_weather_2026-09-19_03-35-38,T2c_H_scale_free_conspiracy_haarp_weather,T2c_H,H,scale_free,conspiracy_haarp_weather,continuous,chemtrails_gates_2018_2021,0,175,150,150,False,3.18,3.181,6.0,True,0,0,0,150,False,3.18,3.1810014619883042,6,0.0
T2c_H_scale_free_conspiracy_haarp_weather_2026-09-19_03-35-38,T2c_H_scale_free_conspiracy_haarp_weather,T2c_H,H,scale_free,conspiracy_haarp_weather,continuous,sai_geoengineering,0,175,150,150,False,0.368,0.3663,,True,0,0,0,150,False,0.36799999999999994,0.36631115165364386,,-5.551115123125783e-17
T2c_H_scale_free_conspiracy_haarp_weather_2026-09-19_03-35-38,T2c_H_scale_free_conspiracy_haarp_weather,T2c_H,H,scale_free,conspiracy_haarp_weather,continuous,paris_agreement,0,175,150,150,False,3.774,3.7869,2.0,True,0,0,0,150,False,3.774,3.786892944677871,2,0.0
T2c_H_scale_free_conspiracy_haarp_weather_2026-09-19_03-35-38,T2c_H_scale_free_conspiracy_haarp_weather,T2c_H,H,scale_free,conspiracy_haarp_weather,continuous,climate_consensus,0,157,121,121,False,4.7438,4.7647,3.0,True,1,1,0,120,False,4.741666666666666,4.76467927631579,3,-0.0021333333333339866
T2c_H_scale_free_conspiracy_haarp_weather_2026-09-19_03-35-38,T2c_H_scale_free_conspiracy_haarp_weather,T2c_H,H,scale_free,conspiracy_haarp_weather,continuous,polar_bears,0,1,0,0,True,,,,True,0,0,0,0,True,,,,
T2c_H_scale_free_environmental_concern_2026-09-19_04-21-27,T2c_H_scale_free_environmental_concern,T2c_H,H,scale_free,environmental_concern,continuous,scopex_2017,954,176,153,5,False,0.0,0.0,,True,0,0,148,5,False,0.0,0.0,,0.0
T2c_H_scale_free_environmental_concern_2026-09-19_04-21-27,T2c_H_scale_free_environmental_concern,T2c_H,H,scale_free,environmental_concern,continuous,chemtrails_gates_2018_2021,954,1,0,0,True,,,,True,0,0,0,0,True,,,,
T2c_H_scale_free_environmental_concern_2026-09-19_04-21-27,T2c_H_scale_free_environmental_concern,T2c_H,H,scale_free,environmental_concern,continuous,sai_geoengineering,954,174,150,4,False,0.0,0.0,,True,0,0,146,4,False,0.0,0.0,,0.0
T2c_H_scale_free_environmental_concern_2026-09-19_04-21-27,T2c_H_scale_free_environmental_concern,T2c_H,H,scale_free,environmental_concern,continuous,paris_agreement,954,176,160,11,False,1.3182,1.3333,,True,67,5,149,6,False,1.0833333333333333,1.15,,-0.23486666666666678
T2c_H_scale_free_environmental_concern_2026-09-19_04-21-27,T2c_H_scale_free_environmental_concern,T2c_H,H,scale_free,environmental_concern,continuous,climate_consensus,954,176,149,9,False,0.0,0.0,,True,84,6,140,3,False,0.0,0.0,,0.0
T2c_H_scale_free_environmental_concern_2026-09-19_04-21-27,T2c_H_scale_free_environmental_concern,T2c_H,H,scale_free,environmental_concern,continuous,polar_bears,954,176,145,6,False,0.0,0.0,,True,81,3,139,3,False,0.0,0.0,,0.0
T2c_H_scale_free_mitigation_first_policy_2026-09-19_04-32-32,T2c_H_scale_free_mitigation_first_policy,T2c_H,H,scale_free,mitigation_first_policy,continuous,scopex_2017,44,1,0,0,True,,,,True,0,0,0,0,True,,,,
T2c_H_scale_free_mitigation_first_policy_2026-09-19_04-32-32,T2c_H_scale_free_mitigation_first_policy,T2c_H,H,scale_free,mitigation_first_policy,continuous,chemtrails_gates_2018_2021,44,162,129,129,False,0.0233,0.0234,,True,44,44,0,85,False,0.035294117647058816,0.03648382867132866,,0.011994117647058815
T2c_H_scale_free_mitigation_first_policy_2026-09-19_04-32-32,T2c_H_scale_free_mitigation_first_policy,T2c_H,H,scale_free,mitigation_first_policy,continuous,sai_geoengineering,44,165,149,149,False,0.0134,0.0119,,True,0,0,0,149,False,0.013422818791946308,0.011904761904761904,,2.281879194630798e-05
T2c_H_scale_free_mitigation_first_policy_2026-09-19_04-32-32,T2c_H_scale_free_mitigation_first_policy,T2c_H,H,scale_free,mitigation_first_policy,continuous,paris_agreement,44,150,128,128,False,0.0469,0.0453,,True,0,0,0,128,False,0.046875,0.04526143790849673,,-2.4999999999997247e-05
T2c_H_scale_free_mitigation_first_policy_2026-09-19_04-32-32,T2c_H_scale_free_mitigation_first_policy,T2c_H,H,scale_free,mitigation_first_policy,continuous,climate_consensus,44,3,1,1,True,0.0,0.0,,True,0,0,0,1,True,0.0,0.0,,0.0
T2c_H_scale_free_mitigation_first_policy_2026-09-19_04-32-32,T2c_H_scale_free_mitigation_first_policy,T2c_H,H,scale_free,mitigation_first_policy,continuous,polar_bears,44,146,123,123,False,0.0447,0.0441,,True,0,0,0,123,False,0.04471544715447154,0.04413953081232492,,1.544715447154149e-05
T2c_H_scale_free_ozone_stratosphere_specialist_2026-09-19_04-21-34,T2c_H_scale_free_ozone_stratosphere_specialist,T2c_H,H,scale_free,ozone_stratosphere_specialist,continuous,scopex_2017,868,181,152,5,False,0.2,0.125,,True,0,0,147,5,False,0.19999999999999996,0.12499999999999997,,-5.551115123125783e-17
T2c_H_scale_free_ozone_stratosphere_specialist_2026-09-19_04-21-34,T2c_H_scale_free_ozone_stratosphere_specialist,T2c_H,H,scale_free,ozone_stratosphere_specialist,continuous,chemtrails_gates_2018_2021,868,176,149,6,False,1.3333,1.3125,,True,0,0,143,6,False,1.3333333333333333,1.3125,,3.333333333332966e-05
T2c_H_scale_free_ozone_stratosphere_specialist_2026-09-19_04-21-34,T2c_H_scale_free_ozone_stratosphere_specialist,T2c_H,H,scale_free,ozone_stratosphere_specialist,continuous,sai_geoengineering,868,1,0,0,True,,,,True,0,0,0,0,True,,,,
T2c_H_scale_free_ozone_stratosphere_specialist_2026-09-19_04-21-34,T2c_H_scale_free_ozone_stratosphere_specialist,T2c_H,H,scale_free,ozone_stratosphere_specialist,continuous,paris_agreement,868,171,143,10,False,0.3,0.3333,,True,17,0,133,10,False,0.29999999999999993,0.3333333333333333,,-5.551115123125783e-17
T2c_H_scale_free_ozone_stratosphere_specialist_2026-09-19_04-21-34,T2c_H_scale_free_ozone_stratosphere_specialist,T2c_H,H,scale_free,ozone_stratosphere_specialist,continuous,climate_consensus,868,173,145,9,False,0.0,0.0,,True,82,7,136,2,False,0.0,0.0,,0.0
T2c_H_scale_free_ozone_stratosphere_specialist_2026-09-19_04-21-34,T2c_H_scale_free_ozone_stratosphere_specialist,T2c_H,H,scale_free,ozone_stratosphere_specialist,continuous,polar_bears,868,173,148,5,False,0.0,0.0,,True,67,3,143,2,False,0.0,0.0,,0.0
T2c_H_scale_free_science_journalist_2026-09-19_04-43-56,T2c_H_scale_free_science_journalist,T2c_H,H,scale_free,science_journalist,continuous,scopex_2017,0,175,154,154,False,0.0032,0.0035,,True,0,0,0,154,False,0.003246753246753246,0.0034722222222222216,,4.6753246753245947e-05
T2c_H_scale_free_science_journalist_2026-09-19_04-43-56,T2c_H_scale_free_science_journalist,T2c_H,H,scale_free,science_journalist,continuous,chemtrails_gates_2018_2021,0,177,141,141,False,0.1773,0.1773,,True,0,0,0,141,False,0.17730496453900704,0.17730263157894732,,4.964539007029645e-06
T2c_H_scale_free_science_journalist_2026-09-19_04-43-56,T2c_H_scale_free_science_journalist,T2c_H,H,scale_free,science_journalist,continuous,sai_geoengineering,0,1,0,0,True,,,,True,0,0,0,0,True,,,,
T2c_H_scale_free_science_journalist_2026-09-19_04-43-56,T2c_H_scale_free_science_journalist,T2c_H,H,scale_free,science_journalist,continuous,paris_agreement,0,163,142,142,False,0.0782,0.0766,,True,0,0,0,142,False,0.07816901408450704,0.07661881419234359,,-3.098591549297036e-05
T2c_H_scale_free_science_journalist_2026-09-19_04-43-56,T2c_H_scale_free_science_journalist,T2c_H,H,scale_free,science_journalist,continuous,climate_consensus,0,158,136,136,False,0.0,0.0,,True,0,0,0,136,False,0.0,0.0,,0.0
T2c_H_scale_free_science_journalist_2026-09-19_04-43-56,T2c_H_scale_free_science_journalist,T2c_H,H,scale_free,science_journalist,continuous,polar_bears,0,165,128,128,False,0.0,0.0,,True,0,0,0,128,False,0.0,0.0,,0.0
T2c_H_small_world_biodiversity_food_security_2026-09-19_04-30-46,T2c_H_small_world_biodiversity_food_security,T2c_H,H,small_world,biodiversity_food_security,continuous,scopex_2017,704,181,159,14,False,0.0,0.0,,True,83,8,145,6,False,0.0,0.0,,0.0
T2c_H_small_world_biodiversity_food_security_2026-09-19_04-30-46,T2c_H_small_world_biodiversity_food_security,T2c_H,H,small_world,biodiversity_food_security,continuous,chemtrails_gates_2018_2021,704,1,0,0,True,,,,True,0,0,0,0,True,,,,
T2c_H_small_world_biodiversity_food_security_2026-09-19_04-30-46,T2c_H_small_world_biodiversity_food_security,T2c_H,H,small_world,biodiversity_food_security,continuous,sai_geoengineering,704,180,152,8,False,0.1875,0.2143,,True,95,4,144,4,False,0.37500000000000006,0.37500000000000006,,0.18750000000000006
T2c_H_small_world_biodiversity_food_security_2026-09-19_04-30-46,T2c_H_small_world_biodiversity_food_security,T2c_H,H,small_world,biodiversity_food_security,continuous,paris_agreement,704,181,157,8,False,0.0,0.0,,True,88,4,149,4,False,0.0,0.0,,0.0
T2c_H_small_world_biodiversity_food_security_2026-09-19_04-30-46,T2c_H_small_world_biodiversity_food_security,T2c_H,H,small_world,biodiversity_food_security,continuous,climate_consensus,704,1,0,0,True,,,,True,0,0,0,0,True,,,,
T2c_H_small_world_biodiversity_food_security_2026-09-19_04-30-46,T2c_H_small_world_biodiversity_food_security,T2c_H,H,small_world,biodiversity_food_security,continuous,polar_bears,704,1,0,0,True,,,,True,0,0,0,0,True,,,,
T2c_H_small_world_climate_action_advocate_2026-09-19_03-51-13,T2c_H_small_world_climate_action_advocate,T2c_H,H,small_world,climate_action_advocate,continuous,scopex_2017,57,180,156,156,False,0.1026,0.1022,,True,0,0,0,156,False,0.10256410256410255,0.10220764142977763,,-3.589743589745009e-05
T2c_H_small_world_climate_action_advocate_2026-09-19_03-51-13,T2c_H_small_world_climate_action_advocate,T2c_H,H,small_world,climate_action_advocate,continuous,chemtrails_gates_2018_2021,57,177,143,143,False,0.9266,0.9275,,True,0,0,0,143,False,0.9265734265734263,0.9275428921568626,,-2.657342657363948e-05
T2c_H_small_world_climate_action_advocate_2026-09-19_03-51-13,T2c_H_small_world_climate_action_advocate,T2c_H,H,small_world,climate_action_advocate,continuous,sai_geoengineering,57,180,150,150,False,0.0073,0.0074,,True,37,37,0,113,False,0.004424778761061946,0.006249999999999999,,-0.002875221238938054
T2c_H_small_world_climate_action_advocate_2026-09-19_03-51-13,T2c_H_small_world_climate_action_advocate,T2c_H,H,small_world,climate_action_advocate,continuous,paris_agreement,57,1,0,0,True,,,,True,0,0,0,0,True,,,,
T2c_H_small_world_climate_action_advocate_2026-09-19_03-51-13,T2c_H_small_world_climate_action_advocate,T2c_H,H,small_world,climate_action_advocate,continuous,climate_consensus,57,1,0,0,True,,,,True,0,0,0,0,True,,,,
T2c_H_small_world_climate_action_advocate_2026-09-19_03-51-13,T2c_H_small_world_climate_action_advocate,T2c_H,H,small_world,climate_action_advocate,continuous,polar_bears,57,159,138,138,False,0.0,0.0,,True,20,20,0,118,False,0.0,0.0,,0.0
T2c_H_small_world_climate_justice_youth_2026-09-19_04-07-19,T2c_H_small_world_climate_justice_youth,T2c_H,H,small_world,climate_justice_youth,continuous,scopex_2017,481,167,139,139,False,0.8129,0.8114,,True,0,0,0,139,False,0.8129496402877698,0.8114086149810802,,4.964028776988094e-05
T2c_H_small_world_climate_justice_youth_2026-09-19_04-07-19,T2c_H_small_world_climate_justice_youth,T2c_H,H,small_world,climate_justice_youth,continuous,chemtrails_gates_2018_2021,481,174,147,147,False,1.0068,1.0078,,True,0,0,0,147,False,1.0068027210884352,1.0078124999999998,,2.721088435242436e-06
T2c_H_small_world_climate_justice_youth_2026-09-19_04-07-19,T2c_H_small_world_climate_justice_youth,T2c_H,H,small_world,climate_justice_youth,continuous,sai_geoengineering,481,169,147,90,False,0.0,0.0,,True,0,0,57,90,False,0.0,0.0,,0.0
T2c_H_small_world_climate_justice_youth_2026-09-19_04-07-19,T2c_H_small_world_climate_justice_youth,T2c_H,H,small_world,climate_justice_youth,continuous,paris_agreement,481,181,151,16,False,0.0,0.0,,True,0,0,135,16,False,0.0,0.0,,0.0
T2c_H_small_world_climate_justice_youth_2026-09-19_04-07-19,T2c_H_small_world_climate_justice_youth,T2c_H,H,small_world,climate_justice_youth,continuous,climate_consensus,481,175,147,5,False,0.0,0.0,,True,0,0,142,5,False,0.0,0.0,,0.0
T2c_H_small_world_climate_justice_youth_2026-09-19_04-07-19,T2c_H_small_world_climate_justice_youth,T2c_H,H,small_world,climate_justice_youth,continuous,polar_bears,481,181,156,9,False,0.0556,0.0417,,True,0,0,147,9,False,0.055555555555555546,0.04166666666666666,,-4.4444444444451114e-05
T2c_H_small_world_climate_scientist_2026-09-19_04-30-51,T2c_H_small_world_climate_scientist,T2c_H,H,small_world,climate_scientist,continuous,scopex_2017,611,146,117,7,False,0.0,0.0,,True,64,5,110,2,False,0.0,0.0,,0.0
T2c_H_small_world_climate_scientist_2026-09-19_04-30-51,T2c_H_small_world_climate_scientist,T2c_H,H,small_world,climate_scientist,continuous,chemtrails_gates_2018_2021,611,170,149,104,False,0.0,0.0,,True,93,60,45,44,False,0.0,0.0,,0.0
T2c_H_small_world_climate_scientist_2026-09-19_04-30-51,T2c_H_small_world_climate_scientist,T2c_H,H,small_world,climate_scientist,continuous,sai_geoengineering,611,171,141,141,False,0.0014,0.0013,,True,82,82,0,59,False,0.003389830508474579,0.0025000000000000022,,0.001989830508474579
T2c_H_small_world_climate_scientist_2026-09-19_04-30-51,T2c_H_small_world_climate_scientist,T2c_H,H,small_world,climate_scientist,continuous,paris_agreement,611,157,135,135,False,0.0222,0.0321,,True,60,60,0,75,False,0.0,0.0,,-0.0222
T2c_H_small_world_climate_scientist_2026-09-19_04-30-51,T2c_H_small_world_climate_scientist,T2c_H,H,small_world,climate_scientist,continuous,climate_consensus,611,160,141,141,False,0.0,0.0,,True,82,82,0,59,False,0.0,0.0,,0.0
T2c_H_small_world_climate_scientist_2026-09-19_04-30-51,T2c_H_small_world_climate_scientist,T2c_H,H,small_world,climate_scientist,continuous,polar_bears,611,171,146,146,False,0.0,0.0,,True,75,75,0,71,False,0.0,0.0,,0.0
T2c_H_small_world_conspiracy_believer_2026-09-19_03-43-57,T2c_H_small_world_conspiracy_believer,T2c_H,H,small_world,conspiracy_believer,continuous,scopex_2017,65,160,132,132,False,2.072,2.0668,,True,2,2,0,130,False,2.0615384615384613,2.0534313725490194,,-0.010461538461538744
T2c_H_small_world_conspiracy_believer_2026-09-19_03-43-57,T2c_H_small_world_conspiracy_believer,T2c_H,H,small_world,conspiracy_believer,continuous,chemtrails_gates_2018_2021,65,160,134,134,False,3.1455,3.1553,3.0,True,28,28,0,106,False,3.30188679245283,3.314526098901099,3,0.15638679245282994
T2c_H_small_world_conspiracy_believer_2026-09-19_03-43-57,T2c_H_small_world_conspiracy_believer,T2c_H,H,small_world,conspiracy_believer,continuous,sai_geoengineering,65,164,140,140,False,0.3779,0.4043,,True,7,7,0,133,False,0.3977443609022556,0.4375728795306001,,0.01984436090225561
T2c_H_small_world_conspiracy_believer_2026-09-19_03-43-57,T2c_H_small_world_conspiracy_believer,T2c_H,H,small_world,conspiracy_believer,continuous,paris_agreement,65,1,0,0,True,,,,True,0,0,0,0,True,,,,
T2c_H_small_world_conspiracy_believer_2026-09-19_03-43-57,T2c_H_small_world_conspiracy_believer,T2c_H,H,small_world,conspiracy_believer,continuous,climate_consensus,65,174,153,153,False,4.7712,4.7787,2.0,True,10,10,0,143,False,4.755244755244755,4.773040137107475,2,-0.015955244755245346
T2c_H_small_world_conspiracy_believer_2026-09-19_03-43-57,T2c_H_small_world_conspiracy_believer,T2c_H,H,small_world,conspiracy_believer,continuous,polar_bears,65,174,153,153,False,0.0,0.0,,True,65,65,0,88,False,0.0,0.0,,0.0
T2c_H_small_world_conspiracy_climate_piggyback_2026-09-19_04-00-45,T2c_H_small_world_conspiracy_climate_piggyback,T2c_H,H,small_world,conspiracy_climate_piggyback,continuous,scopex_2017,0,174,149,149,False,1.4544,1.4546,,True,0,0,0,149,False,1.4543624161073825,1.4546052631578947,,-3.758389261743211e-05
T2c_H_small_world_conspiracy_climate_piggyback_2026-09-19_04-00-45,T2c_H_small_world_conspiracy_climate_piggyback,T2c_H,H,small_world,conspiracy_climate_piggyback,continuous,chemtrails_gates_2018_2021,0,164,137,137,False,3.2088,3.2123,3.0,True,1,1,0,136,False,3.210294117647059,3.2138996388028898,3,0.001494117647058868
T2c_H_small_world_conspiracy_climate_piggyback_2026-09-19_04-00-45,T2c_H_small_world_conspiracy_climate_piggyback,T2c_H,H,small_world,conspiracy_climate_piggyback,continuous,sai_geoengineering,0,1,0,0,True,,,,True,0,0,0,0,True,,,,
T2c_H_small_world_conspiracy_climate_piggyback_2026-09-19_04-00-45,T2c_H_small_world_conspiracy_climate_piggyback,T2c_H,H,small_world,conspiracy_climate_piggyback,continuous,paris_agreement,0,174,155,155,False,2.6884,2.7058,,True,0,0,0,155,False,2.6883870967741936,2.7057988995560085,,-1.2903225806493168e-05
T2c_H_small_world_conspiracy_climate_piggyback_2026-09-19_04-00-45,T2c_H_small_world_conspiracy_climate_piggyback,T2c_H,H,small_world,conspiracy_climate_piggyback,continuous,climate_consensus,0,1,0,0,True,,,,True,0,0,0,0,True,,,,
T2c_H_small_world_conspiracy_climate_piggyback_2026-09-19_04-00-45,T2c_H_small_world_conspiracy_climate_piggyback,T2c_H,H,small_world,conspiracy_climate_piggyback,continuous,polar_bears,0,163,144,144,False,0.0,0.0,,True,0,0,0,144,False,0.0,0.0,,0.0
T2c_H_small_world_conspiracy_depopulation_2026-09-19_03-57-43,T2c_H_small_world_conspiracy_depopulation,T2c_H,H,small_world,conspiracy_depopulation,continuous,scopex_2017,87,1,0,0,True,,,,True,0,0,0,0,True,,,,
T2c_H_small_world_conspiracy_depopulation_2026-09-19_03-57-43,T2c_H_small_world_conspiracy_depopulation,T2c_H,H,small_world,conspiracy_depopulation,continuous,chemtrails_gates_2018_2021,87,177,149,149,False,0.6913,0.6942,,True,83,83,0,66,False,0.8333333333333334,0.8114673520923521,,0.14203333333333334
T2c_H_small_world_conspiracy_depopulation_2026-09-19_03-57-43,T2c_H_small_world_conspiracy_depopulation,T2c_H,H,small_world,conspiracy_depopulation,continuous,sai_geoengineering,87,181,160,160,False,0.1094,0.1117,,True,4,4,0,156,False,0.11217948717948716,0.11449456975772764,,0.0027794871794871584
T2c_H_small_world_conspiracy_depopulation_2026-09-19_03-57-43,T2c_H_small_world_conspiracy_depopulation,T2c_H,H,small_world,conspiracy_depopulation,continuous,paris_agreement,87,181,152,152,False,3.5803,3.5864,3.0,True,0,0,0,152,False,3.5802631578947373,3.586392021720969,3,-3.684210526255782e-05
T2c_H_small_world_conspiracy_depopulation_2026-09-19_03-57-43,T2c_H_small_world_conspiracy_depopulation,T2c_H,H,small_world,conspiracy_depopulation,continuous,climate_consensus,87,1,0,0,True,,,,True,0,0,0,0,True,,,,
T2c_H_small_world_conspiracy_depopulation_2026-09-19_03-57-43,T2c_H_small_world_conspiracy_depopulation,T2c_H,H,small_world,conspiracy_depopulation,continuous,polar_bears,87,181,156,156,False,0.0128,0.0126,,True,0,0,0,156,False,0.012820512820512818,0.012578795473532313,,2.051282051281772e-05
T2c_H_small_world_conspiracy_haarp_weather_2026-09-19_03-52-36,T2c_H_small_world_conspiracy_haarp_weather,T2c_H,H,small_world,conspiracy_haarp_weather,continuous,scopex_2017,56,169,140,140,False,2.6479,2.6748,,True,0,0,0,140,False,2.6478571428571427,2.674755900167084,,-4.28571428572333e-05
T2c_H_small_world_conspiracy_haarp_weather_2026-09-19_03-52-36,T2c_H_small_world_conspiracy_haarp_weather,T2c_H,H,small_world,conspiracy_haarp_weather,continuous,chemtrails_gates_2018_2021,56,173,143,143,False,3.142,3.141,6.0,True,0,0,0,143,False,3.141958041958042,3.1410362917096664,6,-4.195804195772368e-05
T2c_H_small_world_conspiracy_haarp_weather_2026-09-19_03-52-36,T2c_H_small_world_conspiracy_haarp_weather,T2c_H,H,small_world,conspiracy_haarp_weather,continuous,sai_geoengineering,56,173,142,142,False,0.193,0.199,,True,56,56,0,86,False,0.23837209302325582,0.24261363636363636,,0.045372093023255816
T2c_H_small_world_conspiracy_haarp_weather_2026-09-19_03-52-36,T2c_H_small_world_conspiracy_haarp_weather,T2c_H,H,small_world,conspiracy_haarp_weather,continuous,paris_agreement,56,176,156,156,False,3.3115,3.3024,5.0,True,0,0,0,156,False,3.3115384615384618,3.3024415428053198,5,3.846153846165379e-05
T2c_H_small_world_conspiracy_haarp_weather_2026-09-19_03-52-36,T2c_H_small_world_conspiracy_haarp_weather,T2c_H,H,small_world,conspiracy_haarp_weather,continuous,climate_consensus,56,169,136,136,False,4.9375,4.9348,1.0,True,0,0,0,136,False,4.9375,4.934809027777778,1,0.0
T2c_H_small_world_conspiracy_haarp_weather_2026-09-19_03-52-36,T2c_H_small_world_conspiracy_haarp_weather,T2c_H,H,small_world,conspiracy_haarp_weather,continuous,polar_bears,56,175,153,153,False,0.0098,0.0099,,True,0,0,0,153,False,0.009803921568627447,0.009886695906432746,,3.921568627447691e-06
T2c_H_small_world_environmental_concern_2026-09-19_04-19-28,T2c_H_small_world_environmental_concern,T2c_H,H,small_world,environmental_concern,continuous,scopex_2017,438,181,160,21,False,0.0238,0.0625,,True,0,0,139,21,False,0.023809523809523805,0.062499999999999986,,9.523809523803023e-06
T2c_H_small_world_environmental_concern_2026-09-19_04-19-28,T2c_H_small_world_environmental_concern,T2c_H,H,small_world,environmental_concern,continuous,chemtrails_gates_2018_2021,438,1,0,0,True,,,,True,0,0,0,0,True,,,,
T2c_H_small_world_environmental_concern_2026-09-19_04-19-28,T2c_H_small_world_environmental_concern,T2c_H,H,small_world,environmental_concern,continuous,sai_geoengineering,438,1,0,0,True,,,,True,0,0,0,0,True,,,,
T2c_H_small_world_environmental_concern_2026-09-19_04-19-28,T2c_H_small_world_environmental_concern,T2c_H,H,small_world,environmental_concern,continuous,paris_agreement,438,1,0,0,True,,,,True,0,0,0,0,True,,,,
T2c_H_small_world_environmental_concern_2026-09-19_04-19-28,T2c_H_small_world_environmental_concern,T2c_H,H,small_world,environmental_concern,continuous,climate_consensus,438,181,160,7,False,0.0,0.0,,True,0,0,153,7,False,0.0,0.0,,0.0
T2c_H_small_world_environmental_concern_2026-09-19_04-19-28,T2c_H_small_world_environmental_concern,T2c_H,H,small_world,environmental_concern,continuous,polar_bears,438,177,151,9,False,0.0,0.0,,True,4,0,142,9,False,0.0,0.0,,0.0
T2c_H_small_world_mitigation_first_policy_2026-09-19_04-15-50,T2c_H_small_world_mitigation_first_policy,T2c_H,H,small_world,mitigation_first_policy,continuous,scopex_2017,1011,175,151,7,False,0.0,0.0,,True,0,0,144,7,False,0.0,0.0,,0.0
T2c_H_small_world_mitigation_first_policy_2026-09-19_04-15-50,T2c_H_small_world_mitigation_first_policy,T2c_H,H,small_world,mitigation_first_policy,continuous,chemtrails_gates_2018_2021,1011,178,153,4,False,0.05,0.05,,True,0,0,149,4,False,0.050000000000000044,0.050000000000000044,,4.163336342344337e-17
T2c_H_small_world_mitigation_first_policy_2026-09-19_04-15-50,T2c_H_small_world_mitigation_first_policy,T2c_H,H,small_world,mitigation_first_policy,continuous,sai_geoengineering,1011,180,153,9,False,0.0,0.0,,True,0,0,144,9,False,0.0,0.0,,0.0
T2c_H_small_world_mitigation_first_policy_2026-09-19_04-15-50,T2c_H_small_world_mitigation_first_policy,T2c_H,H,small_world,mitigation_first_policy,continuous,paris_agreement,1011,180,155,8,False,0.0,0.0,,True,0,0,147,8,False,0.0,0.0,,0.0
T2c_H_small_world_mitigation_first_policy_2026-09-19_04-15-50,T2c_H_small_world_mitigation_first_policy,T2c_H,H,small_world,mitigation_first_policy,continuous,climate_consensus,1011,174,154,12,False,0.0,0.0,,True,57,5,142,7,False,0.0,0.0,,0.0
T2c_H_small_world_mitigation_first_policy_2026-09-19_04-15-50,T2c_H_small_world_mitigation_first_policy,T2c_H,H,small_world,mitigation_first_policy,continuous,polar_bears,1011,178,152,7,False,0.0,0.0,,True,83,2,145,5,False,0.0,0.0,,0.0
T2c_H_small_world_ozone_stratosphere_specialist_2026-09-19_04-20-38,T2c_H_small_world_ozone_stratosphere_specialist,T2c_H,H,small_world,ozone_stratosphere_specialist,continuous,scopex_2017,882,181,151,6,False,0.0,0.0,,True,0,0,145,6,False,0.0,0.0,,0.0
T2c_H_small_world_ozone_stratosphere_specialist_2026-09-19_04-20-38,T2c_H_small_world_ozone_stratosphere_specialist,T2c_H,H,small_world,ozone_stratosphere_specialist,continuous,chemtrails_gates_2018_2021,882,175,151,6,False,0.8333,0.8333,,True,0,0,145,6,False,0.8333333333333331,0.8333333333333331,,3.333333333310762e-05
T2c_H_small_world_ozone_stratosphere_specialist_2026-09-19_04-20-38,T2c_H_small_world_ozone_stratosphere_specialist,T2c_H,H,small_world,ozone_stratosphere_specialist,continuous,sai_geoengineering,882,179,142,2,False,0.0,0.0,,True,10,0,140,2,False,0.0,0.0,,0.0
T2c_H_small_world_ozone_stratosphere_specialist_2026-09-19_04-20-38,T2c_H_small_world_ozone_stratosphere_specialist,T2c_H,H,small_world,ozone_stratosphere_specialist,continuous,paris_agreement,882,166,146,6,False,0.0,0.0,,True,84,1,140,5,False,0.0,0.0,,0.0
T2c_H_small_world_ozone_stratosphere_specialist_2026-09-19_04-20-38,T2c_H_small_world_ozone_stratosphere_specialist,T2c_H,H,small_world,ozone_stratosphere_specialist,continuous,climate_consensus,882,172,142,12,False,0.0,0.0,,True,88,7,130,5,False,0.0,0.0,,0.0
T2c_H_small_world_ozone_stratosphere_specialist_2026-09-19_04-20-38,T2c_H_small_world_ozone_stratosphere_specialist,T2c_H,H,small_world,ozone_stratosphere_specialist,continuous,polar_bears,882,1,0,0,True,,,,True,0,0,0,0,True,,,,
T2c_H_small_world_science_journalist_2026-09-19_04-32-03,T2c_H_small_world_science_journalist,T2c_H,H,small_world,science_journalist,continuous,scopex_2017,243,177,158,158,False,0.0,0.0,,True,98,98,0,60,False,0.0,0.0,,0.0
T2c_H_small_world_science_journalist_2026-09-19_04-32-03,T2c_H_small_world_science_journalist,T2c_H,H,small_world,science_journalist,continuous,chemtrails_gates_2018_2021,243,175,154,154,False,0.0032,0.0037,,True,90,90,0,64,False,0.007812499999999998,0.006944444444444443,,0.0046124999999999985
T2c_H_small_world_science_journalist_2026-09-19_04-32-03,T2c_H_small_world_science_journalist,T2c_H,H,small_world,science_journalist,continuous,sai_geoengineering,243,177,152,152,False,0.0132,0.0134,,True,55,55,0,97,False,0.020618556701030924,0.020337301587301584,,0.007418556701030924
T2c_H_small_world_science_journalist_2026-09-19_04-32-03,T2c_H_small_world_science_journalist,T2c_H,H,small_world,science_journalist,continuous,paris_agreement,243,1,0,0,True,,,,True,0,0,0,0,True,,,,
T2c_H_small_world_science_journalist_2026-09-19_04-32-03,T2c_H_small_world_science_journalist,T2c_H,H,small_world,science_journalist,continuous,climate_consensus,243,1,0,0,True,,,,True,0,0,0,0,True,,,,
T2c_H_small_world_science_journalist_2026-09-19_04-32-03,T2c_H_small_world_science_journalist,T2c_H,H,small_world,science_journalist,continuous,polar_bears,243,181,154,154,False,0.0032,0.0031,,True,0,0,0,154,False,0.003246753246753246,0.0031249999999999993,,4.6753246753245947e-05
T2c_He_echo_chamber_mix_00_2026-09-19_04-13-27,T2c_He_echo_chamber_mix_00,T2c_He,He,echo_chamber,mix_00,continuous,scopex_2017,156,150,116,116,False,1.9267,1.8641,,True,1,1,0,115,False,1.9260869565217391,1.8637695648434813,,-0.0006130434782609662
T2c_He_echo_chamber_mix_00_2026-09-19_04-13-27,T2c_He_echo_chamber_mix_00,T2c_He,He,echo_chamber,mix_00,continuous,chemtrails_gates_2018_2021,156,152,106,106,False,2.3047,2.1131,,True,1,1,0,105,False,2.3076190476190472,2.119262348579783,,0.002919047619047266
T2c_He_echo_chamber_mix_00_2026-09-19_04-13-27,T2c_He_echo_chamber_mix_00,T2c_He,He,echo_chamber,mix_00,continuous,sai_geoengineering,156,160,125,125,False,0.4952,0.4395,,True,0,0,0,125,False,0.4951999999999999,0.4394665720752676,,-5.551115123125783e-17
T2c_He_echo_chamber_mix_00_2026-09-19_04-13-27,T2c_He_echo_chamber_mix_00,T2c_He,He,echo_chamber,mix_00,continuous,paris_agreement,156,148,111,65,False,3.1738,3.179,,True,1,0,46,65,False,3.173846153846154,3.179044117647059,,4.6153846154251e-05
T2c_He_echo_chamber_mix_00_2026-09-19_04-13-27,T2c_He_echo_chamber_mix_00,T2c_He,He,echo_chamber,mix_00,continuous,climate_consensus,156,157,124,14,False,3.7143,3.4048,,True,2,0,110,14,False,3.7142857142857144,3.4047619047619047,,-1.4285714285744433e-05
T2c_He_echo_chamber_mix_00_2026-09-19_04-13-27,T2c_He_echo_chamber_mix_00,T2c_He,He,echo_chamber,mix_00,continuous,polar_bears,156,1,0,0,True,,,,True,0,0,0,0,True,,,,
T2c_He_echo_chamber_mix_01_2026-09-19_04-13-27,T2c_He_echo_chamber_mix_01,T2c_He,He,echo_chamber,mix_01,continuous,scopex_2017,196,150,112,112,False,2.4241,2.0678,,True,0,0,0,112,False,2.424107142857143,2.0678090659340658,,7.142857142650172e-06
T2c_He_echo_chamber_mix_01_2026-09-19_04-13-27,T2c_He_echo_chamber_mix_01,T2c_He,He,echo_chamber,mix_01,continuous,chemtrails_gates_2018_2021,196,137,109,109,False,2.7578,2.5035,,True,0,0,0,109,False,2.757798165137615,2.5035056768996395,,-1.8348623851416335e-06
T2c_He_echo_chamber_mix_01_2026-09-19_04-13-27,T2c_He_echo_chamber_mix_01,T2c_He,He,echo_chamber,mix_01,continuous,sai_geoengineering,196,1,0,0,True,,,,True,0,0,0,0,True,,,,
T2c_He_echo_chamber_mix_01_2026-09-19_04-13-27,T2c_He_echo_chamber_mix_01,T2c_He,He,echo_chamber,mix_01,continuous,paris_agreement,196,158,125,125,False,2.9232,2.6605,,True,0,0,0,125,False,2.9232,2.660482205702794,,0.0
T2c_He_echo_chamber_mix_01_2026-09-19_04-13-27,T2c_He_echo_chamber_mix_01,T2c_He,He,echo_chamber,mix_01,continuous,climate_consensus,196,157,122,29,False,4.3276,3.8563,3.0,True,0,0,93,29,False,4.327586206896552,3.8562499999999997,3,-1.3793103448733746e-05
T2c_He_echo_chamber_mix_01_2026-09-19_04-13-27,T2c_He_echo_chamber_mix_01,T2c_He,He,echo_chamber,mix_01,continuous,polar_bears,196,151,112,9,False,0.0556,0.0333,,True,0,0,103,9,False,0.055555555555555546,0.033333333333333326,,-4.4444444444451114e-05
T2c_He_echo_chamber_mix_02_2026-09-19_04-13-27,T2c_He_echo_chamber_mix_02,T2c_He,He,echo_chamber,mix_02,continuous,scopex_2017,517,149,111,111,False,0.0378,0.0483,,True,0,0,0,111,False,0.03783783783783784,0.04834558823529412,,3.783783783783967e-05
T2c_He_echo_chamber_mix_02_2026-09-19_04-13-27,T2c_He_echo_chamber_mix_02,T2c_He,He,echo_chamber,mix_02,continuous,chemtrails_gates_2018_2021,517,155,116,33,False,0.697,0.6871,,True,0,0,83,33,False,0.6969696969696969,0.6871148459383752,,-3.030303030304715e-05
T2c_He_echo_chamber_mix_02_2026-09-19_04-13-27,T2c_He_echo_chamber_mix_02,T2c_He,He,echo_chamber,mix_02,continuous,sai_geoengineering,517,153,111,16,False,0.0,0.0,,True,0,0,95,16,False,0.0,0.0,,0.0
T2c_He_echo_chamber_mix_02_2026-09-19_04-13-27,T2c_He_echo_chamber_mix_02,T2c_He,He,echo_chamber,mix_02,continuous,paris_agreement,517,160,125,1,True,0.0,0.0,,True,0,0,124,1,True,0.0,0.0,,0.0
T2c_He_echo_chamber_mix_02_2026-09-19_04-13-27,T2c_He_echo_chamber_mix_02,T2c_He,He,echo_chamber,mix_02,continuous,climate_consensus,517,142,108,8,False,0.25,0.2857,,True,0,0,100,8,False,0.24999999999999994,0.28571428571428564,,-5.551115123125783e-17
T2c_He_echo_chamber_mix_02_2026-09-19_04-13-27,T2c_He_echo_chamber_mix_02,T2c_He,He,echo_chamber,mix_02,continuous,polar_bears,517,148,117,2,False,0.0,0.0,,True,0,0,115,2,False,0.0,0.0,,0.0
T2c_He_echo_chamber_mix_03_2026-09-19_04-13-27,T2c_He_echo_chamber_mix_03,T2c_He,He,echo_chamber,mix_03,continuous,scopex_2017,503,150,119,119,False,2.2134,2.0401,,True,1,1,0,118,False,2.2194915254237286,2.0462856359649124,,0.006091525423728594
T2c_He_echo_chamber_mix_03_2026-09-19_04-13-27,T2c_He_echo_chamber_mix_03,T2c_He,He,echo_chamber,mix_03,continuous,chemtrails_gates_2018_2021,503,157,120,53,False,2.6491,2.394,,True,13,5,67,48,False,2.560416666666667,2.385813492063492,,-0.088683333333333
T2c_He_echo_chamber_mix_03_2026-09-19_04-13-27,T2c_He_echo_chamber_mix_03,T2c_He,He,echo_chamber,mix_03,continuous,sai_geoengineering,503,148,115,11,False,0.7273,0.8571,,True,0,0,104,11,False,0.7272727272727272,0.8571428571428571,,-2.727272727276464e-05
T2c_He_echo_chamber_mix_03_2026-09-19_04-13-27,T2c_He_echo_chamber_mix_03,T2c_He,He,echo_chamber,mix_03,continuous,paris_agreement,503,156,112,11,False,3.9273,3.828,7.0,True,0,0,101,11,False,3.9272727272727277,3.8280000000000003,7,-2.7272727272098507e-05
T2c_He_echo_chamber_mix_03_2026-09-19_04-13-27,T2c_He_echo_chamber_mix_03,T2c_He,He,echo_chamber,mix_03,continuous,climate_consensus,503,155,111,4,False,5.0,5.0,6.0,True,2,1,107,3,False,5.0,5.0,6,0.0
T2c_He_echo_chamber_mix_03_2026-09-19_04-13-27,T2c_He_echo_chamber_mix_03,T2c_He,He,echo_chamber,mix_03,continuous,polar_bears,503,161,129,5,False,0.0,0.0,,True,1,0,124,5,False,0.0,0.0,,0.0
T2c_He_echo_chamber_mix_04_2026-09-19_04-30-04,T2c_He_echo_chamber_mix_04,T2c_He,He,echo_chamber,mix_04,continuous,scopex_2017,870,145,112,10,False,0.0,0.0,,True,53,4,102,6,False,0.0,0.0,,0.0
T2c_He_echo_chamber_mix_04_2026-09-19_04-30-04,T2c_He_echo_chamber_mix_04,T2c_He,He,echo_chamber,mix_04,continuous,chemtrails_gates_2018_2021,870,157,122,5,False,0.2,0.125,,True,66,2,117,3,False,0.33333333333333326,0.33333333333333326,,0.13333333333333325
T2c_He_echo_chamber_mix_04_2026-09-19_04-30-04,T2c_He_echo_chamber_mix_04,T2c_He,He,echo_chamber,mix_04,continuous,sai_geoengineering,870,159,125,3,False,0.5,0.375,,True,70,2,122,1,True,0.4999999999999999,0.4999999999999999,,-1.1102230246251565e-16
T2c_He_echo_chamber_mix_04_2026-09-19_04-30-04,T2c_He_echo_chamber_mix_04,T2c_He,He,echo_chamber,mix_04,continuous,paris_agreement,870,143,113,7,False,0.5714,0.6667,,True,68,5,106,2,False,1.5,1.5,,0.9286
T2c_He_echo_chamber_mix_04_2026-09-19_04-30-04,T2c_He_echo_chamber_mix_04,T2c_He,He,echo_chamber,mix_04,continuous,climate_consensus,870,1,0,0,True,,,,True,0,0,0,0,True,,,,
T2c_He_echo_chamber_mix_04_2026-09-19_04-30-04,T2c_He_echo_chamber_mix_04,T2c_He,He,echo_chamber,mix_04,continuous,polar_bears,870,145,114,4,False,0.0,0.0,,True,56,1,110,3,False,0.0,0.0,,0.0
T2c_He_echo_chamber_mix_05_2026-09-19_04-30-13,T2c_He_echo_chamber_mix_05,T2c_He,He,echo_chamber,mix_05,continuous,scopex_2017,927,147,111,10,False,0.3,0.2143,,True,61,6,101,4,False,0.75,0.75,,0.45
T2c_He_echo_chamber_mix_05_2026-09-19_04-30-13,T2c_He_echo_chamber_mix_05,T2c_He,He,echo_chamber,mix_05,continuous,chemtrails_gates_2018_2021,927,153,114,2,False,1.25,1.25,,True,62,0,112,2,False,1.25,1.25,,0.0
T2c_He_echo_chamber_mix_05_2026-09-19_04-30-13,T2c_He_echo_chamber_mix_05,T2c_He,He,echo_chamber,mix_05,continuous,sai_geoengineering,927,158,126,5,False,0.0,0.0,,True,73,4,121,1,True,0.0,0.0,,0.0
T2c_He_echo_chamber_mix_05_2026-09-19_04-30-13,T2c_He_echo_chamber_mix_05,T2c_He,He,echo_chamber,mix_05,continuous,paris_agreement,927,158,120,8,False,0.875,1.1667,,True,56,7,112,1,True,0.0,0.0,,-0.875
T2c_He_echo_chamber_mix_05_2026-09-19_04-30-13,T2c_He_echo_chamber_mix_05,T2c_He,He,echo_chamber,mix_05,continuous,climate_consensus,927,147,107,9,False,0.7778,0.8571,,True,64,4,98,5,False,0.4,0.3333333333333333,,-0.3778
T2c_He_echo_chamber_mix_05_2026-09-19_04-30-13,T2c_He_echo_chamber_mix_05,T2c_He,He,echo_chamber,mix_05,continuous,polar_bears,927,154,123,120,False,0.0,0.0,,True,64,64,3,56,False,0.0,0.0,,0.0
T2c_He_hierarchical_mix_00_2026-09-19_04-14-39,T2c_He_hierarchical_mix_00,T2c_He,He,hierarchical,mix_00,continuous,scopex_2017,0,1,0,0,True,,,,True,0,0,0,0,True,,,,
T2c_He_hierarchical_mix_00_2026-09-19_04-14-39,T2c_He_hierarchical_mix_00,T2c_He,He,hierarchical,mix_00,continuous,chemtrails_gates_2018_2021,0,19,8,8,False,3.9625,3.9625,1.0,True,0,0,0,8,False,3.9625,3.9625,1,0.0
T2c_He_hierarchical_mix_00_2026-09-19_04-14-39,T2c_He_hierarchical_mix_00,T2c_He,He,hierarchical,mix_00,continuous,sai_geoengineering,0,19,7,7,False,0.2857,0.2917,,True,0,0,0,7,False,0.28571428571428564,0.29166666666666663,,1.428571428563341e-05
T2c_He_hierarchical_mix_00_2026-09-19_04-14-39,T2c_He_hierarchical_mix_00,T2c_He,He,hierarchical,mix_00,continuous,paris_agreement,0,19,8,8,False,3.875,3.875,7.0,True,0,0,0,8,False,3.875,3.875,7,0.0
T2c_He_hierarchical_mix_00_2026-09-19_04-14-39,T2c_He_hierarchical_mix_00,T2c_He,He,hierarchical,mix_00,continuous,climate_consensus,0,6,2,2,False,5.0,5.0,1.0,True,0,0,0,2,False,5.0,5.0,1,0.0
T2c_He_hierarchical_mix_00_2026-09-19_04-14-39,T2c_He_hierarchical_mix_00,T2c_He,He,hierarchical,mix_00,continuous,polar_bears,0,11,4,4,False,0.0,0.0,,True,0,0,0,4,False,0.0,0.0,,0.0
T2c_He_hierarchical_mix_01_2026-09-19_04-14-39,T2c_He_hierarchical_mix_01,T2c_He,He,hierarchical,mix_01,continuous,scopex_2017,0,9,3,3,False,0.1667,0.125,,True,0,0,0,3,False,0.16666666666666663,0.12499999999999997,,-3.333333333335742e-05
T2c_He_hierarchical_mix_01_2026-09-19_04-14-39,T2c_He_hierarchical_mix_01,T2c_He,He,hierarchical,mix_01,continuous,chemtrails_gates_2018_2021,0,9,3,3,False,3.5667,3.55,1.0,True,0,0,0,3,False,3.5666666666666664,3.55,1,-3.333333333355171e-05
T2c_He_hierarchical_mix_01_2026-09-19_04-14-39,T2c_He_hierarchical_mix_01,T2c_He,He,hierarchical,mix_01,continuous,sai_geoengineering,0,19,8,8,False,0.5,0.5,,True,0,0,0,8,False,0.5,0.5,,0.0
T2c_He_hierarchical_mix_01_2026-09-19_04-14-39,T2c_He_hierarchical_mix_01,T2c_He,He,hierarchical,mix_01,continuous,paris_agreement,0,1,0,0,True,,,,True,0,0,0,0,True,,,,
T2c_He_hierarchical_mix_01_2026-09-19_04-14-39,T2c_He_hierarchical_mix_01,T2c_He,He,hierarchical,mix_01,continuous,climate_consensus,0,19,8,8,False,4.875,4.875,1.0,True,0,0,0,8,False,4.875,4.875,1,0.0
T2c_He_hierarchical_mix_01_2026-09-19_04-14-39,T2c_He_hierarchical_mix_01,T2c_He,He,hierarchical,mix_01,continuous,polar_bears,0,14,5,5,False,0.0,0.0,,True,0,0,0,5,False,0.0,0.0,,0.0
T2c_He_hierarchical_mix_02_2026-09-19_04-15-22,T2c_He_hierarchical_mix_02,T2c_He,He,hierarchical,mix_02,continuous,scopex_2017,0,1,0,0,True,,,,True,0,0,0,0,True,,,,
T2c_He_hierarchical_mix_02_2026-09-19_04-15-22,T2c_He_hierarchical_mix_02,T2c_He,He,hierarchical,mix_02,continuous,chemtrails_gates_2018_2021,0,54,25,25,False,0.96,0.9606,,True,0,0,0,25,False,0.9599999999999997,0.9606481481481479,,-2.220446049250313e-16
T2c_He_hierarchical_mix_02_2026-09-19_04-15-22,T2c_He_hierarchical_mix_02,T2c_He,He,hierarchical,mix_02,continuous,sai_geoengineering,0,60,27,27,False,0.037,0.0394,,True,0,0,0,27,False,0.03703703703703703,0.03935185185185184,,3.7037037037029874e-05
T2c_He_hierarchical_mix_02_2026-09-19_04-15-22,T2c_He_hierarchical_mix_02,T2c_He,He,hierarchical,mix_02,continuous,paris_agreement,0,1,0,0,True,,,,True,0,0,0,0,True,,,,
T2c_He_hierarchical_mix_02_2026-09-19_04-15-22,T2c_He_hierarchical_mix_02,T2c_He,He,hierarchical,mix_02,continuous,climate_consensus,0,61,28,28,False,0.1429,0.1481,,True,0,0,0,28,False,0.14285714285714285,0.14814814814814814,,-4.285714285715003e-05
T2c_He_hierarchical_mix_02_2026-09-19_04-15-22,T2c_He_hierarchical_mix_02,T2c_He,He,hierarchical,mix_02,continuous,polar_bears,0,1,0,0,True,,,,True,0,0,0,0,True,,,,
T2c_He_hierarchical_mix_03_2026-09-19_04-15-33,T2c_He_hierarchical_mix_03,T2c_He,He,hierarchical,mix_03,continuous,scopex_2017,0,6,2,2,False,0.0,0.0,,True,0,0,0,2,False,0.0,0.0,,0.0
T2c_He_hierarchical_mix_03_2026-09-19_04-15-33,T2c_He_hierarchical_mix_03,T2c_He,He,hierarchical,mix_03,continuous,chemtrails_gates_2018_2021,0,19,7,7,False,3.5,3.4792,5.0,True,0,0,0,7,False,3.5,3.479166666666667,5,0.0
T2c_He_hierarchical_mix_03_2026-09-19_04-15-33,T2c_He_hierarchical_mix_03,T2c_He,He,hierarchical,mix_03,continuous,sai_geoengineering,0,19,8,8,False,0.0,0.0,,True,0,0,0,8,False,0.0,0.0,,0.0
T2c_He_hierarchical_mix_03_2026-09-19_04-15-33,T2c_He_hierarchical_mix_03,T2c_He,He,hierarchical,mix_03,continuous,paris_agreement,0,4,1,1,True,5.0,5.0,1.0,True,0,0,0,1,True,5.0,5.0,1,0.0
T2c_He_hierarchical_mix_03_2026-09-19_04-15-33,T2c_He_hierarchical_mix_03,T2c_He,He,hierarchical,mix_03,continuous,climate_consensus,0,1,0,0,True,,,,True,0,0,0,0,True,,,,
T2c_He_hierarchical_mix_03_2026-09-19_04-15-33,T2c_He_hierarchical_mix_03,T2c_He,He,hierarchical,mix_03,continuous,polar_bears,0,14,5,5,False,0.0,0.0,,True,0,0,0,5,False,0.0,0.0,,0.0
T2c_He_hierarchical_mix_04_2026-09-19_04-16-17,T2c_He_hierarchical_mix_04,T2c_He,He,hierarchical,mix_04,continuous,scopex_2017,0,6,2,2,False,0.0,0.0,,True,0,0,0,2,False,0.0,0.0,,0.0
T2c_He_hierarchical_mix_04_2026-09-19_04-16-17,T2c_He_hierarchical_mix_04,T2c_He,He,hierarchical,mix_04,continuous,chemtrails_gates_2018_2021,0,1,0,0,True,,,,True,0,0,0,0,True,,,,
T2c_He_hierarchical_mix_04_2026-09-19_04-16-17,T2c_He_hierarchical_mix_04,T2c_He,He,hierarchical,mix_04,continuous,sai_geoengineering,0,6,2,2,False,0.0,0.0,,True,0,0,0,2,False,0.0,0.0,,0.0
T2c_He_hierarchical_mix_04_2026-09-19_04-16-17,T2c_He_hierarchical_mix_04,T2c_He,He,hierarchical,mix_04,continuous,paris_agreement,0,4,1,1,True,0.0,0.0,,True,0,0,0,1,True,0.0,0.0,,0.0
T2c_He_hierarchical_mix_04_2026-09-19_04-16-17,T2c_He_hierarchical_mix_04,T2c_He,He,hierarchical,mix_04,continuous,climate_consensus,0,4,1,1,True,0.0,0.0,,True,0,0,0,1,True,0.0,0.0,,0.0
T2c_He_hierarchical_mix_04_2026-09-19_04-16-17,T2c_He_hierarchical_mix_04,T2c_He,He,hierarchical,mix_04,continuous,polar_bears,0,16,6,6,False,0.0,0.0,,True,0,0,0,6,False,0.0,0.0,,0.0
T2c_He_hierarchical_mix_05_2026-09-19_04-16-36,T2c_He_hierarchical_mix_05,T2c_He,He,hierarchical,mix_05,continuous,scopex_2017,0,14,5,5,False,0.2,0.1667,,True,0,0,0,5,False,0.19999999999999996,0.16666666666666663,,-5.551115123125783e-17
T2c_He_hierarchical_mix_05_2026-09-19_04-16-36,T2c_He_hierarchical_mix_05,T2c_He,He,hierarchical,mix_05,continuous,chemtrails_gates_2018_2021,0,14,5,5,False,4.2,4.25,1.0,True,0,0,0,5,False,4.2,4.25,1,0.0
T2c_He_hierarchical_mix_05_2026-09-19_04-16-36,T2c_He_hierarchical_mix_05,T2c_He,He,hierarchical,mix_05,continuous,sai_geoengineering,0,6,2,2,False,1.0,1.0,,True,0,0,0,2,False,1.0,1.0,,0.0
T2c_He_hierarchical_mix_05_2026-09-19_04-16-36,T2c_He_hierarchical_mix_05,T2c_He,He,hierarchical,mix_05,continuous,paris_agreement,0,19,7,7,False,2.0,2.0417,,True,0,0,0,7,False,2.0,2.041666666666667,,0.0
T2c_He_hierarchical_mix_05_2026-09-19_04-16-36,T2c_He_hierarchical_mix_05,T2c_He,He,hierarchical,mix_05,continuous,climate_consensus,0,19,8,8,False,5.0,5.0,1.0,True,0,0,0,8,False,5.0,5.0,1,0.0
T2c_He_hierarchical_mix_05_2026-09-19_04-16-36,T2c_He_hierarchical_mix_05,T2c_He,He,hierarchical,mix_05,continuous,polar_bears,0,19,7,7,False,0.3571,0.3542,,True,0,0,0,7,False,0.3571428571428571,0.3541666666666666,,4.285714285712228e-05
T2c_He_linear_chain_mix_00_2026-09-19_02-49-25,T2c_He_linear_chain_mix_00,T2c_He,He,linear_chain,mix_00,continuous,scopex_2017,0,8,8,8,False,1.0,1.0,,True,0,0,0,8,False,1.0,1.0,,0.0
T2c_He_linear_chain_mix_00_2026-09-19_02-49-25,T2c_He_linear_chain_mix_00,T2c_He,He,linear_chain,mix_00,continuous,chemtrails_gates_2018_2021,0,8,8,8,False,2.125,2.125,,True,0,0,0,8,False,2.125,2.125,,0.0
T2c_He_linear_chain_mix_00_2026-09-19_02-49-25,T2c_He_linear_chain_mix_00,T2c_He,He,linear_chain,mix_00,continuous,sai_geoengineering,0,4,3,3,False,0.0,0.0,,True,0,0,0,3,False,0.0,0.0,,0.0
T2c_He_linear_chain_mix_00_2026-09-19_02-49-25,T2c_He_linear_chain_mix_00,T2c_He,He,linear_chain,mix_00,continuous,paris_agreement,0,8,8,8,False,2.4375,2.4375,,True,0,0,0,8,False,2.4375,2.4375,,0.0
T2c_He_linear_chain_mix_00_2026-09-19_02-49-25,T2c_He_linear_chain_mix_00,T2c_He,He,linear_chain,mix_00,continuous,climate_consensus,0,7,6,6,False,3.3333,3.3333,,True,0,0,0,6,False,3.3333333333333335,3.3333333333333335,,3.333333333355171e-05
T2c_He_linear_chain_mix_00_2026-09-19_02-49-25,T2c_He_linear_chain_mix_00,T2c_He,He,linear_chain,mix_00,continuous,polar_bears,0,8,8,8,False,0.25,0.25,,True,0,0,0,8,False,0.25,0.25,,0.0
T2c_He_linear_chain_mix_01_2026-09-19_02-49-25,T2c_He_linear_chain_mix_01,T2c_He,He,linear_chain,mix_01,continuous,scopex_2017,0,8,8,8,False,1.8125,1.8125,,True,0,0,0,8,False,1.8125,1.8125,,0.0
T2c_He_linear_chain_mix_01_2026-09-19_02-49-25,T2c_He_linear_chain_mix_01,T2c_He,He,linear_chain,mix_01,continuous,chemtrails_gates_2018_2021,0,5,4,4,False,2.75,2.75,,True,0,0,0,4,False,2.75,2.75,,0.0
T2c_He_linear_chain_mix_01_2026-09-19_02-49-25,T2c_He_linear_chain_mix_01,T2c_He,He,linear_chain,mix_01,continuous,sai_geoengineering,0,4,3,3,False,0.3333,0.3333,,True,0,0,0,3,False,0.33333333333333326,0.33333333333333326,,3.333333333327415e-05
T2c_He_linear_chain_mix_01_2026-09-19_02-49-25,T2c_He_linear_chain_mix_01,T2c_He,He,linear_chain,mix_01,continuous,paris_agreement,0,8,8,8,False,1.4375,1.4375,,True,0,0,0,8,False,1.4375,1.4375,,0.0
T2c_He_linear_chain_mix_01_2026-09-19_02-49-25,T2c_He_linear_chain_mix_01,T2c_He,He,linear_chain,mix_01,continuous,climate_consensus,0,8,8,8,False,1.8125,1.8125,,True,0,0,0,8,False,1.8125,1.8125,,0.0
T2c_He_linear_chain_mix_01_2026-09-19_02-49-25,T2c_He_linear_chain_mix_01,T2c_He,He,linear_chain,mix_01,continuous,polar_bears,0,8,8,8,False,0.0,0.0,,True,0,0,0,8,False,0.0,0.0,,0.0
T2c_He_linear_chain_mix_02_2026-09-19_02-49-24,T2c_He_linear_chain_mix_02,T2c_He,He,linear_chain,mix_02,continuous,scopex_2017,0,8,8,8,False,0.25,0.25,,True,0,0,0,8,False,0.24999999999999994,0.24999999999999994,,-5.551115123125783e-17
T2c_He_linear_chain_mix_02_2026-09-19_02-49-24,T2c_He_linear_chain_mix_02,T2c_He,He,linear_chain,mix_02,continuous,chemtrails_gates_2018_2021,0,7,6,6,False,0.7,0.7,,True,0,0,0,6,False,0.6999999999999998,0.6999999999999998,,-1.1102230246251565e-16
T2c_He_linear_chain_mix_02_2026-09-19_02-49-24,T2c_He_linear_chain_mix_02,T2c_He,He,linear_chain,mix_02,continuous,sai_geoengineering,0,8,8,8,False,0.0,0.0,,True,0,0,0,8,False,0.0,0.0,,0.0
T2c_He_linear_chain_mix_02_2026-09-19_02-49-24,T2c_He_linear_chain_mix_02,T2c_He,He,linear_chain,mix_02,continuous,paris_agreement,0,8,8,8,False,0.0,0.0,,True,0,0,0,8,False,0.0,0.0,,0.0
T2c_He_linear_chain_mix_02_2026-09-19_02-49-24,T2c_He_linear_chain_mix_02,T2c_He,He,linear_chain,mix_02,continuous,climate_consensus,0,8,8,8,False,0.5,0.5,,True,0,0,0,8,False,0.4999999999999999,0.4999999999999999,,-1.1102230246251565e-16
T2c_He_linear_chain_mix_02_2026-09-19_02-49-24,T2c_He_linear_chain_mix_02,T2c_He,He,linear_chain,mix_02,continuous,polar_bears,0,8,8,8,False,0.0625,0.0625,,True,0,0,0,8,False,0.062499999999999986,0.062499999999999986,,-1.3877787807814457e-17
T2c_He_linear_chain_mix_03_2026-09-19_02-49-24,T2c_He_linear_chain_mix_03,T2c_He,He,linear_chain,mix_03,continuous,scopex_2017,0,6,5,5,False,0.0,0.0,,True,0,0,0,5,False,0.0,0.0,,0.0
T2c_He_linear_chain_mix_03_2026-09-19_02-49-24,T2c_He_linear_chain_mix_03,T2c_He,He,linear_chain,mix_03,continuous,chemtrails_gates_2018_2021,0,8,8,8,False,0.9625,0.9625,,True,0,0,0,8,False,0.9624999999999999,0.9624999999999999,,-1.1102230246251565e-16
T2c_He_linear_chain_mix_03_2026-09-19_02-49-24,T2c_He_linear_chain_mix_03,T2c_He,He,linear_chain,mix_03,continuous,sai_geoengineering,0,1,0,0,True,,,,True,0,0,0,0,True,,,,
T2c_He_linear_chain_mix_03_2026-09-19_02-49-24,T2c_He_linear_chain_mix_03,T2c_He,He,linear_chain,mix_03,continuous,paris_agreement,0,8,8,8,False,0.0,0.0,,True,0,0,0,8,False,0.0,0.0,,0.0
T2c_He_linear_chain_mix_03_2026-09-19_02-49-24,T2c_He_linear_chain_mix_03,T2c_He,He,linear_chain,mix_03,continuous,climate_consensus,0,8,8,8,False,0.625,0.625,,True,0,0,0,8,False,0.625,0.625,,0.0
T2c_He_linear_chain_mix_03_2026-09-19_02-49-24,T2c_He_linear_chain_mix_03,T2c_He,He,linear_chain,mix_03,continuous,polar_bears,0,1,0,0,True,,,,True,0,0,0,0,True,,,,
T2c_He_linear_chain_mix_04_2026-09-19_02-50-57,T2c_He_linear_chain_mix_04,T2c_He,He,linear_chain,mix_04,continuous,scopex_2017,0,8,8,8,False,0.5625,0.5625,,True,0,0,0,8,False,0.5625,0.5625,,0.0
T2c_He_linear_chain_mix_04_2026-09-19_02-50-57,T2c_He_linear_chain_mix_04,T2c_He,He,linear_chain,mix_04,continuous,chemtrails_gates_2018_2021,0,8,8,8,False,1.4375,1.4375,,True,0,0,0,8,False,1.4375000000000002,1.4375000000000002,,2.220446049250313e-16
T2c_He_linear_chain_mix_04_2026-09-19_02-50-57,T2c_He_linear_chain_mix_04,T2c_He,He,linear_chain,mix_04,continuous,sai_geoengineering,0,8,8,8,False,0.3125,0.3125,,True,0,0,0,8,False,0.3125,0.3125,,0.0
T2c_He_linear_chain_mix_04_2026-09-19_02-50-57,T2c_He_linear_chain_mix_04,T2c_He,He,linear_chain,mix_04,continuous,paris_agreement,0,8,8,8,False,0.875,0.875,,True,0,0,0,8,False,0.875,0.875,,0.0
T2c_He_linear_chain_mix_04_2026-09-19_02-50-57,T2c_He_linear_chain_mix_04,T2c_He,He,linear_chain,mix_04,continuous,climate_consensus,0,1,0,0,True,,,,True,0,0,0,0,True,,,,
T2c_He_linear_chain_mix_04_2026-09-19_02-50-57,T2c_He_linear_chain_mix_04,T2c_He,He,linear_chain,mix_04,continuous,polar_bears,0,8,8,8,False,0.3125,0.3125,,True,0,0,0,8,False,0.31249999999999994,0.31249999999999994,,-5.551115123125783e-17
T2c_He_linear_chain_mix_05_2026-09-19_02-51-10,T2c_He_linear_chain_mix_05,T2c_He,He,linear_chain,mix_05,continuous,scopex_2017,0,8,8,8,False,1.0625,1.0625,,True,0,0,0,8,False,1.0625,1.0625,,0.0
T2c_He_linear_chain_mix_05_2026-09-19_02-51-10,T2c_He_linear_chain_mix_05,T2c_He,He,linear_chain,mix_05,continuous,chemtrails_gates_2018_2021,0,8,8,8,False,1.25,1.25,,True,0,0,0,8,False,1.25,1.25,,0.0
T2c_He_linear_chain_mix_05_2026-09-19_02-51-10,T2c_He_linear_chain_mix_05,T2c_He,He,linear_chain,mix_05,continuous,sai_geoengineering,0,8,8,8,False,0.0,0.0,,True,0,0,0,8,False,0.0,0.0,,0.0
T2c_He_linear_chain_mix_05_2026-09-19_02-51-10,T2c_He_linear_chain_mix_05,T2c_He,He,linear_chain,mix_05,continuous,paris_agreement,0,8,8,8,False,1.4375,1.4375,,True,0,0,0,8,False,1.4375,1.4375,,0.0
T2c_He_linear_chain_mix_05_2026-09-19_02-51-10,T2c_He_linear_chain_mix_05,T2c_He,He,linear_chain,mix_05,continuous,climate_consensus,0,1,0,0,True,,,,True,0,0,0,0,True,,,,
T2c_He_linear_chain_mix_05_2026-09-19_02-51-10,T2c_He_linear_chain_mix_05,T2c_He,He,linear_chain,mix_05,continuous,polar_bears,0,3,2,2,False,0.0,0.0,,True,0,0,0,2,False,0.0,0.0,,0.0
T2c_He_polarized_mix_00_2026-09-19_04-17-42,T2c_He_polarized_mix_00,T2c_He,He,polarized,mix_00,continuous,scopex_2017,0,119,94,94,False,1.5851,1.5646,,True,0,0,0,94,False,1.5851063829787233,1.564617673992674,,6.3829787233515844e-06
T2c_He_polarized_mix_00_2026-09-19_04-17-42,T2c_He_polarized_mix_00,T2c_He,He,polarized,mix_00,continuous,chemtrails_gates_2018_2021,0,138,109,109,False,1.967,2.0171,,True,1,1,0,108,False,1.962037037037037,2.0121857717445955,,-0.004962962962963058
T2c_He_polarized_mix_00_2026-09-19_04-17-42,T2c_He_polarized_mix_00,T2c_He,He,polarized,mix_00,continuous,sai_geoengineering,0,144,128,128,False,0.125,0.119,,True,0,0,0,128,False,0.12499999999999999,0.11895770074224021,,-1.3877787807814457e-17
T2c_He_polarized_mix_00_2026-09-19_04-17-42,T2c_He_polarized_mix_00,T2c_He,He,polarized,mix_00,continuous,paris_agreement,0,1,0,0,True,,,,True,0,0,0,0,True,,,,
T2c_He_polarized_mix_00_2026-09-19_04-17-42,T2c_He_polarized_mix_00,T2c_He,He,polarized,mix_00,continuous,climate_consensus,0,1,0,0,True,,,,True,0,0,0,0,True,,,,
T2c_He_polarized_mix_00_2026-09-19_04-17-42,T2c_He_polarized_mix_00,T2c_He,He,polarized,mix_00,continuous,polar_bears,0,1,0,0,True,,,,True,0,0,0,0,True,,,,
T2c_He_polarized_mix_01_2026-09-19_04-17-42,T2c_He_polarized_mix_01,T2c_He,He,polarized,mix_01,continuous,scopex_2017,457,141,115,66,False,1.5485,1.3456,,True,0,0,49,66,False,1.5484848484848486,1.3455830627705627,,-1.5151515151412553e-05
T2c_He_polarized_mix_01_2026-09-19_04-17-42,T2c_He_polarized_mix_01,T2c_He,He,polarized,mix_01,continuous,chemtrails_gates_2018_2021,457,120,89,9,False,1.9333,2.0929,,True,0,0,80,9,False,1.9333333333333336,2.092857142857143,,3.333333333355171e-05
T2c_He_polarized_mix_01_2026-09-19_04-17-42,T2c_He_polarized_mix_01,T2c_He,He,polarized,mix_01,continuous,sai_geoengineering,457,125,107,15,False,0.0,0.0,,True,0,0,92,15,False,0.0,0.0,,0.0
T2c_He_polarized_mix_01_2026-09-19_04-17-42,T2c_He_polarized_mix_01,T2c_He,He,polarized,mix_01,continuous,paris_agreement,457,1,0,0,True,,,,True,0,0,0,0,True,,,,
T2c_He_polarized_mix_01_2026-09-19_04-17-42,T2c_He_polarized_mix_01,T2c_He,He,polarized,mix_01,continuous,climate_consensus,457,139,124,2,False,2.5,2.5,,True,0,0,122,2,False,2.5,2.5,,0.0
T2c_He_polarized_mix_01_2026-09-19_04-17-42,T2c_He_polarized_mix_01,T2c_He,He,polarized,mix_01,continuous,polar_bears,457,144,122,8,False,0.0,0.0,,True,0,0,114,8,False,0.0,0.0,,0.0
T2c_He_polarized_mix_02_2026-09-19_04-17-42,T2c_He_polarized_mix_02,T2c_He,He,polarized,mix_02,continuous,scopex_2017,360,145,121,121,False,0.0388,0.0401,,True,0,0,0,121,False,0.03884297520661156,0.040133477633477625,,4.2975206611561845e-05
T2c_He_polarized_mix_02_2026-09-19_04-17-42,T2c_He_polarized_mix_02,T2c_He,He,polarized,mix_02,continuous,chemtrails_gates_2018_2021,360,1,0,0,True,,,,True,0,0,0,0,True,,,,
T2c_He_polarized_mix_02_2026-09-19_04-17-42,T2c_He_polarized_mix_02,T2c_He,He,polarized,mix_02,continuous,sai_geoengineering,360,91,73,31,False,0.0161,0.0049,,True,0,0,42,31,False,0.016129032258064512,0.0049019607843137246,,2.9032258064512484e-05
T2c_He_polarized_mix_02_2026-09-19_04-17-42,T2c_He_polarized_mix_02,T2c_He,He,polarized,mix_02,continuous,paris_agreement,360,125,110,8,False,0.125,0.1429,,True,0,0,102,8,False,0.12499999999999997,0.14285714285714282,,-2.7755575615628914e-17
T2c_He_polarized_mix_02_2026-09-19_04-17-42,T2c_He_polarized_mix_02,T2c_He,He,polarized,mix_02,continuous,climate_consensus,360,145,127,8,False,0.625,0.5714,,True,0,0,119,8,False,0.6249999999999999,0.5714285714285713,,-1.1102230246251565e-16
T2c_He_polarized_mix_02_2026-09-19_04-17-42,T2c_He_polarized_mix_02,T2c_He,He,polarized,mix_02,continuous,polar_bears,360,107,97,0,True,,,,True,0,0,97,0,True,,,,
T2c_He_polarized_mix_03_2026-09-19_04-17-42,T2c_He_polarized_mix_03,T2c_He,He,polarized,mix_03,continuous,scopex_2017,375,1,0,0,True,,,,True,0,0,0,0,True,,,,
T2c_He_polarized_mix_03_2026-09-19_04-17-42,T2c_He_polarized_mix_03,T2c_He,He,polarized,mix_03,continuous,chemtrails_gates_2018_2021,375,113,95,95,False,2.5758,2.5639,,True,0,0,0,95,False,2.5757894736842104,2.5639497706133736,,-1.0526315789682883e-05
T2c_He_polarized_mix_03_2026-09-19_04-17-42,T2c_He_polarized_mix_03,T2c_He,He,polarized,mix_03,continuous,sai_geoengineering,375,144,122,51,False,0.0686,0.0781,,True,0,0,71,51,False,0.06862745098039216,0.07812499999999999,,2.7450980392168534e-05
T2c_He_polarized_mix_03_2026-09-19_04-17-42,T2c_He_polarized_mix_03,T2c_He,He,polarized,mix_03,continuous,paris_agreement,375,139,123,12,False,3.625,3.3452,7.0,True,0,0,111,12,False,3.625,3.3452380952380953,7,0.0
T2c_He_polarized_mix_03_2026-09-19_04-17-42,T2c_He_polarized_mix_03,T2c_He,He,polarized,mix_03,continuous,climate_consensus,375,138,118,6,False,1.9167,1.875,,True,0,0,112,6,False,1.9166666666666667,1.875,,-3.333333333332966e-05
T2c_He_polarized_mix_03_2026-09-19_04-17-42,T2c_He_polarized_mix_03,T2c_He,He,polarized,mix_03,continuous,polar_bears,375,102,85,4,False,0.0,0.0,,True,0,0,81,4,False,0.0,0.0,,0.0
T2c_He_polarized_mix_04_2026-09-19_04-18-19,T2c_He_polarized_mix_04,T2c_He,He,polarized,mix_04,continuous,scopex_2017,211,1,0,0,True,,,,True,0,0,0,0,True,,,,
T2c_He_polarized_mix_04_2026-09-19_04-18-19,T2c_He_polarized_mix_04,T2c_He,He,polarized,mix_04,continuous,chemtrails_gates_2018_2021,211,130,110,110,False,1.9864,1.9953,,True,0,0,0,110,False,1.9863636363636363,1.9953353937728937,,-3.636363636361217e-05
T2c_He_polarized_mix_04_2026-09-19_04-18-19,T2c_He_polarized_mix_04,T2c_He,He,polarized,mix_04,continuous,sai_geoengineering,211,143,123,116,False,0.0431,0.0429,,True,0,0,7,116,False,0.04310344827586207,0.042919799498746865,,3.448275862072414e-06
T2c_He_polarized_mix_04_2026-09-19_04-18-19,T2c_He_polarized_mix_04,T2c_He,He,polarized,mix_04,continuous,paris_agreement,211,132,109,13,False,2.9308,3.2905,,True,0,0,96,13,False,2.930769230769231,3.2904761904761903,,-3.076923076905658e-05
T2c_He_polarized_mix_04_2026-09-19_04-18-19,T2c_He_polarized_mix_04,T2c_He,He,polarized,mix_04,continuous,climate_consensus,211,139,123,15,False,3.9,3.9427,1.0,True,0,0,108,15,False,3.9,3.9427083333333335,1,0.0
T2c_He_polarized_mix_04_2026-09-19_04-18-19,T2c_He_polarized_mix_04,T2c_He,He,polarized,mix_04,continuous,polar_bears,211,1,0,0,True,,,,True,0,0,0,0,True,,,,
T2c_He_polarized_mix_05_2026-09-19_04-18-21,T2c_He_polarized_mix_05,T2c_He,He,polarized,mix_05,continuous,scopex_2017,217,1,0,0,True,,,,True,0,0,0,0,True,,,,
T2c_He_polarized_mix_05_2026-09-19_04-18-21,T2c_He_polarized_mix_05,T2c_He,He,polarized,mix_05,continuous,chemtrails_gates_2018_2021,217,138,118,118,False,2.0661,2.0753,,True,0,0,0,118,False,2.0661016949152544,2.0753273279008573,,1.6949152543688228e-06
T2c_He_polarized_mix_05_2026-09-19_04-18-21,T2c_He_polarized_mix_05,T2c_He,He,polarized,mix_05,continuous,sai_geoengineering,217,1,0,0,True,,,,True,0,0,0,0,True,,,,
T2c_He_polarized_mix_05_2026-09-19_04-18-21,T2c_He_polarized_mix_05,T2c_He,He,polarized,mix_05,continuous,paris_agreement,217,105,94,85,False,2.2659,2.3643,,True,0,0,9,85,False,2.2658823529411762,2.364289148351648,,-1.7647058823566653e-05
T2c_He_polarized_mix_05_2026-09-19_04-18-21,T2c_He_polarized_mix_05,T2c_He,He,polarized,mix_05,continuous,climate_consensus,217,144,123,13,False,3.5,3.5952,8.0,True,0,0,110,13,False,3.5,3.5952380952380953,8,0.0
T2c_He_polarized_mix_05_2026-09-19_04-18-21,T2c_He_polarized_mix_05,T2c_He,He,polarized,mix_05,continuous,polar_bears,217,131,108,10,False,0.0,0.0,,True,0,0,98,10,False,0.0,0.0,,0.0
T2c_He_random_er_mix_00_2026-09-19_02-54-09,T2c_He_random_er_mix_00,T2c_He,He,random_er,mix_00,continuous,scopex_2017,0,166,147,147,False,1.9347,1.9094,,True,0,0,0,147,False,1.9346938775510203,1.9094439223057644,,-6.122448979795081e-06
T2c_He_random_er_mix_00_2026-09-19_02-54-09,T2c_He_random_er_mix_00,T2c_He,He,random_er,mix_00,continuous,chemtrails_gates_2018_2021,0,1,0,0,True,,,,True,0,0,0,0,True,,,,
T2c_He_random_er_mix_00_2026-09-19_02-54-09,T2c_He_random_er_mix_00,T2c_He,He,random_er,mix_00,continuous,sai_geoengineering,0,158,135,135,False,0.1311,0.1271,,True,0,0,0,135,False,0.1311111111111111,0.12712767672858616,,1.1111111111100636e-05
T2c_He_random_er_mix_00_2026-09-19_02-54-09,T2c_He_random_er_mix_00,T2c_He,He,random_er,mix_00,continuous,paris_agreement,0,171,147,147,False,1.9429,1.9476,,True,0,0,0,147,False,1.942857142857143,1.9475559239844262,,-4.2857142857011254e-05
T2c_He_random_er_mix_00_2026-09-19_02-54-09,T2c_He_random_er_mix_00,T2c_He,He,random_er,mix_00,continuous,climate_consensus,0,168,144,144,False,2.5729,2.5727,,True,0,0,0,144,False,2.5729166666666665,2.5727041115489255,,1.6666666666331764e-05
T2c_He_random_er_mix_00_2026-09-19_02-54-09,T2c_He_random_er_mix_00,T2c_He,He,random_er,mix_00,continuous,polar_bears,0,171,150,150,False,0.0167,0.018,,True,0,0,0,150,False,0.016666666666666663,0.017968749999999995,,-3.33333333333366e-05
T2c_He_random_er_mix_01_2026-09-19_02-54-39,T2c_He_random_er_mix_01,T2c_He,He,random_er,mix_01,continuous,scopex_2017,0,127,97,97,False,1.0536,1.0474,,True,0,0,0,97,False,1.0536082474226804,1.0473533644226922,,8.247422680351946e-06
T2c_He_random_er_mix_01_2026-09-19_02-54-39,T2c_He_random_er_mix_01,T2c_He,He,random_er,mix_01,continuous,chemtrails_gates_2018_2021,0,130,107,107,False,1.7682,1.7912,,True,0,0,0,107,False,1.7682242990654204,1.7911610856463795,,2.4299065420452237e-05
T2c_He_random_er_mix_01_2026-09-19_02-54-39,T2c_He_random_er_mix_01,T2c_He,He,random_er,mix_01,continuous,sai_geoengineering,0,117,98,98,False,0.0,0.0,,True,0,0,0,98,False,0.0,0.0,,0.0
T2c_He_random_er_mix_01_2026-09-19_02-54-39,T2c_He_random_er_mix_01,T2c_He,He,random_er,mix_01,continuous,paris_agreement,0,101,83,83,False,1.7145,1.7608,,True,0,0,0,83,False,1.7144578313253014,1.7607600732600732,,-4.216867469852836e-05
T2c_He_random_er_mix_01_2026-09-19_02-54-39,T2c_He_random_er_mix_01,T2c_He,He,random_er,mix_01,continuous,climate_consensus,0,1,0,0,True,,,,True,0,0,0,0,True,,,,
T2c_He_random_er_mix_01_2026-09-19_02-54-39,T2c_He_random_er_mix_01,T2c_He,He,random_er,mix_01,continuous,polar_bears,0,121,103,103,False,0.0,0.0,,True,0,0,0,103,False,0.0,0.0,,0.0
T2c_He_random_er_mix_02_2026-09-19_02-54-46,T2c_He_random_er_mix_02,T2c_He,He,random_er,mix_02,continuous,scopex_2017,0,156,129,129,False,0.124,0.1262,,True,0,0,0,129,False,0.12403100775193797,0.12617707128397918,,3.1007751937969785e-05
T2c_He_random_er_mix_02_2026-09-19_02-54-46,T2c_He_random_er_mix_02,T2c_He,He,random_er,mix_02,continuous,chemtrails_gates_2018_2021,0,167,130,130,False,1.0154,1.0135,,True,0,0,0,130,False,1.015384615384615,1.013454861111111,,-1.5384615384972378e-05
T2c_He_random_er_mix_02_2026-09-19_02-54-46,T2c_He_random_er_mix_02,T2c_He,He,random_er,mix_02,continuous,sai_geoengineering,0,171,145,145,False,0.0793,0.0813,,True,0,0,0,145,False,0.0793103448275862,0.08133680555555554,,1.0344827586203365e-05
T2c_He_random_er_mix_02_2026-09-19_02-54-46,T2c_He_random_er_mix_02,T2c_He,He,random_er,mix_02,continuous,paris_agreement,0,169,143,143,False,0.0,0.0,,True,0,0,0,143,False,0.0,0.0,,0.0
T2c_He_random_er_mix_02_2026-09-19_02-54-46,T2c_He_random_er_mix_02,T2c_He,He,random_er,mix_02,continuous,climate_consensus,0,141,119,119,False,0.2227,0.2342,,True,0,0,0,119,False,0.22268907563025203,0.23423408189033185,,-1.0924369747977725e-05
T2c_He_random_er_mix_02_2026-09-19_02-54-46,T2c_He_random_er_mix_02,T2c_He,He,random_er,mix_02,continuous,polar_bears,0,146,122,122,False,0.0,0.0,,True,0,0,0,122,False,0.0,0.0,,0.0
T2c_He_random_er_mix_03_2026-09-19_02-55-13,T2c_He_random_er_mix_03,T2c_He,He,random_er,mix_03,continuous,scopex_2017,0,120,107,107,False,0.7121,0.7601,,True,0,0,0,107,False,0.7121495327102803,0.7600936100936101,,4.953271028029782e-05
T2c_He_random_er_mix_03_2026-09-19_02-55-13,T2c_He_random_er_mix_03,T2c_He,He,random_er,mix_03,continuous,chemtrails_gates_2018_2021,0,119,105,105,False,1.0657,1.1481,,True,0,0,0,105,False,1.0657142857142856,1.1480954503013325,,1.4285714285522388e-05
T2c_He_random_er_mix_03_2026-09-19_02-55-13,T2c_He_random_er_mix_03,T2c_He,He,random_er,mix_03,continuous,sai_geoengineering,0,121,102,102,False,0.0637,0.0686,,True,0,0,0,102,False,0.06372549019607841,0.06860021786492373,,2.5490196078406524e-05
T2c_He_random_er_mix_03_2026-09-19_02-55-13,T2c_He_random_er_mix_03,T2c_He,He,random_er,mix_03,continuous,paris_agreement,0,119,106,106,False,0.4764,0.584,,True,0,0,0,106,False,0.47641509433962265,0.583999060150376,,1.5094339622656605e-05
T2c_He_random_er_mix_03_2026-09-19_02-55-13,T2c_He_random_er_mix_03,T2c_He,He,random_er,mix_03,continuous,climate_consensus,0,92,76,76,False,0.3947,0.536,,True,0,0,0,76,False,0.39473684210526316,0.5360042735042735,,3.6842105263168445e-05
T2c_He_random_er_mix_03_2026-09-19_02-55-13,T2c_He_random_er_mix_03,T2c_He,He,random_er,mix_03,continuous,polar_bears,0,119,103,103,False,0.0097,0.0096,,True,0,0,0,103,False,0.009708737864077667,0.009594298245614032,,8.737864077667037e-06
T2c_He_random_er_mix_04_2026-09-19_03-11-03,T2c_He_random_er_mix_04,T2c_He,He,random_er,mix_04,continuous,scopex_2017,0,137,120,120,False,0.2867,0.3109,,True,0,0,0,120,False,0.2866666666666667,0.3109418767507003,,-3.333333333332966e-05
T2c_He_random_er_mix_04_2026-09-19_03-11-03,T2c_He_random_er_mix_04,T2c_He,He,random_er,mix_04,continuous,chemtrails_gates_2018_2021,0,1,0,0,True,,,,True,0,0,0,0,True,,,,
T2c_He_random_er_mix_04_2026-09-19_03-11-03,T2c_He_random_er_mix_04,T2c_He,He,random_er,mix_04,continuous,sai_geoengineering,0,4,2,2,False,0.5,0.5,,True,0,0,0,2,False,0.4999999999999999,0.4999999999999999,,-1.1102230246251565e-16
T2c_He_random_er_mix_04_2026-09-19_03-11-03,T2c_He_random_er_mix_04,T2c_He,He,random_er,mix_04,continuous,paris_agreement,0,134,119,119,False,1.2992,1.311,,True,0,0,0,119,False,1.2991596638655463,1.311006254774637,,-4.033613445364459e-05
T2c_He_random_er_mix_04_2026-09-19_03-11-03,T2c_He_random_er_mix_04,T2c_He,He,random_er,mix_04,continuous,climate_consensus,0,64,54,54,False,1.2537,1.3817,,True,0,0,0,54,False,1.2537037037037038,1.3816964285714286,,3.7037037037279674e-06
T2c_He_random_er_mix_04_2026-09-19_03-11-03,T2c_He_random_er_mix_04,T2c_He,He,random_er,mix_04,continuous,polar_bears,0,129,112,112,False,0.0848,0.0802,,True,0,0,0,112,False,0.08482142857142858,0.08020833333333333,,2.1428571428575016e-05
T2c_He_random_er_mix_05_2026-09-19_03-14-24,T2c_He_random_er_mix_05,T2c_He,He,random_er,mix_05,continuous,scopex_2017,0,155,132,132,False,0.3939,0.3988,,True,0,0,0,132,False,0.3939393939393939,0.3988408905228758,,3.9393939393950195e-05
T2c_He_random_er_mix_05_2026-09-19_03-14-24,T2c_He_random_er_mix_05,T2c_He,He,random_er,mix_05,continuous,chemtrails_gates_2018_2021,0,3,1,1,True,0.0,0.0,,True,0,0,0,1,True,0.0,0.0,,0.0
T2c_He_random_er_mix_05_2026-09-19_03-14-24,T2c_He_random_er_mix_05,T2c_He,He,random_er,mix_05,continuous,sai_geoengineering,0,1,0,0,True,,,,True,0,0,0,0,True,,,,
T2c_He_random_er_mix_05_2026-09-19_03-14-24,T2c_He_random_er_mix_05,T2c_He,He,random_er,mix_05,continuous,paris_agreement,0,1,0,0,True,,,,True,0,0,0,0,True,,,,
T2c_He_random_er_mix_05_2026-09-19_03-14-24,T2c_He_random_er_mix_05,T2c_He,He,random_er,mix_05,continuous,climate_consensus,0,1,0,0,True,,,,True,0,0,0,0,True,,,,
T2c_He_random_er_mix_05_2026-09-19_03-14-24,T2c_He_random_er_mix_05,T2c_He,He,random_er,mix_05,continuous,polar_bears,0,157,123,123,False,0.0041,0.0033,,True,0,0,0,123,False,0.004065040650406503,0.0032894736842105257,,-3.4959349593497585e-05
T2c_He_ring_mix_00_2026-09-19_02-51-24,T2c_He_ring_mix_00,T2c_He,He,ring,mix_00,continuous,scopex_2017,0,3,2,2,False,2.25,2.25,,True,0,0,0,2,False,2.25,2.25,,0.0
T2c_He_ring_mix_00_2026-09-19_02-51-24,T2c_He_ring_mix_00,T2c_He,He,ring,mix_00,continuous,chemtrails_gates_2018_2021,0,8,8,8,False,2.0625,2.0625,,True,0,0,0,8,False,2.0625,2.0625,,0.0
T2c_He_ring_mix_00_2026-09-19_02-51-24,T2c_He_ring_mix_00,T2c_He,He,ring,mix_00,continuous,sai_geoengineering,0,8,8,8,False,0.125,0.125,,True,0,0,0,8,False,0.12499999999999997,0.12499999999999997,,-2.7755575615628914e-17
T2c_He_ring_mix_00_2026-09-19_02-51-24,T2c_He_ring_mix_00,T2c_He,He,ring,mix_00,continuous,paris_agreement,0,8,8,8,False,3.0625,3.0625,,True,0,0,0,8,False,3.0625,3.0625,,0.0
T2c_He_ring_mix_00_2026-09-19_02-51-24,T2c_He_ring_mix_00,T2c_He,He,ring,mix_00,continuous,climate_consensus,0,7,6,6,False,3.3333,3.3333,,True,0,0,0,6,False,3.3333333333333335,3.3333333333333335,,3.333333333355171e-05
T2c_He_ring_mix_00_2026-09-19_02-51-24,T2c_He_ring_mix_00,T2c_He,He,ring,mix_00,continuous,polar_bears,0,8,8,8,False,0.0,0.0,,True,0,0,0,8,False,0.0,0.0,,0.0
T2c_He_ring_mix_01_2026-09-19_02-51-34,T2c_He_ring_mix_01,T2c_He,He,ring,mix_01,continuous,scopex_2017,0,8,8,8,False,1.375,1.375,,True,0,0,0,8,False,1.375,1.375,,0.0
T2c_He_ring_mix_01_2026-09-19_02-51-34,T2c_He_ring_mix_01,T2c_He,He,ring,mix_01,continuous,chemtrails_gates_2018_2021,0,8,8,8,False,1.4375,1.4375,,True,0,0,0,8,False,1.4374999999999998,1.4374999999999998,,-2.220446049250313e-16
T2c_He_ring_mix_01_2026-09-19_02-51-34,T2c_He_ring_mix_01,T2c_He,He,ring,mix_01,continuous,sai_geoengineering,0,8,8,8,False,0.0,0.0,,True,0,0,0,8,False,0.0,0.0,,0.0
T2c_He_ring_mix_01_2026-09-19_02-51-34,T2c_He_ring_mix_01,T2c_He,He,ring,mix_01,continuous,paris_agreement,0,4,3,3,False,4.0,4.0,,True,0,0,0,3,False,4.0,4.0,,0.0
T2c_He_ring_mix_01_2026-09-19_02-51-34,T2c_He_ring_mix_01,T2c_He,He,ring,mix_01,continuous,climate_consensus,0,8,8,8,False,2.1875,2.1875,,True,0,0,0,8,False,2.1875,2.1875,,0.0
T2c_He_ring_mix_01_2026-09-19_02-51-34,T2c_He_ring_mix_01,T2c_He,He,ring,mix_01,continuous,polar_bears,0,8,8,8,False,0.0,0.0,,True,0,0,0,8,False,0.0,0.0,,0.0
T2c_He_ring_mix_02_2026-09-19_02-52-45,T2c_He_ring_mix_02,T2c_He,He,ring,mix_02,continuous,scopex_2017,0,8,8,8,False,0.0,0.0,,True,0,0,0,8,False,0.0,0.0,,0.0
T2c_He_ring_mix_02_2026-09-19_02-52-45,T2c_He_ring_mix_02,T2c_He,He,ring,mix_02,continuous,chemtrails_gates_2018_2021,0,8,8,8,False,0.9375,0.9375,,True,0,0,0,8,False,0.9374999999999998,0.9374999999999998,,-2.220446049250313e-16
T2c_He_ring_mix_02_2026-09-19_02-52-45,T2c_He_ring_mix_02,T2c_He,He,ring,mix_02,continuous,sai_geoengineering,0,8,8,8,False,0.625,0.625,,True,0,0,0,8,False,0.625,0.625,,0.0
T2c_He_ring_mix_02_2026-09-19_02-52-45,T2c_He_ring_mix_02,T2c_He,He,ring,mix_02,continuous,paris_agreement,0,8,8,8,False,0.0,0.0,,True,0,0,0,8,False,0.0,0.0,,0.0
T2c_He_ring_mix_02_2026-09-19_02-52-45,T2c_He_ring_mix_02,T2c_He,He,ring,mix_02,continuous,climate_consensus,0,8,8,8,False,0.625,0.625,,True,0,0,0,8,False,0.6249999999999999,0.6249999999999999,,-1.1102230246251565e-16
T2c_He_ring_mix_02_2026-09-19_02-52-45,T2c_He_ring_mix_02,T2c_He,He,ring,mix_02,continuous,polar_bears,0,1,0,0,True,,,,True,0,0,0,0,True,,,,
T2c_He_ring_mix_03_2026-09-19_02-52-49,T2c_He_ring_mix_03,T2c_He,He,ring,mix_03,continuous,scopex_2017,0,5,4,4,False,0.125,0.125,,True,0,0,0,4,False,0.12499999999999997,0.12499999999999997,,-2.7755575615628914e-17
T2c_He_ring_mix_03_2026-09-19_02-52-49,T2c_He_ring_mix_03,T2c_He,He,ring,mix_03,continuous,chemtrails_gates_2018_2021,0,4,3,3,False,0.5,0.5,,True,0,0,0,3,False,0.5000000000000001,0.5000000000000001,,1.1102230246251565e-16
T2c_He_ring_mix_03_2026-09-19_02-52-49,T2c_He_ring_mix_03,T2c_He,He,ring,mix_03,continuous,sai_geoengineering,0,8,8,8,False,0.0,0.0,,True,0,0,0,8,False,0.0,0.0,,0.0
T2c_He_ring_mix_03_2026-09-19_02-52-49,T2c_He_ring_mix_03,T2c_He,He,ring,mix_03,continuous,paris_agreement,0,7,6,6,False,0.0,0.0,,True,0,0,0,6,False,0.0,0.0,,0.0
T2c_He_ring_mix_03_2026-09-19_02-52-49,T2c_He_ring_mix_03,T2c_He,He,ring,mix_03,continuous,climate_consensus,0,4,3,3,False,0.0,0.0,,True,0,0,0,3,False,0.0,0.0,,0.0
T2c_He_ring_mix_03_2026-09-19_02-52-49,T2c_He_ring_mix_03,T2c_He,He,ring,mix_03,continuous,polar_bears,0,3,2,2,False,0.0,0.0,,True,0,0,0,2,False,0.0,0.0,,0.0
T2c_He_ring_mix_04_2026-09-19_02-53-12,T2c_He_ring_mix_04,T2c_He,He,ring,mix_04,continuous,scopex_2017,0,8,8,8,False,0.5625,0.5625,,True,0,0,0,8,False,0.5624999999999999,0.5624999999999999,,-1.1102230246251565e-16
T2c_He_ring_mix_04_2026-09-19_02-53-12,T2c_He_ring_mix_04,T2c_He,He,ring,mix_04,continuous,chemtrails_gates_2018_2021,0,1,0,0,True,,,,True,0,0,0,0,True,,,,
T2c_He_ring_mix_04_2026-09-19_02-53-12,T2c_He_ring_mix_04,T2c_He,He,ring,mix_04,continuous,sai_geoengineering,0,8,8,8,False,0.0,0.0,,True,0,0,0,8,False,0.0,0.0,,0.0
T2c_He_ring_mix_04_2026-09-19_02-53-12,T2c_He_ring_mix_04,T2c_He,He,ring,mix_04,continuous,paris_agreement,0,8,8,8,False,1.0125,1.0125,,True,0,0,0,8,False,1.0125,1.0125,,0.0
T2c_He_ring_mix_04_2026-09-19_02-53-12,T2c_He_ring_mix_04,T2c_He,He,ring,mix_04,continuous,climate_consensus,0,8,8,8,False,1.0,1.0,8.0,True,0,0,0,8,False,0.9999999999999999,0.9999999999999999,8,-1.1102230246251565e-16
T2c_He_ring_mix_04_2026-09-19_02-53-12,T2c_He_ring_mix_04,T2c_He,He,ring,mix_04,continuous,polar_bears,0,8,8,8,False,0.0,0.0,,True,0,0,0,8,False,0.0,0.0,,0.0
T2c_He_ring_mix_05_2026-09-19_02-53-31,T2c_He_ring_mix_05,T2c_He,He,ring,mix_05,continuous,scopex_2017,0,8,8,8,False,0.5625,0.5625,,True,0,0,0,8,False,0.5625,0.5625,,0.0
T2c_He_ring_mix_05_2026-09-19_02-53-31,T2c_He_ring_mix_05,T2c_He,He,ring,mix_05,continuous,chemtrails_gates_2018_2021,0,8,8,8,False,1.25,1.25,,True,0,0,0,8,False,1.2499999999999998,1.2499999999999998,,-2.220446049250313e-16
T2c_He_ring_mix_05_2026-09-19_02-53-31,T2c_He_ring_mix_05,T2c_He,He,ring,mix_05,continuous,sai_geoengineering,0,6,5,5,False,0.0,0.0,,True,0,0,0,5,False,0.0,0.0,,0.0
T2c_He_ring_mix_05_2026-09-19_02-53-31,T2c_He_ring_mix_05,T2c_He,He,ring,mix_05,continuous,paris_agreement,0,2,1,1,True,0.0,0.0,,True,0,0,0,1,True,0.0,0.0,,0.0
T2c_He_ring_mix_05_2026-09-19_02-53-31,T2c_He_ring_mix_05,T2c_He,He,ring,mix_05,continuous,climate_consensus,0,8,8,8,False,1.875,1.875,,True,0,0,0,8,False,1.875,1.875,,0.0
T2c_He_ring_mix_05_2026-09-19_02-53-31,T2c_He_ring_mix_05,T2c_He,He,ring,mix_05,continuous,polar_bears,0,8,8,8,False,0.0,0.0,,True,0,0,0,8,False,0.0,0.0,,0.0
T2c_He_scale_free_mix_00_2026-09-19_03-47-49,T2c_He_scale_free_mix_00,T2c_He,He,scale_free,mix_00,continuous,scopex_2017,43,165,139,139,False,1.5647,1.5333,,True,0,0,0,139,False,1.564748201438849,1.5333379404393337,,4.820143884898265e-05
T2c_He_scale_free_mix_00_2026-09-19_03-47-49,T2c_He_scale_free_mix_00,T2c_He,He,scale_free,mix_00,continuous,chemtrails_gates_2018_2021,43,167,135,135,False,2.3133,2.2617,,True,2,2,0,133,False,2.2954887218045115,2.2532445544007076,,-0.017811278195488445
T2c_He_scale_free_mix_00_2026-09-19_03-47-49,T2c_He_scale_free_mix_00,T2c_He,He,scale_free,mix_00,continuous,sai_geoengineering,43,164,137,137,False,0.1635,0.157,,True,1,1,0,136,False,0.15,0.1443544759334233,,-0.013500000000000012
T2c_He_scale_free_mix_00_2026-09-19_03-47-49,T2c_He_scale_free_mix_00,T2c_He,He,scale_free,mix_00,continuous,paris_agreement,43,175,151,151,False,3.9795,3.9279,3.0,True,21,21,0,130,False,3.9069230769230767,3.797214722412091,3,-0.0725769230769231
T2c_He_scale_free_mix_00_2026-09-19_03-47-49,T2c_He_scale_free_mix_00,T2c_He,He,scale_free,mix_00,continuous,climate_consensus,43,1,0,0,True,,,,True,0,0,0,0,True,,,,
T2c_He_scale_free_mix_00_2026-09-19_03-47-49,T2c_He_scale_free_mix_00,T2c_He,He,scale_free,mix_00,continuous,polar_bears,43,175,151,151,False,0.0066,0.007,,True,22,22,0,129,False,0.007751937984496122,0.007638888888888888,,0.0011519379844961222
T2c_He_scale_free_mix_01_2026-09-19_03-50-20,T2c_He_scale_free_mix_01,T2c_He,He,scale_free,mix_01,continuous,scopex_2017,30,1,0,0,True,,,,True,0,0,0,0,True,,,,
T2c_He_scale_free_mix_01_2026-09-19_03-50-20,T2c_He_scale_free_mix_01,T2c_He,He,scale_free,mix_01,continuous,chemtrails_gates_2018_2021,30,173,138,138,False,2.521,2.4888,,True,0,0,0,138,False,2.521014492753623,2.488807650253084,,1.449275362297442e-05
T2c_He_scale_free_mix_01_2026-09-19_03-50-20,T2c_He_scale_free_mix_01,T2c_He,He,scale_free,mix_01,continuous,sai_geoengineering,30,178,153,153,False,0.0523,0.0511,,True,0,0,0,153,False,0.05228758169934639,0.05108830314422419,,-1.2418300653606329e-05
T2c_He_scale_free_mix_01_2026-09-19_03-50-20,T2c_He_scale_free_mix_01,T2c_He,He,scale_free,mix_01,continuous,paris_agreement,30,175,162,162,False,2.3895,2.356,8.0,True,24,24,0,138,False,2.2108695652173913,2.1643646480331262,8,-0.17863043478260865
T2c_He_scale_free_mix_01_2026-09-19_03-50-20,T2c_He_scale_free_mix_01,T2c_He,He,scale_free,mix_01,continuous,climate_consensus,30,179,154,154,False,1.724,1.6981,,True,6,6,0,148,False,1.760135135135135,1.7684006277949775,,0.03613513513513511
T2c_He_scale_free_mix_01_2026-09-19_03-50-20,T2c_He_scale_free_mix_01,T2c_He,He,scale_free,mix_01,continuous,polar_bears,30,178,151,151,False,0.0993,0.0983,,True,0,0,0,151,False,0.09933774834437084,0.0982612781954887,,3.7748344370841513e-05
T2c_He_scale_free_mix_02_2026-09-19_03-35-37,T2c_He_scale_free_mix_02,T2c_He,He,scale_free,mix_02,continuous,scopex_2017,217,174,150,150,False,0.026,0.0249,,True,0,0,0,150,False,0.025999999999999995,0.024861111111111108,,-3.469446951953614e-18
T2c_He_scale_free_mix_02_2026-09-19_03-35-37,T2c_He_scale_free_mix_02,T2c_He,He,scale_free,mix_02,continuous,chemtrails_gates_2018_2021,217,178,153,153,False,1.0451,1.0433,,True,0,0,0,153,False,1.0450980392156861,1.0432646180134904,,-1.960784313803643e-06
T2c_He_scale_free_mix_02_2026-09-19_03-35-37,T2c_He_scale_free_mix_02,T2c_He,He,scale_free,mix_02,continuous,sai_geoengineering,217,179,150,23,False,0.0,0.0,,True,0,0,127,23,False,0.0,0.0,,0.0
T2c_He_scale_free_mix_02_2026-09-19_03-35-37,T2c_He_scale_free_mix_02,T2c_He,He,scale_free,mix_02,continuous,paris_agreement,217,174,152,62,False,0.0161,0.0069,,True,0,0,90,62,False,0.016129032258064512,0.006944444444444443,,2.9032258064512484e-05
T2c_He_scale_free_mix_02_2026-09-19_03-35-37,T2c_He_scale_free_mix_02,T2c_He,He,scale_free,mix_02,continuous,climate_consensus,217,179,145,145,False,0.0966,0.1008,,True,0,0,0,145,False,0.09655172413793102,0.1007564484126984,,-4.827586206898604e-05
T2c_He_scale_free_mix_02_2026-09-19_03-35-37,T2c_He_scale_free_mix_02,T2c_He,He,scale_free,mix_02,continuous,polar_bears,217,178,151,151,False,0.0,0.0,,True,0,0,0,151,False,0.0,0.0,,0.0
T2c_He_scale_free_mix_03_2026-09-19_03-35-37,T2c_He_scale_free_mix_03,T2c_He,He,scale_free,mix_03,continuous,scopex_2017,0,1,0,0,True,,,,True,0,0,0,0,True,,,,
T2c_He_scale_free_mix_03_2026-09-19_03-35-37,T2c_He_scale_free_mix_03,T2c_He,He,scale_free,mix_03,continuous,chemtrails_gates_2018_2021,0,181,152,152,False,0.9447,0.9486,,True,0,0,0,152,False,0.9447368421052631,0.9486374637574327,,3.6842105263112934e-05
T2c_He_scale_free_mix_03_2026-09-19_03-35-37,T2c_He_scale_free_mix_03,T2c_He,He,scale_free,mix_03,continuous,sai_geoengineering,0,1,0,0,True,,,,True,0,0,0,0,True,,,,
T2c_He_scale_free_mix_03_2026-09-19_03-35-37,T2c_He_scale_free_mix_03,T2c_He,He,scale_free,mix_03,continuous,paris_agreement,0,1,0,0,True,,,,True,0,0,0,0,True,,,,
T2c_He_scale_free_mix_03_2026-09-19_03-35-37,T2c_He_scale_free_mix_03,T2c_He,He,scale_free,mix_03,continuous,climate_consensus,0,180,161,161,False,0.3447,0.3775,,True,0,0,0,161,False,0.3447204968944099,0.3774565902569335,,2.0496894409915978e-05
T2c_He_scale_free_mix_03_2026-09-19_03-35-37,T2c_He_scale_free_mix_03,T2c_He,He,scale_free,mix_03,continuous,polar_bears,0,180,151,151,False,0.0,0.0,,True,0,0,0,151,False,0.0,0.0,,0.0
T2c_He_scale_free_mix_04_2026-09-19_04-02-50,T2c_He_scale_free_mix_04,T2c_He,He,scale_free,mix_04,continuous,scopex_2017,0,171,143,143,False,0.5343,0.5672,,True,0,0,0,143,False,0.5342657342657342,0.5671500721500722,,-3.42657342657926e-05
T2c_He_scale_free_mix_04_2026-09-19_04-02-50,T2c_He_scale_free_mix_04,T2c_He,He,scale_free,mix_04,continuous,chemtrails_gates_2018_2021,0,176,152,152,False,1.1737,1.178,,True,0,0,0,152,False,1.1736842105263157,1.17802763719124,,-1.578947368430228e-05
T2c_He_scale_free_mix_04_2026-09-19_04-02-50,T2c_He_scale_free_mix_04,T2c_He,He,scale_free,mix_04,continuous,sai_geoengineering,0,177,151,151,False,0.0099,0.0086,,True,0,0,0,151,False,0.009933774834437083,0.008556547619047616,,3.3774834437082235e-05
T2c_He_scale_free_mix_04_2026-09-19_04-02-50,T2c_He_scale_free_mix_04,T2c_He,He,scale_free,mix_04,continuous,paris_agreement,0,1,0,0,True,,,,True,0,0,0,0,True,,,,
T2c_He_scale_free_mix_04_2026-09-19_04-02-50,T2c_He_scale_free_mix_04,T2c_He,He,scale_free,mix_04,continuous,climate_consensus,0,177,149,149,False,1.0752,1.1447,,True,0,0,0,149,False,1.0751677852348993,1.1447030032455392,,-3.2214765100624376e-05
T2c_He_scale_free_mix_04_2026-09-19_04-02-50,T2c_He_scale_free_mix_04,T2c_He,He,scale_free,mix_04,continuous,polar_bears,0,160,139,139,False,0.0396,0.0378,,True,0,0,0,139,False,0.039568345323741004,0.03779303556780336,,-3.1654676258999204e-05
T2c_He_scale_free_mix_05_2026-09-19_04-05-58,T2c_He_scale_free_mix_05,T2c_He,He,scale_free,mix_05,continuous,scopex_2017,297,176,152,152,False,0.3566,0.3554,,True,0,0,0,152,False,0.35657894736842105,0.35541141323043324,,-2.1052631578921677e-05
T2c_He_scale_free_mix_05_2026-09-19_04-05-58,T2c_He_scale_free_mix_05,T2c_He,He,scale_free,mix_05,continuous,chemtrails_gates_2018_2021,297,175,151,151,False,1.8285,1.8439,,True,1,1,0,150,False,1.8206666666666669,1.8415074143692565,,-0.007833333333333137
T2c_He_scale_free_mix_05_2026-09-19_04-05-58,T2c_He_scale_free_mix_05,T2c_He,He,scale_free,mix_05,continuous,sai_geoengineering,297,180,161,161,False,0.1491,0.1517,,True,0,0,0,161,False,0.14906832298136646,0.15165120682140132,,-3.167701863354688e-05
T2c_He_scale_free_mix_05_2026-09-19_04-05-58,T2c_He_scale_free_mix_05,T2c_He,He,scale_free,mix_05,continuous,paris_agreement,297,178,145,126,False,0.9889,0.9644,,True,0,0,19,126,False,0.9888888888888888,0.9643844716090096,,-1.1111111111183902e-05
T2c_He_scale_free_mix_05_2026-09-19_04-05-58,T2c_He_scale_free_mix_05,T2c_He,He,scale_free,mix_05,continuous,climate_consensus,297,164,146,17,False,1.0294,1.1563,,True,0,0,129,17,False,1.0294117647058822,1.15625,,1.1764705882155724e-05
T2c_He_scale_free_mix_05_2026-09-19_04-05-58,T2c_He_scale_free_mix_05,T2c_He,He,scale_free,mix_05,continuous,polar_bears,297,179,160,11,False,0.0,0.0,,True,0,0,149,11,False,0.0,0.0,,0.0
T2c_He_small_world_mix_00_2026-09-19_03-18-01,T2c_He_small_world_mix_00,T2c_He,He,small_world,mix_00,continuous,scopex_2017,0,1,0,0,True,,,,True,0,0,0,0,True,,,,
T2c_He_small_world_mix_00_2026-09-19_03-18-01,T2c_He_small_world_mix_00,T2c_He,He,small_world,mix_00,continuous,chemtrails_gates_2018_2021,0,180,147,147,False,2.5286,2.5385,,True,2,2,0,145,False,2.5220689655172412,2.5394511477836748,,-0.006531034482758713
T2c_He_small_world_mix_00_2026-09-19_03-18-01,T2c_He_small_world_mix_00,T2c_He,He,small_world,mix_00,continuous,sai_geoengineering,0,179,148,148,False,0.0845,0.0832,,True,1,1,0,147,False,0.08503401360544216,0.08316805340557275,,0.0005340136054421546
T2c_He_small_world_mix_00_2026-09-19_03-18-01,T2c_He_small_world_mix_00,T2c_He,He,small_world,mix_00,continuous,paris_agreement,0,179,153,153,False,3.1627,3.1282,5.0,True,0,0,0,153,False,3.1627450980392156,3.1281813197767145,5,4.5098039215485386e-05
T2c_He_small_world_mix_00_2026-09-19_03-18-01,T2c_He_small_world_mix_00,T2c_He,He,small_world,mix_00,continuous,climate_consensus,0,1,0,0,True,,,,True,0,0,0,0,True,,,,
T2c_He_small_world_mix_00_2026-09-19_03-18-01,T2c_He_small_world_mix_00,T2c_He,He,small_world,mix_00,continuous,polar_bears,0,176,153,153,False,0.281,0.2895,,True,0,0,0,153,False,0.28104575163398693,0.28954248366013075,,4.57516339869013e-05
T2c_He_small_world_mix_01_2026-09-19_03-21-24,T2c_He_small_world_mix_01,T2c_He,He,small_world,mix_01,continuous,scopex_2017,0,165,142,142,False,1.7218,1.7112,,True,0,0,0,142,False,1.721830985915493,1.7111807168042656,,3.098591549299812e-05
T2c_He_small_world_mix_01_2026-09-19_03-21-24,T2c_He_small_world_mix_01,T2c_He,He,small_world,mix_01,continuous,chemtrails_gates_2018_2021,0,1,0,0,True,,,,True,0,0,0,0,True,,,,
T2c_He_small_world_mix_01_2026-09-19_03-21-24,T2c_He_small_world_mix_01,T2c_He,He,small_world,mix_01,continuous,sai_geoengineering,0,180,148,148,False,0.0101,0.0102,,True,0,0,0,148,False,0.010135135135135132,0.010156249999999999,,3.5135135135132625e-05
T2c_He_small_world_mix_01_2026-09-19_03-21-24,T2c_He_small_world_mix_01,T2c_He,He,small_world,mix_01,continuous,paris_agreement,0,180,159,159,False,2.773,2.784,,True,0,0,0,159,False,2.772955974842767,2.7839925124754847,,-4.4025157233118506e-05
T2c_He_small_world_mix_01_2026-09-19_03-21-24,T2c_He_small_world_mix_01,T2c_He,He,small_world,mix_01,continuous,climate_consensus,0,1,0,0,True,,,,True,0,0,0,0,True,,,,
T2c_He_small_world_mix_01_2026-09-19_03-21-24,T2c_He_small_world_mix_01,T2c_He,He,small_world,mix_01,continuous,polar_bears,0,180,161,161,False,0.0062,0.0057,,True,0,0,0,161,False,0.006211180124223601,0.00568181818181818,,1.1180124223601415e-05
T2c_He_small_world_mix_02_2026-09-19_03-22-26,T2c_He_small_world_mix_02,T2c_He,He,small_world,mix_02,continuous,scopex_2017,0,181,150,150,False,0.4167,0.4228,,True,0,0,0,150,False,0.41666666666666663,0.4227629708183113,,-3.333333333338517e-05
T2c_He_small_world_mix_02_2026-09-19_03-22-26,T2c_He_small_world_mix_02,T2c_He,He,small_world,mix_02,continuous,chemtrails_gates_2018_2021,0,181,155,155,False,0.9226,0.9214,,True,0,0,0,155,False,0.9225806451612901,0.9214337928153716,,-1.9354838709850775e-05
T2c_He_small_world_mix_02_2026-09-19_03-22-26,T2c_He_small_world_mix_02,T2c_He,He,small_world,mix_02,continuous,sai_geoengineering,0,172,142,142,False,0.0352,0.0356,,True,0,0,0,142,False,0.0352112676056338,0.03558114035087719,,1.1267605633795419e-05
T2c_He_small_world_mix_02_2026-09-19_03-22-26,T2c_He_small_world_mix_02,T2c_He,He,small_world,mix_02,continuous,paris_agreement,0,181,154,154,False,0.0422,0.0445,,True,0,0,0,154,False,0.0422077922077922,0.04445505474917239,,7.792207792199635e-06
T2c_He_small_world_mix_02_2026-09-19_03-22-26,T2c_He_small_world_mix_02,T2c_He,He,small_world,mix_02,continuous,climate_consensus,0,181,160,160,False,0.15,0.1473,,True,0,0,0,160,False,0.14999999999999997,0.14726172982541602,,-2.7755575615628914e-17
T2c_He_small_world_mix_02_2026-09-19_03-22-26,T2c_He_small_world_mix_02,T2c_He,He,small_world,mix_02,continuous,polar_bears,0,173,143,143,False,0.0245,0.024,,True,0,0,0,143,False,0.02447552447552447,0.02398305813553491,,-2.4475524475531946e-05
T2c_He_small_world_mix_03_2026-09-19_03-23-28,T2c_He_small_world_mix_03,T2c_He,He,small_world,mix_03,continuous,scopex_2017,0,174,152,152,False,0.5704,0.5701,,True,0,0,0,152,False,0.5703947368421053,0.5701206140350877,,-5.263157894730419e-06
T2c_He_small_world_mix_03_2026-09-19_03-23-28,T2c_He_small_world_mix_03,T2c_He,He,small_world,mix_03,continuous,chemtrails_gates_2018_2021,0,1,0,0,True,,,,True,0,0,0,0,True,,,,
T2c_He_small_world_mix_03_2026-09-19_03-23-28,T2c_He_small_world_mix_03,T2c_He,He,small_world,mix_03,continuous,sai_geoengineering,0,175,152,152,False,0.0099,0.011,,True,0,0,0,152,False,0.00986842105263158,0.011029411764705885,,-3.157894736842068e-05
T2c_He_small_world_mix_03_2026-09-19_03-23-28,T2c_He_small_world_mix_03,T2c_He,He,small_world,mix_03,continuous,paris_agreement,0,174,153,153,False,0.9464,0.9599,,True,0,0,0,153,False,0.94640522875817,0.9599350649350649,,5.228758169995018e-06
T2c_He_small_world_mix_03_2026-09-19_03-23-28,T2c_He_small_world_mix_03,T2c_He,He,small_world,mix_03,continuous,climate_consensus,0,174,150,150,False,0.9233,0.8928,,True,0,0,0,150,False,0.9233333333333333,0.8928205931495405,,3.333333333332966e-05
T2c_He_small_world_mix_03_2026-09-19_03-23-28,T2c_He_small_world_mix_03,T2c_He,He,small_world,mix_03,continuous,polar_bears,0,164,142,142,False,0.007,0.0081,,True,0,0,0,142,False,0.007042253521126759,0.008140756302521007,,4.225352112675884e-05
T2c_He_small_world_mix_04_2026-09-19_03-37-44,T2c_He_small_world_mix_04,T2c_He,He,small_world,mix_04,continuous,scopex_2017,194,180,156,156,False,0.4615,0.4728,,True,0,0,0,156,False,0.46153846153846156,0.4727894546973494,,3.8461538461542766e-05
T2c_He_small_world_mix_04_2026-09-19_03-37-44,T2c_He_small_world_mix_04,T2c_He,He,small_world,mix_04,continuous,chemtrails_gates_2018_2021,194,178,141,123,False,1.2065,1.2199,,True,0,0,18,123,False,1.2065040650406502,1.2198860355545726,,4.065040650313989e-06
T2c_He_small_world_mix_04_2026-09-19_03-37-44,T2c_He_small_world_mix_04,T2c_He,He,small_world,mix_04,continuous,sai_geoengineering,194,173,141,17,False,0.0,0.0,,True,0,0,124,17,False,0.0,0.0,,0.0
T2c_He_small_world_mix_04_2026-09-19_03-37-44,T2c_He_small_world_mix_04,T2c_He,He,small_world,mix_04,continuous,paris_agreement,194,180,151,99,False,1.3424,1.3586,,True,0,0,52,99,False,1.3424242424242425,1.358640166592953,,2.424242424248213e-05
T2c_He_small_world_mix_04_2026-09-19_03-37-44,T2c_He_small_world_mix_04,T2c_He,He,small_world,mix_04,continuous,climate_consensus,194,179,157,157,False,1.1624,1.1345,,True,0,0,0,157,False,1.1624203821656052,1.134457969790787,,2.0382165605070668e-05
T2c_He_small_world_mix_04_2026-09-19_03-37-44,T2c_He_small_world_mix_04,T2c_He,He,small_world,mix_04,continuous,polar_bears,194,170,140,140,False,0.0443,0.0437,,True,0,0,0,140,False,0.04428571428571428,0.04374662145559978,,-1.4285714285716677e-05
T2c_He_small_world_mix_05_2026-09-19_03-41-18,T2c_He_small_world_mix_05,T2c_He,He,small_world,mix_05,continuous,scopex_2017,173,174,153,35,False,0.6143,0.6869,,True,0,0,118,35,False,0.6142857142857143,0.6868872549019608,,-1.428571428563341e-05
T2c_He_small_world_mix_05_2026-09-19_03-41-18,T2c_He_small_world_mix_05,T2c_He,He,small_world,mix_05,continuous,chemtrails_gates_2018_2021,173,151,139,84,False,1.0857,1.1631,,True,0,0,55,84,False,1.0857142857142859,1.163060661764706,,1.4285714285744433e-05
T2c_He_small_world_mix_05_2026-09-19_03-41-18,T2c_He_small_world_mix_05,T2c_He,He,small_world,mix_05,continuous,sai_geoengineering,173,163,139,139,False,0.0647,0.0654,,True,0,0,0,139,False,0.06474820143884892,0.06535544590643275,,4.8201438848927136e-05
T2c_He_small_world_mix_05_2026-09-19_03-41-18,T2c_He_small_world_mix_05,T2c_He,He,small_world,mix_05,continuous,paris_agreement,173,164,139,139,False,0.6079,0.6016,,True,0,0,0,139,False,0.6079136690647482,0.6016247036095139,,1.3669064748200732e-05
T2c_He_small_world_mix_05_2026-09-19_03-41-18,T2c_He_small_world_mix_05,T2c_He,He,small_world,mix_05,continuous,climate_consensus,173,163,130,130,False,2.1438,2.092,,True,0,0,0,130,False,2.143846153846154,2.0920392907960634,,4.615384615380691e-05
T2c_He_small_world_mix_05_2026-09-19_03-41-18,T2c_He_small_world_mix_05,T2c_He,He,small_world,mix_05,continuous,polar_bears,173,172,153,153,False,0.0392,0.0367,,True,0,0,0,153,False,0.039215686274509796,0.036656746031746026,,1.5686274509797704e-05
T2d_H_echo_chamber_biodiversity_food_security_2026-09-19_02-50-24,T2d_H_echo_chamber_biodiversity_food_security,T2d_H,H,echo_chamber,biodiversity_food_security,dual,scopex_2017,0,1,0,0,True,,,,True,0,0,0,0,True,,,,
T2d_H_echo_chamber_biodiversity_food_security_2026-09-19_02-50-24,T2d_H_echo_chamber_biodiversity_food_security,T2d_H,H,echo_chamber,biodiversity_food_security,dual,chemtrails_gates_2018_2021,0,145,125,125,False,2.0,2.0,,True,0,0,0,125,False,2.0,2.0,,0.0
T2d_H_echo_chamber_biodiversity_food_security_2026-09-19_02-50-24,T2d_H_echo_chamber_biodiversity_food_security,T2d_H,H,echo_chamber,biodiversity_food_security,dual,sai_geoengineering,0,156,126,126,False,1.0794,1.0756,,True,0,0,0,126,False,1.0793650793650793,1.075592320261438,,-3.492063492060993e-05
T2d_H_echo_chamber_biodiversity_food_security_2026-09-19_02-50-24,T2d_H_echo_chamber_biodiversity_food_security,T2d_H,H,echo_chamber,biodiversity_food_security,dual,paris_agreement,0,1,0,0,True,,,,True,0,0,0,0,True,,,,
T2d_H_echo_chamber_biodiversity_food_security_2026-09-19_02-50-24,T2d_H_echo_chamber_biodiversity_food_security,T2d_H,H,echo_chamber,biodiversity_food_security,dual,climate_consensus,0,166,148,148,False,1.9392,1.9321,,True,0,0,0,148,False,1.9391891891891893,1.9320793279432986,,-1.0810810810779614e-05
T2d_H_echo_chamber_biodiversity_food_security_2026-09-19_02-50-24,T2d_H_echo_chamber_biodiversity_food_security,T2d_H,H,echo_chamber,biodiversity_food_security,dual,polar_bears,0,158,133,133,False,0.609,0.5933,,True,0,0,0,133,False,0.6090225563909775,0.593344037176274,,2.2556390977479523e-05
T2d_H_echo_chamber_climate_action_advocate_2026-09-19_02-50-24,T2d_H_echo_chamber_climate_action_advocate,T2d_H,H,echo_chamber,climate_action_advocate,dual,scopex_2017,0,167,141,141,False,0.8085,0.8088,,True,0,0,0,141,False,0.8085106382978723,0.8088203411608732,,1.0638297872289648e-05
T2d_H_echo_chamber_climate_action_advocate_2026-09-19_02-50-24,T2d_H_echo_chamber_climate_action_advocate,T2d_H,H,echo_chamber,climate_action_advocate,dual,chemtrails_gates_2018_2021,0,1,0,0,True,,,,True,0,0,0,0,True,,,,
T2d_H_echo_chamber_climate_action_advocate_2026-09-19_02-50-24,T2d_H_echo_chamber_climate_action_advocate,T2d_H,H,echo_chamber,climate_action_advocate,dual,sai_geoengineering,0,135,117,117,False,2.7863,2.7769,,True,0,0,0,117,False,2.786324786324786,2.7769001831501834,,2.4786324785974756e-05
T2d_H_echo_chamber_climate_action_advocate_2026-09-19_02-50-24,T2d_H_echo_chamber_climate_action_advocate,T2d_H,H,echo_chamber,climate_action_advocate,dual,paris_agreement,0,165,136,136,False,0.0735,0.0708,,True,0,0,0,136,False,0.07352941176470588,0.0708032335741314,,2.941176470588891e-05
T2d_H_echo_chamber_climate_action_advocate_2026-09-19_02-50-24,T2d_H_echo_chamber_climate_action_advocate,T2d_H,H,echo_chamber,climate_action_advocate,dual,climate_consensus,0,156,129,129,False,1.186,1.1943,,True,0,0,0,129,False,1.186046511627907,1.194250945992432,,4.651162790714203e-05
T2d_H_echo_chamber_climate_action_advocate_2026-09-19_02-50-24,T2d_H_echo_chamber_climate_action_advocate,T2d_H,H,echo_chamber,climate_action_advocate,dual,polar_bears,0,167,145,145,False,1.0966,1.0789,,True,0,0,0,145,False,1.096551724137931,1.0789169199421673,,-4.82758620690138e-05
T2d_H_echo_chamber_climate_justice_youth_2026-09-19_02-50-24,T2d_H_echo_chamber_climate_justice_youth,T2d_H,H,echo_chamber,climate_justice_youth,dual,scopex_2017,0,157,137,137,False,2.6788,2.7051,8.0,True,0,0,0,137,False,2.678832116788321,2.7050982514217807,8,3.2116788321268075e-05
T2d_H_echo_chamber_climate_justice_youth_2026-09-19_02-50-24,T2d_H_echo_chamber_climate_justice_youth,T2d_H,H,echo_chamber,climate_justice_youth,dual,chemtrails_gates_2018_2021,0,164,143,143,False,1.7483,1.7765,,True,0,0,0,143,False,1.7482517482517483,1.776477879481312,,-4.825174825162648e-05
T2d_H_echo_chamber_climate_justice_youth_2026-09-19_02-50-24,T2d_H_echo_chamber_climate_justice_youth,T2d_H,H,echo_chamber,climate_justice_youth,dual,sai_geoengineering,0,157,133,133,False,1.0977,1.1061,,True,0,0,0,133,False,1.0977443609022557,1.106124456361492,,4.4360902255791146e-05
T2d_H_echo_chamber_climate_justice_youth_2026-09-19_02-50-24,T2d_H_echo_chamber_climate_justice_youth,T2d_H,H,echo_chamber,climate_justice_youth,dual,paris_agreement,0,156,131,131,False,0.2748,0.2684,,True,0,0,0,131,False,0.2748091603053435,0.26844915597818075,,9.16030534353629e-06
T2d_H_echo_chamber_climate_justice_youth_2026-09-19_02-50-24,T2d_H_echo_chamber_climate_justice_youth,T2d_H,H,echo_chamber,climate_justice_youth,dual,climate_consensus,0,146,123,123,False,1.9593,1.965,,True,0,0,0,123,False,1.9593495934959348,1.9650173227185612,,4.959349593480766e-05
T2d_H_echo_chamber_climate_justice_youth_2026-09-19_02-50-24,T2d_H_echo_chamber_climate_justice_youth,T2d_H,H,echo_chamber,climate_justice_youth,dual,polar_bears,0,167,143,143,False,1.1888,1.1862,,True,0,0,0,143,False,1.1888111888111887,1.186186974789916,,1.1188811188667103e-05
T2d_H_echo_chamber_climate_scientist_2026-09-19_02-50-24,T2d_H_echo_chamber_climate_scientist,T2d_H,H,echo_chamber,climate_scientist,dual,scopex_2017,0,160,143,143,False,0.007,0.0078,,True,0,0,0,143,False,0.006993006993006993,0.0078125,,-6.993006993007145e-06
T2d_H_echo_chamber_climate_scientist_2026-09-19_02-50-24,T2d_H_echo_chamber_climate_scientist,T2d_H,H,echo_chamber,climate_scientist,dual,chemtrails_gates_2018_2021,0,156,134,134,False,0.0149,0.0185,,True,0,0,0,134,False,0.014925373134328358,0.018543956043956044,,2.5373134328357874e-05
T2d_H_echo_chamber_climate_scientist_2026-09-19_02-50-24,T2d_H_echo_chamber_climate_scientist,T2d_H,H,echo_chamber,climate_scientist,dual,sai_geoengineering,0,158,134,134,False,1.0448,1.046,,True,0,0,0,134,False,1.044776119402985,1.0459558823529411,,-2.388059701496914e-05
T2d_H_echo_chamber_climate_scientist_2026-09-19_02-50-24,T2d_H_echo_chamber_climate_scientist,T2d_H,H,echo_chamber,climate_scientist,dual,paris_agreement,0,1,0,0,True,,,,True,0,0,0,0,True,,,,
T2d_H_echo_chamber_climate_scientist_2026-09-19_02-50-24,T2d_H_echo_chamber_climate_scientist,T2d_H,H,echo_chamber,climate_scientist,dual,climate_consensus,0,158,135,135,False,0.7333,0.7399,,True,0,0,0,135,False,0.7333333333333333,0.7398809523809524,,3.333333333332966e-05
T2d_H_echo_chamber_climate_scientist_2026-09-19_02-50-24,T2d_H_echo_chamber_climate_scientist,T2d_H,H,echo_chamber,climate_scientist,dual,polar_bears,0,156,136,136,False,1.6324,1.6398,,True,0,0,0,136,False,1.6323529411764706,1.6398088023088024,,-4.7058823529511074e-05
T2d_H_echo_chamber_conspiracy_believer_2026-09-19_03-07-58,T2d_H_echo_chamber_conspiracy_believer,T2d_H,H,echo_chamber,conspiracy_believer,dual,scopex_2017,0,163,144,144,False,4.1111,4.1252,1.0,True,8,8,0,136,False,4.095588235294118,4.102707489878543,1,-0.015511764705882669
T2d_H_echo_chamber_conspiracy_believer_2026-09-19_03-07-58,T2d_H_echo_chamber_conspiracy_believer,T2d_H,H,echo_chamber,conspiracy_believer,dual,chemtrails_gates_2018_2021,0,1,0,0,True,,,,True,0,0,0,0,True,,,,
T2d_H_echo_chamber_conspiracy_believer_2026-09-19_03-07-58,T2d_H_echo_chamber_conspiracy_believer,T2d_H,H,echo_chamber,conspiracy_believer,dual,sai_geoengineering,0,158,133,133,False,2.3534,2.3567,,True,8,8,0,125,False,2.336,2.3401103921663133,,-0.017400000000000304
T2d_H_echo_chamber_conspiracy_believer_2026-09-19_03-07-58,T2d_H_echo_chamber_conspiracy_believer,T2d_H,H,echo_chamber,conspiracy_believer,dual,paris_agreement,0,153,126,126,False,4.5159,4.5289,4.0,True,1,1,0,125,False,4.512,4.527569236426628,3,-0.0039000000000006807
T2d_H_echo_chamber_conspiracy_believer_2026-09-19_03-07-58,T2d_H_echo_chamber_conspiracy_believer,T2d_H,H,echo_chamber,conspiracy_believer,dual,climate_consensus,0,159,133,133,False,4.9925,4.9911,1.0,True,5,5,0,128,False,4.9921875,4.991071428571429,1,-0.0003124999999997158
T2d_H_echo_chamber_conspiracy_believer_2026-09-19_03-07-58,T2d_H_echo_chamber_conspiracy_believer,T2d_H,H,echo_chamber,conspiracy_believer,dual,polar_bears,0,140,116,116,False,1.3103,1.3149,,True,3,3,0,113,False,1.2566371681415929,1.2638217787114847,,-0.053662831858407145
T2d_H_echo_chamber_conspiracy_climate_piggyback_2026-09-19_03-11-22,T2d_H_echo_chamber_conspiracy_climate_piggyback,T2d_H,H,echo_chamber,conspiracy_climate_piggyback,dual,scopex_2017,0,158,133,133,False,1.2707,1.2577,,True,3,3,0,130,False,1.2692307692307692,1.2559597523219814,,-0.0014692307692307782
T2d_H_echo_chamber_conspiracy_climate_piggyback_2026-09-19_03-11-22,T2d_H_echo_chamber_conspiracy_climate_piggyback,T2d_H,H,echo_chamber,conspiracy_climate_piggyback,dual,chemtrails_gates_2018_2021,0,167,153,153,False,3.6471,3.6391,4.0,True,1,1,0,152,False,3.6578947368421053,3.650062656641604,4,0.010794736842105301
T2d_H_echo_chamber_conspiracy_climate_piggyback_2026-09-19_03-11-22,T2d_H_echo_chamber_conspiracy_climate_piggyback,T2d_H,H,echo_chamber,conspiracy_climate_piggyback,dual,sai_geoengineering,0,167,149,149,False,2.4631,2.4731,,True,0,0,0,149,False,2.4630872483221475,2.4730576441102756,,-1.2751677852307353e-05
T2d_H_echo_chamber_conspiracy_climate_piggyback_2026-09-19_03-11-22,T2d_H_echo_chamber_conspiracy_climate_piggyback,T2d_H,H,echo_chamber,conspiracy_climate_piggyback,dual,paris_agreement,0,164,143,143,False,2.5035,2.4825,,True,1,1,0,142,False,2.492957746478873,2.4733077598888524,,-0.01054225352112681
T2d_H_echo_chamber_conspiracy_climate_piggyback_2026-09-19_03-11-22,T2d_H_echo_chamber_conspiracy_climate_piggyback,T2d_H,H,echo_chamber,conspiracy_climate_piggyback,dual,climate_consensus,0,154,128,128,False,4.7344,4.7324,3.0,True,1,1,0,127,False,4.732283464566929,4.731963882887838,3,-0.0021165354330712205
T2d_H_echo_chamber_conspiracy_climate_piggyback_2026-09-19_03-11-22,T2d_H_echo_chamber_conspiracy_climate_piggyback,T2d_H,H,echo_chamber,conspiracy_climate_piggyback,dual,polar_bears,0,165,136,136,False,0.3897,0.3849,,True,0,0,0,136,False,0.3897058823529412,0.38488454592363264,,5.882352941188884e-06
T2d_H_echo_chamber_conspiracy_depopulation_2026-09-19_03-15-16,T2d_H_echo_chamber_conspiracy_depopulation,T2d_H,H,echo_chamber,conspiracy_depopulation,dual,scopex_2017,0,149,127,127,False,3.4488,3.456,4.0,True,0,0,0,127,False,3.4488188976377954,3.4559581285587475,4,1.88976377955008e-05
T2d_H_echo_chamber_conspiracy_depopulation_2026-09-19_03-15-16,T2d_H_echo_chamber_conspiracy_depopulation,T2d_H,H,echo_chamber,conspiracy_depopulation,dual,chemtrails_gates_2018_2021,0,165,143,143,False,4.9371,4.943,2.0,True,0,0,0,143,False,4.937062937062937,4.943046536796537,1,-3.706293706340347e-05
T2d_H_echo_chamber_conspiracy_depopulation_2026-09-19_03-15-16,T2d_H_echo_chamber_conspiracy_depopulation,T2d_H,H,echo_chamber,conspiracy_depopulation,dual,sai_geoengineering,0,161,135,135,False,1.0963,1.1112,,True,0,0,0,135,False,1.0962962962962963,1.111165698336751,,-3.7037037037279674e-06
T2d_H_echo_chamber_conspiracy_depopulation_2026-09-19_03-15-16,T2d_H_echo_chamber_conspiracy_depopulation,T2d_H,H,echo_chamber,conspiracy_depopulation,dual,paris_agreement,0,165,143,143,False,4.4476,4.4403,4.0,True,0,0,0,143,False,4.4475524475524475,4.440257128492423,3,-4.755244755294541e-05
T2d_H_echo_chamber_conspiracy_depopulation_2026-09-19_03-15-16,T2d_H_echo_chamber_conspiracy_depopulation,T2d_H,H,echo_chamber,conspiracy_depopulation,dual,climate_consensus,0,166,139,139,False,5.0,5.0,1.0,True,0,0,0,139,False,5.0,5.0,1,0.0
T2d_H_echo_chamber_conspiracy_depopulation_2026-09-19_03-15-16,T2d_H_echo_chamber_conspiracy_depopulation,T2d_H,H,echo_chamber,conspiracy_depopulation,dual,polar_bears,0,159,138,138,False,0.913,0.9151,,True,0,0,0,138,False,0.9130434782608695,0.9151348039215687,,4.347826086947837e-05
T2d_H_echo_chamber_conspiracy_haarp_weather_2026-09-19_03-15-42,T2d_H_echo_chamber_conspiracy_haarp_weather,T2d_H,H,echo_chamber,conspiracy_haarp_weather,dual,scopex_2017,0,164,144,144,False,3.9931,3.9986,2.0,True,0,0,0,144,False,3.9930555555555554,3.9986176378446117,2,-4.444444444473561e-05
T2d_H_echo_chamber_conspiracy_haarp_weather_2026-09-19_03-15-42,T2d_H_echo_chamber_conspiracy_haarp_weather,T2d_H,H,echo_chamber,conspiracy_haarp_weather,dual,chemtrails_gates_2018_2021,0,136,104,104,False,4.625,4.6185,3.0,True,0,0,0,104,False,4.625,4.618466174348527,1,0.0
T2d_H_echo_chamber_conspiracy_haarp_weather_2026-09-19_03-15-42,T2d_H_echo_chamber_conspiracy_haarp_weather,T2d_H,H,echo_chamber,conspiracy_haarp_weather,dual,sai_geoengineering,0,163,141,141,False,1.9574,1.9659,,True,1,1,0,140,False,1.9428571428571428,1.9506918337510442,,-0.01454285714285719
T2d_H_echo_chamber_conspiracy_haarp_weather_2026-09-19_03-15-42,T2d_H_echo_chamber_conspiracy_haarp_weather,T2d_H,H,echo_chamber,conspiracy_haarp_weather,dual,paris_agreement,0,154,129,129,False,3.814,3.8439,8.0,True,0,0,0,129,False,3.813953488372093,3.8439165409753646,3,-4.6511627906919983e-05
T2d_H_echo_chamber_conspiracy_haarp_weather_2026-09-19_03-15-42,T2d_H_echo_chamber_conspiracy_haarp_weather,T2d_H,H,echo_chamber,conspiracy_haarp_weather,dual,climate_consensus,0,164,145,145,False,5.0,5.0,1.0,True,0,0,0,145,False,5.0,5.0,1,0.0
T2d_H_echo_chamber_conspiracy_haarp_weather_2026-09-19_03-15-42,T2d_H_echo_chamber_conspiracy_haarp_weather,T2d_H,H,echo_chamber,conspiracy_haarp_weather,dual,polar_bears,0,162,140,140,False,0.5429,0.5359,,True,0,0,0,140,False,0.5428571428571428,0.5359331232492998,,-4.28571428572333e-05
T2d_H_echo_chamber_environmental_concern_2026-09-19_03-32-51,T2d_H_echo_chamber_environmental_concern,T2d_H,H,echo_chamber,environmental_concern,dual,scopex_2017,0,165,141,141,False,0.1773,0.1752,,True,0,0,0,141,False,0.1773049645390071,0.17522943387881468,,4.964539007085156e-06
T2d_H_echo_chamber_environmental_concern_2026-09-19_03-32-51,T2d_H_echo_chamber_environmental_concern,T2d_H,H,echo_chamber,environmental_concern,dual,chemtrails_gates_2018_2021,0,142,120,120,False,1.875,1.8812,,True,0,0,0,120,False,1.875,1.8811799719887956,,0.0
T2d_H_echo_chamber_environmental_concern_2026-09-19_03-32-51,T2d_H_echo_chamber_environmental_concern,T2d_H,H,echo_chamber,environmental_concern,dual,sai_geoengineering,0,1,0,0,True,,,,True,0,0,0,0,True,,,,
T2d_H_echo_chamber_environmental_concern_2026-09-19_03-32-51,T2d_H_echo_chamber_environmental_concern,T2d_H,H,echo_chamber,environmental_concern,dual,paris_agreement,0,166,140,140,False,0.4786,0.4583,,True,0,0,0,140,False,0.4785714285714286,0.45827876730589073,,-2.8571428571433355e-05
T2d_H_echo_chamber_environmental_concern_2026-09-19_03-32-51,T2d_H_echo_chamber_environmental_concern,T2d_H,H,echo_chamber,environmental_concern,dual,climate_consensus,0,161,136,136,False,0.625,0.6314,,True,0,0,0,136,False,0.625,0.6313575109530992,,0.0
T2d_H_echo_chamber_environmental_concern_2026-09-19_03-32-51,T2d_H_echo_chamber_environmental_concern,T2d_H,H,echo_chamber,environmental_concern,dual,polar_bears,0,163,137,137,False,1.2336,1.2381,,True,0,0,0,137,False,1.2335766423357664,1.2380952380952381,,-2.3357664233669695e-05
T2d_H_echo_chamber_mitigation_first_policy_2026-09-19_03-38-45,T2d_H_echo_chamber_mitigation_first_policy,T2d_H,H,echo_chamber,mitigation_first_policy,dual,scopex_2017,206,137,106,106,False,0.066,0.0566,,True,0,0,0,106,False,0.0660377358490566,0.05661293363499246,,3.773584905659988e-05
T2d_H_echo_chamber_mitigation_first_policy_2026-09-19_03-38-45,T2d_H_echo_chamber_mitigation_first_policy,T2d_H,H,echo_chamber,mitigation_first_policy,dual,chemtrails_gates_2018_2021,206,167,136,136,False,0.1691,0.1604,,True,0,0,0,136,False,0.16911764705882354,0.1604252665978672,,1.7647058823538897e-05
T2d_H_echo_chamber_mitigation_first_policy_2026-09-19_03-38-45,T2d_H_echo_chamber_mitigation_first_policy,T2d_H,H,echo_chamber,mitigation_first_policy,dual,sai_geoengineering,206,1,0,0,True,,,,True,0,0,0,0,True,,,,
T2d_H_echo_chamber_mitigation_first_policy_2026-09-19_03-38-45,T2d_H_echo_chamber_mitigation_first_policy,T2d_H,H,echo_chamber,mitigation_first_policy,dual,paris_agreement,206,140,121,121,False,1.1653,1.1592,,True,0,0,0,121,False,1.165289256198347,1.1591810966810967,,-1.0743801653001483e-05
T2d_H_echo_chamber_mitigation_first_policy_2026-09-19_03-38-45,T2d_H_echo_chamber_mitigation_first_policy,T2d_H,H,echo_chamber,mitigation_first_policy,dual,climate_consensus,206,162,130,130,False,0.5923,0.5916,,True,0,0,0,130,False,0.5923076923076923,0.591638953152111,,7.692307692264144e-06
T2d_H_echo_chamber_mitigation_first_policy_2026-09-19_03-38-45,T2d_H_echo_chamber_mitigation_first_policy,T2d_H,H,echo_chamber,mitigation_first_policy,dual,polar_bears,206,166,140,28,False,0.6071,0.5789,,True,0,0,112,28,False,0.6071428571428571,0.5789473684210527,,4.285714285712228e-05
T2d_H_echo_chamber_ozone_stratosphere_specialist_2026-09-19_03-40-35,T2d_H_echo_chamber_ozone_stratosphere_specialist,T2d_H,H,echo_chamber,ozone_stratosphere_specialist,dual,scopex_2017,129,167,140,140,False,0.0071,0.0083,,True,0,0,0,140,False,0.007142857142857143,0.008333333333333333,,4.2857142857142226e-05
T2d_H_echo_chamber_ozone_stratosphere_specialist_2026-09-19_03-40-35,T2d_H_echo_chamber_ozone_stratosphere_specialist,T2d_H,H,echo_chamber,ozone_stratosphere_specialist,dual,chemtrails_gates_2018_2021,129,166,139,139,False,1.9209,1.9347,,True,0,0,0,139,False,1.920863309352518,1.9346677815863187,,-3.6690647482018335e-05
T2d_H_echo_chamber_ozone_stratosphere_specialist_2026-09-19_03-40-35,T2d_H_echo_chamber_ozone_stratosphere_specialist,T2d_H,H,echo_chamber,ozone_stratosphere_specialist,dual,sai_geoengineering,129,160,135,135,False,1.0815,1.0778,,True,0,0,0,135,False,1.0814814814814815,1.0778299148606811,,-1.8518518518417793e-05
T2d_H_echo_chamber_ozone_stratosphere_specialist_2026-09-19_03-40-35,T2d_H_echo_chamber_ozone_stratosphere_specialist,T2d_H,H,echo_chamber,ozone_stratosphere_specialist,dual,paris_agreement,129,167,138,65,False,0.6615,0.4548,,True,0,0,73,65,False,0.6615384615384615,0.45479797979797976,,3.8461538461542766e-05
T2d_H_echo_chamber_ozone_stratosphere_specialist_2026-09-19_03-40-35,T2d_H_echo_chamber_ozone_stratosphere_specialist,T2d_H,H,echo_chamber,ozone_stratosphere_specialist,dual,climate_consensus,129,1,0,0,True,,,,True,0,0,0,0,True,,,,
T2d_H_echo_chamber_ozone_stratosphere_specialist_2026-09-19_03-40-35,T2d_H_echo_chamber_ozone_stratosphere_specialist,T2d_H,H,echo_chamber,ozone_stratosphere_specialist,dual,polar_bears,129,1,0,0,True,,,,True,0,0,0,0,True,,,,
T2d_H_echo_chamber_science_journalist_2026-09-19_03-42-36,T2d_H_echo_chamber_science_journalist,T2d_H,H,echo_chamber,science_journalist,dual,scopex_2017,407,162,137,137,False,0.146,0.1479,,True,0,0,0,137,False,0.145985401459854,0.14789017580716496,,-1.4598540145988048e-05
T2d_H_echo_chamber_science_journalist_2026-09-19_03-42-36,T2d_H_echo_chamber_science_journalist,T2d_H,H,echo_chamber,science_journalist,dual,chemtrails_gates_2018_2021,407,4,1,1,True,0.0,0.0,,True,0,0,0,1,True,0.0,0.0,,0.0
T2d_H_echo_chamber_science_journalist_2026-09-19_03-42-36,T2d_H_echo_chamber_science_journalist,T2d_H,H,echo_chamber,science_journalist,dual,sai_geoengineering,407,165,142,142,False,1.0352,1.0349,,True,0,0,0,142,False,1.0352112676056338,1.0349389097744361,,1.1267605633857869e-05
T2d_H_echo_chamber_science_journalist_2026-09-19_03-42-36,T2d_H_echo_chamber_science_journalist,T2d_H,H,echo_chamber,science_journalist,dual,paris_agreement,407,157,135,39,False,0.4615,0.4206,,True,0,0,96,39,False,0.46153846153846156,0.42063492063492064,,3.8461538461542766e-05
T2d_H_echo_chamber_science_journalist_2026-09-19_03-42-36,T2d_H_echo_chamber_science_journalist,T2d_H,H,echo_chamber,science_journalist,dual,climate_consensus,407,1,0,0,True,,,,True,0,0,0,0,True,,,,
T2d_H_echo_chamber_science_journalist_2026-09-19_03-42-36,T2d_H_echo_chamber_science_journalist,T2d_H,H,echo_chamber,science_journalist,dual,polar_bears,407,165,138,8,False,1.375,1.1333,,True,0,0,130,8,False,1.375,1.1333333333333333,,0.0
T2d_H_hierarchical_biodiversity_food_security_2026-09-19_03-55-30,T2d_H_hierarchical_biodiversity_food_security,T2d_H,H,hierarchical,biodiversity_food_security,dual,scopex_2017,29,69,57,57,False,0.5439,0.5426,,True,0,0,0,57,False,0.543859649122807,0.5425865800865801,,-4.035087719300723e-05
T2d_H_hierarchical_biodiversity_food_security_2026-09-19_03-55-30,T2d_H_hierarchical_biodiversity_food_security,T2d_H,H,hierarchical,biodiversity_food_security,dual,chemtrails_gates_2018_2021,29,78,70,70,False,1.8857,1.8933,,True,3,3,0,67,False,1.8805970149253732,1.8932692307692307,,-0.005102985074626698
T2d_H_hierarchical_biodiversity_food_security_2026-09-19_03-55-30,T2d_H_hierarchical_biodiversity_food_security,T2d_H,H,hierarchical,biodiversity_food_security,dual,sai_geoengineering,29,69,60,60,False,0.8333,0.8112,,True,24,24,0,36,False,0.9444444444444444,0.9458333333333333,,0.11114444444444438
T2d_H_hierarchical_biodiversity_food_security_2026-09-19_03-55-30,T2d_H_hierarchical_biodiversity_food_security,T2d_H,H,hierarchical,biodiversity_food_security,dual,paris_agreement,29,81,67,67,False,0.3881,0.3997,,True,2,2,0,65,False,0.36923076923076925,0.37727411477411477,,-0.01886923076923075
T2d_H_hierarchical_biodiversity_food_security_2026-09-19_03-55-30,T2d_H_hierarchical_biodiversity_food_security,T2d_H,H,hierarchical,biodiversity_food_security,dual,climate_consensus,29,1,0,0,True,,,,True,0,0,0,0,True,,,,
T2d_H_hierarchical_biodiversity_food_security_2026-09-19_03-55-30,T2d_H_hierarchical_biodiversity_food_security,T2d_H,H,hierarchical,biodiversity_food_security,dual,polar_bears,29,80,68,68,False,0.8235,0.8473,,True,0,0,0,68,False,0.8235294117647058,0.8473484848484848,,2.94117647058334e-05
T2d_H_hierarchical_climate_action_advocate_2026-09-19_03-57-42,T2d_H_hierarchical_climate_action_advocate,T2d_H,H,hierarchical,climate_action_advocate,dual,scopex_2017,27,77,62,62,False,0.4032,0.473,,True,25,25,0,37,False,0.4594594594594595,0.4666666666666667,,0.05625945945945948
T2d_H_hierarchical_climate_action_advocate_2026-09-19_03-57-42,T2d_H_hierarchical_climate_action_advocate,T2d_H,H,hierarchical,climate_action_advocate,dual,chemtrails_gates_2018_2021,27,65,57,57,False,1.9298,1.9523,,True,2,2,0,55,False,1.9272727272727272,1.9494949494949494,,-0.0025272727272727114
T2d_H_hierarchical_climate_action_advocate_2026-09-19_03-57-42,T2d_H_hierarchical_climate_action_advocate,T2d_H,H,hierarchical,climate_action_advocate,dual,sai_geoengineering,27,1,0,0,True,,,,True,0,0,0,0,True,,,,
T2d_H_hierarchical_climate_action_advocate_2026-09-19_03-57-42,T2d_H_hierarchical_climate_action_advocate,T2d_H,H,hierarchical,climate_action_advocate,dual,paris_agreement,27,76,65,65,False,0.1538,0.1652,,True,0,0,0,65,False,0.15384615384615385,0.16517857142857142,,4.615384615386242e-05
T2d_H_hierarchical_climate_action_advocate_2026-09-19_03-57-42,T2d_H_hierarchical_climate_action_advocate,T2d_H,H,hierarchical,climate_action_advocate,dual,climate_consensus,27,85,77,77,False,0.7403,0.7284,,True,0,0,0,77,False,0.7402597402597403,0.728422965922966,,-4.0259740259673826e-05
T2d_H_hierarchical_climate_action_advocate_2026-09-19_03-57-42,T2d_H_hierarchical_climate_action_advocate,T2d_H,H,hierarchical,climate_action_advocate,dual,polar_bears,27,1,0,0,True,,,,True,0,0,0,0,True,,,,
T2d_H_hierarchical_climate_justice_youth_2026-09-19_03-57-50,T2d_H_hierarchical_climate_justice_youth,T2d_H,H,hierarchical,climate_justice_youth,dual,scopex_2017,13,69,61,61,False,1.2623,1.3254,,True,13,13,0,48,False,1.5208333333333333,1.546875,,0.2585333333333333
T2d_H_hierarchical_climate_justice_youth_2026-09-19_03-57-50,T2d_H_hierarchical_climate_justice_youth,T2d_H,H,hierarchical,climate_justice_youth,dual,chemtrails_gates_2018_2021,13,80,68,68,False,2.0,2.0,,True,0,0,0,68,False,2.0,2.0,,0.0
T2d_H_hierarchical_climate_justice_youth_2026-09-19_03-57-50,T2d_H_hierarchical_climate_justice_youth,T2d_H,H,hierarchical,climate_justice_youth,dual,sai_geoengineering,13,50,38,38,False,1.3684,1.2113,,True,0,0,0,38,False,1.368421052631579,1.2113095238095237,,2.1052631578921677e-05
T2d_H_hierarchical_climate_justice_youth_2026-09-19_03-57-50,T2d_H_hierarchical_climate_justice_youth,T2d_H,H,hierarchical,climate_justice_youth,dual,paris_agreement,13,74,63,63,False,0.1746,0.1444,,True,0,0,0,63,False,0.1746031746031746,0.14444444444444443,,3.1746031745882863e-06
T2d_H_hierarchical_climate_justice_youth_2026-09-19_03-57-50,T2d_H_hierarchical_climate_justice_youth,T2d_H,H,hierarchical,climate_justice_youth,dual,climate_consensus,13,79,71,71,False,1.6197,1.5893,,True,0,0,0,71,False,1.619718309859155,1.5892857142857142,,1.8309859155074548e-05
T2d_H_hierarchical_climate_justice_youth_2026-09-19_03-57-50,T2d_H_hierarchical_climate_justice_youth,T2d_H,H,hierarchical,climate_justice_youth,dual,polar_bears,13,82,70,70,False,0.9286,0.9599,,True,0,0,0,70,False,0.9285714285714286,0.9599386724386725,,-2.8571428571377844e-05
T2d_H_hierarchical_climate_scientist_2026-09-19_03-58-00,T2d_H_hierarchical_climate_scientist,T2d_H,H,hierarchical,climate_scientist,dual,scopex_2017,41,75,64,64,False,0.0,0.0,,True,33,33,0,31,False,0.0,0.0,,0.0
T2d_H_hierarchical_climate_scientist_2026-09-19_03-58-00,T2d_H_hierarchical_climate_scientist,T2d_H,H,hierarchical,climate_scientist,dual,chemtrails_gates_2018_2021,41,54,43,43,False,0.186,0.2122,,True,8,8,0,35,False,0.22857142857142856,0.2763605442176871,,0.042571428571428566
T2d_H_hierarchical_climate_scientist_2026-09-19_03-58-00,T2d_H_hierarchical_climate_scientist,T2d_H,H,hierarchical,climate_scientist,dual,sai_geoengineering,41,79,63,63,False,1.5556,1.5587,,True,0,0,0,63,False,1.5555555555555556,1.558685064935065,,-4.4444444444513564e-05
T2d_H_hierarchical_climate_scientist_2026-09-19_03-58-00,T2d_H_hierarchical_climate_scientist,T2d_H,H,hierarchical,climate_scientist,dual,paris_agreement,41,1,0,0,True,,,,True,0,0,0,0,True,,,,
T2d_H_hierarchical_climate_scientist_2026-09-19_03-58-00,T2d_H_hierarchical_climate_scientist,T2d_H,H,hierarchical,climate_scientist,dual,climate_consensus,41,78,67,67,False,0.6418,0.6456,,True,0,0,0,67,False,0.6417910447761194,0.6456259018759019,,-8.955223880668939e-06
T2d_H_hierarchical_climate_scientist_2026-09-19_03-58-00,T2d_H_hierarchical_climate_scientist,T2d_H,H,hierarchical,climate_scientist,dual,polar_bears,41,66,58,58,False,1.5,1.4312,,True,0,0,0,58,False,1.5,1.4312229437229438,,0.0
T2d_H_hierarchical_conspiracy_believer_2026-09-19_04-05-15,T2d_H_hierarchical_conspiracy_believer,T2d_H,H,hierarchical,conspiracy_believer,dual,scopex_2017,0,82,71,71,False,3.5775,3.5885,7.0,True,0,0,0,71,False,3.5774647887323945,3.588474025974026,7,-3.521126760563931e-05
T2d_H_hierarchical_conspiracy_believer_2026-09-19_04-05-15,T2d_H_hierarchical_conspiracy_believer,T2d_H,H,hierarchical,conspiracy_believer,dual,chemtrails_gates_2018_2021,0,44,35,35,False,3.0,3.0524,7.0,True,3,3,0,32,False,2.9375,3.0166666666666666,,-0.0625
T2d_H_hierarchical_conspiracy_believer_2026-09-19_04-05-15,T2d_H_hierarchical_conspiracy_believer,T2d_H,H,hierarchical,conspiracy_believer,dual,sai_geoengineering,0,77,63,63,False,1.5873,1.6209,,True,0,0,0,63,False,1.5873015873015872,1.6209415584415585,,1.5873015872802654e-06
T2d_H_hierarchical_conspiracy_believer_2026-09-19_04-05-15,T2d_H_hierarchical_conspiracy_believer,T2d_H,H,hierarchical,conspiracy_believer,dual,paris_agreement,0,84,75,75,False,4.6667,4.6772,3.0,True,2,2,0,73,False,4.657534246575342,4.67165854978355,2,-0.009165753424657197
T2d_H_hierarchical_conspiracy_believer_2026-09-19_04-05-15,T2d_H_hierarchical_conspiracy_believer,T2d_H,H,hierarchical,conspiracy_believer,dual,climate_consensus,0,82,70,70,False,5.0,5.0,1.0,True,6,6,0,64,False,5.0,5.0,1,0.0
T2d_H_hierarchical_conspiracy_believer_2026-09-19_04-05-15,T2d_H_hierarchical_conspiracy_believer,T2d_H,H,hierarchical,conspiracy_believer,dual,polar_bears,0,74,62,62,False,1.129,1.0697,,True,1,1,0,61,False,1.1475409836065573,1.0946924603174604,,0.018540983606557315
T2d_H_hierarchical_conspiracy_climate_piggyback_2026-09-19_04-05-59,T2d_H_hierarchical_conspiracy_climate_piggyback,T2d_H,H,hierarchical,conspiracy_climate_piggyback,dual,scopex_2017,0,74,65,65,False,2.5231,2.5165,7.0,True,0,0,0,65,False,2.523076923076923,2.516468253968254,7,-2.3076923076903455e-05
T2d_H_hierarchical_conspiracy_climate_piggyback_2026-09-19_04-05-59,T2d_H_hierarchical_conspiracy_climate_piggyback,T2d_H,H,hierarchical,conspiracy_climate_piggyback,dual,chemtrails_gates_2018_2021,0,76,68,68,False,3.7941,3.8901,6.0,True,1,1,0,67,False,3.7761194029850746,3.8692640692640694,5,-0.01798059701492516
T2d_H_hierarchical_conspiracy_climate_piggyback_2026-09-19_04-05-59,T2d_H_hierarchical_conspiracy_climate_piggyback,T2d_H,H,hierarchical,conspiracy_climate_piggyback,dual,sai_geoengineering,0,84,72,72,False,1.7778,1.7677,,True,0,0,0,72,False,1.7777777777777777,1.7677308802308802,,-2.2222222222367805e-05
T2d_H_hierarchical_conspiracy_climate_piggyback_2026-09-19_04-05-59,T2d_H_hierarchical_conspiracy_climate_piggyback,T2d_H,H,hierarchical,conspiracy_climate_piggyback,dual,paris_agreement,0,1,0,0,True,,,,True,0,0,0,0,True,,,,
T2d_H_hierarchical_conspiracy_climate_piggyback_2026-09-19_04-05-59,T2d_H_hierarchical_conspiracy_climate_piggyback,T2d_H,H,hierarchical,conspiracy_climate_piggyback,dual,climate_consensus,0,60,46,46,False,4.4348,4.4104,3.0,True,0,0,0,46,False,4.434782608695652,4.41038961038961,2,-1.739130434774694e-05
T2d_H_hierarchical_conspiracy_climate_piggyback_2026-09-19_04-05-59,T2d_H_hierarchical_conspiracy_climate_piggyback,T2d_H,H,hierarchical,conspiracy_climate_piggyback,dual,polar_bears,0,66,51,51,False,0.7059,0.6442,,True,0,0,0,51,False,0.7058823529411765,0.6442460317460318,,-1.764705882345563e-05
T2d_H_hierarchical_conspiracy_depopulation_2026-09-19_04-06-38,T2d_H_hierarchical_conspiracy_depopulation,T2d_H,H,hierarchical,conspiracy_depopulation,dual,scopex_2017,0,77,68,68,False,4.1029,4.1538,1.0,True,0,0,0,68,False,4.102941176470588,4.153787878787879,1,4.11764705878781e-05
T2d_H_hierarchical_conspiracy_depopulation_2026-09-19_04-06-38,T2d_H_hierarchical_conspiracy_depopulation,T2d_H,H,hierarchical,conspiracy_depopulation,dual,chemtrails_gates_2018_2021,0,66,58,58,False,4.0517,4.0676,3.0,True,0,0,0,58,False,4.051724137931035,4.067613636363636,3,2.4137931034395876e-05
T2d_H_hierarchical_conspiracy_depopulation_2026-09-19_04-06-38,T2d_H_hierarchical_conspiracy_depopulation,T2d_H,H,hierarchical,conspiracy_depopulation,dual,sai_geoengineering,0,1,0,0,True,,,,True,0,0,0,0,True,,,,
T2d_H_hierarchical_conspiracy_depopulation_2026-09-19_04-06-38,T2d_H_hierarchical_conspiracy_depopulation,T2d_H,H,hierarchical,conspiracy_depopulation,dual,paris_agreement,0,1,0,0,True,,,,True,0,0,0,0,True,,,,
T2d_H_hierarchical_conspiracy_depopulation_2026-09-19_04-06-38,T2d_H_hierarchical_conspiracy_depopulation,T2d_H,H,hierarchical,conspiracy_depopulation,dual,climate_consensus,0,83,71,71,False,4.9437,4.9353,1.0,True,0,0,0,71,False,4.943661971830986,4.935267857142857,1,-3.802816901377071e-05
T2d_H_hierarchical_conspiracy_depopulation_2026-09-19_04-06-38,T2d_H_hierarchical_conspiracy_depopulation,T2d_H,H,hierarchical,conspiracy_depopulation,dual,polar_bears,0,1,0,0,True,,,,True,0,0,0,0,True,,,,
T2d_H_hierarchical_conspiracy_haarp_weather_2026-09-19_04-09-49,T2d_H_hierarchical_conspiracy_haarp_weather,T2d_H,H,hierarchical,conspiracy_haarp_weather,dual,scopex_2017,0,81,73,73,False,3.6986,3.7034,5.0,True,0,0,0,73,False,3.6986301369863015,3.7033577533577535,5,3.013698630160988e-05
T2d_H_hierarchical_conspiracy_haarp_weather_2026-09-19_04-09-49,T2d_H_hierarchical_conspiracy_haarp_weather,T2d_H,H,hierarchical,conspiracy_haarp_weather,dual,chemtrails_gates_2018_2021,0,75,66,66,False,3.6667,3.6757,8.0,True,0,0,0,66,False,3.6666666666666665,3.6757305194805197,3,-3.333333333355171e-05
T2d_H_hierarchical_conspiracy_haarp_weather_2026-09-19_04-09-49,T2d_H_hierarchical_conspiracy_haarp_weather,T2d_H,H,hierarchical,conspiracy_haarp_weather,dual,sai_geoengineering,0,63,45,45,False,1.2667,1.3131,,True,0,0,0,45,False,1.2666666666666666,1.313095238095238,,-3.333333333332966e-05
T2d_H_hierarchical_conspiracy_haarp_weather_2026-09-19_04-09-49,T2d_H_hierarchical_conspiracy_haarp_weather,T2d_H,H,hierarchical,conspiracy_haarp_weather,dual,paris_agreement,0,55,50,50,False,3.3,3.3531,6.0,True,0,0,0,50,False,3.3,3.353125,6,0.0
T2d_H_hierarchical_conspiracy_haarp_weather_2026-09-19_04-09-49,T2d_H_hierarchical_conspiracy_haarp_weather,T2d_H,H,hierarchical,conspiracy_haarp_weather,dual,climate_consensus,0,75,65,65,False,4.9385,4.9479,1.0,True,0,0,0,65,False,4.938461538461539,4.947916666666667,1,-3.846153846165379e-05
T2d_H_hierarchical_conspiracy_haarp_weather_2026-09-19_04-09-49,T2d_H_hierarchical_conspiracy_haarp_weather,T2d_H,H,hierarchical,conspiracy_haarp_weather,dual,polar_bears,0,55,44,44,False,0.8636,0.9809,,True,0,0,0,44,False,0.8636363636363636,0.9809027777777778,,3.636363636361217e-05
T2d_H_hierarchical_environmental_concern_2026-09-19_04-13-49,T2d_H_hierarchical_environmental_concern,T2d_H,H,hierarchical,environmental_concern,dual,scopex_2017,0,78,68,68,False,0.0,0.0,,True,0,0,0,68,False,0.0,0.0,,0.0
T2d_H_hierarchical_environmental_concern_2026-09-19_04-13-49,T2d_H_hierarchical_environmental_concern,T2d_H,H,hierarchical,environmental_concern,dual,chemtrails_gates_2018_2021,0,72,59,59,False,2.0,2.0,,True,0,0,0,59,False,2.0,2.0,,0.0
T2d_H_hierarchical_environmental_concern_2026-09-19_04-13-49,T2d_H_hierarchical_environmental_concern,T2d_H,H,hierarchical,environmental_concern,dual,sai_geoengineering,0,66,53,53,False,1.0377,1.0128,,True,0,0,0,53,False,1.0377358490566038,1.0128472222222222,,3.5849056603698415e-05
T2d_H_hierarchical_environmental_concern_2026-09-19_04-13-49,T2d_H_hierarchical_environmental_concern,T2d_H,H,hierarchical,environmental_concern,dual,paris_agreement,0,61,46,46,False,0.2609,0.2472,,True,0,0,0,46,False,0.2608695652173913,0.24717261904761906,,-3.0434782608723676e-05
T2d_H_hierarchical_environmental_concern_2026-09-19_04-13-49,T2d_H_hierarchical_environmental_concern,T2d_H,H,hierarchical,environmental_concern,dual,climate_consensus,0,76,63,63,False,0.6825,0.6563,,True,0,0,0,63,False,0.6825396825396826,0.6563492063492063,,3.9682539682561746e-05
T2d_H_hierarchical_environmental_concern_2026-09-19_04-13-49,T2d_H_hierarchical_environmental_concern,T2d_H,H,hierarchical,environmental_concern,dual,polar_bears,0,61,51,51,False,0.6275,0.4551,,True,0,0,0,51,False,0.6274509803921569,0.4550865800865801,,-4.901960784309267e-05
T2d_H_hierarchical_mitigation_first_policy_2026-09-19_04-16-30,T2d_H_hierarchical_mitigation_first_policy,T2d_H,H,hierarchical,mitigation_first_policy,dual,scopex_2017,0,72,58,58,False,0.4655,0.4598,,True,0,0,0,58,False,0.46551724137931033,0.45982142857142855,,1.724137931030656e-05
T2d_H_hierarchical_mitigation_first_policy_2026-09-19_04-16-30,T2d_H_hierarchical_mitigation_first_policy,T2d_H,H,hierarchical,mitigation_first_policy,dual,chemtrails_gates_2018_2021,0,1,0,0,True,,,,True,0,0,0,0,True,,,,
T2d_H_hierarchical_mitigation_first_policy_2026-09-19_04-16-30,T2d_H_hierarchical_mitigation_first_policy,T2d_H,H,hierarchical,mitigation_first_policy,dual,sai_geoengineering,0,61,50,50,False,1.24,1.2184,,True,0,0,0,50,False,1.24,1.2183531746031746,,0.0
T2d_H_hierarchical_mitigation_first_policy_2026-09-19_04-16-30,T2d_H_hierarchical_mitigation_first_policy,T2d_H,H,hierarchical,mitigation_first_policy,dual,paris_agreement,0,82,74,74,False,0.3784,0.3656,,True,0,0,0,74,False,0.3783783783783784,0.36563852813852815,,-2.162162162161474e-05
T2d_H_hierarchical_mitigation_first_policy_2026-09-19_04-16-30,T2d_H_hierarchical_mitigation_first_policy,T2d_H,H,hierarchical,mitigation_first_policy,dual,climate_consensus,0,81,72,72,False,0.625,0.6268,,True,0,0,0,72,False,0.625,0.6267857142857143,,0.0
T2d_H_hierarchical_mitigation_first_policy_2026-09-19_04-16-30,T2d_H_hierarchical_mitigation_first_policy,T2d_H,H,hierarchical,mitigation_first_policy,dual,polar_bears,0,1,0,0,True,,,,True,0,0,0,0,True,,,,
T2d_H_hierarchical_ozone_stratosphere_specialist_2026-09-19_04-17-32,T2d_H_hierarchical_ozone_stratosphere_specialist,T2d_H,H,hierarchical,ozone_stratosphere_specialist,dual,scopex_2017,0,75,65,65,False,0.1077,0.0989,,True,0,0,0,65,False,0.1076923076923077,0.09891774891774892,,-7.692307692305778e-06
T2d_H_hierarchical_ozone_stratosphere_specialist_2026-09-19_04-17-32,T2d_H_hierarchical_ozone_stratosphere_specialist,T2d_H,H,hierarchical,ozone_stratosphere_specialist,dual,chemtrails_gates_2018_2021,0,82,70,70,False,2.0143,2.0211,,True,0,0,0,70,False,2.0142857142857142,2.0210858585858587,,-1.4285714285744433e-05
T2d_H_hierarchical_ozone_stratosphere_specialist_2026-09-19_04-17-32,T2d_H_hierarchical_ozone_stratosphere_specialist,T2d_H,H,hierarchical,ozone_stratosphere_specialist,dual,sai_geoengineering,0,74,60,60,False,0.9667,0.9884,,True,0,0,0,60,False,0.9666666666666667,0.9883838383838384,,-3.333333333332966e-05
T2d_H_hierarchical_ozone_stratosphere_specialist_2026-09-19_04-17-32,T2d_H_hierarchical_ozone_stratosphere_specialist,T2d_H,H,hierarchical,ozone_stratosphere_specialist,dual,paris_agreement,0,80,69,69,False,0.3913,0.365,,True,0,0,0,69,False,0.391304347826087,0.36504329004329,,4.347826086992246e-06
T2d_H_hierarchical_ozone_stratosphere_specialist_2026-09-19_04-17-32,T2d_H_hierarchical_ozone_stratosphere_specialist,T2d_H,H,hierarchical,ozone_stratosphere_specialist,dual,climate_consensus,0,79,64,64,False,1.0,1.0134,,True,0,0,0,64,False,1.0,1.0133585164835166,,0.0
T2d_H_hierarchical_ozone_stratosphere_specialist_2026-09-19_04-17-32,T2d_H_hierarchical_ozone_stratosphere_specialist,T2d_H,H,hierarchical,ozone_stratosphere_specialist,dual,polar_bears,0,1,0,0,True,,,,True,0,0,0,0,True,,,,
T2d_H_hierarchical_science_journalist_2026-09-19_04-20-14,T2d_H_hierarchical_science_journalist,T2d_H,H,hierarchical,science_journalist,dual,scopex_2017,0,80,69,69,False,0.0,0.0,,True,0,0,0,69,False,0.0,0.0,,0.0
T2d_H_hierarchical_science_journalist_2026-09-19_04-20-14,T2d_H_hierarchical_science_journalist,T2d_H,H,hierarchical,science_journalist,dual,chemtrails_gates_2018_2021,0,73,65,65,False,0.0769,0.0947,,True,0,0,0,65,False,0.07692307692307693,0.0946969696969697,,2.307692307693121e-05
T2d_H_hierarchical_science_journalist_2026-09-19_04-20-14,T2d_H_hierarchical_science_journalist,T2d_H,H,hierarchical,science_journalist,dual,sai_geoengineering,0,75,62,62,False,1.2903,1.3012,,True,0,0,0,62,False,1.2903225806451613,1.3011904761904762,,2.2580645161252022e-05
T2d_H_hierarchical_science_journalist_2026-09-19_04-20-14,T2d_H_hierarchical_science_journalist,T2d_H,H,hierarchical,science_journalist,dual,paris_agreement,0,1,0,0,True,,,,True,0,0,0,0,True,,,,
T2d_H_hierarchical_science_journalist_2026-09-19_04-20-14,T2d_H_hierarchical_science_journalist,T2d_H,H,hierarchical,science_journalist,dual,climate_consensus,0,1,0,0,True,,,,True,0,0,0,0,True,,,,
T2d_H_hierarchical_science_journalist_2026-09-19_04-20-14,T2d_H_hierarchical_science_journalist,T2d_H,H,hierarchical,science_journalist,dual,polar_bears,0,75,62,62,False,1.129,1.1364,,True,0,0,0,62,False,1.1290322580645162,1.1363636363636365,,3.225806451623292e-05
T2d_H_linear_chain_biodiversity_food_security_2026-09-19_02-53-05,T2d_H_linear_chain_biodiversity_food_security,T2d_H,H,linear_chain,biodiversity_food_security,dual,scopex_2017,0,8,8,8,False,0.75,0.75,,True,0,0,0,8,False,0.75,0.75,,0.0
T2d_H_linear_chain_biodiversity_food_security_2026-09-19_02-53-05,T2d_H_linear_chain_biodiversity_food_security,T2d_H,H,linear_chain,biodiversity_food_security,dual,chemtrails_gates_2018_2021,0,8,8,8,False,2.0,2.0,,True,0,0,0,8,False,2.0,2.0,,0.0
T2d_H_linear_chain_biodiversity_food_security_2026-09-19_02-53-05,T2d_H_linear_chain_biodiversity_food_security,T2d_H,H,linear_chain,biodiversity_food_security,dual,sai_geoengineering,0,7,6,6,False,0.8333,0.8333,,True,0,0,0,6,False,0.8333333333333334,0.8333333333333334,,3.333333333332966e-05
T2d_H_linear_chain_biodiversity_food_security_2026-09-19_02-53-05,T2d_H_linear_chain_biodiversity_food_security,T2d_H,H,linear_chain,biodiversity_food_security,dual,paris_agreement,0,8,8,8,False,0.375,0.375,,True,0,0,0,8,False,0.375,0.375,,0.0
T2d_H_linear_chain_biodiversity_food_security_2026-09-19_02-53-05,T2d_H_linear_chain_biodiversity_food_security,T2d_H,H,linear_chain,biodiversity_food_security,dual,climate_consensus,0,8,8,8,False,1.625,1.625,,True,0,0,0,8,False,1.625,1.625,,0.0
T2d_H_linear_chain_biodiversity_food_security_2026-09-19_02-53-05,T2d_H_linear_chain_biodiversity_food_security,T2d_H,H,linear_chain,biodiversity_food_security,dual,polar_bears,0,8,8,8,False,1.5,1.5,,True,0,0,0,8,False,1.5,1.5,,0.0
T2d_H_linear_chain_climate_action_advocate_2026-09-19_02-50-54,T2d_H_linear_chain_climate_action_advocate,T2d_H,H,linear_chain,climate_action_advocate,dual,scopex_2017,0,8,8,8,False,1.0,1.0,,True,0,0,0,8,False,1.0,1.0,,0.0
T2d_H_linear_chain_climate_action_advocate_2026-09-19_02-50-54,T2d_H_linear_chain_climate_action_advocate,T2d_H,H,linear_chain,climate_action_advocate,dual,chemtrails_gates_2018_2021,0,7,6,6,False,2.0,2.0,,True,0,0,0,6,False,2.0,2.0,,0.0
T2d_H_linear_chain_climate_action_advocate_2026-09-19_02-50-54,T2d_H_linear_chain_climate_action_advocate,T2d_H,H,linear_chain,climate_action_advocate,dual,sai_geoengineering,0,8,8,8,False,1.5,1.5,,True,0,0,0,8,False,1.5,1.5,,0.0
T2d_H_linear_chain_climate_action_advocate_2026-09-19_02-50-54,T2d_H_linear_chain_climate_action_advocate,T2d_H,H,linear_chain,climate_action_advocate,dual,paris_agreement,0,8,8,8,False,0.125,0.125,,True,0,0,0,8,False,0.125,0.125,,0.0
T2d_H_linear_chain_climate_action_advocate_2026-09-19_02-50-54,T2d_H_linear_chain_climate_action_advocate,T2d_H,H,linear_chain,climate_action_advocate,dual,climate_consensus,0,8,8,8,False,1.25,1.25,,True,0,0,0,8,False,1.25,1.25,,0.0
T2d_H_linear_chain_climate_action_advocate_2026-09-19_02-50-54,T2d_H_linear_chain_climate_action_advocate,T2d_H,H,linear_chain,climate_action_advocate,dual,polar_bears,0,8,8,8,False,1.125,1.125,,True,0,0,0,8,False,1.125,1.125,,0.0
T2d_H_linear_chain_climate_justice_youth_2026-09-19_02-51-14,T2d_H_linear_chain_climate_justice_youth,T2d_H,H,linear_chain,climate_justice_youth,dual,scopex_2017,0,8,8,8,False,3.0,3.0,,True,0,0,0,8,False,3.0,3.0,,0.0
T2d_H_linear_chain_climate_justice_youth_2026-09-19_02-51-14,T2d_H_linear_chain_climate_justice_youth,T2d_H,H,linear_chain,climate_justice_youth,dual,chemtrails_gates_2018_2021,0,8,8,8,False,2.0,2.0,,True,0,0,0,8,False,2.0,2.0,,0.0
T2d_H_linear_chain_climate_justice_youth_2026-09-19_02-51-14,T2d_H_linear_chain_climate_justice_youth,T2d_H,H,linear_chain,climate_justice_youth,dual,sai_geoengineering,0,8,8,8,False,1.75,1.75,,True,0,0,0,8,False,1.75,1.75,,0.0
T2d_H_linear_chain_climate_justice_youth_2026-09-19_02-51-14,T2d_H_linear_chain_climate_justice_youth,T2d_H,H,linear_chain,climate_justice_youth,dual,paris_agreement,0,8,8,8,False,0.0,0.0,,True,0,0,0,8,False,0.0,0.0,,0.0
T2d_H_linear_chain_climate_justice_youth_2026-09-19_02-51-14,T2d_H_linear_chain_climate_justice_youth,T2d_H,H,linear_chain,climate_justice_youth,dual,climate_consensus,0,3,2,2,False,0.5,0.5,,True,0,0,0,2,False,0.5,0.5,,0.0
T2d_H_linear_chain_climate_justice_youth_2026-09-19_02-51-14,T2d_H_linear_chain_climate_justice_youth,T2d_H,H,linear_chain,climate_justice_youth,dual,polar_bears,0,8,8,8,False,1.0,1.0,,True,0,0,0,8,False,1.0,1.0,,0.0
T2d_H_linear_chain_climate_scientist_2026-09-19_02-53-33,T2d_H_linear_chain_climate_scientist,T2d_H,H,linear_chain,climate_scientist,dual,scopex_2017,0,8,8,8,False,0.5,0.5,,True,0,0,0,8,False,0.5,0.5,,0.0
T2d_H_linear_chain_climate_scientist_2026-09-19_02-53-33,T2d_H_linear_chain_climate_scientist,T2d_H,H,linear_chain,climate_scientist,dual,chemtrails_gates_2018_2021,0,7,6,6,False,0.0,0.0,,True,0,0,0,6,False,0.0,0.0,,0.0
T2d_H_linear_chain_climate_scientist_2026-09-19_02-53-33,T2d_H_linear_chain_climate_scientist,T2d_H,H,linear_chain,climate_scientist,dual,sai_geoengineering,0,8,8,8,False,1.0,1.0,,True,0,0,0,8,False,1.0,1.0,,0.0
T2d_H_linear_chain_climate_scientist_2026-09-19_02-53-33,T2d_H_linear_chain_climate_scientist,T2d_H,H,linear_chain,climate_scientist,dual,paris_agreement,0,8,8,8,False,0.5,0.5,,True,0,0,0,8,False,0.5,0.5,,0.0
T2d_H_linear_chain_climate_scientist_2026-09-19_02-53-33,T2d_H_linear_chain_climate_scientist,T2d_H,H,linear_chain,climate_scientist,dual,climate_consensus,0,8,8,8,False,0.5,0.5,,True,0,0,0,8,False,0.5,0.5,,0.0
T2d_H_linear_chain_climate_scientist_2026-09-19_02-53-33,T2d_H_linear_chain_climate_scientist,T2d_H,H,linear_chain,climate_scientist,dual,polar_bears,0,8,8,8,False,2.0,2.0,,True,0,0,0,8,False,2.0,2.0,,0.0
T2d_H_linear_chain_conspiracy_believer_2026-09-19_02-49-25,T2d_H_linear_chain_conspiracy_believer,T2d_H,H,linear_chain,conspiracy_believer,dual,scopex_2017,0,5,4,4,False,3.75,3.75,,True,0,0,0,4,False,3.75,3.75,,0.0
T2d_H_linear_chain_conspiracy_believer_2026-09-19_02-49-25,T2d_H_linear_chain_conspiracy_believer,T2d_H,H,linear_chain,conspiracy_believer,dual,chemtrails_gates_2018_2021,0,8,8,8,False,3.75,3.75,4.0,True,0,0,0,8,False,3.75,3.75,6,0.0
T2d_H_linear_chain_conspiracy_believer_2026-09-19_02-49-25,T2d_H_linear_chain_conspiracy_believer,T2d_H,H,linear_chain,conspiracy_believer,dual,sai_geoengineering,0,8,8,8,False,1.0,1.0,,True,0,0,0,8,False,1.0,1.0,,0.0
T2d_H_linear_chain_conspiracy_believer_2026-09-19_02-49-25,T2d_H_linear_chain_conspiracy_believer,T2d_H,H,linear_chain,conspiracy_believer,dual,paris_agreement,0,1,0,0,True,,,,True,0,0,0,0,True,,,,
T2d_H_linear_chain_conspiracy_believer_2026-09-19_02-49-25,T2d_H_linear_chain_conspiracy_believer,T2d_H,H,linear_chain,conspiracy_believer,dual,climate_consensus,0,8,8,8,False,4.375,4.375,2.0,True,1,1,0,7,False,4.285714285714286,4.285714285714286,2,-0.08928571428571441
T2d_H_linear_chain_conspiracy_believer_2026-09-19_02-49-25,T2d_H_linear_chain_conspiracy_believer,T2d_H,H,linear_chain,conspiracy_believer,dual,polar_bears,0,8,8,8,False,0.25,0.25,,True,0,0,0,8,False,0.25,0.25,,0.0
T2d_H_linear_chain_conspiracy_climate_piggyback_2026-09-19_02-49-25,T2d_H_linear_chain_conspiracy_climate_piggyback,T2d_H,H,linear_chain,conspiracy_climate_piggyback,dual,scopex_2017,0,2,1,1,True,1.0,1.0,,True,0,0,0,1,True,1.0,1.0,,0.0
T2d_H_linear_chain_conspiracy_climate_piggyback_2026-09-19_02-49-25,T2d_H_linear_chain_conspiracy_climate_piggyback,T2d_H,H,linear_chain,conspiracy_climate_piggyback,dual,chemtrails_gates_2018_2021,0,8,8,8,False,4.0,4.0,1.0,True,0,0,0,8,False,4.0,4.0,1,0.0
T2d_H_linear_chain_conspiracy_climate_piggyback_2026-09-19_02-49-25,T2d_H_linear_chain_conspiracy_climate_piggyback,T2d_H,H,linear_chain,conspiracy_climate_piggyback,dual,sai_geoengineering,0,8,8,8,False,0.875,0.875,,True,0,0,0,8,False,0.875,0.875,,0.0
T2d_H_linear_chain_conspiracy_climate_piggyback_2026-09-19_02-49-25,T2d_H_linear_chain_conspiracy_climate_piggyback,T2d_H,H,linear_chain,conspiracy_climate_piggyback,dual,paris_agreement,0,8,8,8,False,4.5,4.5,7.0,True,0,0,0,8,False,4.5,4.5,1,0.0
T2d_H_linear_chain_conspiracy_climate_piggyback_2026-09-19_02-49-25,T2d_H_linear_chain_conspiracy_climate_piggyback,T2d_H,H,linear_chain,conspiracy_climate_piggyback,dual,climate_consensus,0,8,7,7,False,4.5714,4.5714,1.0,True,0,0,0,7,False,4.571428571428571,4.571428571428571,3,2.8571428571488866e-05
T2d_H_linear_chain_conspiracy_climate_piggyback_2026-09-19_02-49-25,T2d_H_linear_chain_conspiracy_climate_piggyback,T2d_H,H,linear_chain,conspiracy_climate_piggyback,dual,polar_bears,0,8,8,8,False,0.875,0.875,,True,1,1,0,7,False,0.8571428571428571,0.8571428571428571,,-0.017857142857142905
T2d_H_linear_chain_conspiracy_depopulation_2026-09-19_02-49-25,T2d_H_linear_chain_conspiracy_depopulation,T2d_H,H,linear_chain,conspiracy_depopulation,dual,scopex_2017,0,8,8,8,False,3.875,3.875,,True,0,0,0,8,False,3.875,3.875,,0.0
T2d_H_linear_chain_conspiracy_depopulation_2026-09-19_02-49-25,T2d_H_linear_chain_conspiracy_depopulation,T2d_H,H,linear_chain,conspiracy_depopulation,dual,chemtrails_gates_2018_2021,0,8,8,8,False,4.5,4.5,2.0,True,0,0,0,8,False,4.5,4.5,1,0.0
T2d_H_linear_chain_conspiracy_depopulation_2026-09-19_02-49-25,T2d_H_linear_chain_conspiracy_depopulation,T2d_H,H,linear_chain,conspiracy_depopulation,dual,sai_geoengineering,0,8,7,7,False,2.2857,2.2857,,True,0,0,0,7,False,2.2857142857142856,2.2857142857142856,,1.4285714285744433e-05
T2d_H_linear_chain_conspiracy_depopulation_2026-09-19_02-49-25,T2d_H_linear_chain_conspiracy_depopulation,T2d_H,H,linear_chain,conspiracy_depopulation,dual,paris_agreement,0,1,0,0,True,,,,True,0,0,0,0,True,,,,
T2d_H_linear_chain_conspiracy_depopulation_2026-09-19_02-49-25,T2d_H_linear_chain_conspiracy_depopulation,T2d_H,H,linear_chain,conspiracy_depopulation,dual,climate_consensus,0,1,0,0,True,,,,True,0,0,0,0,True,,,,
T2d_H_linear_chain_conspiracy_depopulation_2026-09-19_02-49-25,T2d_H_linear_chain_conspiracy_depopulation,T2d_H,H,linear_chain,conspiracy_depopulation,dual,polar_bears,0,8,8,8,False,1.625,1.625,,True,0,0,0,8,False,1.625,1.625,,0.0
T2d_H_linear_chain_conspiracy_haarp_weather_2026-09-19_02-49-25,T2d_H_linear_chain_conspiracy_haarp_weather,T2d_H,H,linear_chain,conspiracy_haarp_weather,dual,scopex_2017,0,8,8,8,False,3.875,3.875,5.0,True,0,0,0,8,False,3.875,3.875,5,0.0
T2d_H_linear_chain_conspiracy_haarp_weather_2026-09-19_02-49-25,T2d_H_linear_chain_conspiracy_haarp_weather,T2d_H,H,linear_chain,conspiracy_haarp_weather,dual,chemtrails_gates_2018_2021,0,3,2,2,False,4.0,4.0,1.0,True,0,0,0,2,False,4.0,4.0,1,0.0
T2d_H_linear_chain_conspiracy_haarp_weather_2026-09-19_02-49-25,T2d_H_linear_chain_conspiracy_haarp_weather,T2d_H,H,linear_chain,conspiracy_haarp_weather,dual,sai_geoengineering,0,8,8,8,False,2.5,2.5,,True,0,0,0,8,False,2.5,2.5,,0.0
T2d_H_linear_chain_conspiracy_haarp_weather_2026-09-19_02-49-25,T2d_H_linear_chain_conspiracy_haarp_weather,T2d_H,H,linear_chain,conspiracy_haarp_weather,dual,paris_agreement,0,8,8,8,False,4.25,4.25,6.0,True,0,0,0,8,False,4.25,4.25,6,0.0
T2d_H_linear_chain_conspiracy_haarp_weather_2026-09-19_02-49-25,T2d_H_linear_chain_conspiracy_haarp_weather,T2d_H,H,linear_chain,conspiracy_haarp_weather,dual,climate_consensus,0,8,8,8,False,5.0,5.0,1.0,True,0,0,0,8,False,5.0,5.0,1,0.0
T2d_H_linear_chain_conspiracy_haarp_weather_2026-09-19_02-49-25,T2d_H_linear_chain_conspiracy_haarp_weather,T2d_H,H,linear_chain,conspiracy_haarp_weather,dual,polar_bears,0,8,8,8,False,0.75,0.75,,True,0,0,0,8,False,0.75,0.75,,0.0
T2d_H_linear_chain_environmental_concern_2026-09-19_02-51-20,T2d_H_linear_chain_environmental_concern,T2d_H,H,linear_chain,environmental_concern,dual,scopex_2017,0,8,8,8,False,0.0,0.0,,True,0,0,0,8,False,0.0,0.0,,0.0
T2d_H_linear_chain_environmental_concern_2026-09-19_02-51-20,T2d_H_linear_chain_environmental_concern,T2d_H,H,linear_chain,environmental_concern,dual,chemtrails_gates_2018_2021,0,8,8,8,False,1.75,1.75,,True,0,0,0,8,False,1.75,1.75,,0.0
T2d_H_linear_chain_environmental_concern_2026-09-19_02-51-20,T2d_H_linear_chain_environmental_concern,T2d_H,H,linear_chain,environmental_concern,dual,sai_geoengineering,0,5,4,4,False,1.0,1.0,,True,0,0,0,4,False,1.0,1.0,,0.0
T2d_H_linear_chain_environmental_concern_2026-09-19_02-51-20,T2d_H_linear_chain_environmental_concern,T2d_H,H,linear_chain,environmental_concern,dual,paris_agreement,0,8,8,8,False,1.625,1.625,,True,0,0,0,8,False,1.625,1.625,,0.0
T2d_H_linear_chain_environmental_concern_2026-09-19_02-51-20,T2d_H_linear_chain_environmental_concern,T2d_H,H,linear_chain,environmental_concern,dual,climate_consensus,0,8,8,8,False,1.375,1.375,,True,0,0,0,8,False,1.375,1.375,,0.0
T2d_H_linear_chain_environmental_concern_2026-09-19_02-51-20,T2d_H_linear_chain_environmental_concern,T2d_H,H,linear_chain,environmental_concern,dual,polar_bears,0,8,8,8,False,0.75,0.75,,True,0,0,0,8,False,0.75,0.75,,0.0
T2d_H_linear_chain_mitigation_first_policy_2026-09-19_02-51-19,T2d_H_linear_chain_mitigation_first_policy,T2d_H,H,linear_chain,mitigation_first_policy,dual,scopex_2017,0,8,8,8,False,0.75,0.75,,True,0,0,0,8,False,0.75,0.75,,0.0
T2d_H_linear_chain_mitigation_first_policy_2026-09-19_02-51-19,T2d_H_linear_chain_mitigation_first_policy,T2d_H,H,linear_chain,mitigation_first_policy,dual,chemtrails_gates_2018_2021,0,8,8,8,False,1.0,1.0,,True,0,0,0,8,False,1.0,1.0,,0.0
T2d_H_linear_chain_mitigation_first_policy_2026-09-19_02-51-19,T2d_H_linear_chain_mitigation_first_policy,T2d_H,H,linear_chain,mitigation_first_policy,dual,sai_geoengineering,0,8,8,8,False,1.375,1.375,,True,0,0,0,8,False,1.375,1.375,,0.0
T2d_H_linear_chain_mitigation_first_policy_2026-09-19_02-51-19,T2d_H_linear_chain_mitigation_first_policy,T2d_H,H,linear_chain,mitigation_first_policy,dual,paris_agreement,0,7,6,6,False,1.1667,1.1667,,True,0,0,0,6,False,1.1666666666666667,1.1666666666666667,,-3.333333333332966e-05
T2d_H_linear_chain_mitigation_first_policy_2026-09-19_02-51-19,T2d_H_linear_chain_mitigation_first_policy,T2d_H,H,linear_chain,mitigation_first_policy,dual,climate_consensus,0,8,8,8,False,1.0,1.0,,True,0,0,0,8,False,1.0,1.0,,0.0
T2d_H_linear_chain_mitigation_first_policy_2026-09-19_02-51-19,T2d_H_linear_chain_mitigation_first_policy,T2d_H,H,linear_chain,mitigation_first_policy,dual,polar_bears,0,8,8,8,False,0.875,0.875,,True,0,0,0,8,False,0.875,0.875,,0.0
T2d_H_linear_chain_ozone_stratosphere_specialist_2026-09-19_02-53-04,T2d_H_linear_chain_ozone_stratosphere_specialist,T2d_H,H,linear_chain,ozone_stratosphere_specialist,dual,scopex_2017,0,8,8,8,False,0.25,0.25,,True,0,0,0,8,False,0.25,0.25,,0.0
T2d_H_linear_chain_ozone_stratosphere_specialist_2026-09-19_02-53-04,T2d_H_linear_chain_ozone_stratosphere_specialist,T2d_H,H,linear_chain,ozone_stratosphere_specialist,dual,chemtrails_gates_2018_2021,0,8,8,8,False,1.375,1.375,,True,0,0,0,8,False,1.375,1.375,,0.0
T2d_H_linear_chain_ozone_stratosphere_specialist_2026-09-19_02-53-04,T2d_H_linear_chain_ozone_stratosphere_specialist,T2d_H,H,linear_chain,ozone_stratosphere_specialist,dual,sai_geoengineering,0,8,8,8,False,1.5,1.5,,True,0,0,0,8,False,1.5,1.5,,0.0
T2d_H_linear_chain_ozone_stratosphere_specialist_2026-09-19_02-53-04,T2d_H_linear_chain_ozone_stratosphere_specialist,T2d_H,H,linear_chain,ozone_stratosphere_specialist,dual,paris_agreement,0,7,6,6,False,0.6667,0.6667,,True,0,0,0,6,False,0.6666666666666666,0.6666666666666666,,-3.333333333332966e-05
T2d_H_linear_chain_ozone_stratosphere_specialist_2026-09-19_02-53-04,T2d_H_linear_chain_ozone_stratosphere_specialist,T2d_H,H,linear_chain,ozone_stratosphere_specialist,dual,climate_consensus,0,8,7,7,False,1.1429,1.1429,,True,0,0,0,7,False,1.1428571428571428,1.1428571428571428,,-4.28571428572333e-05
T2d_H_linear_chain_ozone_stratosphere_specialist_2026-09-19_02-53-04,T2d_H_linear_chain_ozone_stratosphere_specialist,T2d_H,H,linear_chain,ozone_stratosphere_specialist,dual,polar_bears,0,8,8,8,False,0.875,0.875,,True,1,1,0,7,False,0.7142857142857143,0.7142857142857143,,-0.1607142857142857
T2d_H_linear_chain_science_journalist_2026-09-19_02-54-17,T2d_H_linear_chain_science_journalist,T2d_H,H,linear_chain,science_journalist,dual,scopex_2017,0,8,7,7,False,0.0,0.0,,True,0,0,0,7,False,0.0,0.0,,0.0
T2d_H_linear_chain_science_journalist_2026-09-19_02-54-17,T2d_H_linear_chain_science_journalist,T2d_H,H,linear_chain,science_journalist,dual,chemtrails_gates_2018_2021,0,4,3,3,False,0.0,0.0,,True,0,0,0,3,False,0.0,0.0,,0.0
T2d_H_linear_chain_science_journalist_2026-09-19_02-54-17,T2d_H_linear_chain_science_journalist,T2d_H,H,linear_chain,science_journalist,dual,sai_geoengineering,0,8,8,8,False,1.375,1.375,,True,0,0,0,8,False,1.375,1.375,,0.0
T2d_H_linear_chain_science_journalist_2026-09-19_02-54-17,T2d_H_linear_chain_science_journalist,T2d_H,H,linear_chain,science_journalist,dual,paris_agreement,0,3,2,2,False,0.5,0.5,,True,0,0,0,2,False,0.5,0.5,,0.0
T2d_H_linear_chain_science_journalist_2026-09-19_02-54-17,T2d_H_linear_chain_science_journalist,T2d_H,H,linear_chain,science_journalist,dual,climate_consensus,0,8,8,8,False,1.0,1.0,,True,0,0,0,8,False,1.0,1.0,,0.0
T2d_H_linear_chain_science_journalist_2026-09-19_02-54-17,T2d_H_linear_chain_science_journalist,T2d_H,H,linear_chain,science_journalist,dual,polar_bears,0,8,8,8,False,0.875,0.875,,True,0,0,0,8,False,0.875,0.875,,0.0
T2d_H_polarized_biodiversity_food_security_2026-09-19_04-25-13,T2d_H_polarized_biodiversity_food_security,T2d_H,H,polarized,biodiversity_food_security,dual,scopex_2017,1273,78,63,0,True,,,,True,0,0,63,0,True,,,,
T2d_H_polarized_biodiversity_food_security_2026-09-19_04-25-13,T2d_H_polarized_biodiversity_food_security,T2d_H,H,polarized,biodiversity_food_security,dual,chemtrails_gates_2018_2021,1273,89,72,2,False,2.0,2.0,,True,0,0,70,2,False,2.0,2.0,,0.0
T2d_H_polarized_biodiversity_food_security_2026-09-19_04-25-13,T2d_H_polarized_biodiversity_food_security,T2d_H,H,polarized,biodiversity_food_security,dual,sai_geoengineering,1273,128,110,1,True,2.0,2.0,,True,1,0,109,1,True,2.0,2.0,,0.0
T2d_H_polarized_biodiversity_food_security_2026-09-19_04-25-13,T2d_H_polarized_biodiversity_food_security,T2d_H,H,polarized,biodiversity_food_security,dual,paris_agreement,1273,143,125,1,True,0.0,0.0,,True,65,0,124,1,True,0.0,0.0,,0.0
T2d_H_polarized_biodiversity_food_security_2026-09-19_04-25-13,T2d_H_polarized_biodiversity_food_security,T2d_H,H,polarized,biodiversity_food_security,dual,climate_consensus,1273,143,129,3,False,0.0,0.0,,True,72,3,126,0,True,,,,
T2d_H_polarized_biodiversity_food_security_2026-09-19_04-25-13,T2d_H_polarized_biodiversity_food_security,T2d_H,H,polarized,biodiversity_food_security,dual,polar_bears,1273,91,79,1,True,2.0,2.0,,True,42,1,78,0,True,,,,
T2d_H_polarized_climate_action_advocate_2026-09-19_04-30-42,T2d_H_polarized_climate_action_advocate,T2d_H,H,polarized,climate_action_advocate,dual,scopex_2017,1295,137,118,1,True,0.0,0.0,,True,67,1,117,0,True,,,,
T2d_H_polarized_climate_action_advocate_2026-09-19_04-30-42,T2d_H_polarized_climate_action_advocate,T2d_H,H,polarized,climate_action_advocate,dual,chemtrails_gates_2018_2021,1295,141,123,1,True,0.0,0.0,,True,62,1,122,0,True,,,,
T2d_H_polarized_climate_action_advocate_2026-09-19_04-30-42,T2d_H_polarized_climate_action_advocate,T2d_H,H,polarized,climate_action_advocate,dual,sai_geoengineering,1295,140,119,4,False,1.0,1.0,,True,63,2,115,2,False,0.5,0.5,,-0.5
T2d_H_polarized_climate_action_advocate_2026-09-19_04-30-42,T2d_H_polarized_climate_action_advocate,T2d_H,H,polarized,climate_action_advocate,dual,paris_agreement,1295,143,118,4,False,1.0,1.0,,True,65,1,114,3,False,1.0,1.0,,0.0
T2d_H_polarized_climate_action_advocate_2026-09-19_04-30-42,T2d_H_polarized_climate_action_advocate,T2d_H,H,polarized,climate_action_advocate,dual,climate_consensus,1295,90,72,16,False,0.375,0.26,,True,34,11,56,5,False,0.8,0.6666666666666666,,0.42500000000000004
T2d_H_polarized_climate_action_advocate_2026-09-19_04-30-42,T2d_H_polarized_climate_action_advocate,T2d_H,H,polarized,climate_action_advocate,dual,polar_bears,1295,1,0,0,True,,,,True,0,0,0,0,True,,,,
T2d_H_polarized_climate_justice_youth_2026-09-19_04-30-59,T2d_H_polarized_climate_justice_youth,T2d_H,H,polarized,climate_justice_youth,dual,scopex_2017,1074,78,65,2,False,2.5,2.5,,True,32,1,63,1,True,2.0,2.0,,-0.5
T2d_H_polarized_climate_justice_youth_2026-09-19_04-30-59,T2d_H_polarized_climate_justice_youth,T2d_H,H,polarized,climate_justice_youth,dual,chemtrails_gates_2018_2021,1074,138,124,1,True,0.0,0.0,,True,63,1,123,0,True,,,,
T2d_H_polarized_climate_justice_youth_2026-09-19_04-30-59,T2d_H_polarized_climate_justice_youth,T2d_H,H,polarized,climate_justice_youth,dual,sai_geoengineering,1074,145,131,4,False,1.0,1.0,,True,69,2,127,2,False,1.0,1.0,,0.0
T2d_H_polarized_climate_justice_youth_2026-09-19_04-30-59,T2d_H_polarized_climate_justice_youth,T2d_H,H,polarized,climate_justice_youth,dual,paris_agreement,1074,143,122,27,False,0.7778,0.9029,,True,72,17,95,10,False,0.5,0.611111111111111,,-0.27780000000000005
T2d_H_polarized_climate_justice_youth_2026-09-19_04-30-59,T2d_H_polarized_climate_justice_youth,T2d_H,H,polarized,climate_justice_youth,dual,climate_consensus,1074,129,108,108,False,0.1389,0.1318,,True,60,60,0,48,False,0.125,0.15104166666666666,,-0.013899999999999996
T2d_H_polarized_climate_justice_youth_2026-09-19_04-30-59,T2d_H_polarized_climate_justice_youth,T2d_H,H,polarized,climate_justice_youth,dual,polar_bears,1074,1,0,0,True,,,,True,0,0,0,0,True,,,,
T2d_H_polarized_climate_scientist_2026-09-19_04-28-33,T2d_H_polarized_climate_scientist,T2d_H,H,polarized,climate_scientist,dual,scopex_2017,1621,142,121,3,False,0.0,0.0,,True,36,1,118,2,False,0.0,0.0,,0.0
T2d_H_polarized_climate_scientist_2026-09-19_04-28-33,T2d_H_polarized_climate_scientist,T2d_H,H,polarized,climate_scientist,dual,chemtrails_gates_2018_2021,1621,143,122,4,False,0.25,0.3333,,True,57,2,118,2,False,0.5,0.5,,0.25
T2d_H_polarized_climate_scientist_2026-09-19_04-28-33,T2d_H_polarized_climate_scientist,T2d_H,H,polarized,climate_scientist,dual,sai_geoengineering,1621,130,112,3,False,1.3333,1.3333,,True,72,3,109,0,True,,,,
T2d_H_polarized_climate_scientist_2026-09-19_04-28-33,T2d_H_polarized_climate_scientist,T2d_H,H,polarized,climate_scientist,dual,paris_agreement,1621,139,117,2,False,1.0,1.0,,True,62,1,115,1,True,1.0,1.0,,0.0
T2d_H_polarized_climate_scientist_2026-09-19_04-28-33,T2d_H_polarized_climate_scientist,T2d_H,H,polarized,climate_scientist,dual,climate_consensus,1621,126,101,2,False,0.0,0.0,,True,50,1,99,1,True,0.0,0.0,,0.0
T2d_H_polarized_climate_scientist_2026-09-19_04-28-33,T2d_H_polarized_climate_scientist,T2d_H,H,polarized,climate_scientist,dual,polar_bears,1621,145,119,2,False,2.0,2.0,,True,63,2,117,0,True,,,,
T2d_H_polarized_conspiracy_believer_2026-09-19_04-17-42,T2d_H_polarized_conspiracy_believer,T2d_H,H,polarized,conspiracy_believer,dual,scopex_2017,1358,144,123,9,False,3.6667,3.6429,7.0,True,2,0,114,9,False,3.6666666666666665,3.642857142857143,7,-3.333333333355171e-05
T2d_H_polarized_conspiracy_believer_2026-09-19_04-17-42,T2d_H_polarized_conspiracy_believer,T2d_H,H,polarized,conspiracy_believer,dual,chemtrails_gates_2018_2021,1358,143,129,1,True,3.0,3.0,,True,10,0,128,1,True,3.0,3.0,,0.0
T2d_H_polarized_conspiracy_believer_2026-09-19_04-17-42,T2d_H_polarized_conspiracy_believer,T2d_H,H,polarized,conspiracy_believer,dual,sai_geoengineering,1358,134,111,6,False,2.0,1.8,,True,0,0,105,6,False,2.0,1.8,,0.0
T2d_H_polarized_conspiracy_believer_2026-09-19_04-17-42,T2d_H_polarized_conspiracy_believer,T2d_H,H,polarized,conspiracy_believer,dual,paris_agreement,1358,144,125,2,False,5.0,5.0,6.0,True,1,0,123,2,False,5.0,5.0,6,0.0
T2d_H_polarized_conspiracy_believer_2026-09-19_04-17-42,T2d_H_polarized_conspiracy_believer,T2d_H,H,polarized,conspiracy_believer,dual,climate_consensus,1358,143,119,2,False,5.0,5.0,4.0,True,4,0,117,2,False,5.0,5.0,4,0.0
T2d_H_polarized_conspiracy_believer_2026-09-19_04-17-42,T2d_H_polarized_conspiracy_believer,T2d_H,H,polarized,conspiracy_believer,dual,polar_bears,1358,109,95,2,False,2.5,2.5,,True,39,1,93,1,True,3.0,3.0,,0.5
T2d_H_polarized_conspiracy_climate_piggyback_2026-09-19_04-17-42,T2d_H_polarized_conspiracy_climate_piggyback,T2d_H,H,polarized,conspiracy_climate_piggyback,dual,scopex_2017,1178,135,108,3,False,2.6667,2.6667,,True,2,0,105,3,False,2.6666666666666665,2.6666666666666665,,-3.333333333355171e-05
T2d_H_polarized_conspiracy_climate_piggyback_2026-09-19_04-17-42,T2d_H_polarized_conspiracy_climate_piggyback,T2d_H,H,polarized,conspiracy_climate_piggyback,dual,chemtrails_gates_2018_2021,1178,142,117,5,False,4.0,4.0,7.0,True,5,0,112,5,False,4.0,4.0,6,0.0
T2d_H_polarized_conspiracy_climate_piggyback_2026-09-19_04-17-42,T2d_H_polarized_conspiracy_climate_piggyback,T2d_H,H,polarized,conspiracy_climate_piggyback,dual,sai_geoengineering,1178,103,83,1,True,1.0,1.0,,True,0,0,82,1,True,1.0,1.0,,0.0
T2d_H_polarized_conspiracy_climate_piggyback_2026-09-19_04-17-42,T2d_H_polarized_conspiracy_climate_piggyback,T2d_H,H,polarized,conspiracy_climate_piggyback,dual,paris_agreement,1178,140,113,6,False,4.5,4.5,,True,0,0,107,6,False,4.5,4.5,,0.0
T2d_H_polarized_conspiracy_climate_piggyback_2026-09-19_04-17-42,T2d_H_polarized_conspiracy_climate_piggyback,T2d_H,H,polarized,conspiracy_climate_piggyback,dual,climate_consensus,1178,142,125,0,True,,,,True,6,0,125,0,True,,,,
T2d_H_polarized_conspiracy_climate_piggyback_2026-09-19_04-17-42,T2d_H_polarized_conspiracy_climate_piggyback,T2d_H,H,polarized,conspiracy_climate_piggyback,dual,polar_bears,1178,94,76,4,False,0.5,0.5,,True,32,3,72,1,True,0.0,0.0,,-0.5
T2d_H_polarized_conspiracy_depopulation_2026-09-19_04-17-42,T2d_H_polarized_conspiracy_depopulation,T2d_H,H,polarized,conspiracy_depopulation,dual,scopex_2017,913,117,102,66,False,4.1364,4.0805,3.0,True,0,0,36,66,False,4.136363636363637,4.080537518037518,3,-3.636363636339013e-05
T2d_H_polarized_conspiracy_depopulation_2026-09-19_04-17-42,T2d_H_polarized_conspiracy_depopulation,T2d_H,H,polarized,conspiracy_depopulation,dual,chemtrails_gates_2018_2021,913,3,1,0,True,,,,True,0,0,1,0,True,,,,
T2d_H_polarized_conspiracy_depopulation_2026-09-19_04-17-42,T2d_H_polarized_conspiracy_depopulation,T2d_H,H,polarized,conspiracy_depopulation,dual,sai_geoengineering,913,137,119,9,False,1.1111,1.125,,True,0,0,110,9,False,1.1111111111111112,1.125,,1.1111111111183902e-05
T2d_H_polarized_conspiracy_depopulation_2026-09-19_04-17-42,T2d_H_polarized_conspiracy_depopulation,T2d_H,H,polarized,conspiracy_depopulation,dual,paris_agreement,913,129,102,7,False,4.8571,4.8,4.0,True,0,0,95,7,False,4.857142857142857,4.8,3,4.285714285678921e-05
T2d_H_polarized_conspiracy_depopulation_2026-09-19_04-17-42,T2d_H_polarized_conspiracy_depopulation,T2d_H,H,polarized,conspiracy_depopulation,dual,climate_consensus,913,145,128,4,False,5.0,5.0,4.0,True,0,0,124,4,False,5.0,5.0,4,0.0
T2d_H_polarized_conspiracy_depopulation_2026-09-19_04-17-42,T2d_H_polarized_conspiracy_depopulation,T2d_H,H,polarized,conspiracy_depopulation,dual,polar_bears,913,144,130,6,False,0.6667,0.6667,,True,0,0,124,6,False,0.6666666666666666,0.6666666666666666,,-3.333333333332966e-05
T2d_H_polarized_conspiracy_haarp_weather_2026-09-19_04-17-42,T2d_H_polarized_conspiracy_haarp_weather,T2d_H,H,polarized,conspiracy_haarp_weather,dual,scopex_2017,1149,143,121,11,False,4.6364,4.7917,3.0,True,0,0,110,11,False,4.636363636363637,4.791666666666667,3,-3.636363636339013e-05
T2d_H_polarized_conspiracy_haarp_weather_2026-09-19_04-17-42,T2d_H_polarized_conspiracy_haarp_weather,T2d_H,H,polarized,conspiracy_haarp_weather,dual,chemtrails_gates_2018_2021,1149,125,109,6,False,3.6667,3.6667,6.0,True,0,0,103,6,False,3.6666666666666665,3.6666666666666665,6,-3.333333333355171e-05
T2d_H_polarized_conspiracy_haarp_weather_2026-09-19_04-17-42,T2d_H_polarized_conspiracy_haarp_weather,T2d_H,H,polarized,conspiracy_haarp_weather,dual,sai_geoengineering,1149,95,79,5,False,2.4,2.375,8.0,True,0,0,74,5,False,2.4,2.375,8,0.0
T2d_H_polarized_conspiracy_haarp_weather_2026-09-19_04-17-42,T2d_H_polarized_conspiracy_haarp_weather,T2d_H,H,polarized,conspiracy_haarp_weather,dual,paris_agreement,1149,142,117,3,False,5.0,5.0,8.0,True,0,0,114,3,False,5.0,5.0,6,0.0
T2d_H_polarized_conspiracy_haarp_weather_2026-09-19_04-17-42,T2d_H_polarized_conspiracy_haarp_weather,T2d_H,H,polarized,conspiracy_haarp_weather,dual,climate_consensus,1149,135,113,4,False,5.0,5.0,5.0,True,1,0,109,4,False,5.0,5.0,5,0.0
T2d_H_polarized_conspiracy_haarp_weather_2026-09-19_04-17-42,T2d_H_polarized_conspiracy_haarp_weather,T2d_H,H,polarized,conspiracy_haarp_weather,dual,polar_bears,1149,109,99,1,True,0.0,0.0,,True,6,0,98,1,True,0.0,0.0,,0.0
T2d_H_polarized_environmental_concern_2026-09-19_04-31-45,T2d_H_polarized_environmental_concern,T2d_H,H,polarized,environmental_concern,dual,scopex_2017,270,141,121,121,False,0.0,0.0,,True,68,68,0,53,False,0.0,0.0,,0.0
T2d_H_polarized_environmental_concern_2026-09-19_04-31-45,T2d_H_polarized_environmental_concern,T2d_H,H,polarized,environmental_concern,dual,chemtrails_gates_2018_2021,270,136,102,102,False,0.0098,0.0125,,True,53,53,0,49,False,0.02040816326530612,0.03125,,0.010608163265306121
T2d_H_polarized_environmental_concern_2026-09-19_04-31-45,T2d_H_polarized_environmental_concern,T2d_H,H,polarized,environmental_concern,dual,sai_geoengineering,270,143,121,121,False,0.876,0.8893,,True,78,78,0,43,False,0.7674418604651163,0.9151785714285714,,-0.10855813953488369
T2d_H_polarized_environmental_concern_2026-09-19_04-31-45,T2d_H_polarized_environmental_concern,T2d_H,H,polarized,environmental_concern,dual,paris_agreement,270,131,99,99,False,1.0,1.0054,,True,48,48,0,51,False,0.9411764705882353,0.941468253968254,,-0.05882352941176472
T2d_H_polarized_environmental_concern_2026-09-19_04-31-45,T2d_H_polarized_environmental_concern,T2d_H,H,polarized,environmental_concern,dual,climate_consensus,270,143,127,127,False,0.2992,0.3346,,True,23,23,0,104,False,0.36538461538461536,0.3853015856692327,,0.06618461538461534
T2d_H_polarized_environmental_concern_2026-09-19_04-31-45,T2d_H_polarized_environmental_concern,T2d_H,H,polarized,environmental_concern,dual,polar_bears,270,109,98,98,False,0.7245,0.7172,,True,0,0,0,98,False,0.7244897959183674,0.7171733495262906,,-1.0204081632658735e-05
T2d_H_polarized_mitigation_first_policy_2026-09-19_04-32-04,T2d_H_polarized_mitigation_first_policy,T2d_H,H,polarized,mitigation_first_policy,dual,scopex_2017,193,1,0,0,True,,,,True,0,0,0,0,True,,,,
T2d_H_polarized_mitigation_first_policy_2026-09-19_04-32-04,T2d_H_polarized_mitigation_first_policy,T2d_H,H,polarized,mitigation_first_policy,dual,chemtrails_gates_2018_2021,193,124,108,108,False,0.1111,0.111,,True,60,60,0,48,False,0.1875,0.20952380952380953,,0.0764
T2d_H_polarized_mitigation_first_policy_2026-09-19_04-32-04,T2d_H_polarized_mitigation_first_policy,T2d_H,H,polarized,mitigation_first_policy,dual,sai_geoengineering,193,128,113,113,False,0.9823,0.9801,,True,66,66,0,47,False,1.0,0.9292748917748918,,0.01770000000000005
T2d_H_polarized_mitigation_first_policy_2026-09-19_04-32-04,T2d_H_polarized_mitigation_first_policy,T2d_H,H,polarized,mitigation_first_policy,dual,paris_agreement,193,104,89,89,False,0.7978,0.7626,,True,52,52,0,37,False,0.7567567567567568,0.6724206349206349,,-0.041043243243243155
T2d_H_polarized_mitigation_first_policy_2026-09-19_04-32-04,T2d_H_polarized_mitigation_first_policy,T2d_H,H,polarized,mitigation_first_policy,dual,climate_consensus,193,128,107,107,False,0.4299,0.45,,True,15,15,0,92,False,0.45652173913043476,0.46667811355311356,,0.02662173913043475
T2d_H_polarized_mitigation_first_policy_2026-09-19_04-32-04,T2d_H_polarized_mitigation_first_policy,T2d_H,H,polarized,mitigation_first_policy,dual,polar_bears,193,142,120,120,False,1.2083,1.2183,,True,0,0,0,120,False,1.2083333333333333,1.218331148018648,,3.333333333332966e-05
T2d_H_polarized_ozone_stratosphere_specialist_2026-09-19_04-49-20,T2d_H_polarized_ozone_stratosphere_specialist,T2d_H,H,polarized,ozone_stratosphere_specialist,dual,scopex_2017,0,143,114,114,False,0.0175,0.0132,,True,0,0,0,114,False,0.017543859649122806,0.013157894736842105,,4.385964912280438e-05
T2d_H_polarized_ozone_stratosphere_specialist_2026-09-19_04-49-20,T2d_H_polarized_ozone_stratosphere_specialist,T2d_H,H,polarized,ozone_stratosphere_specialist,dual,chemtrails_gates_2018_2021,0,136,118,118,False,2.0085,2.016,,True,0,0,0,118,False,2.0084745762711864,2.015972222222222,,-2.5423728813755986e-05
T2d_H_polarized_ozone_stratosphere_specialist_2026-09-19_04-49-20,T2d_H_polarized_ozone_stratosphere_specialist,T2d_H,H,polarized,ozone_stratosphere_specialist,dual,sai_geoengineering,0,142,124,124,False,1.1935,1.1947,,True,0,0,0,124,False,1.1935483870967742,1.194704131652661,,4.838709677423836e-05
T2d_H_polarized_ozone_stratosphere_specialist_2026-09-19_04-49-20,T2d_H_polarized_ozone_stratosphere_specialist,T2d_H,H,polarized,ozone_stratosphere_specialist,dual,paris_agreement,0,109,97,97,False,0.6495,0.5943,,True,0,0,0,97,False,0.6494845360824743,0.5943250377073906,,-1.546391752571541e-05
T2d_H_polarized_ozone_stratosphere_specialist_2026-09-19_04-49-20,T2d_H_polarized_ozone_stratosphere_specialist,T2d_H,H,polarized,ozone_stratosphere_specialist,dual,climate_consensus,0,113,88,88,False,0.9773,0.9585,,True,0,0,0,88,False,0.9772727272727273,0.9584783272283273,,-2.727272727265362e-05
T2d_H_polarized_ozone_stratosphere_specialist_2026-09-19_04-49-20,T2d_H_polarized_ozone_stratosphere_specialist,T2d_H,H,polarized,ozone_stratosphere_specialist,dual,polar_bears,0,139,122,122,False,1.4836,1.4752,,False,0,0,85,,,,,,
T2d_H_polarized_science_journalist_2026-09-19_04-33-08,T2d_H_polarized_science_journalist,T2d_H,H,polarized,science_journalist,dual,scopex_2017,0,140,115,115,False,0.6696,0.6789,,True,0,0,0,115,False,0.6695652173913044,0.6789109583227231,,-3.47826086956049e-05
T2d_H_polarized_science_journalist_2026-09-19_04-33-08,T2d_H_polarized_science_journalist,T2d_H,H,polarized,science_journalist,dual,chemtrails_gates_2018_2021,0,144,126,126,False,0.0,0.0,,True,0,0,0,126,False,0.0,0.0,,0.0
T2d_H_polarized_science_journalist_2026-09-19_04-33-08,T2d_H_polarized_science_journalist,T2d_H,H,polarized,science_journalist,dual,sai_geoengineering,0,130,106,106,False,1.0849,1.1026,,True,0,0,0,106,False,1.0849056603773586,1.1025530277900635,,5.660377358607249e-06
T2d_H_polarized_science_journalist_2026-09-19_04-33-08,T2d_H_polarized_science_journalist,T2d_H,H,polarized,science_journalist,dual,paris_agreement,0,136,116,116,False,0.8017,0.8304,,True,0,0,0,116,False,0.8017241379310345,0.8304056237879768,,2.41379310345069e-05
T2d_H_polarized_science_journalist_2026-09-19_04-33-08,T2d_H_polarized_science_journalist,T2d_H,H,polarized,science_journalist,dual,climate_consensus,0,141,115,115,False,0.9304,0.9408,,True,0,0,0,115,False,0.9304347826086956,0.9407993966817496,,3.47826086956049e-05
T2d_H_polarized_science_journalist_2026-09-19_04-33-08,T2d_H_polarized_science_journalist,T2d_H,H,polarized,science_journalist,dual,polar_bears,0,140,121,121,False,0.9917,0.9912,,True,0,0,0,121,False,0.9917355371900827,0.9912377273784008,,3.553719008264622e-05
T2d_H_random_er_biodiversity_food_security_2026-09-19_03-35-36,T2d_H_random_er_biodiversity_food_security,T2d_H,H,random_er,biodiversity_food_security,dual,scopex_2017,0,1,0,0,True,,,,True,0,0,0,0,True,,,,
T2d_H_random_er_biodiversity_food_security_2026-09-19_03-35-36,T2d_H_random_er_biodiversity_food_security,T2d_H,H,random_er,biodiversity_food_security,dual,chemtrails_gates_2018_2021,0,166,144,144,False,2.0069,2.0069,,True,0,0,0,144,False,2.0069444444444446,2.0069444444444446,,4.444444444473561e-05
T2d_H_random_er_biodiversity_food_security_2026-09-19_03-35-36,T2d_H_random_er_biodiversity_food_security,T2d_H,H,random_er,biodiversity_food_security,dual,sai_geoengineering,0,1,0,0,True,,,,True,0,0,0,0,True,,,,
T2d_H_random_er_biodiversity_food_security_2026-09-19_03-35-36,T2d_H_random_er_biodiversity_food_security,T2d_H,H,random_er,biodiversity_food_security,dual,paris_agreement,0,173,147,147,False,0.415,0.4142,,True,0,0,0,147,False,0.41496598639455784,0.4142275111799105,,-3.401360544214027e-05
T2d_H_random_er_biodiversity_food_security_2026-09-19_03-35-36,T2d_H_random_er_biodiversity_food_security,T2d_H,H,random_er,biodiversity_food_security,dual,climate_consensus,0,171,143,143,False,1.9301,1.934,,True,0,0,0,143,False,1.93006993006993,1.9339783281733747,,-3.0069930069931416e-05
T2d_H_random_er_biodiversity_food_security_2026-09-19_03-35-36,T2d_H_random_er_biodiversity_food_security,T2d_H,H,random_er,biodiversity_food_security,dual,polar_bears,0,170,142,142,False,0.9577,0.9737,,True,0,0,0,142,False,0.9577464788732394,0.9736511929333137,,4.6478873239386154e-05
T2d_H_random_er_climate_action_advocate_2026-09-19_03-08-33,T2d_H_random_er_climate_action_advocate,T2d_H,H,random_er,climate_action_advocate,dual,scopex_2017,0,1,0,0,True,,,,True,0,0,0,0,True,,,,
T2d_H_random_er_climate_action_advocate_2026-09-19_03-08-33,T2d_H_random_er_climate_action_advocate,T2d_H,H,random_er,climate_action_advocate,dual,chemtrails_gates_2018_2021,0,159,137,137,False,1.9781,1.9812,,True,0,0,0,137,False,1.9781021897810218,1.9811916154021416,,2.189781021844084e-06
T2d_H_random_er_climate_action_advocate_2026-09-19_03-08-33,T2d_H_random_er_climate_action_advocate,T2d_H,H,random_er,climate_action_advocate,dual,sai_geoengineering,0,156,137,137,False,1.1168,1.1806,,True,0,0,0,137,False,1.1167883211678833,1.1805745424166476,,-1.1678832116723825e-05
T2d_H_random_er_climate_action_advocate_2026-09-19_03-08-33,T2d_H_random_er_climate_action_advocate,T2d_H,H,random_er,climate_action_advocate,dual,paris_agreement,0,157,134,134,False,0.3955,0.395,,True,0,0,0,134,False,0.39552238805970147,0.3950460487225193,,2.2388059701450302e-05
T2d_H_random_er_climate_action_advocate_2026-09-19_03-08-33,T2d_H_random_er_climate_action_advocate,T2d_H,H,random_er,climate_action_advocate,dual,climate_consensus,0,1,0,0,True,,,,True,0,0,0,0,True,,,,
T2d_H_random_er_climate_action_advocate_2026-09-19_03-08-33,T2d_H_random_er_climate_action_advocate,T2d_H,H,random_er,climate_action_advocate,dual,polar_bears,0,159,132,132,False,0.9394,0.9424,,True,0,0,0,132,False,0.9393939393939394,0.9424342105263158,,-6.060606060565021e-06
T2d_H_random_er_climate_justice_youth_2026-09-19_03-14-49,T2d_H_random_er_climate_justice_youth,T2d_H,H,random_er,climate_justice_youth,dual,scopex_2017,0,159,139,139,False,2.4388,2.4979,,True,0,0,0,139,False,2.4388489208633093,2.4978513993316627,,4.892086330920975e-05
T2d_H_random_er_climate_justice_youth_2026-09-19_03-14-49,T2d_H_random_er_climate_justice_youth,T2d_H,H,random_er,climate_justice_youth,dual,chemtrails_gates_2018_2021,0,169,142,142,False,2.0,2.0,,True,1,1,0,141,False,2.0,2.0,,0.0
T2d_H_random_er_climate_justice_youth_2026-09-19_03-14-49,T2d_H_random_er_climate_justice_youth,T2d_H,H,random_er,climate_justice_youth,dual,sai_geoengineering,0,157,137,137,False,0.6204,0.632,,True,0,0,0,137,False,0.6204379562043796,0.6320325937392501,,3.795620437962999e-05
T2d_H_random_er_climate_justice_youth_2026-09-19_03-14-49,T2d_H_random_er_climate_justice_youth,T2d_H,H,random_er,climate_justice_youth,dual,paris_agreement,0,155,131,131,False,0.1221,0.1145,,True,0,0,0,131,False,0.12213740458015267,0.11450808393532852,,3.740458015266679e-05
T2d_H_random_er_climate_justice_youth_2026-09-19_03-14-49,T2d_H_random_er_climate_justice_youth,T2d_H,H,random_er,climate_justice_youth,dual,climate_consensus,0,169,135,135,False,1.7333,1.7363,,True,0,0,0,135,False,1.7333333333333334,1.7362854900732223,,3.333333333332966e-05
T2d_H_random_er_climate_justice_youth_2026-09-19_03-14-49,T2d_H_random_er_climate_justice_youth,T2d_H,H,random_er,climate_justice_youth,dual,polar_bears,0,158,128,128,False,1.0234,1.0116,,True,0,0,0,128,False,1.0234375,1.0116217320261438,,3.74999999999126e-05
T2d_H_random_er_climate_scientist_2026-09-19_03-37-35,T2d_H_random_er_climate_scientist,T2d_H,H,random_er,climate_scientist,dual,scopex_2017,579,139,123,123,False,0.0,0.0,,True,0,0,0,123,False,0.0,0.0,,0.0
T2d_H_random_er_climate_scientist_2026-09-19_03-37-35,T2d_H_random_er_climate_scientist,T2d_H,H,random_er,climate_scientist,dual,chemtrails_gates_2018_2021,579,138,117,117,False,0.0085,0.0069,,True,0,0,0,117,False,0.008547008547008548,0.006944444444444444,,4.700854700854726e-05
T2d_H_random_er_climate_scientist_2026-09-19_03-37-35,T2d_H_random_er_climate_scientist,T2d_H,H,random_er,climate_scientist,dual,sai_geoengineering,579,148,131,115,False,1.4174,1.4414,,True,0,0,16,115,False,1.4173913043478261,1.4414270971546514,,-8.69565217387347e-06
T2d_H_random_er_climate_scientist_2026-09-19_03-37-35,T2d_H_random_er_climate_scientist,T2d_H,H,random_er,climate_scientist,dual,paris_agreement,579,134,109,4,False,1.0,1.0,,True,0,0,105,4,False,1.0,1.0,,0.0
T2d_H_random_er_climate_scientist_2026-09-19_03-37-35,T2d_H_random_er_climate_scientist,T2d_H,H,random_er,climate_scientist,dual,climate_consensus,579,144,118,9,False,0.6667,0.7857,,True,0,0,109,9,False,0.6666666666666666,0.7857142857142857,,-3.333333333332966e-05
T2d_H_random_er_climate_scientist_2026-09-19_03-37-35,T2d_H_random_er_climate_scientist,T2d_H,H,random_er,climate_scientist,dual,polar_bears,579,130,106,13,False,1.9231,1.9286,,True,0,0,93,13,False,1.9230769230769231,1.9285714285714286,,-2.3076923076903455e-05
T2d_H_random_er_conspiracy_believer_2026-09-19_02-59-49,T2d_H_random_er_conspiracy_believer,T2d_H,H,random_er,conspiracy_believer,dual,scopex_2017,0,116,103,103,False,4.3204,4.3214,1.0,True,9,9,0,94,False,4.25531914893617,4.253030303030303,1,-0.0650808510638301
T2d_H_random_er_conspiracy_believer_2026-09-19_02-59-49,T2d_H_random_er_conspiracy_believer,T2d_H,H,random_er,conspiracy_believer,dual,chemtrails_gates_2018_2021,0,103,84,84,False,4.3214,4.3129,3.0,True,16,16,0,68,False,4.3088235294117645,4.310772907647907,3,-0.012576470588235189
T2d_H_random_er_conspiracy_believer_2026-09-19_02-59-49,T2d_H_random_er_conspiracy_believer,T2d_H,H,random_er,conspiracy_believer,dual,sai_geoengineering,0,113,99,99,False,1.8384,1.8417,,True,2,2,0,97,False,1.8453608247422681,1.8473713786213786,,0.006960824742268112
T2d_H_random_er_conspiracy_believer_2026-09-19_02-59-49,T2d_H_random_er_conspiracy_believer,T2d_H,H,random_er,conspiracy_believer,dual,paris_agreement,0,2,1,1,True,5.0,5.0,1.0,True,0,0,0,1,True,5.0,5.0,1,0.0
T2d_H_random_er_conspiracy_believer_2026-09-19_02-59-49,T2d_H_random_er_conspiracy_believer,T2d_H,H,random_er,conspiracy_believer,dual,climate_consensus,0,115,92,92,False,5.0,5.0,1.0,True,15,15,0,77,False,5.0,5.0,1,0.0
T2d_H_random_er_conspiracy_believer_2026-09-19_02-59-49,T2d_H_random_er_conspiracy_believer,T2d_H,H,random_er,conspiracy_believer,dual,polar_bears,0,2,1,1,True,0.0,0.0,,True,0,0,0,1,True,0.0,0.0,,0.0
T2d_H_random_er_conspiracy_climate_piggyback_2026-09-19_03-01-49,T2d_H_random_er_conspiracy_climate_piggyback,T2d_H,H,random_er,conspiracy_climate_piggyback,dual,scopex_2017,0,105,93,93,False,2.7312,2.7235,8.0,True,0,0,0,93,False,2.7311827956989245,2.7234697594072594,8,-1.7204301075324224e-05
T2d_H_random_er_conspiracy_climate_piggyback_2026-09-19_03-01-49,T2d_H_random_er_conspiracy_climate_piggyback,T2d_H,H,random_er,conspiracy_climate_piggyback,dual,chemtrails_gates_2018_2021,0,55,45,45,False,4.4889,4.4375,1.0,True,0,0,0,45,False,4.488888888888889,4.4375,1,-1.1111111111183902e-05
T2d_H_random_er_conspiracy_climate_piggyback_2026-09-19_03-01-49,T2d_H_random_er_conspiracy_climate_piggyback,T2d_H,H,random_er,conspiracy_climate_piggyback,dual,sai_geoengineering,0,43,34,34,False,2.6176,2.656,,True,0,0,0,34,False,2.6176470588235294,2.655952380952381,,4.7058823529511074e-05
T2d_H_random_er_conspiracy_climate_piggyback_2026-09-19_03-01-49,T2d_H_random_er_conspiracy_climate_piggyback,T2d_H,H,random_er,conspiracy_climate_piggyback,dual,paris_agreement,0,1,0,0,True,,,,True,0,0,0,0,True,,,,
T2d_H_random_er_conspiracy_climate_piggyback_2026-09-19_03-01-49,T2d_H_random_er_conspiracy_climate_piggyback,T2d_H,H,random_er,conspiracy_climate_piggyback,dual,climate_consensus,0,1,0,0,True,,,,True,0,0,0,0,True,,,,
T2d_H_random_er_conspiracy_climate_piggyback_2026-09-19_03-01-49,T2d_H_random_er_conspiracy_climate_piggyback,T2d_H,H,random_er,conspiracy_climate_piggyback,dual,polar_bears,0,42,37,37,False,2.1081,2.1825,,True,0,0,0,37,False,2.108108108108108,2.182539682539683,,8.1081081080292e-06
T2d_H_random_er_conspiracy_depopulation_2026-09-19_03-01-29,T2d_H_random_er_conspiracy_depopulation,T2d_H,H,random_er,conspiracy_depopulation,dual,scopex_2017,0,134,121,121,False,2.6612,2.6611,,True,0,0,0,121,False,2.6611570247933884,2.6611024698340877,,-4.2975206611561845e-05
T2d_H_random_er_conspiracy_depopulation_2026-09-19_03-01-29,T2d_H_random_er_conspiracy_depopulation,T2d_H,H,random_er,conspiracy_depopulation,dual,chemtrails_gates_2018_2021,0,142,128,128,False,3.9531,3.9521,5.0,True,0,0,0,128,False,3.953125,3.9521391088486677,4,2.4999999999941735e-05
T2d_H_random_er_conspiracy_depopulation_2026-09-19_03-01-29,T2d_H_random_er_conspiracy_depopulation,T2d_H,H,random_er,conspiracy_depopulation,dual,sai_geoengineering,0,140,126,126,False,1.0556,1.0406,,True,0,0,0,126,False,1.0555555555555556,1.0406187154348918,,-4.4444444444513564e-05
T2d_H_random_er_conspiracy_depopulation_2026-09-19_03-01-29,T2d_H_random_er_conspiracy_depopulation,T2d_H,H,random_er,conspiracy_depopulation,dual,paris_agreement,0,141,119,119,False,4.5462,4.548,6.0,True,0,0,0,119,False,4.546218487394958,4.54804449023199,2,1.8487394958022207e-05
T2d_H_random_er_conspiracy_depopulation_2026-09-19_03-01-29,T2d_H_random_er_conspiracy_depopulation,T2d_H,H,random_er,conspiracy_depopulation,dual,climate_consensus,0,138,116,116,False,4.9224,4.9358,2.0,True,0,0,0,116,False,4.922413793103448,4.935763888888889,2,1.3793103448733746e-05
T2d_H_random_er_conspiracy_depopulation_2026-09-19_03-01-29,T2d_H_random_er_conspiracy_depopulation,T2d_H,H,random_er,conspiracy_depopulation,dual,polar_bears,0,1,0,0,True,,,,True,0,0,0,0,True,,,,
T2d_H_random_er_conspiracy_haarp_weather_2026-09-19_02-59-53,T2d_H_random_er_conspiracy_haarp_weather,T2d_H,H,random_er,conspiracy_haarp_weather,dual,scopex_2017,0,169,146,146,False,2.1164,2.1195,,True,0,0,0,146,False,2.1164383561643834,2.1195097187599123,,3.8356164383301916e-05
T2d_H_random_er_conspiracy_haarp_weather_2026-09-19_02-59-53,T2d_H_random_er_conspiracy_haarp_weather,T2d_H,H,random_er,conspiracy_haarp_weather,dual,chemtrails_gates_2018_2021,0,154,128,128,False,3.9609,3.9676,4.0,True,0,0,0,128,False,3.9609375,3.9676091269841267,3,3.74999999999126e-05
T2d_H_random_er_conspiracy_haarp_weather_2026-09-19_02-59-53,T2d_H_random_er_conspiracy_haarp_weather,T2d_H,H,random_er,conspiracy_haarp_weather,dual,sai_geoengineering,0,160,135,135,False,1.5333,1.5369,,True,0,0,0,135,False,1.5333333333333334,1.5369351688043638,,3.333333333332966e-05
T2d_H_random_er_conspiracy_haarp_weather_2026-09-19_02-59-53,T2d_H_random_er_conspiracy_haarp_weather,T2d_H,H,random_er,conspiracy_haarp_weather,dual,paris_agreement,0,150,129,129,False,4.5969,4.6103,3.0,True,0,0,0,129,False,4.596899224806202,4.6102678571428575,1,-7.751937980415846e-07
T2d_H_random_er_conspiracy_haarp_weather_2026-09-19_02-59-53,T2d_H_random_er_conspiracy_haarp_weather,T2d_H,H,random_er,conspiracy_haarp_weather,dual,climate_consensus,0,167,139,139,False,4.9856,4.9868,1.0,True,0,0,0,139,False,4.985611510791367,4.9868421052631575,1,1.1510791367186357e-05
T2d_H_random_er_conspiracy_haarp_weather_2026-09-19_02-59-53,T2d_H_random_er_conspiracy_haarp_weather,T2d_H,H,random_er,conspiracy_haarp_weather,dual,polar_bears,0,1,0,0,True,,,,True,0,0,0,0,True,,,,
T2d_H_random_er_environmental_concern_2026-09-19_03-21-07,T2d_H_random_er_environmental_concern,T2d_H,H,random_er,environmental_concern,dual,scopex_2017,0,132,106,106,False,0.0377,0.0366,,True,0,0,0,106,False,0.03773584905660377,0.03660714285714285,,3.584905660377474e-05
T2d_H_random_er_environmental_concern_2026-09-19_03-21-07,T2d_H_random_er_environmental_concern,T2d_H,H,random_er,environmental_concern,dual,chemtrails_gates_2018_2021,0,136,111,111,False,1.8468,1.8569,,True,0,0,0,111,False,1.8468468468468469,1.8568605006105006,,4.684684684685969e-05
T2d_H_random_er_environmental_concern_2026-09-19_03-21-07,T2d_H_random_er_environmental_concern,T2d_H,H,random_er,environmental_concern,dual,sai_geoengineering,0,113,95,95,False,1.1895,1.1825,,True,0,0,0,95,False,1.1894736842105262,1.1824652777777778,,-2.6315789473763118e-05
T2d_H_random_er_environmental_concern_2026-09-19_03-21-07,T2d_H_random_er_environmental_concern,T2d_H,H,random_er,environmental_concern,dual,paris_agreement,0,1,0,0,True,,,,True,0,0,0,0,True,,,,
T2d_H_random_er_environmental_concern_2026-09-19_03-21-07,T2d_H_random_er_environmental_concern,T2d_H,H,random_er,environmental_concern,dual,climate_consensus,0,1,0,0,True,,,,True,0,0,0,0,True,,,,
T2d_H_random_er_environmental_concern_2026-09-19_03-21-07,T2d_H_random_er_environmental_concern,T2d_H,H,random_er,environmental_concern,dual,polar_bears,0,102,82,82,False,0.6463,0.6488,,True,0,0,0,82,False,0.6463414634146342,0.6487574925074925,,4.1463414634179685e-05
T2d_H_random_er_mitigation_first_policy_2026-09-19_03-20-54,T2d_H_random_er_mitigation_first_policy,T2d_H,H,random_er,mitigation_first_policy,dual,scopex_2017,0,135,118,118,False,0.3729,0.3673,,True,0,0,0,118,False,0.3728813559322034,0.3673190328763084,,-1.864406779661376e-05
T2d_H_random_er_mitigation_first_policy_2026-09-19_03-20-54,T2d_H_random_er_mitigation_first_policy,T2d_H,H,random_er,mitigation_first_policy,dual,chemtrails_gates_2018_2021,0,135,119,119,False,0.2017,0.2038,,True,0,0,0,119,False,0.20168067226890757,0.20384890798424632,,-1.932773109242225e-05
T2d_H_random_er_mitigation_first_policy_2026-09-19_03-20-54,T2d_H_random_er_mitigation_first_policy,T2d_H,H,random_er,mitigation_first_policy,dual,sai_geoengineering,0,120,101,101,False,1.1485,1.1468,,True,0,0,0,101,False,1.1485148514851484,1.1467817896389325,,1.4851485148348331e-05
T2d_H_random_er_mitigation_first_policy_2026-09-19_03-20-54,T2d_H_random_er_mitigation_first_policy,T2d_H,H,random_er,mitigation_first_policy,dual,paris_agreement,0,132,122,122,False,1.4262,1.4305,,True,0,0,0,122,False,1.4262295081967213,1.4305119416187526,,2.9508196721428348e-05
T2d_H_random_er_mitigation_first_policy_2026-09-19_03-20-54,T2d_H_random_er_mitigation_first_policy,T2d_H,H,random_er,mitigation_first_policy,dual,climate_consensus,0,134,118,118,False,0.5847,0.5801,,True,0,0,0,118,False,0.5847457627118644,0.580078974909802,,4.57627118644055e-05
T2d_H_random_er_mitigation_first_policy_2026-09-19_03-20-54,T2d_H_random_er_mitigation_first_policy,T2d_H,H,random_er,mitigation_first_policy,dual,polar_bears,0,135,120,120,False,0.7917,0.7925,,True,0,0,0,120,False,0.7916666666666666,0.7925186741363213,,-3.333333333332966e-05
T2d_H_random_er_ozone_stratosphere_specialist_2026-09-19_03-25-53,T2d_H_random_er_ozone_stratosphere_specialist,T2d_H,H,random_er,ozone_stratosphere_specialist,dual,scopex_2017,0,1,0,0,True,,,,True,0,0,0,0,True,,,,
T2d_H_random_er_ozone_stratosphere_specialist_2026-09-19_03-25-53,T2d_H_random_er_ozone_stratosphere_specialist,T2d_H,H,random_er,ozone_stratosphere_specialist,dual,chemtrails_gates_2018_2021,0,148,127,127,False,1.9764,1.9841,,True,0,0,0,127,False,1.9763779527559056,1.9841284430438841,,-2.2047244094380858e-05
T2d_H_random_er_ozone_stratosphere_specialist_2026-09-19_03-25-53,T2d_H_random_er_ozone_stratosphere_specialist,T2d_H,H,random_er,ozone_stratosphere_specialist,dual,sai_geoengineering,0,1,0,0,True,,,,True,0,0,0,0,True,,,,
T2d_H_random_er_ozone_stratosphere_specialist_2026-09-19_03-25-53,T2d_H_random_er_ozone_stratosphere_specialist,T2d_H,H,random_er,ozone_stratosphere_specialist,dual,paris_agreement,0,1,0,0,True,,,,True,0,0,0,0,True,,,,
T2d_H_random_er_ozone_stratosphere_specialist_2026-09-19_03-25-53,T2d_H_random_er_ozone_stratosphere_specialist,T2d_H,H,random_er,ozone_stratosphere_specialist,dual,climate_consensus,0,122,104,104,False,0.8942,0.8827,,True,0,0,0,104,False,0.8942307692307693,0.8827380952380952,,3.076923076927862e-05
T2d_H_random_er_ozone_stratosphere_specialist_2026-09-19_03-25-53,T2d_H_random_er_ozone_stratosphere_specialist,T2d_H,H,random_er,ozone_stratosphere_specialist,dual,polar_bears,0,147,124,124,False,0.7984,0.7952,,True,0,0,0,124,False,0.7983870967741935,0.7952205882352941,,-1.2903225806493168e-05
T2d_H_random_er_science_journalist_2026-09-19_03-41-01,T2d_H_random_er_science_journalist,T2d_H,H,random_er,science_journalist,dual,scopex_2017,591,1,0,0,True,,,,True,0,0,0,0,True,,,,
T2d_H_random_er_science_journalist_2026-09-19_03-41-01,T2d_H_random_er_science_journalist,T2d_H,H,random_er,science_journalist,dual,chemtrails_gates_2018_2021,591,151,133,133,False,0.1278,0.1207,,True,0,0,0,133,False,0.12781954887218044,0.12068757427213309,,1.9548872180447097e-05
T2d_H_random_er_science_journalist_2026-09-19_03-41-01,T2d_H_random_er_science_journalist,T2d_H,H,random_er,science_journalist,dual,sai_geoengineering,591,151,130,130,False,0.8846,0.8808,,True,0,0,0,130,False,0.8846153846153846,0.8808298319327731,,1.538461538452829e-05
T2d_H_random_er_science_journalist_2026-09-19_03-41-01,T2d_H_random_er_science_journalist,T2d_H,H,random_er,science_journalist,dual,paris_agreement,591,133,116,11,False,0.7273,0.8214,,True,0,0,105,11,False,0.7272727272727273,0.8214285714285714,,-2.727272727265362e-05
T2d_H_random_er_science_journalist_2026-09-19_03-41-01,T2d_H_random_er_science_journalist,T2d_H,H,random_er,science_journalist,dual,climate_consensus,591,154,137,8,False,0.625,0.7143,,True,0,0,129,8,False,0.625,0.7142857142857143,,0.0
T2d_H_random_er_science_journalist_2026-09-19_03-41-01,T2d_H_random_er_science_journalist,T2d_H,H,random_er,science_journalist,dual,polar_bears,591,147,129,31,False,1.0,0.7696,,True,0,0,98,31,False,1.0,0.7695970695970695,,0.0
T2d_H_ring_biodiversity_food_security_2026-09-19_02-58-23,T2d_H_ring_biodiversity_food_security,T2d_H,H,ring,biodiversity_food_security,dual,scopex_2017,0,2,1,1,True,1.0,1.0,,True,0,0,0,1,True,1.0,1.0,,0.0
T2d_H_ring_biodiversity_food_security_2026-09-19_02-58-23,T2d_H_ring_biodiversity_food_security,T2d_H,H,ring,biodiversity_food_security,dual,chemtrails_gates_2018_2021,0,5,4,4,False,2.0,2.0,,True,0,0,0,4,False,2.0,2.0,,0.0
T2d_H_ring_biodiversity_food_security_2026-09-19_02-58-23,T2d_H_ring_biodiversity_food_security,T2d_H,H,ring,biodiversity_food_security,dual,sai_geoengineering,0,8,8,8,False,1.75,1.75,,True,0,0,0,8,False,1.75,1.75,,0.0
T2d_H_ring_biodiversity_food_security_2026-09-19_02-58-23,T2d_H_ring_biodiversity_food_security,T2d_H,H,ring,biodiversity_food_security,dual,paris_agreement,0,8,7,7,False,0.4286,0.4286,,True,0,0,0,7,False,0.42857142857142855,0.42857142857142855,,-2.8571428571433355e-05
T2d_H_ring_biodiversity_food_security_2026-09-19_02-58-23,T2d_H_ring_biodiversity_food_security,T2d_H,H,ring,biodiversity_food_security,dual,climate_consensus,0,8,8,8,False,0.5,0.5,,True,0,0,0,8,False,0.5,0.5,,0.0
T2d_H_ring_biodiversity_food_security_2026-09-19_02-58-23,T2d_H_ring_biodiversity_food_security,T2d_H,H,ring,biodiversity_food_security,dual,polar_bears,0,5,4,4,False,1.75,1.75,,True,0,0,0,4,False,1.75,1.75,,0.0
T2d_H_ring_climate_action_advocate_2026-09-19_02-56-28,T2d_H_ring_climate_action_advocate,T2d_H,H,ring,climate_action_advocate,dual,scopex_2017,0,2,1,1,True,1.0,1.0,,True,0,0,0,1,True,1.0,1.0,,0.0
T2d_H_ring_climate_action_advocate_2026-09-19_02-56-28,T2d_H_ring_climate_action_advocate,T2d_H,H,ring,climate_action_advocate,dual,chemtrails_gates_2018_2021,0,8,8,8,False,2.0,2.0,,True,0,0,0,8,False,2.0,2.0,,0.0
T2d_H_ring_climate_action_advocate_2026-09-19_02-56-28,T2d_H_ring_climate_action_advocate,T2d_H,H,ring,climate_action_advocate,dual,sai_geoengineering,0,8,8,8,False,1.25,1.25,,True,0,0,0,8,False,1.25,1.25,,0.0
T2d_H_ring_climate_action_advocate_2026-09-19_02-56-28,T2d_H_ring_climate_action_advocate,T2d_H,H,ring,climate_action_advocate,dual,paris_agreement,0,2,1,1,True,0.0,0.0,,True,0,0,0,1,True,0.0,0.0,,0.0
T2d_H_ring_climate_action_advocate_2026-09-19_02-56-28,T2d_H_ring_climate_action_advocate,T2d_H,H,ring,climate_action_advocate,dual,climate_consensus,0,8,8,8,False,1.5,1.5,,True,0,0,0,8,False,1.5,1.5,,0.0
T2d_H_ring_climate_action_advocate_2026-09-19_02-56-28,T2d_H_ring_climate_action_advocate,T2d_H,H,ring,climate_action_advocate,dual,polar_bears,0,8,8,8,False,1.25,1.25,,True,0,0,0,8,False,1.25,1.25,,0.0
T2d_H_ring_climate_justice_youth_2026-09-19_02-56-57,T2d_H_ring_climate_justice_youth,T2d_H,H,ring,climate_justice_youth,dual,scopex_2017,0,8,8,8,False,2.875,2.875,,True,0,0,0,8,False,2.875,2.875,,0.0
T2d_H_ring_climate_justice_youth_2026-09-19_02-56-57,T2d_H_ring_climate_justice_youth,T2d_H,H,ring,climate_justice_youth,dual,chemtrails_gates_2018_2021,0,8,8,8,False,2.0,2.0,,True,1,1,0,7,False,2.0,2.0,,0.0
T2d_H_ring_climate_justice_youth_2026-09-19_02-56-57,T2d_H_ring_climate_justice_youth,T2d_H,H,ring,climate_justice_youth,dual,sai_geoengineering,0,8,8,8,False,0.75,0.75,,True,0,0,0,8,False,0.75,0.75,,0.0
T2d_H_ring_climate_justice_youth_2026-09-19_02-56-57,T2d_H_ring_climate_justice_youth,T2d_H,H,ring,climate_justice_youth,dual,paris_agreement,0,3,2,2,False,0.5,0.5,,True,0,0,0,2,False,0.5,0.5,,0.0
T2d_H_ring_climate_justice_youth_2026-09-19_02-56-57,T2d_H_ring_climate_justice_youth,T2d_H,H,ring,climate_justice_youth,dual,climate_consensus,0,3,2,2,False,1.0,1.0,,True,0,0,0,2,False,1.0,1.0,,0.0
T2d_H_ring_climate_justice_youth_2026-09-19_02-56-57,T2d_H_ring_climate_justice_youth,T2d_H,H,ring,climate_justice_youth,dual,polar_bears,0,8,8,8,False,1.125,1.125,,True,0,0,0,8,False,1.125,1.125,,0.0
T2d_H_ring_climate_scientist_2026-09-19_02-59-25,T2d_H_ring_climate_scientist,T2d_H,H,ring,climate_scientist,dual,scopex_2017,0,4,3,3,False,0.0,0.0,,True,0,0,0,3,False,0.0,0.0,,0.0
T2d_H_ring_climate_scientist_2026-09-19_02-59-25,T2d_H_ring_climate_scientist,T2d_H,H,ring,climate_scientist,dual,chemtrails_gates_2018_2021,0,8,7,7,False,0.0,0.0,,True,0,0,0,7,False,0.0,0.0,,0.0
T2d_H_ring_climate_scientist_2026-09-19_02-59-25,T2d_H_ring_climate_scientist,T2d_H,H,ring,climate_scientist,dual,sai_geoengineering,0,2,1,1,True,0.0,0.0,,True,0,0,0,1,True,0.0,0.0,,0.0
T2d_H_ring_climate_scientist_2026-09-19_02-59-25,T2d_H_ring_climate_scientist,T2d_H,H,ring,climate_scientist,dual,paris_agreement,0,8,8,8,False,0.75,0.75,,True,0,0,0,8,False,0.75,0.75,,0.0
T2d_H_ring_climate_scientist_2026-09-19_02-59-25,T2d_H_ring_climate_scientist,T2d_H,H,ring,climate_scientist,dual,climate_consensus,0,8,8,8,False,0.75,0.75,,True,0,0,0,8,False,0.75,0.75,,0.0
T2d_H_ring_climate_scientist_2026-09-19_02-59-25,T2d_H_ring_climate_scientist,T2d_H,H,ring,climate_scientist,dual,polar_bears,0,8,8,8,False,2.0,2.0,,True,0,0,0,8,False,2.0,2.0,,0.0
T2d_H_ring_conspiracy_believer_2026-09-19_02-55-05,T2d_H_ring_conspiracy_believer,T2d_H,H,ring,conspiracy_believer,dual,scopex_2017,0,8,8,8,False,3.75,3.75,8.0,True,1,1,0,7,False,3.5714285714285716,3.5714285714285716,8,-0.17857142857142838
T2d_H_ring_conspiracy_believer_2026-09-19_02-55-05,T2d_H_ring_conspiracy_believer,T2d_H,H,ring,conspiracy_believer,dual,chemtrails_gates_2018_2021,0,2,1,1,True,4.0,4.0,1.0,True,0,0,0,1,True,4.0,4.0,1,0.0
T2d_H_ring_conspiracy_believer_2026-09-19_02-55-05,T2d_H_ring_conspiracy_believer,T2d_H,H,ring,conspiracy_believer,dual,sai_geoengineering,0,2,1,1,True,2.0,2.0,,True,0,0,0,1,True,2.0,2.0,,0.0
T2d_H_ring_conspiracy_believer_2026-09-19_02-55-05,T2d_H_ring_conspiracy_believer,T2d_H,H,ring,conspiracy_believer,dual,paris_agreement,0,1,0,0,True,,,,True,0,0,0,0,True,,,,
T2d_H_ring_conspiracy_believer_2026-09-19_02-55-05,T2d_H_ring_conspiracy_believer,T2d_H,H,ring,conspiracy_believer,dual,climate_consensus,0,8,8,8,False,5.0,5.0,1.0,True,2,2,0,6,False,5.0,5.0,1,0.0
T2d_H_ring_conspiracy_believer_2026-09-19_02-55-05,T2d_H_ring_conspiracy_believer,T2d_H,H,ring,conspiracy_believer,dual,polar_bears,0,8,8,8,False,1.875,1.875,8.0,True,0,0,0,8,False,1.875,1.875,6,0.0
T2d_H_ring_conspiracy_climate_piggyback_2026-09-19_02-56-03,T2d_H_ring_conspiracy_climate_piggyback,T2d_H,H,ring,conspiracy_climate_piggyback,dual,scopex_2017,0,2,1,1,True,3.0,3.0,,True,0,0,0,1,True,3.0,3.0,,0.0
T2d_H_ring_conspiracy_climate_piggyback_2026-09-19_02-56-03,T2d_H_ring_conspiracy_climate_piggyback,T2d_H,H,ring,conspiracy_climate_piggyback,dual,chemtrails_gates_2018_2021,0,8,8,8,False,3.75,3.75,8.0,True,1,1,0,7,False,3.7142857142857144,3.7142857142857144,6,-0.03571428571428559
T2d_H_ring_conspiracy_climate_piggyback_2026-09-19_02-56-03,T2d_H_ring_conspiracy_climate_piggyback,T2d_H,H,ring,conspiracy_climate_piggyback,dual,sai_geoengineering,0,8,8,8,False,1.125,1.125,,True,0,0,0,8,False,1.125,1.125,,0.0
T2d_H_ring_conspiracy_climate_piggyback_2026-09-19_02-56-03,T2d_H_ring_conspiracy_climate_piggyback,T2d_H,H,ring,conspiracy_climate_piggyback,dual,paris_agreement,0,8,8,8,False,2.625,2.625,,True,0,0,0,8,False,2.625,2.625,,0.0
T2d_H_ring_conspiracy_climate_piggyback_2026-09-19_02-56-03,T2d_H_ring_conspiracy_climate_piggyback,T2d_H,H,ring,conspiracy_climate_piggyback,dual,climate_consensus,0,8,8,8,False,5.0,5.0,1.0,True,0,0,0,8,False,5.0,5.0,1,0.0
T2d_H_ring_conspiracy_climate_piggyback_2026-09-19_02-56-03,T2d_H_ring_conspiracy_climate_piggyback,T2d_H,H,ring,conspiracy_climate_piggyback,dual,polar_bears,0,8,8,8,False,0.625,0.625,,True,0,0,0,8,False,0.625,0.625,,0.0
T2d_H_ring_conspiracy_depopulation_2026-09-19_02-56-00,T2d_H_ring_conspiracy_depopulation,T2d_H,H,ring,conspiracy_depopulation,dual,scopex_2017,0,2,1,1,True,0.0,0.0,,True,0,0,0,1,True,0.0,0.0,,0.0
T2d_H_ring_conspiracy_depopulation_2026-09-19_02-56-00,T2d_H_ring_conspiracy_depopulation,T2d_H,H,ring,conspiracy_depopulation,dual,chemtrails_gates_2018_2021,0,5,4,4,False,4.25,4.25,2.0,True,0,0,0,4,False,4.25,4.25,2,0.0
T2d_H_ring_conspiracy_depopulation_2026-09-19_02-56-00,T2d_H_ring_conspiracy_depopulation,T2d_H,H,ring,conspiracy_depopulation,dual,sai_geoengineering,0,8,8,8,False,2.125,2.125,,True,0,0,0,8,False,2.125,2.125,,0.0
T2d_H_ring_conspiracy_depopulation_2026-09-19_02-56-00,T2d_H_ring_conspiracy_depopulation,T2d_H,H,ring,conspiracy_depopulation,dual,paris_agreement,0,8,8,8,False,5.0,5.0,1.0,True,0,0,0,8,False,5.0,5.0,1,0.0
T2d_H_ring_conspiracy_depopulation_2026-09-19_02-56-00,T2d_H_ring_conspiracy_depopulation,T2d_H,H,ring,conspiracy_depopulation,dual,climate_consensus,0,8,8,8,False,4.75,4.75,1.0,True,0,0,0,8,False,4.75,4.75,1,0.0
T2d_H_ring_conspiracy_depopulation_2026-09-19_02-56-00,T2d_H_ring_conspiracy_depopulation,T2d_H,H,ring,conspiracy_depopulation,dual,polar_bears,0,3,2,2,False,1.0,1.0,,True,0,0,0,2,False,1.0,1.0,,0.0
T2d_H_ring_conspiracy_haarp_weather_2026-09-19_02-55-11,T2d_H_ring_conspiracy_haarp_weather,T2d_H,H,ring,conspiracy_haarp_weather,dual,scopex_2017,0,1,0,0,True,,,,True,0,0,0,0,True,,,,
T2d_H_ring_conspiracy_haarp_weather_2026-09-19_02-55-11,T2d_H_ring_conspiracy_haarp_weather,T2d_H,H,ring,conspiracy_haarp_weather,dual,chemtrails_gates_2018_2021,0,8,8,8,False,3.875,3.875,2.0,True,0,0,0,8,False,3.875,3.875,2,0.0
T2d_H_ring_conspiracy_haarp_weather_2026-09-19_02-55-11,T2d_H_ring_conspiracy_haarp_weather,T2d_H,H,ring,conspiracy_haarp_weather,dual,sai_geoengineering,0,8,8,8,False,2.5,2.5,,True,0,0,0,8,False,2.5,2.5,,0.0
T2d_H_ring_conspiracy_haarp_weather_2026-09-19_02-55-11,T2d_H_ring_conspiracy_haarp_weather,T2d_H,H,ring,conspiracy_haarp_weather,dual,paris_agreement,0,8,8,8,False,4.5,4.5,2.0,True,0,0,0,8,False,4.5,4.5,2,0.0
T2d_H_ring_conspiracy_haarp_weather_2026-09-19_02-55-11,T2d_H_ring_conspiracy_haarp_weather,T2d_H,H,ring,conspiracy_haarp_weather,dual,climate_consensus,0,8,8,8,False,5.0,5.0,1.0,True,0,0,0,8,False,5.0,5.0,1,0.0
T2d_H_ring_conspiracy_haarp_weather_2026-09-19_02-55-11,T2d_H_ring_conspiracy_haarp_weather,T2d_H,H,ring,conspiracy_haarp_weather,dual,polar_bears,0,8,8,8,False,0.25,0.25,,True,0,0,0,8,False,0.25,0.25,,0.0
T2d_H_ring_environmental_concern_2026-09-19_02-58-00,T2d_H_ring_environmental_concern,T2d_H,H,ring,environmental_concern,dual,scopex_2017,0,8,8,8,False,0.0,0.0,,True,0,0,0,8,False,0.0,0.0,,0.0
T2d_H_ring_environmental_concern_2026-09-19_02-58-00,T2d_H_ring_environmental_concern,T2d_H,H,ring,environmental_concern,dual,chemtrails_gates_2018_2021,0,8,8,8,False,1.125,1.125,,True,0,0,0,8,False,1.125,1.125,,0.0
T2d_H_ring_environmental_concern_2026-09-19_02-58-00,T2d_H_ring_environmental_concern,T2d_H,H,ring,environmental_concern,dual,sai_geoengineering,0,4,3,3,False,2.0,2.0,,True,0,0,0,3,False,2.0,2.0,,0.0
T2d_H_ring_environmental_concern_2026-09-19_02-58-00,T2d_H_ring_environmental_concern,T2d_H,H,ring,environmental_concern,dual,paris_agreement,0,8,8,8,False,0.125,0.125,,True,0,0,0,8,False,0.125,0.125,,0.0
T2d_H_ring_environmental_concern_2026-09-19_02-58-00,T2d_H_ring_environmental_concern,T2d_H,H,ring,environmental_concern,dual,climate_consensus,0,8,8,8,False,0.375,0.375,,True,0,0,0,8,False,0.375,0.375,,0.0
T2d_H_ring_environmental_concern_2026-09-19_02-58-00,T2d_H_ring_environmental_concern,T2d_H,H,ring,environmental_concern,dual,polar_bears,0,8,8,8,False,0.875,0.875,,True,0,0,0,8,False,0.875,0.875,,0.0
T2d_H_ring_mitigation_first_policy_2026-09-19_02-57-25,T2d_H_ring_mitigation_first_policy,T2d_H,H,ring,mitigation_first_policy,dual,scopex_2017,0,8,8,8,False,0.0,0.0,,True,0,0,0,8,False,0.0,0.0,,0.0
T2d_H_ring_mitigation_first_policy_2026-09-19_02-57-25,T2d_H_ring_mitigation_first_policy,T2d_H,H,ring,mitigation_first_policy,dual,chemtrails_gates_2018_2021,0,8,8,8,False,1.0,1.0,,True,0,0,0,8,False,1.0,1.0,,0.0
T2d_H_ring_mitigation_first_policy_2026-09-19_02-57-25,T2d_H_ring_mitigation_first_policy,T2d_H,H,ring,mitigation_first_policy,dual,sai_geoengineering,0,8,8,8,False,1.625,1.625,,True,0,0,0,8,False,1.625,1.625,,0.0
T2d_H_ring_mitigation_first_policy_2026-09-19_02-57-25,T2d_H_ring_mitigation_first_policy,T2d_H,H,ring,mitigation_first_policy,dual,paris_agreement,0,8,8,8,False,1.5,1.5,,True,0,0,0,8,False,1.5,1.5,,0.0
T2d_H_ring_mitigation_first_policy_2026-09-19_02-57-25,T2d_H_ring_mitigation_first_policy,T2d_H,H,ring,mitigation_first_policy,dual,climate_consensus,0,8,8,8,False,0.875,0.875,,True,0,0,0,8,False,0.875,0.875,,0.0
T2d_H_ring_mitigation_first_policy_2026-09-19_02-57-25,T2d_H_ring_mitigation_first_policy,T2d_H,H,ring,mitigation_first_policy,dual,polar_bears,0,8,8,8,False,0.5,0.5,,True,0,0,0,8,False,0.5,0.5,,0.0
T2d_H_ring_ozone_stratosphere_specialist_2026-09-19_02-58-05,T2d_H_ring_ozone_stratosphere_specialist,T2d_H,H,ring,ozone_stratosphere_specialist,dual,scopex_2017,0,8,8,8,False,0.0,0.0,,True,0,0,0,8,False,0.0,0.0,,0.0
T2d_H_ring_ozone_stratosphere_specialist_2026-09-19_02-58-05,T2d_H_ring_ozone_stratosphere_specialist,T2d_H,H,ring,ozone_stratosphere_specialist,dual,chemtrails_gates_2018_2021,0,8,8,8,False,1.875,1.875,,True,0,0,0,8,False,1.875,1.875,,0.0
T2d_H_ring_ozone_stratosphere_specialist_2026-09-19_02-58-05,T2d_H_ring_ozone_stratosphere_specialist,T2d_H,H,ring,ozone_stratosphere_specialist,dual,sai_geoengineering,0,8,8,8,False,1.125,1.125,,True,0,0,0,8,False,1.125,1.125,,0.0
T2d_H_ring_ozone_stratosphere_specialist_2026-09-19_02-58-05,T2d_H_ring_ozone_stratosphere_specialist,T2d_H,H,ring,ozone_stratosphere_specialist,dual,paris_agreement,0,1,0,0,True,,,,True,0,0,0,0,True,,,,
T2d_H_ring_ozone_stratosphere_specialist_2026-09-19_02-58-05,T2d_H_ring_ozone_stratosphere_specialist,T2d_H,H,ring,ozone_stratosphere_specialist,dual,climate_consensus,0,8,8,8,False,0.625,0.625,,True,0,0,0,8,False,0.625,0.625,,0.0
T2d_H_ring_ozone_stratosphere_specialist_2026-09-19_02-58-05,T2d_H_ring_ozone_stratosphere_specialist,T2d_H,H,ring,ozone_stratosphere_specialist,dual,polar_bears,0,8,8,8,False,0.625,0.625,,True,0,0,0,8,False,0.625,0.625,,0.0
T2d_H_ring_science_journalist_2026-09-19_02-59-47,T2d_H_ring_science_journalist,T2d_H,H,ring,science_journalist,dual,scopex_2017,0,6,5,5,False,0.0,0.0,,True,0,0,0,5,False,0.0,0.0,,0.0
T2d_H_ring_science_journalist_2026-09-19_02-59-47,T2d_H_ring_science_journalist,T2d_H,H,ring,science_journalist,dual,chemtrails_gates_2018_2021,0,8,8,8,False,1.0,1.0,,True,0,0,0,8,False,1.0,1.0,,0.0
T2d_H_ring_science_journalist_2026-09-19_02-59-47,T2d_H_ring_science_journalist,T2d_H,H,ring,science_journalist,dual,sai_geoengineering,0,8,8,8,False,1.625,1.625,,True,0,0,0,8,False,1.625,1.625,,0.0
T2d_H_ring_science_journalist_2026-09-19_02-59-47,T2d_H_ring_science_journalist,T2d_H,H,ring,science_journalist,dual,paris_agreement,0,5,4,4,False,0.25,0.25,,True,0,0,0,4,False,0.25,0.25,,0.0
T2d_H_ring_science_journalist_2026-09-19_02-59-47,T2d_H_ring_science_journalist,T2d_H,H,ring,science_journalist,dual,climate_consensus,0,8,8,8,False,1.375,1.375,,True,0,0,0,8,False,1.375,1.375,,0.0
T2d_H_ring_science_journalist_2026-09-19_02-59-47,T2d_H_ring_science_journalist,T2d_H,H,ring,science_journalist,dual,polar_bears,0,8,8,8,False,0.375,0.375,,True,0,0,0,8,False,0.375,0.375,,0.0
T2d_H_scale_free_biodiversity_food_security_2026-09-19_04-43-08,T2d_H_scale_free_biodiversity_food_security,T2d_H,H,scale_free,biodiversity_food_security,dual,scopex_2017,0,178,155,155,False,1.2258,1.2283,,True,0,0,0,155,False,1.2258064516129032,1.2283051378446115,,6.451612903246584e-06
T2d_H_scale_free_biodiversity_food_security_2026-09-19_04-43-08,T2d_H_scale_free_biodiversity_food_security,T2d_H,H,scale_free,biodiversity_food_security,dual,chemtrails_gates_2018_2021,0,177,155,155,False,1.9871,1.9896,,True,0,0,0,155,False,1.9870967741935484,1.9895833333333333,,-3.2258064517343144e-06
T2d_H_scale_free_biodiversity_food_security_2026-09-19_04-43-08,T2d_H_scale_free_biodiversity_food_security,T2d_H,H,scale_free,biodiversity_food_security,dual,sai_geoengineering,0,177,156,156,False,0.8269,0.8212,,True,0,0,0,156,False,0.8269230769230769,0.8212457670468506,,2.3076923076903455e-05
T2d_H_scale_free_biodiversity_food_security_2026-09-19_04-43-08,T2d_H_scale_free_biodiversity_food_security,T2d_H,H,scale_free,biodiversity_food_security,dual,paris_agreement,0,178,153,153,False,0.5229,0.5175,,True,0,0,0,153,False,0.5228758169934641,0.5175275382512224,,-2.4183006535949403e-05
T2d_H_scale_free_biodiversity_food_security_2026-09-19_04-43-08,T2d_H_scale_free_biodiversity_food_security,T2d_H,H,scale_free,biodiversity_food_security,dual,climate_consensus,0,177,149,149,False,1.5034,1.5131,,True,0,0,0,149,False,1.5033557046979866,1.5131490644503416,,-4.4295302013441784e-05
T2d_H_scale_free_biodiversity_food_security_2026-09-19_04-43-08,T2d_H_scale_free_biodiversity_food_security,T2d_H,H,scale_free,biodiversity_food_security,dual,polar_bears,0,176,153,153,False,1.0784,1.075,,False,0,0,135,,,,,,
T2d_H_scale_free_climate_action_advocate_2026-09-19_03-57-44,T2d_H_scale_free_climate_action_advocate,T2d_H,H,scale_free,climate_action_advocate,dual,scopex_2017,59,177,147,147,False,0.2517,0.2591,,True,59,59,0,88,False,0.375,0.3625405844155844,,0.12330000000000002
T2d_H_scale_free_climate_action_advocate_2026-09-19_03-57-44,T2d_H_scale_free_climate_action_advocate,T2d_H,H,scale_free,climate_action_advocate,dual,chemtrails_gates_2018_2021,59,176,154,154,False,1.8636,1.8662,,True,0,0,0,154,False,1.8636363636363635,1.8662186884323106,,3.636363636361217e-05
T2d_H_scale_free_climate_action_advocate_2026-09-19_03-57-44,T2d_H_scale_free_climate_action_advocate,T2d_H,H,scale_free,climate_action_advocate,dual,sai_geoengineering,59,177,138,138,False,0.7754,0.7726,,True,0,0,0,138,False,0.7753623188405797,0.7726307189542484,,-3.76811594202664e-05
T2d_H_scale_free_climate_action_advocate_2026-09-19_03-57-44,T2d_H_scale_free_climate_action_advocate,T2d_H,H,scale_free,climate_action_advocate,dual,paris_agreement,59,180,163,163,False,0.0736,0.0734,,True,0,0,0,163,False,0.0736196319018405,0.07338591042824452,,1.9631901840497235e-05
T2d_H_scale_free_climate_action_advocate_2026-09-19_03-57-44,T2d_H_scale_free_climate_action_advocate,T2d_H,H,scale_free,climate_action_advocate,dual,climate_consensus,59,156,129,129,False,1.4264,1.4223,,True,0,0,0,129,False,1.426356589147287,1.4222671119729944,,-4.341085271297729e-05
T2d_H_scale_free_climate_action_advocate_2026-09-19_03-57-44,T2d_H_scale_free_climate_action_advocate,T2d_H,H,scale_free,climate_action_advocate,dual,polar_bears,59,180,160,160,False,1.4313,1.4284,,True,0,0,0,160,False,1.43125,1.4283582597798845,,-5.0000000000105516e-05
T2d_H_scale_free_climate_justice_youth_2026-09-19_03-57-55,T2d_H_scale_free_climate_justice_youth,T2d_H,H,scale_free,climate_justice_youth,dual,scopex_2017,18,179,155,155,False,2.1613,2.1538,,True,18,18,0,137,False,2.2116788321167884,2.1909155489118723,,0.050378832116788175
T2d_H_scale_free_climate_justice_youth_2026-09-19_03-57-55,T2d_H_scale_free_climate_justice_youth,T2d_H,H,scale_free,climate_justice_youth,dual,chemtrails_gates_2018_2021,18,177,149,149,False,1.8591,1.8588,,True,0,0,0,149,False,1.8590604026845639,1.858845029239766,,-3.959731543612399e-05
T2d_H_scale_free_climate_justice_youth_2026-09-19_03-57-55,T2d_H_scale_free_climate_justice_youth,T2d_H,H,scale_free,climate_justice_youth,dual,sai_geoengineering,18,177,148,148,False,0.9122,0.8982,,True,0,0,0,148,False,0.9121621621621622,0.8982046247526123,,-3.783783783783967e-05
T2d_H_scale_free_climate_justice_youth_2026-09-19_03-57-55,T2d_H_scale_free_climate_justice_youth,T2d_H,H,scale_free,climate_justice_youth,dual,paris_agreement,18,173,148,148,False,0.3243,0.3255,,True,1,1,0,147,False,0.32653061224489793,0.3291555258467023,,0.002230612244897956
T2d_H_scale_free_climate_justice_youth_2026-09-19_03-57-55,T2d_H_scale_free_climate_justice_youth,T2d_H,H,scale_free,climate_justice_youth,dual,climate_consensus,18,175,148,148,False,1.777,1.7838,,True,0,0,0,148,False,1.777027027027027,1.7838301493192796,,2.7027027027060058e-05
T2d_H_scale_free_climate_justice_youth_2026-09-19_03-57-55,T2d_H_scale_free_climate_justice_youth,T2d_H,H,scale_free,climate_justice_youth,dual,polar_bears,18,173,151,151,False,1.2848,1.2773,,True,0,0,0,151,False,1.2847682119205297,1.2773339932845755,,-3.178807947024076e-05
T2d_H_scale_free_climate_scientist_2026-09-19_04-45-00,T2d_H_scale_free_climate_scientist,T2d_H,H,scale_free,climate_scientist,dual,scopex_2017,0,1,0,0,True,,,,True,0,0,0,0,True,,,,
T2d_H_scale_free_climate_scientist_2026-09-19_04-45-00,T2d_H_scale_free_climate_scientist,T2d_H,H,scale_free,climate_scientist,dual,chemtrails_gates_2018_2021,0,1,0,0,True,,,,True,0,0,0,0,True,,,,
T2d_H_scale_free_climate_scientist_2026-09-19_04-45-00,T2d_H_scale_free_climate_scientist,T2d_H,H,scale_free,climate_scientist,dual,sai_geoengineering,0,175,144,144,False,1.1389,1.1481,,True,0,0,0,144,False,1.1388888888888888,1.1480581816059758,,-1.1111111111183902e-05
T2d_H_scale_free_climate_scientist_2026-09-19_04-45-00,T2d_H_scale_free_climate_scientist,T2d_H,H,scale_free,climate_scientist,dual,paris_agreement,0,176,147,147,False,1.1224,1.1224,,True,0,0,0,147,False,1.1224489795918366,1.1224415204678362,,4.897959183658429e-05
T2d_H_scale_free_climate_scientist_2026-09-19_04-45-00,T2d_H_scale_free_climate_scientist,T2d_H,H,scale_free,climate_scientist,dual,climate_consensus,0,159,132,132,False,0.4924,0.5007,,True,0,0,0,132,False,0.49242424242424243,0.5007478632478632,,2.424242424242662e-05
T2d_H_scale_free_climate_scientist_2026-09-19_04-45-00,T2d_H_scale_free_climate_scientist,T2d_H,H,scale_free,climate_scientist,dual,polar_bears,0,176,155,155,False,1.5097,1.5127,,True,0,0,0,155,False,1.5096774193548388,1.5126866490996926,,-2.2580645161252022e-05
T2d_H_scale_free_conspiracy_believer_2026-09-19_03-35-37,T2d_H_scale_free_conspiracy_believer,T2d_H,H,scale_free,conspiracy_believer,dual,scopex_2017,0,175,152,152,False,4.3355,4.334,2.0,True,8,8,0,144,False,4.333333333333333,4.322229516806723,2,-0.00216666666666665
T2d_H_scale_free_conspiracy_believer_2026-09-19_03-35-37,T2d_H_scale_free_conspiracy_believer,T2d_H,H,scale_free,conspiracy_believer,dual,chemtrails_gates_2018_2021,0,175,160,160,False,3.8875,3.8863,1.0,True,21,21,0,139,False,3.9136690647482015,3.917977353421432,1,0.026169064748201354
T2d_H_scale_free_conspiracy_believer_2026-09-19_03-35-37,T2d_H_scale_free_conspiracy_believer,T2d_H,H,scale_free,conspiracy_believer,dual,sai_geoengineering,0,1,0,0,True,,,,True,0,0,0,0,True,,,,
T2d_H_scale_free_conspiracy_believer_2026-09-19_03-35-37,T2d_H_scale_free_conspiracy_believer,T2d_H,H,scale_free,conspiracy_believer,dual,paris_agreement,0,1,0,0,True,,,,True,0,0,0,0,True,,,,
T2d_H_scale_free_conspiracy_believer_2026-09-19_03-35-37,T2d_H_scale_free_conspiracy_believer,T2d_H,H,scale_free,conspiracy_believer,dual,climate_consensus,0,171,155,155,False,4.9677,4.9674,1.0,True,9,9,0,146,False,4.965753424657534,4.964460784313726,1,-0.0019465753424654508
T2d_H_scale_free_conspiracy_believer_2026-09-19_03-35-37,T2d_H_scale_free_conspiracy_believer,T2d_H,H,scale_free,conspiracy_believer,dual,polar_bears,0,171,152,152,False,0.2237,0.226,,True,2,2,0,150,False,0.22666666666666666,0.23143213425721165,,0.0029666666666666452
T2d_H_scale_free_conspiracy_climate_piggyback_2026-09-19_03-57-24,T2d_H_scale_free_conspiracy_climate_piggyback,T2d_H,H,scale_free,conspiracy_climate_piggyback,dual,scopex_2017,53,169,138,138,False,1.6377,1.6361,,True,53,53,0,85,False,1.811764705882353,1.8021464646464647,,0.174064705882353
T2d_H_scale_free_conspiracy_climate_piggyback_2026-09-19_03-57-24,T2d_H_scale_free_conspiracy_climate_piggyback,T2d_H,H,scale_free,conspiracy_climate_piggyback,dual,chemtrails_gates_2018_2021,53,180,154,154,False,4.013,4.0172,8.0,True,1,1,0,153,False,4.0130718954248366,4.0189437388227605,3,7.189542483665434e-05
T2d_H_scale_free_conspiracy_climate_piggyback_2026-09-19_03-57-24,T2d_H_scale_free_conspiracy_climate_piggyback,T2d_H,H,scale_free,conspiracy_climate_piggyback,dual,sai_geoengineering,53,180,154,154,False,1.2338,1.2307,,True,2,2,0,152,False,1.236842105263158,1.2317131398013752,,0.003042105263157957
T2d_H_scale_free_conspiracy_climate_piggyback_2026-09-19_03-57-24,T2d_H_scale_free_conspiracy_climate_piggyback,T2d_H,H,scale_free,conspiracy_climate_piggyback,dual,paris_agreement,53,178,153,153,False,2.1634,2.1583,,True,0,0,0,153,False,2.1633986928104574,2.1582774337805297,,-1.3071895428318214e-06
T2d_H_scale_free_conspiracy_climate_piggyback_2026-09-19_03-57-24,T2d_H_scale_free_conspiracy_climate_piggyback,T2d_H,H,scale_free,conspiracy_climate_piggyback,dual,climate_consensus,53,180,139,139,False,4.1007,4.1075,4.0,True,1,1,0,138,False,4.094202898550725,4.096883753501401,4,-0.006497101449275178
T2d_H_scale_free_conspiracy_climate_piggyback_2026-09-19_03-57-24,T2d_H_scale_free_conspiracy_climate_piggyback,T2d_H,H,scale_free,conspiracy_climate_piggyback,dual,polar_bears,53,166,146,146,False,0.274,0.2746,,True,2,2,0,144,False,0.2777777777777778,0.2775982542139663,,0.003777777777777769
T2d_H_scale_free_conspiracy_depopulation_2026-09-19_03-35-38,T2d_H_scale_free_conspiracy_depopulation,T2d_H,H,scale_free,conspiracy_depopulation,dual,scopex_2017,301,1,0,0,True,,,,True,0,0,0,0,True,,,,
T2d_H_scale_free_conspiracy_depopulation_2026-09-19_03-35-38,T2d_H_scale_free_conspiracy_depopulation,T2d_H,H,scale_free,conspiracy_depopulation,dual,chemtrails_gates_2018_2021,301,173,148,148,False,3.6824,3.6932,7.0,True,0,0,0,148,False,3.6824324324324325,3.6932235613543662,4,3.243243243256089e-05
T2d_H_scale_free_conspiracy_depopulation_2026-09-19_03-35-38,T2d_H_scale_free_conspiracy_depopulation,T2d_H,H,scale_free,conspiracy_depopulation,dual,sai_geoengineering,301,174,155,155,False,1.2,1.217,,True,1,1,0,154,False,1.2077922077922079,1.2279457435147973,,0.007792207792207906
T2d_H_scale_free_conspiracy_depopulation_2026-09-19_03-35-38,T2d_H_scale_free_conspiracy_depopulation,T2d_H,H,scale_free,conspiracy_depopulation,dual,paris_agreement,301,162,134,134,False,4.9552,4.9569,6.0,True,0,0,0,134,False,4.955223880597015,4.956944444444445,1,2.388059701541323e-05
T2d_H_scale_free_conspiracy_depopulation_2026-09-19_03-35-38,T2d_H_scale_free_conspiracy_depopulation,T2d_H,H,scale_free,conspiracy_depopulation,dual,climate_consensus,301,175,153,126,False,4.9603,4.9674,1.0,True,1,1,27,125,False,4.96,4.967366332497911,1,-0.000300000000000189
T2d_H_scale_free_conspiracy_depopulation_2026-09-19_03-35-38,T2d_H_scale_free_conspiracy_depopulation,T2d_H,H,scale_free,conspiracy_depopulation,dual,polar_bears,301,175,150,10,False,0.5,0.625,,True,0,0,140,10,False,0.5,0.625,,0.0
T2d_H_scale_free_conspiracy_haarp_weather_2026-09-19_03-35-37,T2d_H_scale_free_conspiracy_haarp_weather,T2d_H,H,scale_free,conspiracy_haarp_weather,dual,scopex_2017,176,183,166,166,False,4.3373,4.3378,2.0,True,0,0,0,166,False,4.337349397590361,4.337803500846979,2,4.939759036126645e-05
T2d_H_scale_free_conspiracy_haarp_weather_2026-09-19_03-35-37,T2d_H_scale_free_conspiracy_haarp_weather,T2d_H,H,scale_free,conspiracy_haarp_weather,dual,chemtrails_gates_2018_2021,176,181,156,156,False,3.75,3.7531,5.0,True,1,1,0,155,False,3.7419354838709675,3.7461051525873508,3,-0.008064516129032473
T2d_H_scale_free_conspiracy_haarp_weather_2026-09-19_03-35-37,T2d_H_scale_free_conspiracy_haarp_weather,T2d_H,H,scale_free,conspiracy_haarp_weather,dual,sai_geoengineering,176,1,0,0,True,,,,True,0,0,0,0,True,,,,
T2d_H_scale_free_conspiracy_haarp_weather_2026-09-19_03-35-37,T2d_H_scale_free_conspiracy_haarp_weather,T2d_H,H,scale_free,conspiracy_haarp_weather,dual,paris_agreement,176,172,147,147,False,4.4558,4.4524,8.0,True,0,0,0,147,False,4.45578231292517,4.452439692982456,1,-1.7687074829630944e-05
T2d_H_scale_free_conspiracy_haarp_weather_2026-09-19_03-35-37,T2d_H_scale_free_conspiracy_haarp_weather,T2d_H,H,scale_free,conspiracy_haarp_weather,dual,climate_consensus,176,177,136,136,False,4.9706,4.9709,1.0,True,0,0,0,136,False,4.970588235294118,4.970902670278638,1,-1.1764705882377768e-05
T2d_H_scale_free_conspiracy_haarp_weather_2026-09-19_03-35-37,T2d_H_scale_free_conspiracy_haarp_weather,T2d_H,H,scale_free,conspiracy_haarp_weather,dual,polar_bears,176,183,157,62,False,0.5645,0.5209,,True,0,0,95,62,False,0.5645161290322581,0.5209415584415584,,1.612903225811646e-05
T2d_H_scale_free_environmental_concern_2026-09-19_04-25-49,T2d_H_scale_free_environmental_concern,T2d_H,H,scale_free,environmental_concern,dual,scopex_2017,962,179,142,7,False,0.0,0.0,,True,0,0,135,7,False,0.0,0.0,,0.0
T2d_H_scale_free_environmental_concern_2026-09-19_04-25-49,T2d_H_scale_free_environmental_concern,T2d_H,H,scale_free,environmental_concern,dual,chemtrails_gates_2018_2021,962,180,150,2,False,1.0,1.0,,True,57,2,148,0,True,,,,
T2d_H_scale_free_environmental_concern_2026-09-19_04-25-49,T2d_H_scale_free_environmental_concern,T2d_H,H,scale_free,environmental_concern,dual,sai_geoengineering,962,1,0,0,True,,,,True,0,0,0,0,True,,,,
T2d_H_scale_free_environmental_concern_2026-09-19_04-25-49,T2d_H_scale_free_environmental_concern,T2d_H,H,scale_free,environmental_concern,dual,paris_agreement,962,1,0,0,True,,,,True,0,0,0,0,True,,,,
T2d_H_scale_free_environmental_concern_2026-09-19_04-25-49,T2d_H_scale_free_environmental_concern,T2d_H,H,scale_free,environmental_concern,dual,climate_consensus,962,1,0,0,True,,,,True,0,0,0,0,True,,,,
T2d_H_scale_free_environmental_concern_2026-09-19_04-25-49,T2d_H_scale_free_environmental_concern,T2d_H,H,scale_free,environmental_concern,dual,polar_bears,962,181,147,2,False,1.5,1.5,,True,83,2,145,0,True,,,,
T2d_H_scale_free_mitigation_first_policy_2026-09-19_04-31-40,T2d_H_scale_free_mitigation_first_policy,T2d_H,H,scale_free,mitigation_first_policy,dual,scopex_2017,301,162,139,139,False,0.0576,0.0592,,True,73,73,0,66,False,0.09090909090909091,0.07694805194805195,,0.03330909090909091
T2d_H_scale_free_mitigation_first_policy_2026-09-19_04-31-40,T2d_H_scale_free_mitigation_first_policy,T2d_H,H,scale_free,mitigation_first_policy,dual,chemtrails_gates_2018_2021,301,175,149,149,False,0.0134,0.0136,,True,86,86,0,63,False,0.015873015873015872,0.017857142857142856,,0.0024730158730158717
T2d_H_scale_free_mitigation_first_policy_2026-09-19_04-31-40,T2d_H_scale_free_mitigation_first_policy,T2d_H,H,scale_free,mitigation_first_policy,dual,sai_geoengineering,301,154,125,125,False,0.784,0.7685,,True,71,71,0,54,False,0.8333333333333334,0.787797619047619,,0.04933333333333334
T2d_H_scale_free_mitigation_first_policy_2026-09-19_04-31-40,T2d_H_scale_free_mitigation_first_policy,T2d_H,H,scale_free,mitigation_first_policy,dual,paris_agreement,301,160,129,129,False,0.6822,0.68,,True,71,71,0,58,False,0.7068965517241379,0.7003968253968255,,0.024696551724137872
T2d_H_scale_free_mitigation_first_policy_2026-09-19_04-31-40,T2d_H_scale_free_mitigation_first_policy,T2d_H,H,scale_free,mitigation_first_policy,dual,climate_consensus,301,169,143,143,False,0.7832,0.7796,,True,0,0,0,143,False,0.7832167832167832,0.7796391253869969,,1.67832167832227e-05
T2d_H_scale_free_mitigation_first_policy_2026-09-19_04-31-40,T2d_H_scale_free_mitigation_first_policy,T2d_H,H,scale_free,mitigation_first_policy,dual,polar_bears,301,167,142,142,False,0.993,0.996,,True,0,0,0,142,False,0.9929577464788732,0.9959602591036415,,-4.2253521126744964e-05
T2d_H_scale_free_ozone_stratosphere_specialist_2026-09-19_04-26-57,T2d_H_scale_free_ozone_stratosphere_specialist,T2d_H,H,scale_free,ozone_stratosphere_specialist,dual,scopex_2017,1777,182,163,5,False,0.2,0.125,,True,21,0,158,5,False,0.2,0.125,,0.0
T2d_H_scale_free_ozone_stratosphere_specialist_2026-09-19_04-26-57,T2d_H_scale_free_ozone_stratosphere_specialist,T2d_H,H,scale_free,ozone_stratosphere_specialist,dual,chemtrails_gates_2018_2021,1777,183,163,7,False,1.5714,1.6,,True,82,3,156,4,False,1.5,1.5,,-0.07139999999999991
T2d_H_scale_free_ozone_stratosphere_specialist_2026-09-19_04-26-57,T2d_H_scale_free_ozone_stratosphere_specialist,T2d_H,H,scale_free,ozone_stratosphere_specialist,dual,sai_geoengineering,1777,181,152,1,True,0.0,0.0,,True,83,1,151,0,True,,,,
T2d_H_scale_free_ozone_stratosphere_specialist_2026-09-19_04-26-57,T2d_H_scale_free_ozone_stratosphere_specialist,T2d_H,H,scale_free,ozone_stratosphere_specialist,dual,paris_agreement,1777,1,0,0,True,,,,True,0,0,0,0,True,,,,
T2d_H_scale_free_ozone_stratosphere_specialist_2026-09-19_04-26-57,T2d_H_scale_free_ozone_stratosphere_specialist,T2d_H,H,scale_free,ozone_stratosphere_specialist,dual,climate_consensus,1777,179,154,1,True,0.0,0.0,,True,73,1,153,0,True,,,,
T2d_H_scale_free_ozone_stratosphere_specialist_2026-09-19_04-26-57,T2d_H_scale_free_ozone_stratosphere_specialist,T2d_H,H,scale_free,ozone_stratosphere_specialist,dual,polar_bears,1777,179,147,4,False,1.25,1.3333,,True,68,0,143,4,False,1.25,1.3333333333333333,,0.0
T2d_H_scale_free_science_journalist_2026-09-19_04-42-29,T2d_H_scale_free_science_journalist,T2d_H,H,scale_free,science_journalist,dual,scopex_2017,0,165,147,147,False,0.5238,0.5293,,True,0,0,0,147,False,0.5238095238095238,0.5292892156862745,,9.523809523792615e-06
T2d_H_scale_free_science_journalist_2026-09-19_04-42-29,T2d_H_scale_free_science_journalist,T2d_H,H,scale_free,science_journalist,dual,chemtrails_gates_2018_2021,0,1,0,0,True,,,,True,0,0,0,0,True,,,,
T2d_H_scale_free_science_journalist_2026-09-19_04-42-29,T2d_H_scale_free_science_journalist,T2d_H,H,scale_free,science_journalist,dual,sai_geoengineering,0,178,154,154,False,1.0649,1.08,,True,0,0,0,154,False,1.0649350649350648,1.0800499229872296,,3.506493506488795e-05
T2d_H_scale_free_science_journalist_2026-09-19_04-42-29,T2d_H_scale_free_science_journalist,T2d_H,H,scale_free,science_journalist,dual,paris_agreement,0,1,0,0,True,,,,True,0,0,0,0,True,,,,
T2d_H_scale_free_science_journalist_2026-09-19_04-42-29,T2d_H_scale_free_science_journalist,T2d_H,H,scale_free,science_journalist,dual,climate_consensus,0,1,0,0,True,,,,True,0,0,0,0,True,,,,
T2d_H_scale_free_science_journalist_2026-09-19_04-42-29,T2d_H_scale_free_science_journalist,T2d_H,H,scale_free,science_journalist,dual,polar_bears,0,179,152,152,False,0.9079,0.9119,,True,0,0,0,152,False,0.9078947368421053,0.9119152046783626,,-5.263157894730419e-06
T2d_H_small_world_biodiversity_food_security_2026-09-19_04-26-39,T2d_H_small_world_biodiversity_food_security,T2d_H,H,small_world,biodiversity_food_security,dual,scopex_2017,1912,177,144,2,False,0.5,0.5,,True,2,0,142,2,False,0.5,0.5,,0.0
T2d_H_small_world_biodiversity_food_security_2026-09-19_04-26-39,T2d_H_small_world_biodiversity_food_security,T2d_H,H,small_world,biodiversity_food_security,dual,chemtrails_gates_2018_2021,1912,169,143,2,False,0.0,0.0,,True,69,2,141,0,True,,,,
T2d_H_small_world_biodiversity_food_security_2026-09-19_04-26-39,T2d_H_small_world_biodiversity_food_security,T2d_H,H,small_world,biodiversity_food_security,dual,sai_geoengineering,1912,175,153,3,False,1.3333,1.0,,True,92,1,150,2,False,1.0,1.0,,-0.33329999999999993
T2d_H_small_world_biodiversity_food_security_2026-09-19_04-26-39,T2d_H_small_world_biodiversity_food_security,T2d_H,H,small_world,biodiversity_food_security,dual,paris_agreement,1912,178,157,4,False,1.0,1.0,,True,88,1,153,3,False,1.0,1.0,,0.0
T2d_H_small_world_biodiversity_food_security_2026-09-19_04-26-39,T2d_H_small_world_biodiversity_food_security,T2d_H,H,small_world,biodiversity_food_security,dual,climate_consensus,1912,169,144,1,True,0.0,0.0,,True,92,1,143,0,True,,,,
T2d_H_small_world_biodiversity_food_security_2026-09-19_04-26-39,T2d_H_small_world_biodiversity_food_security,T2d_H,H,small_world,biodiversity_food_security,dual,polar_bears,1912,171,147,89,False,1.5393,1.5918,,True,81,43,58,46,False,1.434782608695652,1.479076479076479,,-0.10451739130434778
T2d_H_small_world_climate_action_advocate_2026-09-19_03-58-13,T2d_H_small_world_climate_action_advocate,T2d_H,H,small_world,climate_action_advocate,dual,scopex_2017,0,181,160,160,False,1.075,1.0763,,True,0,0,0,160,False,1.075,1.0763340643274855,,0.0
T2d_H_small_world_climate_action_advocate_2026-09-19_03-58-13,T2d_H_small_world_climate_action_advocate,T2d_H,H,small_world,climate_action_advocate,dual,chemtrails_gates_2018_2021,0,176,154,154,False,1.8117,1.8222,,True,0,0,0,154,False,1.8116883116883118,1.8221605149236728,,-1.1688311688295983e-05
T2d_H_small_world_climate_action_advocate_2026-09-19_03-58-13,T2d_H_small_world_climate_action_advocate,T2d_H,H,small_world,climate_action_advocate,dual,sai_geoengineering,0,181,157,157,False,0.6242,0.6203,,True,0,0,0,157,False,0.6242038216560509,0.6202575009270056,,3.82165605095075e-06
T2d_H_small_world_climate_action_advocate_2026-09-19_03-58-13,T2d_H_small_world_climate_action_advocate,T2d_H,H,small_world,climate_action_advocate,dual,paris_agreement,0,177,150,150,False,0.1533,0.1515,,True,0,0,0,150,False,0.15333333333333332,0.15150459705413266,,3.333333333332966e-05
T2d_H_small_world_climate_action_advocate_2026-09-19_03-58-13,T2d_H_small_world_climate_action_advocate,T2d_H,H,small_world,climate_action_advocate,dual,climate_consensus,0,1,0,0,True,,,,True,0,0,0,0,True,,,,
T2d_H_small_world_climate_action_advocate_2026-09-19_03-58-13,T2d_H_small_world_climate_action_advocate,T2d_H,H,small_world,climate_action_advocate,dual,polar_bears,0,173,135,135,False,0.9926,0.9992,,True,0,0,0,135,False,0.9925925925925926,0.9992263761565232,,-7.407407407455935e-06
T2d_H_small_world_climate_justice_youth_2026-09-19_03-58-03,T2d_H_small_world_climate_justice_youth,T2d_H,H,small_world,climate_justice_youth,dual,scopex_2017,8,180,148,148,False,1.527,1.5394,,True,8,8,0,140,False,1.6071428571428572,1.6160265092879258,,0.0801428571428573
T2d_H_small_world_climate_justice_youth_2026-09-19_03-58-03,T2d_H_small_world_climate_justice_youth,T2d_H,H,small_world,climate_justice_youth,dual,chemtrails_gates_2018_2021,8,181,148,148,False,1.9324,1.9321,,True,0,0,0,148,False,1.9324324324324325,1.9321363304093566,,3.243243243256089e-05
T2d_H_small_world_climate_justice_youth_2026-09-19_03-58-03,T2d_H_small_world_climate_justice_youth,T2d_H,H,small_world,climate_justice_youth,dual,sai_geoengineering,8,180,161,161,False,0.913,0.9127,,True,0,0,0,161,False,0.9130434782608695,0.912703634085213,,4.347826086947837e-05
T2d_H_small_world_climate_justice_youth_2026-09-19_03-58-03,T2d_H_small_world_climate_justice_youth,T2d_H,H,small_world,climate_justice_youth,dual,paris_agreement,8,177,155,155,False,0.1097,0.1053,,True,0,0,0,155,False,0.10967741935483871,0.10529039991282554,,-2.2580645161293655e-05
T2d_H_small_world_climate_justice_youth_2026-09-19_03-58-03,T2d_H_small_world_climate_justice_youth,T2d_H,H,small_world,climate_justice_youth,dual,climate_consensus,8,181,161,161,False,1.2484,1.24,,True,0,0,0,161,False,1.2484472049689441,1.2400004045026929,,4.7204968944170034e-05
T2d_H_small_world_climate_justice_youth_2026-09-19_03-58-03,T2d_H_small_world_climate_justice_youth,T2d_H,H,small_world,climate_justice_youth,dual,polar_bears,8,181,152,152,False,0.9276,0.9357,,True,0,0,0,152,False,0.9276315789473685,0.9356786574278835,,3.157894736849354e-05
T2d_H_small_world_climate_scientist_2026-09-19_04-26-13,T2d_H_small_world_climate_scientist,T2d_H,H,small_world,climate_scientist,dual,scopex_2017,1824,181,158,6,False,0.0,0.0,,True,0,0,152,6,False,0.0,0.0,,0.0
T2d_H_small_world_climate_scientist_2026-09-19_04-26-13,T2d_H_small_world_climate_scientist,T2d_H,H,small_world,climate_scientist,dual,chemtrails_gates_2018_2021,1824,177,151,2,False,0.0,0.0,,True,64,1,149,1,True,0.0,0.0,,0.0
T2d_H_small_world_climate_scientist_2026-09-19_04-26-13,T2d_H_small_world_climate_scientist,T2d_H,H,small_world,climate_scientist,dual,sai_geoengineering,1824,177,156,2,False,0.5,0.5,,True,97,1,154,1,True,1.0,1.0,,0.5
T2d_H_small_world_climate_scientist_2026-09-19_04-26-13,T2d_H_small_world_climate_scientist,T2d_H,H,small_world,climate_scientist,dual,paris_agreement,1824,177,157,5,False,1.0,1.0,,True,91,2,152,3,False,1.3333333333333333,1.3333333333333333,,0.33333333333333326
T2d_H_small_world_climate_scientist_2026-09-19_04-26-13,T2d_H_small_world_climate_scientist,T2d_H,H,small_world,climate_scientist,dual,climate_consensus,1824,167,144,11,False,0.0,0.0,,True,76,8,133,3,False,0.0,0.0,,0.0
T2d_H_small_world_climate_scientist_2026-09-19_04-26-13,T2d_H_small_world_climate_scientist,T2d_H,H,small_world,climate_scientist,dual,polar_bears,1824,181,160,160,False,1.6438,1.6398,,True,94,94,0,66,False,1.6363636363636365,1.65130772005772,,-0.007436363636363463
T2d_H_small_world_conspiracy_believer_2026-09-19_03-35-37,T2d_H_small_world_conspiracy_believer,T2d_H,H,small_world,conspiracy_believer,dual,scopex_2017,611,175,147,147,False,3.9796,3.9768,1.0,True,8,8,0,139,False,4.0,3.9887560152266035,1,0.020399999999999974
T2d_H_small_world_conspiracy_believer_2026-09-19_03-35-37,T2d_H_small_world_conspiracy_believer,T2d_H,H,small_world,conspiracy_believer,dual,chemtrails_gates_2018_2021,611,181,153,16,False,3.8125,4.3429,3.0,True,14,1,137,15,False,3.8,4.3999999999999995,3,-0.012500000000000178
T2d_H_small_world_conspiracy_believer_2026-09-19_03-35-37,T2d_H_small_world_conspiracy_believer,T2d_H,H,small_world,conspiracy_believer,dual,sai_geoengineering,611,181,154,10,False,2.4,2.375,,True,7,0,144,10,False,2.4,2.375,,0.0
T2d_H_small_world_conspiracy_believer_2026-09-19_03-35-37,T2d_H_small_world_conspiracy_believer,T2d_H,H,small_world,conspiracy_believer,dual,paris_agreement,611,173,139,74,False,4.8514,4.803,2.0,True,0,0,65,74,False,4.851351351351352,4.802985404688191,2,-4.86486486481752e-05
T2d_H_small_world_conspiracy_believer_2026-09-19_03-35-37,T2d_H_small_world_conspiracy_believer,T2d_H,H,small_world,conspiracy_believer,dual,climate_consensus,611,176,146,146,False,4.726,4.7213,3.0,True,6,6,0,140,False,4.714285714285714,4.706258599931201,3,-0.011714285714285566
T2d_H_small_world_conspiracy_believer_2026-09-19_03-35-37,T2d_H_small_world_conspiracy_believer,T2d_H,H,small_world,conspiracy_believer,dual,polar_bears,611,181,165,165,False,0.5576,0.5642,,True,2,2,0,163,False,0.5521472392638037,0.5550023155715376,,-0.0054527607361962716
T2d_H_small_world_conspiracy_climate_piggyback_2026-09-19_03-35-38,T2d_H_small_world_conspiracy_climate_piggyback,T2d_H,H,small_world,conspiracy_climate_piggyback,dual,scopex_2017,480,181,152,152,False,2.7237,2.7223,,True,0,0,0,152,False,2.723684210526316,2.7222900601888353,,-1.5789473684080235e-05
T2d_H_small_world_conspiracy_climate_piggyback_2026-09-19_03-35-38,T2d_H_small_world_conspiracy_climate_piggyback,T2d_H,H,small_world,conspiracy_climate_piggyback,dual,chemtrails_gates_2018_2021,480,180,156,156,False,4.8077,4.8064,4.0,True,0,0,0,156,False,4.8076923076923075,4.80639527740921,2,-7.692307692153122e-06
T2d_H_small_world_conspiracy_climate_piggyback_2026-09-19_03-35-38,T2d_H_small_world_conspiracy_climate_piggyback,T2d_H,H,small_world,conspiracy_climate_piggyback,dual,sai_geoengineering,480,180,143,143,False,1.7622,1.7577,,True,3,3,0,140,False,1.75,1.7476000816993464,,-0.012199999999999989
T2d_H_small_world_conspiracy_climate_piggyback_2026-09-19_03-35-38,T2d_H_small_world_conspiracy_climate_piggyback,T2d_H,H,small_world,conspiracy_climate_piggyback,dual,paris_agreement,480,1,0,0,True,,,,True,0,0,0,0,True,,,,
T2d_H_small_world_conspiracy_climate_piggyback_2026-09-19_03-35-38,T2d_H_small_world_conspiracy_climate_piggyback,T2d_H,H,small_world,conspiracy_climate_piggyback,dual,climate_consensus,480,173,152,18,False,4.0556,4.7639,3.0,True,5,1,134,17,False,4.0,4.742424242424242,4,-0.055600000000000094
T2d_H_small_world_conspiracy_climate_piggyback_2026-09-19_03-35-38,T2d_H_small_world_conspiracy_climate_piggyback,T2d_H,H,small_world,conspiracy_climate_piggyback,dual,polar_bears,480,166,140,9,False,0.7778,0.9286,,True,0,0,131,9,False,0.7777777777777778,0.9285714285714286,,-2.2222222222256782e-05
T2d_H_small_world_conspiracy_depopulation_2026-09-19_03-35-37,T2d_H_small_world_conspiracy_depopulation,T2d_H,H,small_world,conspiracy_depopulation,dual,scopex_2017,0,1,0,0,True,,,,True,0,0,0,0,True,,,,
T2d_H_small_world_conspiracy_depopulation_2026-09-19_03-35-37,T2d_H_small_world_conspiracy_depopulation,T2d_H,H,small_world,conspiracy_depopulation,dual,chemtrails_gates_2018_2021,0,177,150,150,False,4.22,4.2252,1.0,True,0,0,0,150,False,4.22,4.225245098039216,1,0.0
T2d_H_small_world_conspiracy_depopulation_2026-09-19_03-35-37,T2d_H_small_world_conspiracy_depopulation,T2d_H,H,small_world,conspiracy_depopulation,dual,sai_geoengineering,0,176,138,138,False,1.0362,1.0314,,True,0,0,0,138,False,1.036231884057971,1.0314431913116124,,3.18840579709434e-05
T2d_H_small_world_conspiracy_depopulation_2026-09-19_03-35-37,T2d_H_small_world_conspiracy_depopulation,T2d_H,H,small_world,conspiracy_depopulation,dual,paris_agreement,0,181,155,155,False,4.4194,4.4107,7.0,True,0,0,0,155,False,4.419354838709677,4.410678210678211,1,-4.516129032339222e-05
T2d_H_small_world_conspiracy_depopulation_2026-09-19_03-35-37,T2d_H_small_world_conspiracy_depopulation,T2d_H,H,small_world,conspiracy_depopulation,dual,climate_consensus,0,1,0,0,True,,,,True,0,0,0,0,True,,,,
T2d_H_small_world_conspiracy_depopulation_2026-09-19_03-35-37,T2d_H_small_world_conspiracy_depopulation,T2d_H,H,small_world,conspiracy_depopulation,dual,polar_bears,0,177,148,148,False,1.2095,1.2079,,True,0,0,0,148,False,1.2094594594594594,1.2078738512949039,,-4.0540540540590086e-05
T2d_H_small_world_conspiracy_haarp_weather_2026-09-19_03-52-51,T2d_H_small_world_conspiracy_haarp_weather,T2d_H,H,small_world,conspiracy_haarp_weather,dual,scopex_2017,43,170,135,135,False,3.9481,3.9504,4.0,True,0,0,0,135,False,3.948148148148148,3.950373559511524,4,4.814814814801949e-05
T2d_H_small_world_conspiracy_haarp_weather_2026-09-19_03-52-51,T2d_H_small_world_conspiracy_haarp_weather,T2d_H,H,small_world,conspiracy_haarp_weather,dual,chemtrails_gates_2018_2021,43,175,148,148,False,3.2568,3.2569,7.0,True,10,10,0,138,False,3.1956521739130435,3.1985102154897045,6,-0.06114782608695668
T2d_H_small_world_conspiracy_haarp_weather_2026-09-19_03-52-51,T2d_H_small_world_conspiracy_haarp_weather,T2d_H,H,small_world,conspiracy_haarp_weather,dual,sai_geoengineering,43,175,146,146,False,1.5274,1.535,,True,34,34,0,112,False,1.6160714285714286,1.6462110805860806,,0.08867142857142851
T2d_H_small_world_conspiracy_haarp_weather_2026-09-19_03-52-51,T2d_H_small_world_conspiracy_haarp_weather,T2d_H,H,small_world,conspiracy_haarp_weather,dual,paris_agreement,43,177,152,152,False,4.0132,4.0097,1.0,True,0,0,0,152,False,4.0131578947368425,4.009748022015824,2,-4.210526315784335e-05
T2d_H_small_world_conspiracy_haarp_weather_2026-09-19_03-52-51,T2d_H_small_world_conspiracy_haarp_weather,T2d_H,H,small_world,conspiracy_haarp_weather,dual,climate_consensus,43,177,146,146,False,4.1712,4.1866,3.0,True,0,0,0,146,False,4.171232876712328,4.186595471521942,3,3.28767123285445e-05
T2d_H_small_world_conspiracy_haarp_weather_2026-09-19_03-52-51,T2d_H_small_world_conspiracy_haarp_weather,T2d_H,H,small_world,conspiracy_haarp_weather,dual,polar_bears,43,175,150,150,False,0.6533,0.6509,,True,0,0,0,150,False,0.6533333333333333,0.6509352425180598,,3.333333333332966e-05
T2d_H_small_world_environmental_concern_2026-09-19_04-19-41,T2d_H_small_world_environmental_concern,T2d_H,H,small_world,environmental_concern,dual,scopex_2017,1214,173,146,1,True,0.0,0.0,,True,0,0,145,1,True,0.0,0.0,,0.0
T2d_H_small_world_environmental_concern_2026-09-19_04-19-41,T2d_H_small_world_environmental_concern,T2d_H,H,small_world,environmental_concern,dual,chemtrails_gates_2018_2021,1214,173,153,5,False,1.8,1.875,,True,0,0,148,5,False,1.8,1.875,,0.0
T2d_H_small_world_environmental_concern_2026-09-19_04-19-41,T2d_H_small_world_environmental_concern,T2d_H,H,small_world,environmental_concern,dual,sai_geoengineering,1214,173,156,1,True,1.0,1.0,,True,19,0,155,1,True,1.0,1.0,,0.0
T2d_H_small_world_environmental_concern_2026-09-19_04-19-41,T2d_H_small_world_environmental_concern,T2d_H,H,small_world,environmental_concern,dual,paris_agreement,1214,1,0,0,True,,,,True,0,0,0,0,True,,,,
T2d_H_small_world_environmental_concern_2026-09-19_04-19-41,T2d_H_small_world_environmental_concern,T2d_H,H,small_world,environmental_concern,dual,climate_consensus,1214,160,140,1,True,0.0,0.0,,True,70,0,139,1,True,0.0,0.0,,0.0
T2d_H_small_world_environmental_concern_2026-09-19_04-19-41,T2d_H_small_world_environmental_concern,T2d_H,H,small_world,environmental_concern,dual,polar_bears,1214,1,0,0,True,,,,True,0,0,0,0,True,,,,
T2d_H_small_world_mitigation_first_policy_2026-09-19_04-00-25,T2d_H_small_world_mitigation_first_policy,T2d_H,H,small_world,mitigation_first_policy,dual,scopex_2017,0,181,151,151,False,0.8146,0.8156,,True,0,0,0,151,False,0.8145695364238411,0.8156173075290722,,-3.0463576158878958e-05
T2d_H_small_world_mitigation_first_policy_2026-09-19_04-00-25,T2d_H_small_world_mitigation_first_policy,T2d_H,H,small_world,mitigation_first_policy,dual,chemtrails_gates_2018_2021,0,181,152,152,False,0.1579,0.1596,,True,0,0,0,152,False,0.15789473684210525,0.15958639636077715,,-5.263157894758175e-06
T2d_H_small_world_mitigation_first_policy_2026-09-19_04-00-25,T2d_H_small_world_mitigation_first_policy,T2d_H,H,small_world,mitigation_first_policy,dual,sai_geoengineering,0,1,0,0,True,,,,True,0,0,0,0,True,,,,
T2d_H_small_world_mitigation_first_policy_2026-09-19_04-00-25,T2d_H_small_world_mitigation_first_policy,T2d_H,H,small_world,mitigation_first_policy,dual,paris_agreement,0,181,161,161,False,1.0373,1.0392,,True,0,0,0,161,False,1.0372670807453417,1.0391893559656717,,-3.29192546584256e-05
T2d_H_small_world_mitigation_first_policy_2026-09-19_04-00-25,T2d_H_small_world_mitigation_first_policy,T2d_H,H,small_world,mitigation_first_policy,dual,climate_consensus,0,181,154,154,False,1.4026,1.3953,,True,0,0,0,154,False,1.4025974025974026,1.3952845013603528,,-2.5974025974484505e-06
T2d_H_small_world_mitigation_first_policy_2026-09-19_04-00-25,T2d_H_small_world_mitigation_first_policy,T2d_H,H,small_world,mitigation_first_policy,dual,polar_bears,0,181,158,158,False,0.7975,0.802,,True,0,0,0,158,False,0.7974683544303798,0.8019764084123352,,-3.1645569620208924e-05
T2d_H_small_world_ozone_stratosphere_specialist_2026-09-19_04-21-34,T2d_H_small_world_ozone_stratosphere_specialist,T2d_H,H,small_world,ozone_stratosphere_specialist,dual,scopex_2017,1968,168,140,3,False,0.0,0.0,,True,0,0,137,3,False,0.0,0.0,,0.0
T2d_H_small_world_ozone_stratosphere_specialist_2026-09-19_04-21-34,T2d_H_small_world_ozone_stratosphere_specialist,T2d_H,H,small_world,ozone_stratosphere_specialist,dual,chemtrails_gates_2018_2021,1968,172,142,5,False,2.6,2.6667,,True,0,0,137,5,False,2.6,2.6666666666666665,,0.0
T2d_H_small_world_ozone_stratosphere_specialist_2026-09-19_04-21-34,T2d_H_small_world_ozone_stratosphere_specialist,T2d_H,H,small_world,ozone_stratosphere_specialist,dual,sai_geoengineering,1968,181,155,2,False,1.5,1.5,,True,46,0,153,2,False,1.5,1.5,,0.0
T2d_H_small_world_ozone_stratosphere_specialist_2026-09-19_04-21-34,T2d_H_small_world_ozone_stratosphere_specialist,T2d_H,H,small_world,ozone_stratosphere_specialist,dual,paris_agreement,1968,181,157,3,False,0.3333,0.3333,,True,80,0,154,3,False,0.3333333333333333,0.3333333333333333,,3.333333333332966e-05
T2d_H_small_world_ozone_stratosphere_specialist_2026-09-19_04-21-34,T2d_H_small_world_ozone_stratosphere_specialist,T2d_H,H,small_world,ozone_stratosphere_specialist,dual,climate_consensus,1968,181,153,4,False,0.0,0.0,,True,89,3,149,1,True,0.0,0.0,,0.0
T2d_H_small_world_ozone_stratosphere_specialist_2026-09-19_04-21-34,T2d_H_small_world_ozone_stratosphere_specialist,T2d_H,H,small_world,ozone_stratosphere_specialist,dual,polar_bears,1968,176,151,1,True,2.0,2.0,,True,92,1,150,0,True,,,,
T2d_H_small_world_science_journalist_2026-09-19_04-31-18,T2d_H_small_world_science_journalist,T2d_H,H,small_world,science_journalist,dual,scopex_2017,373,163,141,141,False,0.0,0.0,,True,78,78,0,63,False,0.0,0.0,,0.0
T2d_H_small_world_science_journalist_2026-09-19_04-31-18,T2d_H_small_world_science_journalist,T2d_H,H,small_world,science_journalist,dual,chemtrails_gates_2018_2021,373,179,152,152,False,0.0197,0.0201,,True,69,69,0,83,False,0.03614457831325301,0.04513888888888889,,0.01644457831325301
T2d_H_small_world_science_journalist_2026-09-19_04-31-18,T2d_H_small_world_science_journalist,T2d_H,H,small_world,science_journalist,dual,sai_geoengineering,373,180,152,152,False,0.8882,0.9147,,True,84,84,0,68,False,0.9264705882352942,0.9773809523809524,,0.03827058823529417
T2d_H_small_world_science_journalist_2026-09-19_04-31-18,T2d_H_small_world_science_journalist,T2d_H,H,small_world,science_journalist,dual,paris_agreement,373,179,149,149,False,0.8456,0.8417,,True,79,79,0,70,False,0.7857142857142857,0.7654761904761904,,-0.05988571428571432
T2d_H_small_world_science_journalist_2026-09-19_04-31-18,T2d_H_small_world_science_journalist,T2d_H,H,small_world,science_journalist,dual,climate_consensus,373,175,151,151,False,0.3245,0.3204,,True,63,63,0,88,False,0.42045454545454547,0.4204059829059829,,0.09595454545454546
T2d_H_small_world_science_journalist_2026-09-19_04-31-18,T2d_H_small_world_science_journalist,T2d_H,H,small_world,science_journalist,dual,polar_bears,373,1,0,0,True,,,,True,0,0,0,0,True,,,,
T2d_He_echo_chamber_mix_00_2026-09-19_04-17-36,T2d_He_echo_chamber_mix_00,T2d_He,He,echo_chamber,mix_00,dual,scopex_2017,1045,145,110,8,False,4.25,4.1667,5.0,True,5,0,102,8,False,4.25,4.166666666666667,5,0.0
T2d_He_echo_chamber_mix_00_2026-09-19_04-17-36,T2d_He_echo_chamber_mix_00,T2d_He,He,echo_chamber,mix_00,dual,chemtrails_gates_2018_2021,1045,150,113,7,False,4.0,4.0,,True,1,0,106,7,False,4.0,4.0,,0.0
T2d_He_echo_chamber_mix_00_2026-09-19_04-17-36,T2d_He_echo_chamber_mix_00,T2d_He,He,echo_chamber,mix_00,dual,sai_geoengineering,1045,1,0,0,True,,,,True,0,0,0,0,True,,,,
T2d_He_echo_chamber_mix_00_2026-09-19_04-17-36,T2d_He_echo_chamber_mix_00,T2d_He,He,echo_chamber,mix_00,dual,paris_agreement,1045,149,113,6,False,4.1667,3.5,5.0,True,0,0,107,6,False,4.166666666666667,3.5,5,-3.333333333266353e-05
T2d_He_echo_chamber_mix_00_2026-09-19_04-17-36,T2d_He_echo_chamber_mix_00,T2d_He,He,echo_chamber,mix_00,dual,climate_consensus,1045,160,127,2,False,5.0,5.0,3.0,True,0,0,125,2,False,5.0,5.0,3,0.0
T2d_He_echo_chamber_mix_00_2026-09-19_04-17-36,T2d_He_echo_chamber_mix_00,T2d_He,He,echo_chamber,mix_00,dual,polar_bears,1045,155,121,3,False,1.3333,1.75,,True,6,0,118,3,False,1.3333333333333333,1.75,,3.333333333332966e-05
T2d_He_echo_chamber_mix_01_2026-09-19_04-20-32,T2d_He_echo_chamber_mix_01,T2d_He,He,echo_chamber,mix_01,dual,scopex_2017,1017,112,83,5,False,3.6,3.5,,True,0,0,78,5,False,3.6,3.5,,0.0
T2d_He_echo_chamber_mix_01_2026-09-19_04-20-32,T2d_He_echo_chamber_mix_01,T2d_He,He,echo_chamber,mix_01,dual,chemtrails_gates_2018_2021,1017,154,116,5,False,2.6,2.5,,True,0,0,111,5,False,2.6,2.5,,0.0
T2d_He_echo_chamber_mix_01_2026-09-19_04-20-32,T2d_He_echo_chamber_mix_01,T2d_He,He,echo_chamber,mix_01,dual,sai_geoengineering,1017,144,107,3,False,1.6667,1.6667,,True,0,0,104,3,False,1.6666666666666667,1.6666666666666667,,-3.333333333332966e-05
T2d_He_echo_chamber_mix_01_2026-09-19_04-20-32,T2d_He_echo_chamber_mix_01,T2d_He,He,echo_chamber,mix_01,dual,paris_agreement,1017,1,0,0,True,,,,True,0,0,0,0,True,,,,
T2d_He_echo_chamber_mix_01_2026-09-19_04-20-32,T2d_He_echo_chamber_mix_01,T2d_He,He,echo_chamber,mix_01,dual,climate_consensus,1017,154,111,4,False,4.0,4.0,7.0,True,1,0,107,4,False,4.0,4.0,7,0.0
T2d_He_echo_chamber_mix_01_2026-09-19_04-20-32,T2d_He_echo_chamber_mix_01,T2d_He,He,echo_chamber,mix_01,dual,polar_bears,1017,150,111,0,True,,,,True,45,0,111,0,True,,,,
T2d_He_echo_chamber_mix_02_2026-09-19_04-13-27,T2d_He_echo_chamber_mix_02,T2d_He,He,echo_chamber,mix_02,dual,scopex_2017,406,152,112,112,False,0.6429,0.7383,,True,0,0,0,112,False,0.6428571428571429,0.7383021390374331,,-4.285714285712228e-05
T2d_He_echo_chamber_mix_02_2026-09-19_04-13-27,T2d_He_echo_chamber_mix_02,T2d_He,He,echo_chamber,mix_02,dual,chemtrails_gates_2018_2021,406,154,119,119,False,1.6723,1.7356,,True,0,0,0,119,False,1.6722689075630253,1.735608552631579,,-3.1092436974633486e-05
T2d_He_echo_chamber_mix_02_2026-09-19_04-13-27,T2d_He_echo_chamber_mix_02,T2d_He,He,echo_chamber,mix_02,dual,sai_geoengineering,406,1,0,0,True,,,,True,0,0,0,0,True,,,,
T2d_He_echo_chamber_mix_02_2026-09-19_04-13-27,T2d_He_echo_chamber_mix_02,T2d_He,He,echo_chamber,mix_02,dual,paris_agreement,406,149,109,109,False,0.4862,0.4387,,True,0,0,0,109,False,0.48623853211009177,0.4386814756880546,,3.853211009174906e-05
T2d_He_echo_chamber_mix_02_2026-09-19_04-13-27,T2d_He_echo_chamber_mix_02,T2d_He,He,echo_chamber,mix_02,dual,climate_consensus,406,160,127,11,False,1.4545,1.5556,,True,0,0,116,11,False,1.4545454545454546,1.5555555555555556,,4.545454545468175e-05
T2d_He_echo_chamber_mix_02_2026-09-19_04-13-27,T2d_He_echo_chamber_mix_02,T2d_He,He,echo_chamber,mix_02,dual,polar_bears,406,155,118,6,False,1.3333,1.5,,True,0,0,112,6,False,1.3333333333333333,1.5,,3.333333333332966e-05
T2d_He_echo_chamber_mix_03_2026-09-19_04-13-27,T2d_He_echo_chamber_mix_03,T2d_He,He,echo_chamber,mix_03,dual,scopex_2017,690,148,115,115,False,3.8435,3.7672,3.0,True,6,6,0,109,False,3.8256880733944953,3.7565677013045433,3,-0.01781192660550479
T2d_He_echo_chamber_mix_03_2026-09-19_04-13-27,T2d_He_echo_chamber_mix_03,T2d_He,He,echo_chamber,mix_03,dual,chemtrails_gates_2018_2021,690,132,104,104,False,2.7885,2.665,8.0,True,3,3,0,101,False,2.7524752475247523,2.6393658424908426,8,-0.03602475247524772
T2d_He_echo_chamber_mix_03_2026-09-19_04-13-27,T2d_He_echo_chamber_mix_03,T2d_He,He,echo_chamber,mix_03,dual,sai_geoengineering,690,159,122,68,False,1.0882,1.0732,,True,1,0,54,68,False,1.088235294117647,1.0731731289006832,,3.529411764691126e-05
T2d_He_echo_chamber_mix_03_2026-09-19_04-13-27,T2d_He_echo_chamber_mix_03,T2d_He,He,echo_chamber,mix_03,dual,paris_agreement,690,161,123,9,False,4.8889,4.8571,3.0,True,0,0,114,9,False,4.888888888888889,4.857142857142857,3,-1.1111111110295724e-05
T2d_He_echo_chamber_mix_03_2026-09-19_04-13-27,T2d_He_echo_chamber_mix_03,T2d_He,He,echo_chamber,mix_03,dual,climate_consensus,690,130,92,6,False,4.6667,4.6,,True,1,0,86,6,False,4.666666666666667,4.6,,-3.333333333266353e-05
T2d_He_echo_chamber_mix_03_2026-09-19_04-13-27,T2d_He_echo_chamber_mix_03,T2d_He,He,echo_chamber,mix_03,dual,polar_bears,690,158,126,3,False,0.3333,0.5,,True,0,0,123,3,False,0.3333333333333333,0.5,,3.333333333332966e-05
T2d_He_echo_chamber_mix_04_2026-09-19_04-30-50,T2d_He_echo_chamber_mix_04,T2d_He,He,echo_chamber,mix_04,dual,scopex_2017,1150,142,103,2,False,0.0,0.0,,True,61,0,101,2,False,0.0,0.0,,0.0
T2d_He_echo_chamber_mix_04_2026-09-19_04-30-50,T2d_He_echo_chamber_mix_04,T2d_He,He,echo_chamber,mix_04,dual,chemtrails_gates_2018_2021,1150,156,119,2,False,0.0,0.0,,True,71,1,117,1,True,0.0,0.0,,0.0
T2d_He_echo_chamber_mix_04_2026-09-19_04-30-50,T2d_He_echo_chamber_mix_04,T2d_He,He,echo_chamber,mix_04,dual,sai_geoengineering,1150,161,128,4,False,0.75,0.75,,True,69,3,124,1,True,0.0,0.0,,-0.75
T2d_He_echo_chamber_mix_04_2026-09-19_04-30-50,T2d_He_echo_chamber_mix_04,T2d_He,He,echo_chamber,mix_04,dual,paris_agreement,1150,155,121,35,False,1.2857,1.0687,,True,75,21,86,14,False,1.1428571428571428,0.8857142857142857,,-0.14284285714285727
T2d_He_echo_chamber_mix_04_2026-09-19_04-30-50,T2d_He_echo_chamber_mix_04,T2d_He,He,echo_chamber,mix_04,dual,climate_consensus,1150,148,114,114,False,0.2105,0.1689,,True,58,58,0,56,False,0.25,0.18181818181818182,,0.03950000000000001
T2d_He_echo_chamber_mix_04_2026-09-19_04-30-50,T2d_He_echo_chamber_mix_04,T2d_He,He,echo_chamber,mix_04,dual,polar_bears,1150,1,0,0,True,,,,True,0,0,0,0,True,,,,
T2d_He_echo_chamber_mix_05_2026-09-19_04-30-13,T2d_He_echo_chamber_mix_05,T2d_He,He,echo_chamber,mix_05,dual,scopex_2017,1725,153,115,6,False,0.0,0.0,,True,67,6,109,0,True,,,,
T2d_He_echo_chamber_mix_05_2026-09-19_04-30-13,T2d_He_echo_chamber_mix_05,T2d_He,He,echo_chamber,mix_05,dual,chemtrails_gates_2018_2021,1725,158,118,2,False,0.0,0.0,,True,69,1,116,1,True,0.0,0.0,,0.0
T2d_He_echo_chamber_mix_05_2026-09-19_04-30-13,T2d_He_echo_chamber_mix_05,T2d_He,He,echo_chamber,mix_05,dual,sai_geoengineering,1725,157,122,3,False,1.3333,1.3333,,True,69,3,119,0,True,,,,
T2d_He_echo_chamber_mix_05_2026-09-19_04-30-13,T2d_He_echo_chamber_mix_05,T2d_He,He,echo_chamber,mix_05,dual,paris_agreement,1725,159,120,1,True,1.0,1.0,,True,63,1,119,0,True,,,,
T2d_He_echo_chamber_mix_05_2026-09-19_04-30-13,T2d_He_echo_chamber_mix_05,T2d_He,He,echo_chamber,mix_05,dual,climate_consensus,1725,147,112,3,False,0.0,0.0,,True,65,1,109,2,False,0.0,0.0,,0.0
T2d_He_echo_chamber_mix_05_2026-09-19_04-30-13,T2d_He_echo_chamber_mix_05,T2d_He,He,echo_chamber,mix_05,dual,polar_bears,1725,158,123,4,False,1.5,1.5,,True,75,3,119,1,True,2.0,2.0,,0.5
T2d_He_hierarchical_mix_00_2026-09-19_04-17-53,T2d_He_hierarchical_mix_00,T2d_He,He,hierarchical,mix_00,dual,scopex_2017,0,11,4,4,False,3.75,3.75,4.0,True,0,0,0,4,False,3.75,3.75,3,0.0
T2d_He_hierarchical_mix_00_2026-09-19_04-17-53,T2d_He_hierarchical_mix_00,T2d_He,He,hierarchical,mix_00,dual,chemtrails_gates_2018_2021,0,6,2,2,False,4.5,4.5,2.0,True,0,0,0,2,False,4.5,4.5,1,0.0
T2d_He_hierarchical_mix_00_2026-09-19_04-17-53,T2d_He_hierarchical_mix_00,T2d_He,He,hierarchical,mix_00,dual,sai_geoengineering,0,6,2,2,False,1.0,1.0,,True,0,0,0,2,False,1.0,1.0,,0.0
T2d_He_hierarchical_mix_00_2026-09-19_04-17-53,T2d_He_hierarchical_mix_00,T2d_He,He,hierarchical,mix_00,dual,paris_agreement,0,1,0,0,True,,,,True,0,0,0,0,True,,,,
T2d_He_hierarchical_mix_00_2026-09-19_04-17-53,T2d_He_hierarchical_mix_00,T2d_He,He,hierarchical,mix_00,dual,climate_consensus,0,6,2,2,False,5.0,5.0,1.0,True,0,0,0,2,False,5.0,5.0,1,0.0
T2d_He_hierarchical_mix_00_2026-09-19_04-17-53,T2d_He_hierarchical_mix_00,T2d_He,He,hierarchical,mix_00,dual,polar_bears,0,19,8,8,False,1.375,1.375,,True,0,0,0,8,False,1.375,1.375,,0.0
T2d_He_hierarchical_mix_01_2026-09-19_04-17-53,T2d_He_hierarchical_mix_01,T2d_He,He,hierarchical,mix_01,dual,scopex_2017,0,1,0,0,True,,,,True,0,0,0,0,True,,,,
T2d_He_hierarchical_mix_01_2026-09-19_04-17-53,T2d_He_hierarchical_mix_01,T2d_He,He,hierarchical,mix_01,dual,chemtrails_gates_2018_2021,0,4,1,1,True,0.0,0.0,,True,0,0,0,1,True,0.0,0.0,,0.0
T2d_He_hierarchical_mix_01_2026-09-19_04-17-53,T2d_He_hierarchical_mix_01,T2d_He,He,hierarchical,mix_01,dual,sai_geoengineering,0,19,8,8,False,2.0,2.0,,True,0,0,0,8,False,2.0,2.0,,0.0
T2d_He_hierarchical_mix_01_2026-09-19_04-17-53,T2d_He_hierarchical_mix_01,T2d_He,He,hierarchical,mix_01,dual,paris_agreement,0,16,6,6,False,3.5,3.5,3.0,True,0,0,0,6,False,3.5,3.5,3,0.0
T2d_He_hierarchical_mix_01_2026-09-19_04-17-53,T2d_He_hierarchical_mix_01,T2d_He,He,hierarchical,mix_01,dual,climate_consensus,0,19,8,8,False,5.0,5.0,1.0,True,0,0,0,8,False,5.0,5.0,1,0.0
T2d_He_hierarchical_mix_01_2026-09-19_04-17-53,T2d_He_hierarchical_mix_01,T2d_He,He,hierarchical,mix_01,dual,polar_bears,0,19,8,8,False,1.25,1.25,,True,0,0,0,8,False,1.25,1.25,,0.0
T2d_He_hierarchical_mix_02_2026-09-19_04-17-53,T2d_He_hierarchical_mix_02,T2d_He,He,hierarchical,mix_02,dual,scopex_2017,0,61,26,26,False,1.2692,1.2519,,True,0,0,0,26,False,1.2692307692307692,1.2518518518518518,,3.076923076905658e-05
T2d_He_hierarchical_mix_02_2026-09-19_04-17-53,T2d_He_hierarchical_mix_02,T2d_He,He,hierarchical,mix_02,dual,chemtrails_gates_2018_2021,0,15,4,4,False,2.0,2.0,,True,0,0,0,4,False,2.0,2.0,,0.0
T2d_He_hierarchical_mix_02_2026-09-19_04-17-53,T2d_He_hierarchical_mix_02,T2d_He,He,hierarchical,mix_02,dual,sai_geoengineering,0,47,22,22,False,1.0455,1.0417,,True,0,0,0,22,False,1.0454545454545454,1.0416666666666667,,-4.545454545468175e-05
T2d_He_hierarchical_mix_02_2026-09-19_04-17-53,T2d_He_hierarchical_mix_02,T2d_He,He,hierarchical,mix_02,dual,paris_agreement,0,65,28,28,False,0.25,0.2583,,True,0,0,0,28,False,0.25,0.25833333333333336,,0.0
T2d_He_hierarchical_mix_02_2026-09-19_04-17-53,T2d_He_hierarchical_mix_02,T2d_He,He,hierarchical,mix_02,dual,climate_consensus,0,1,0,0,True,,,,True,0,0,0,0,True,,,,
T2d_He_hierarchical_mix_02_2026-09-19_04-17-53,T2d_He_hierarchical_mix_02,T2d_He,He,hierarchical,mix_02,dual,polar_bears,0,44,18,18,False,1.5,1.4794,,True,0,0,0,18,False,1.5,1.4793650793650794,,0.0
T2d_He_hierarchical_mix_03_2026-09-19_04-17-53,T2d_He_hierarchical_mix_03,T2d_He,He,hierarchical,mix_03,dual,scopex_2017,0,4,1,1,True,0.0,0.0,,True,0,0,0,1,True,0.0,0.0,,0.0
T2d_He_hierarchical_mix_03_2026-09-19_04-17-53,T2d_He_hierarchical_mix_03,T2d_He,He,hierarchical,mix_03,dual,chemtrails_gates_2018_2021,0,19,8,8,False,4.375,4.375,1.0,True,1,1,0,7,False,4.428571428571429,4.458333333333334,1,0.053571428571428825
T2d_He_hierarchical_mix_03_2026-09-19_04-17-53,T2d_He_hierarchical_mix_03,T2d_He,He,hierarchical,mix_03,dual,sai_geoengineering,0,4,1,1,True,1.0,1.0,,True,0,0,0,1,True,1.0,1.0,,0.0
T2d_He_hierarchical_mix_03_2026-09-19_04-17-53,T2d_He_hierarchical_mix_03,T2d_He,He,hierarchical,mix_03,dual,paris_agreement,0,19,7,7,False,4.4286,4.4167,5.0,True,0,0,0,7,False,4.428571428571429,4.416666666666666,3,-2.8571428571488866e-05
T2d_He_hierarchical_mix_03_2026-09-19_04-17-53,T2d_He_hierarchical_mix_03,T2d_He,He,hierarchical,mix_03,dual,climate_consensus,0,19,7,7,False,5.0,5.0,1.0,True,0,0,0,7,False,5.0,5.0,1,0.0
T2d_He_hierarchical_mix_03_2026-09-19_04-17-53,T2d_He_hierarchical_mix_03,T2d_He,He,hierarchical,mix_03,dual,polar_bears,0,19,8,8,False,0.75,0.75,,True,0,0,0,8,False,0.75,0.75,,0.0
T2d_He_hierarchical_mix_04_2026-09-19_04-18-25,T2d_He_hierarchical_mix_04,T2d_He,He,hierarchical,mix_04,dual,scopex_2017,0,6,2,2,False,3.0,3.0,1.0,True,0,0,0,2,False,3.0,3.0,,0.0
T2d_He_hierarchical_mix_04_2026-09-19_04-18-25,T2d_He_hierarchical_mix_04,T2d_He,He,hierarchical,mix_04,dual,chemtrails_gates_2018_2021,0,4,1,1,True,0.0,0.0,,True,0,0,0,1,True,0.0,0.0,,0.0
T2d_He_hierarchical_mix_04_2026-09-19_04-18-25,T2d_He_hierarchical_mix_04,T2d_He,He,hierarchical,mix_04,dual,sai_geoengineering,0,19,8,8,False,1.375,1.375,,True,0,0,0,8,False,1.375,1.375,,0.0
T2d_He_hierarchical_mix_04_2026-09-19_04-18-25,T2d_He_hierarchical_mix_04,T2d_He,He,hierarchical,mix_04,dual,paris_agreement,0,14,5,5,False,4.8,4.75,1.0,True,0,0,0,5,False,4.8,4.75,1,0.0
T2d_He_hierarchical_mix_04_2026-09-19_04-18-25,T2d_He_hierarchical_mix_04,T2d_He,He,hierarchical,mix_04,dual,climate_consensus,0,1,0,0,True,,,,True,0,0,0,0,True,,,,
T2d_He_hierarchical_mix_04_2026-09-19_04-18-25,T2d_He_hierarchical_mix_04,T2d_He,He,hierarchical,mix_04,dual,polar_bears,0,19,8,8,False,1.375,1.375,,True,0,0,0,8,False,1.375,1.375,,0.0
T2d_He_hierarchical_mix_05_2026-09-19_04-18-58,T2d_He_hierarchical_mix_05,T2d_He,He,hierarchical,mix_05,dual,scopex_2017,0,19,8,8,False,3.375,3.375,,True,0,0,0,8,False,3.375,3.375,,0.0
T2d_He_hierarchical_mix_05_2026-09-19_04-18-58,T2d_He_hierarchical_mix_05,T2d_He,He,hierarchical,mix_05,dual,chemtrails_gates_2018_2021,0,19,8,8,False,2.625,2.625,6.0,True,0,0,0,8,False,2.625,2.625,6,0.0
T2d_He_hierarchical_mix_05_2026-09-19_04-18-58,T2d_He_hierarchical_mix_05,T2d_He,He,hierarchical,mix_05,dual,sai_geoengineering,0,19,7,7,False,0.5714,0.5,,True,0,0,0,7,False,0.5714285714285714,0.5,,2.8571428571377844e-05
T2d_He_hierarchical_mix_05_2026-09-19_04-18-58,T2d_He_hierarchical_mix_05,T2d_He,He,hierarchical,mix_05,dual,paris_agreement,0,16,6,6,False,3.0,3.0,5.0,True,0,0,0,6,False,3.0,3.0,5,0.0
T2d_He_hierarchical_mix_05_2026-09-19_04-18-58,T2d_He_hierarchical_mix_05,T2d_He,He,hierarchical,mix_05,dual,climate_consensus,0,19,8,8,False,4.25,4.25,1.0,True,0,0,0,8,False,4.25,4.25,1,0.0
T2d_He_hierarchical_mix_05_2026-09-19_04-18-58,T2d_He_hierarchical_mix_05,T2d_He,He,hierarchical,mix_05,dual,polar_bears,0,19,8,8,False,0.25,0.25,,True,0,0,0,8,False,0.25,0.25,,0.0
T2d_He_linear_chain_mix_00_2026-09-19_02-49-25,T2d_He_linear_chain_mix_00,T2d_He,He,linear_chain,mix_00,dual,scopex_2017,0,7,6,6,False,3.1667,3.1667,,True,0,0,0,6,False,3.1666666666666665,3.1666666666666665,,-3.333333333355171e-05
T2d_He_linear_chain_mix_00_2026-09-19_02-49-25,T2d_He_linear_chain_mix_00,T2d_He,He,linear_chain,mix_00,dual,chemtrails_gates_2018_2021,0,6,5,5,False,4.4,4.4,,True,0,0,0,5,False,4.4,4.4,,0.0
T2d_He_linear_chain_mix_00_2026-09-19_02-49-25,T2d_He_linear_chain_mix_00,T2d_He,He,linear_chain,mix_00,dual,sai_geoengineering,0,8,8,8,False,0.75,0.75,,True,0,0,0,8,False,0.75,0.75,,0.0
T2d_He_linear_chain_mix_00_2026-09-19_02-49-25,T2d_He_linear_chain_mix_00,T2d_He,He,linear_chain,mix_00,dual,paris_agreement,0,1,0,0,True,,,,True,0,0,0,0,True,,,,
T2d_He_linear_chain_mix_00_2026-09-19_02-49-25,T2d_He_linear_chain_mix_00,T2d_He,He,linear_chain,mix_00,dual,climate_consensus,0,8,8,8,False,5.0,5.0,1.0,True,0,0,0,8,False,5.0,5.0,1,0.0
T2d_He_linear_chain_mix_00_2026-09-19_02-49-25,T2d_He_linear_chain_mix_00,T2d_He,He,linear_chain,mix_00,dual,polar_bears,0,8,8,8,False,1.0,1.0,,True,0,0,0,8,False,1.0,1.0,,0.0
T2d_He_linear_chain_mix_01_2026-09-19_02-49-25,T2d_He_linear_chain_mix_01,T2d_He,He,linear_chain,mix_01,dual,scopex_2017,0,8,8,8,False,4.375,4.375,6.0,True,0,0,0,8,False,4.375,4.375,6,0.0
T2d_He_linear_chain_mix_01_2026-09-19_02-49-25,T2d_He_linear_chain_mix_01,T2d_He,He,linear_chain,mix_01,dual,chemtrails_gates_2018_2021,0,7,6,6,False,2.6667,2.6667,,True,0,0,0,6,False,2.6666666666666665,2.6666666666666665,,-3.333333333355171e-05
T2d_He_linear_chain_mix_01_2026-09-19_02-49-25,T2d_He_linear_chain_mix_01,T2d_He,He,linear_chain,mix_01,dual,sai_geoengineering,0,8,8,8,False,1.0,1.0,,True,0,0,0,8,False,1.0,1.0,,0.0
T2d_He_linear_chain_mix_01_2026-09-19_02-49-25,T2d_He_linear_chain_mix_01,T2d_He,He,linear_chain,mix_01,dual,paris_agreement,0,8,8,8,False,2.625,2.625,8.0,True,0,0,0,8,False,2.625,2.625,8,0.0
T2d_He_linear_chain_mix_01_2026-09-19_02-49-25,T2d_He_linear_chain_mix_01,T2d_He,He,linear_chain,mix_01,dual,climate_consensus,0,8,8,8,False,3.0,3.0,7.0,True,0,0,0,8,False,3.0,3.0,7,0.0
T2d_He_linear_chain_mix_01_2026-09-19_02-49-25,T2d_He_linear_chain_mix_01,T2d_He,He,linear_chain,mix_01,dual,polar_bears,0,8,8,8,False,2.5,2.5,5.0,True,0,0,0,8,False,2.5,2.5,5,0.0
T2d_He_linear_chain_mix_02_2026-09-19_02-49-25,T2d_He_linear_chain_mix_02,T2d_He,He,linear_chain,mix_02,dual,scopex_2017,0,8,8,8,False,2.0,2.0,,True,0,0,0,8,False,2.0,2.0,,0.0
T2d_He_linear_chain_mix_02_2026-09-19_02-49-25,T2d_He_linear_chain_mix_02,T2d_He,He,linear_chain,mix_02,dual,chemtrails_gates_2018_2021,0,6,5,5,False,2.0,2.0,,True,0,0,0,5,False,2.0,2.0,,0.0
T2d_He_linear_chain_mix_02_2026-09-19_02-49-25,T2d_He_linear_chain_mix_02,T2d_He,He,linear_chain,mix_02,dual,sai_geoengineering,0,8,8,8,False,2.125,2.125,,True,0,0,0,8,False,2.125,2.125,,0.0
T2d_He_linear_chain_mix_02_2026-09-19_02-49-25,T2d_He_linear_chain_mix_02,T2d_He,He,linear_chain,mix_02,dual,paris_agreement,0,8,8,8,False,0.625,0.625,,True,0,0,0,8,False,0.625,0.625,,0.0
T2d_He_linear_chain_mix_02_2026-09-19_02-49-25,T2d_He_linear_chain_mix_02,T2d_He,He,linear_chain,mix_02,dual,climate_consensus,0,8,8,8,False,1.125,1.125,,True,0,0,0,8,False,1.125,1.125,,0.0
T2d_He_linear_chain_mix_02_2026-09-19_02-49-25,T2d_He_linear_chain_mix_02,T2d_He,He,linear_chain,mix_02,dual,polar_bears,0,8,8,8,False,1.75,1.75,,True,0,0,0,8,False,1.75,1.75,,0.0
T2d_He_linear_chain_mix_03_2026-09-19_02-49-25,T2d_He_linear_chain_mix_03,T2d_He,He,linear_chain,mix_03,dual,scopex_2017,0,8,8,8,False,1.625,1.625,8.0,True,0,0,0,8,False,1.625,1.625,8,0.0
T2d_He_linear_chain_mix_03_2026-09-19_02-49-25,T2d_He_linear_chain_mix_03,T2d_He,He,linear_chain,mix_03,dual,chemtrails_gates_2018_2021,0,8,8,8,False,2.0,2.0,,True,0,0,0,8,False,2.0,2.0,,0.0
T2d_He_linear_chain_mix_03_2026-09-19_02-49-25,T2d_He_linear_chain_mix_03,T2d_He,He,linear_chain,mix_03,dual,sai_geoengineering,0,1,0,0,True,,,,True,0,0,0,0,True,,,,
T2d_He_linear_chain_mix_03_2026-09-19_02-49-25,T2d_He_linear_chain_mix_03,T2d_He,He,linear_chain,mix_03,dual,paris_agreement,0,8,8,8,False,1.375,1.375,,True,0,0,0,8,False,1.375,1.375,,0.0
T2d_He_linear_chain_mix_03_2026-09-19_02-49-25,T2d_He_linear_chain_mix_03,T2d_He,He,linear_chain,mix_03,dual,climate_consensus,0,8,8,8,False,1.5,1.5,,True,0,0,0,8,False,1.5,1.5,,0.0
T2d_He_linear_chain_mix_03_2026-09-19_02-49-25,T2d_He_linear_chain_mix_03,T2d_He,He,linear_chain,mix_03,dual,polar_bears,0,8,8,8,False,1.375,1.375,,True,0,0,0,8,False,1.375,1.375,,0.0
T2d_He_linear_chain_mix_04_2026-09-19_02-51-04,T2d_He_linear_chain_mix_04,T2d_He,He,linear_chain,mix_04,dual,scopex_2017,0,1,0,0,True,,,,True,0,0,0,0,True,,,,
T2d_He_linear_chain_mix_04_2026-09-19_02-51-04,T2d_He_linear_chain_mix_04,T2d_He,He,linear_chain,mix_04,dual,chemtrails_gates_2018_2021,0,8,8,8,False,2.0,2.0,8.0,True,0,0,0,8,False,2.0,2.0,,0.0
T2d_He_linear_chain_mix_04_2026-09-19_02-51-04,T2d_He_linear_chain_mix_04,T2d_He,He,linear_chain,mix_04,dual,sai_geoengineering,0,8,8,8,False,3.125,3.125,,True,0,0,0,8,False,3.125,3.125,,0.0
T2d_He_linear_chain_mix_04_2026-09-19_02-51-04,T2d_He_linear_chain_mix_04,T2d_He,He,linear_chain,mix_04,dual,paris_agreement,0,6,5,5,False,1.4,1.4,,True,0,0,0,5,False,1.4,1.4,,0.0
T2d_He_linear_chain_mix_04_2026-09-19_02-51-04,T2d_He_linear_chain_mix_04,T2d_He,He,linear_chain,mix_04,dual,climate_consensus,0,8,8,8,False,3.375,3.375,5.0,True,0,0,0,8,False,3.375,3.375,5,0.0
T2d_He_linear_chain_mix_04_2026-09-19_02-51-04,T2d_He_linear_chain_mix_04,T2d_He,He,linear_chain,mix_04,dual,polar_bears,0,8,8,8,False,0.875,0.875,,True,0,0,0,8,False,0.875,0.875,,0.0
T2d_He_linear_chain_mix_05_2026-09-19_02-51-37,T2d_He_linear_chain_mix_05,T2d_He,He,linear_chain,mix_05,dual,scopex_2017,0,8,7,7,False,2.4286,2.4286,,True,0,0,0,7,False,2.4285714285714284,2.4285714285714284,,-2.8571428571488866e-05
T2d_He_linear_chain_mix_05_2026-09-19_02-51-37,T2d_He_linear_chain_mix_05,T2d_He,He,linear_chain,mix_05,dual,chemtrails_gates_2018_2021,0,8,8,8,False,2.625,2.625,8.0,True,0,0,0,8,False,2.625,2.625,,0.0
T2d_He_linear_chain_mix_05_2026-09-19_02-51-37,T2d_He_linear_chain_mix_05,T2d_He,He,linear_chain,mix_05,dual,sai_geoengineering,0,8,8,8,False,1.0,1.0,,True,0,0,0,8,False,1.0,1.0,,0.0
T2d_He_linear_chain_mix_05_2026-09-19_02-51-37,T2d_He_linear_chain_mix_05,T2d_He,He,linear_chain,mix_05,dual,paris_agreement,0,8,8,8,False,1.125,1.125,8.0,True,0,0,0,8,False,1.125,1.125,8,0.0
T2d_He_linear_chain_mix_05_2026-09-19_02-51-37,T2d_He_linear_chain_mix_05,T2d_He,He,linear_chain,mix_05,dual,climate_consensus,0,8,7,7,False,2.0,2.0,,True,0,0,0,7,False,2.0,2.0,,0.0
T2d_He_linear_chain_mix_05_2026-09-19_02-51-37,T2d_He_linear_chain_mix_05,T2d_He,He,linear_chain,mix_05,dual,polar_bears,0,8,8,8,False,0.875,0.875,,True,0,0,0,8,False,0.875,0.875,,0.0
T2d_He_polarized_mix_00_2026-09-19_04-17-42,T2d_He_polarized_mix_00,T2d_He,He,polarized,mix_00,dual,scopex_2017,421,132,119,119,False,3.1849,3.1347,6.0,True,0,0,0,119,False,3.1848739495798317,3.1347236516063917,6,-2.60504201681222e-05
T2d_He_polarized_mix_00_2026-09-19_04-17-42,T2d_He_polarized_mix_00,T2d_He,He,polarized,mix_00,dual,chemtrails_gates_2018_2021,421,71,53,53,False,3.7925,3.8347,4.0,True,0,0,0,53,False,3.792452830188679,3.834722222222222,4,-4.716981132091291e-05
T2d_He_polarized_mix_00_2026-09-19_04-17-42,T2d_He_polarized_mix_00,T2d_He,He,polarized,mix_00,dual,sai_geoengineering,421,1,0,0,True,,,,True,0,0,0,0,True,,,,
T2d_He_polarized_mix_00_2026-09-19_04-17-42,T2d_He_polarized_mix_00,T2d_He,He,polarized,mix_00,dual,paris_agreement,421,102,86,59,False,3.8136,3.8526,4.0,True,0,0,27,59,False,3.8135593220338984,3.852564102564102,4,-4.0677966101743124e-05
T2d_He_polarized_mix_00_2026-09-19_04-17-42,T2d_He_polarized_mix_00,T2d_He,He,polarized,mix_00,dual,climate_consensus,421,104,87,8,False,4.375,4.5,3.0,True,0,0,79,8,False,4.375,4.5,3,0.0
T2d_He_polarized_mix_00_2026-09-19_04-17-42,T2d_He_polarized_mix_00,T2d_He,He,polarized,mix_00,dual,polar_bears,421,145,129,7,False,1.2857,1.2857,,True,0,0,122,7,False,1.2857142857142858,1.2857142857142858,,1.4285714285744433e-05
T2d_He_polarized_mix_01_2026-09-19_04-17-42,T2d_He_polarized_mix_01,T2d_He,He,polarized,mix_01,dual,scopex_2017,556,138,115,115,False,3.7217,3.7302,4.0,True,0,0,0,115,False,3.7217391304347824,3.7301523038365145,4,3.913043478265266e-05
T2d_He_polarized_mix_01_2026-09-19_04-17-42,T2d_He_polarized_mix_01,T2d_He,He,polarized,mix_01,dual,chemtrails_gates_2018_2021,556,144,126,37,False,2.4595,2.7476,6.0,True,0,0,89,37,False,2.4594594594594597,2.7476190476190476,6,-4.0540540540146e-05
T2d_He_polarized_mix_01_2026-09-19_04-17-42,T2d_He_polarized_mix_01,T2d_He,He,polarized,mix_01,dual,sai_geoengineering,556,145,121,6,False,0.3333,0.4,,True,0,0,115,6,False,0.3333333333333333,0.4,,3.333333333332966e-05
T2d_He_polarized_mix_01_2026-09-19_04-17-42,T2d_He_polarized_mix_01,T2d_He,He,polarized,mix_01,dual,paris_agreement,556,3,1,0,True,,,,True,0,0,1,0,True,,,,
T2d_He_polarized_mix_01_2026-09-19_04-17-42,T2d_He_polarized_mix_01,T2d_He,He,polarized,mix_01,dual,climate_consensus,556,142,112,5,False,5.0,5.0,5.0,True,0,0,107,5,False,5.0,5.0,5,0.0
T2d_He_polarized_mix_01_2026-09-19_04-17-42,T2d_He_polarized_mix_01,T2d_He,He,polarized,mix_01,dual,polar_bears,556,1,0,0,True,,,,True,0,0,0,0,True,,,,
T2d_He_polarized_mix_02_2026-09-19_04-30-58,T2d_He_polarized_mix_02,T2d_He,He,polarized,mix_02,dual,scopex_2017,720,3,1,0,True,,,,True,1,0,1,0,True,,,,
T2d_He_polarized_mix_02_2026-09-19_04-30-58,T2d_He_polarized_mix_02,T2d_He,He,polarized,mix_02,dual,chemtrails_gates_2018_2021,720,143,127,2,False,0.0,0.0,,True,73,1,125,1,True,0.0,0.0,,0.0
T2d_He_polarized_mix_02_2026-09-19_04-30-58,T2d_He_polarized_mix_02,T2d_He,He,polarized,mix_02,dual,sai_geoengineering,720,114,98,3,False,0.3333,0.3333,,True,49,2,95,1,True,1.0,1.0,,0.6667000000000001
T2d_He_polarized_mix_02_2026-09-19_04-30-58,T2d_He_polarized_mix_02,T2d_He,He,polarized,mix_02,dual,paris_agreement,720,1,0,0,True,,,,True,0,0,0,0,True,,,,
T2d_He_polarized_mix_02_2026-09-19_04-30-58,T2d_He_polarized_mix_02,T2d_He,He,polarized,mix_02,dual,climate_consensus,720,99,79,4,False,0.0,0.0,,True,43,3,75,1,True,0.0,0.0,,0.0
T2d_He_polarized_mix_02_2026-09-19_04-30-58,T2d_He_polarized_mix_02,T2d_He,He,polarized,mix_02,dual,polar_bears,720,1,0,0,True,,,,True,0,0,0,0,True,,,,
T2d_He_polarized_mix_03_2026-09-19_04-17-42,T2d_He_polarized_mix_03,T2d_He,He,polarized,mix_03,dual,scopex_2017,953,138,121,35,False,2.8857,2.4555,6.0,True,0,0,86,35,False,2.8857142857142857,2.4554545454545456,6,1.4285714285744433e-05
T2d_He_polarized_mix_03_2026-09-19_04-17-42,T2d_He_polarized_mix_03,T2d_He,He,polarized,mix_03,dual,chemtrails_gates_2018_2021,953,142,116,9,False,2.5556,2.8571,7.0,True,0,0,107,9,False,2.5555555555555554,2.857142857142857,7,-4.444444444473561e-05
T2d_He_polarized_mix_03_2026-09-19_04-17-42,T2d_He_polarized_mix_03,T2d_He,He,polarized,mix_03,dual,sai_geoengineering,953,138,119,7,False,1.2857,1.25,,True,0,0,112,7,False,1.2857142857142858,1.25,,1.4285714285744433e-05
T2d_He_polarized_mix_03_2026-09-19_04-17-42,T2d_He_polarized_mix_03,T2d_He,He,polarized,mix_03,dual,paris_agreement,953,144,117,0,True,,,,True,0,0,117,0,True,,,,
T2d_He_polarized_mix_03_2026-09-19_04-17-42,T2d_He_polarized_mix_03,T2d_He,He,polarized,mix_03,dual,climate_consensus,953,108,93,6,False,5.0,5.0,7.0,True,1,1,87,5,False,5.0,5.0,1,0.0
T2d_He_polarized_mix_03_2026-09-19_04-17-42,T2d_He_polarized_mix_03,T2d_He,He,polarized,mix_03,dual,polar_bears,953,1,0,0,True,,,,True,0,0,0,0,True,,,,
T2d_He_polarized_mix_04_2026-09-19_04-31-09,T2d_He_polarized_mix_04,T2d_He,He,polarized,mix_04,dual,scopex_2017,1022,136,115,1,True,0.0,0.0,,True,56,0,114,1,True,0.0,0.0,,0.0
T2d_He_polarized_mix_04_2026-09-19_04-31-09,T2d_He_polarized_mix_04,T2d_He,He,polarized,mix_04,dual,chemtrails_gates_2018_2021,1022,107,87,2,False,0.0,0.0,,True,57,2,85,0,True,,,,
T2d_He_polarized_mix_04_2026-09-19_04-31-09,T2d_He_polarized_mix_04,T2d_He,He,polarized,mix_04,dual,sai_geoengineering,1022,140,120,4,False,0.75,0.75,,True,71,2,116,2,False,0.5,0.5,,-0.25
T2d_He_polarized_mix_04_2026-09-19_04-31-09,T2d_He_polarized_mix_04,T2d_He,He,polarized,mix_04,dual,paris_agreement,1022,135,120,68,False,1.3824,1.1982,,True,76,41,52,27,False,1.4814814814814814,1.3444444444444443,,0.09908148148148133
T2d_He_polarized_mix_04_2026-09-19_04-31-09,T2d_He_polarized_mix_04,T2d_He,He,polarized,mix_04,dual,climate_consensus,1022,1,0,0,True,,,,True,0,0,0,0,True,,,,
T2d_He_polarized_mix_04_2026-09-19_04-31-09,T2d_He_polarized_mix_04,T2d_He,He,polarized,mix_04,dual,polar_bears,1022,144,122,122,False,1.6148,1.6333,,True,65,65,0,57,False,1.5614035087719298,1.5776289682539684,,-0.05339649122807022
T2d_He_polarized_mix_05_2026-09-19_04-32-03,T2d_He_polarized_mix_05,T2d_He,He,polarized,mix_05,dual,scopex_2017,224,110,96,96,False,0.0938,0.1302,,True,45,45,0,51,False,0.17647058823529413,0.28125,,0.08267058823529413
T2d_He_polarized_mix_05_2026-09-19_04-32-03,T2d_He_polarized_mix_05,T2d_He,He,polarized,mix_05,dual,chemtrails_gates_2018_2021,224,131,109,109,False,0.1009,0.1125,,True,61,61,0,48,False,0.125,0.15,,0.024099999999999996
T2d_He_polarized_mix_05_2026-09-19_04-32-03,T2d_He_polarized_mix_05,T2d_He,He,polarized,mix_05,dual,sai_geoengineering,224,141,120,120,False,0.8833,0.8643,,True,59,59,0,61,False,0.9016393442622951,0.9013347763347763,,0.01833934426229511
T2d_He_polarized_mix_05_2026-09-19_04-32-03,T2d_He_polarized_mix_05,T2d_He,He,polarized,mix_05,dual,paris_agreement,224,109,101,101,False,0.8713,0.8643,,True,46,46,0,55,False,0.9454545454545454,0.9163690476190476,,0.07415454545454547
T2d_He_polarized_mix_05_2026-09-19_04-32-03,T2d_He_polarized_mix_05,T2d_He,He,polarized,mix_05,dual,climate_consensus,224,141,130,130,False,2.4231,2.5723,7.0,True,13,13,0,117,False,2.6837606837606836,2.7662949795302736,7,0.26066068376068374
T2d_He_polarized_mix_05_2026-09-19_04-32-03,T2d_He_polarized_mix_05,T2d_He,He,polarized,mix_05,dual,polar_bears,224,134,117,117,False,0.812,0.8077,,True,1,1,0,116,False,0.8189655172413793,0.8160204991087344,,0.006965517241379282
T2d_He_random_er_mix_00_2026-09-19_02-54-27,T2d_He_random_er_mix_00,T2d_He,He,random_er,mix_00,dual,scopex_2017,0,1,0,0,True,,,,True,0,0,0,0,True,,,,
T2d_He_random_er_mix_00_2026-09-19_02-54-27,T2d_He_random_er_mix_00,T2d_He,He,random_er,mix_00,dual,chemtrails_gates_2018_2021,0,138,120,120,False,4.075,4.058,1.0,True,0,0,0,120,False,4.075,4.058045814479638,1,0.0
T2d_He_random_er_mix_00_2026-09-19_02-54-27,T2d_He_random_er_mix_00,T2d_He,He,random_er,mix_00,dual,sai_geoengineering,0,132,116,116,False,0.9483,0.9409,,True,0,0,0,116,False,0.9482758620689655,0.9408576411333764,,-2.41379310345069e-05
T2d_He_random_er_mix_00_2026-09-19_02-54-27,T2d_He_random_er_mix_00,T2d_He,He,random_er,mix_00,dual,paris_agreement,0,133,104,104,False,4.5673,4.5632,7.0,True,0,0,0,104,False,4.5673076923076925,4.563232600732601,1,7.692307692153122e-06
T2d_He_random_er_mix_00_2026-09-19_02-54-27,T2d_He_random_er_mix_00,T2d_He,He,random_er,mix_00,dual,climate_consensus,0,139,122,122,False,4.4262,4.4211,5.0,True,0,0,0,122,False,4.426229508196721,4.4211309523809526,1,2.9508196721650393e-05
T2d_He_random_er_mix_00_2026-09-19_02-54-27,T2d_He_random_er_mix_00,T2d_He,He,random_er,mix_00,dual,polar_bears,0,127,103,103,False,0.9612,0.9547,,True,0,0,0,103,False,0.9611650485436893,0.9546932234432235,,-3.495145631071672e-05
T2d_He_random_er_mix_01_2026-09-19_02-55-24,T2d_He_random_er_mix_01,T2d_He,He,random_er,mix_01,dual,scopex_2017,0,164,143,143,False,3.3427,3.3208,6.0,True,0,0,0,143,False,3.3426573426573425,3.320754077149201,6,-4.265734265729293e-05
T2d_He_random_er_mix_01_2026-09-19_02-55-24,T2d_He_random_er_mix_01,T2d_He,He,random_er,mix_01,dual,chemtrails_gates_2018_2021,0,168,139,139,False,2.5899,2.5669,6.0,True,0,0,0,139,False,2.5899280575539567,2.5669120090221096,6,2.8057553956628567e-05
T2d_He_random_er_mix_01_2026-09-19_02-55-24,T2d_He_random_er_mix_01,T2d_He,He,random_er,mix_01,dual,sai_geoengineering,0,143,120,120,False,0.7417,0.7395,,True,0,0,0,120,False,0.7416666666666667,0.739463141025641,,-3.333333333332966e-05
T2d_He_random_er_mix_01_2026-09-19_02-55-24,T2d_He_random_er_mix_01,T2d_He,He,random_er,mix_01,dual,paris_agreement,0,172,144,144,False,4.7708,4.7816,1.0,True,0,0,0,144,False,4.770833333333333,4.781629143882434,1,3.333333333266353e-05
T2d_He_random_er_mix_01_2026-09-19_02-55-24,T2d_He_random_er_mix_01,T2d_He,He,random_er,mix_01,dual,climate_consensus,0,153,133,133,False,3.6692,3.7067,5.0,True,0,0,0,133,False,3.669172932330827,3.70673741087344,5,-2.7067669173153064e-05
T2d_He_random_er_mix_01_2026-09-19_02-55-24,T2d_He_random_er_mix_01,T2d_He,He,random_er,mix_01,dual,polar_bears,0,171,140,140,False,0.7571,0.7658,,True,0,0,0,140,False,0.7571428571428571,0.7657702006241093,,4.285714285712228e-05
T2d_He_random_er_mix_02_2026-09-19_02-55-34,T2d_He_random_er_mix_02,T2d_He,He,random_er,mix_02,dual,scopex_2017,0,140,117,117,False,1.0256,1.0226,,True,0,0,0,117,False,1.0256410256410255,1.0225618131868133,,4.1025641025482784e-05
T2d_He_random_er_mix_02_2026-09-19_02-55-34,T2d_He_random_er_mix_02,T2d_He,He,random_er,mix_02,dual,chemtrails_gates_2018_2021,0,145,127,127,False,2.0945,2.0901,,True,0,0,0,127,False,2.094488188976378,2.0901348039215684,,-1.181102362224351e-05
T2d_He_random_er_mix_02_2026-09-19_02-55-34,T2d_He_random_er_mix_02,T2d_He,He,random_er,mix_02,dual,sai_geoengineering,0,77,59,59,False,0.8475,0.853,,True,0,0,0,59,False,0.847457627118644,0.852994227994228,,-4.2372881356000924e-05
T2d_He_random_er_mix_02_2026-09-19_02-55-34,T2d_He_random_er_mix_02,T2d_He,He,random_er,mix_02,dual,paris_agreement,0,137,119,119,False,0.4034,0.4142,,True,0,0,0,119,False,0.40336134453781514,0.4141828931302616,,-3.86554621848445e-05
T2d_He_random_er_mix_02_2026-09-19_02-55-34,T2d_He_random_er_mix_02,T2d_He,He,random_er,mix_02,dual,climate_consensus,0,138,117,117,False,1.5128,1.4808,,True,0,0,0,117,False,1.5128205128205128,1.4808283730158731,,2.0512820512852414e-05
T2d_He_random_er_mix_02_2026-09-19_02-55-34,T2d_He_random_er_mix_02,T2d_He,He,random_er,mix_02,dual,polar_bears,0,3,1,1,True,0.0,0.0,,True,0,0,0,1,True,0.0,0.0,,0.0
T2d_He_random_er_mix_03_2026-09-19_02-55-43,T2d_He_random_er_mix_03,T2d_He,He,random_er,mix_03,dual,scopex_2017,0,172,146,146,False,1.8699,1.9014,,True,0,0,0,146,False,1.86986301369863,1.9014081549685264,,-3.6986301369834607e-05
T2d_He_random_er_mix_03_2026-09-19_02-55-43,T2d_He_random_er_mix_03,T2d_He,He,random_er,mix_03,dual,chemtrails_gates_2018_2021,0,169,138,138,False,0.7319,0.7268,,True,0,0,0,138,False,0.7318840579710145,0.7267687447786132,,-1.59420289854717e-05
T2d_He_random_er_mix_03_2026-09-19_02-55-43,T2d_He_random_er_mix_03,T2d_He,He,random_er,mix_03,dual,sai_geoengineering,0,1,0,0,True,,,,True,0,0,0,0,True,,,,
T2d_He_random_er_mix_03_2026-09-19_02-55-43,T2d_He_random_er_mix_03,T2d_He,He,random_er,mix_03,dual,paris_agreement,0,1,0,0,True,,,,True,0,0,0,0,True,,,,
T2d_He_random_er_mix_03_2026-09-19_02-55-43,T2d_He_random_er_mix_03,T2d_He,He,random_er,mix_03,dual,climate_consensus,0,169,142,142,False,1.5282,1.5902,,True,0,0,0,142,False,1.528169014084507,1.5901537698412698,,-3.098591549299812e-05
T2d_He_random_er_mix_03_2026-09-19_02-55-43,T2d_He_random_er_mix_03,T2d_He,He,random_er,mix_03,dual,polar_bears,0,1,0,0,True,,,,True,0,0,0,0,True,,,,
T2d_He_random_er_mix_04_2026-09-19_03-10-20,T2d_He_random_er_mix_04,T2d_He,He,random_er,mix_04,dual,scopex_2017,0,167,141,141,False,2.1135,2.159,,True,0,0,0,141,False,2.1134751773049647,2.159036915204678,,-2.4822695035453535e-05
T2d_He_random_er_mix_04_2026-09-19_03-10-20,T2d_He_random_er_mix_04,T2d_He,He,random_er,mix_04,dual,chemtrails_gates_2018_2021,0,169,147,147,False,2.5578,2.5691,,True,0,0,0,147,False,2.557823129251701,2.5691311612364243,,2.3129251701003994e-05
T2d_He_random_er_mix_04_2026-09-19_03-10-20,T2d_He_random_er_mix_04,T2d_He,He,random_er,mix_04,dual,sai_geoengineering,0,169,149,149,False,0.6443,0.6369,,True,0,0,0,149,False,0.6442953020134228,0.636890940586761,,-4.69798657720677e-06
T2d_He_random_er_mix_04_2026-09-19_03-10-20,T2d_He_random_er_mix_04,T2d_He,He,random_er,mix_04,dual,paris_agreement,0,158,133,133,False,1.8571,1.9394,,True,0,0,0,133,False,1.8571428571428572,1.9394363075864622,,4.28571428572333e-05
T2d_He_random_er_mix_04_2026-09-19_03-10-20,T2d_He_random_er_mix_04,T2d_He,He,random_er,mix_04,dual,climate_consensus,0,1,0,0,True,,,,True,0,0,0,0,True,,,,
T2d_He_random_er_mix_04_2026-09-19_03-10-20,T2d_He_random_er_mix_04,T2d_He,He,random_er,mix_04,dual,polar_bears,0,167,141,141,False,0.8936,0.896,,True,0,0,0,141,False,0.8936170212765957,0.8959625626566416,,1.7021276595752255e-05
T2d_He_random_er_mix_05_2026-09-19_03-13-24,T2d_He_random_er_mix_05,T2d_He,He,random_er,mix_05,dual,scopex_2017,0,98,83,83,False,1.8916,1.8638,,True,0,0,0,83,False,1.891566265060241,1.8638101481851481,,-3.3734939759000326e-05
T2d_He_random_er_mix_05_2026-09-19_03-13-24,T2d_He_random_er_mix_05,T2d_He,He,random_er,mix_05,dual,chemtrails_gates_2018_2021,0,128,103,103,False,2.3786,2.3555,,True,0,0,0,103,False,2.378640776699029,2.355538273001508,,4.077669902891046e-05
T2d_He_random_er_mix_05_2026-09-19_03-13-24,T2d_He_random_er_mix_05,T2d_He,He,random_er,mix_05,dual,sai_geoengineering,0,1,0,0,True,,,,True,0,0,0,0,True,,,,
T2d_He_random_er_mix_05_2026-09-19_03-13-24,T2d_He_random_er_mix_05,T2d_He,He,random_er,mix_05,dual,paris_agreement,0,151,127,127,False,1.4409,1.4424,,True,0,0,0,127,False,1.4409448818897639,1.4423818779904307,,4.48818897638148e-05
T2d_He_random_er_mix_05_2026-09-19_03-13-24,T2d_He_random_er_mix_05,T2d_He,He,random_er,mix_05,dual,climate_consensus,0,156,140,140,False,3.0643,3.0686,6.0,True,1,1,0,139,False,3.050359712230216,3.059767371861025,6,-0.013940287769783843
T2d_He_random_er_mix_05_2026-09-19_03-13-24,T2d_He_random_er_mix_05,T2d_He,He,random_er,mix_05,dual,polar_bears,0,151,131,131,False,1.4885,1.5007,,True,0,0,0,131,False,1.4885496183206106,1.500678326553907,,4.961832061067817e-05
T2d_He_ring_mix_00_2026-09-19_02-51-38,T2d_He_ring_mix_00,T2d_He,He,ring,mix_00,dual,scopex_2017,0,8,8,8,False,4.5,4.5,2.0,True,0,0,0,8,False,4.5,4.5,2,0.0
T2d_He_ring_mix_00_2026-09-19_02-51-38,T2d_He_ring_mix_00,T2d_He,He,ring,mix_00,dual,chemtrails_gates_2018_2021,0,2,1,1,True,3.0,3.0,,True,0,0,0,1,True,3.0,3.0,,0.0
T2d_He_ring_mix_00_2026-09-19_02-51-38,T2d_He_ring_mix_00,T2d_He,He,ring,mix_00,dual,sai_geoengineering,0,8,8,8,False,1.75,1.75,,True,0,0,0,8,False,1.75,1.75,,0.0
T2d_He_ring_mix_00_2026-09-19_02-51-38,T2d_He_ring_mix_00,T2d_He,He,ring,mix_00,dual,paris_agreement,0,8,8,8,False,4.0,4.0,,True,0,0,0,8,False,4.0,4.0,,0.0
T2d_He_ring_mix_00_2026-09-19_02-51-38,T2d_He_ring_mix_00,T2d_He,He,ring,mix_00,dual,climate_consensus,0,8,8,8,False,4.25,4.25,8.0,True,0,0,0,8,False,4.25,4.25,8,0.0
T2d_He_ring_mix_00_2026-09-19_02-51-38,T2d_He_ring_mix_00,T2d_He,He,ring,mix_00,dual,polar_bears,0,8,8,8,False,1.125,1.125,,True,0,0,0,8,False,1.125,1.125,,0.0
T2d_He_ring_mix_01_2026-09-19_02-51-42,T2d_He_ring_mix_01,T2d_He,He,ring,mix_01,dual,scopex_2017,0,8,8,8,False,3.875,3.875,8.0,True,0,0,0,8,False,3.875,3.875,8,0.0
T2d_He_ring_mix_01_2026-09-19_02-51-42,T2d_He_ring_mix_01,T2d_He,He,ring,mix_01,dual,chemtrails_gates_2018_2021,0,8,8,8,False,3.875,3.875,7.0,True,0,0,0,8,False,3.875,3.875,7,0.0
T2d_He_ring_mix_01_2026-09-19_02-51-42,T2d_He_ring_mix_01,T2d_He,He,ring,mix_01,dual,sai_geoengineering,0,8,8,8,False,1.125,1.125,,True,0,0,0,8,False,1.125,1.125,,0.0
T2d_He_ring_mix_01_2026-09-19_02-51-42,T2d_He_ring_mix_01,T2d_He,He,ring,mix_01,dual,paris_agreement,0,8,8,8,False,3.875,3.875,7.0,True,0,0,0,8,False,3.875,3.875,7,0.0
T2d_He_ring_mix_01_2026-09-19_02-51-42,T2d_He_ring_mix_01,T2d_He,He,ring,mix_01,dual,climate_consensus,0,8,8,8,False,3.125,3.125,,True,0,0,0,8,False,3.125,3.125,,0.0
T2d_He_ring_mix_01_2026-09-19_02-51-42,T2d_He_ring_mix_01,T2d_He,He,ring,mix_01,dual,polar_bears,0,8,8,8,False,0.875,0.875,,True,0,0,0,8,False,0.875,0.875,,0.0
T2d_He_ring_mix_02_2026-09-19_02-52-47,T2d_He_ring_mix_02,T2d_He,He,ring,mix_02,dual,scopex_2017,0,3,2,2,False,0.0,0.0,,True,0,0,0,2,False,0.0,0.0,,0.0
T2d_He_ring_mix_02_2026-09-19_02-52-47,T2d_He_ring_mix_02,T2d_He,He,ring,mix_02,dual,chemtrails_gates_2018_2021,0,8,8,8,False,2.0,2.0,,True,0,0,0,8,False,2.0,2.0,,0.0
T2d_He_ring_mix_02_2026-09-19_02-52-47,T2d_He_ring_mix_02,T2d_He,He,ring,mix_02,dual,sai_geoengineering,0,8,8,8,False,1.875,1.875,,True,0,0,0,8,False,1.875,1.875,,0.0
T2d_He_ring_mix_02_2026-09-19_02-52-47,T2d_He_ring_mix_02,T2d_He,He,ring,mix_02,dual,paris_agreement,0,8,8,8,False,0.625,0.625,,True,0,0,0,8,False,0.625,0.625,,0.0
T2d_He_ring_mix_02_2026-09-19_02-52-47,T2d_He_ring_mix_02,T2d_He,He,ring,mix_02,dual,climate_consensus,0,6,5,5,False,0.4,0.4,,True,0,0,0,5,False,0.4,0.4,,0.0
T2d_He_ring_mix_02_2026-09-19_02-52-47,T2d_He_ring_mix_02,T2d_He,He,ring,mix_02,dual,polar_bears,0,6,5,5,False,2.0,2.0,,True,0,0,0,5,False,2.0,2.0,,0.0
T2d_He_ring_mix_03_2026-09-19_02-53-37,T2d_He_ring_mix_03,T2d_He,He,ring,mix_03,dual,scopex_2017,0,8,8,8,False,2.5,2.5,8.0,True,0,0,0,8,False,2.5,2.5,8,0.0
T2d_He_ring_mix_03_2026-09-19_02-53-37,T2d_He_ring_mix_03,T2d_He,He,ring,mix_03,dual,chemtrails_gates_2018_2021,0,8,8,8,False,2.75,2.75,7.0,True,0,0,0,8,False,2.75,2.75,7,0.0
T2d_He_ring_mix_03_2026-09-19_02-53-37,T2d_He_ring_mix_03,T2d_He,He,ring,mix_03,dual,sai_geoengineering,0,8,8,8,False,0.5,0.5,,True,0,0,0,8,False,0.5,0.5,,0.0
T2d_He_ring_mix_03_2026-09-19_02-53-37,T2d_He_ring_mix_03,T2d_He,He,ring,mix_03,dual,paris_agreement,0,3,2,2,False,0.0,0.0,,True,0,0,0,2,False,0.0,0.0,,0.0
T2d_He_ring_mix_03_2026-09-19_02-53-37,T2d_He_ring_mix_03,T2d_He,He,ring,mix_03,dual,climate_consensus,0,7,6,6,False,1.5,1.5,,True,0,0,0,6,False,1.5,1.5,,0.0
T2d_He_ring_mix_03_2026-09-19_02-53-37,T2d_He_ring_mix_03,T2d_He,He,ring,mix_03,dual,polar_bears,0,8,8,8,False,0.875,0.875,,True,0,0,0,8,False,0.875,0.875,,0.0
T2d_He_ring_mix_04_2026-09-19_02-53-38,T2d_He_ring_mix_04,T2d_He,He,ring,mix_04,dual,scopex_2017,0,7,6,6,False,2.0,2.0,5.0,True,0,0,0,6,False,2.0,2.0,5,0.0
T2d_He_ring_mix_04_2026-09-19_02-53-38,T2d_He_ring_mix_04,T2d_He,He,ring,mix_04,dual,chemtrails_gates_2018_2021,0,8,8,8,False,2.625,2.625,8.0,True,0,0,0,8,False,2.625,2.625,8,0.0
T2d_He_ring_mix_04_2026-09-19_02-53-38,T2d_He_ring_mix_04,T2d_He,He,ring,mix_04,dual,sai_geoengineering,0,8,8,8,False,1.625,1.625,,True,0,0,0,8,False,1.625,1.625,,0.0
T2d_He_ring_mix_04_2026-09-19_02-53-38,T2d_He_ring_mix_04,T2d_He,He,ring,mix_04,dual,paris_agreement,0,8,8,8,False,3.25,3.25,7.0,True,0,0,0,8,False,3.25,3.25,7,0.0
T2d_He_ring_mix_04_2026-09-19_02-53-38,T2d_He_ring_mix_04,T2d_He,He,ring,mix_04,dual,climate_consensus,0,5,4,4,False,3.25,3.25,,True,0,0,0,4,False,3.25,3.25,,0.0
T2d_He_ring_mix_04_2026-09-19_02-53-38,T2d_He_ring_mix_04,T2d_He,He,ring,mix_04,dual,polar_bears,0,8,8,8,False,0.875,0.875,,True,0,0,0,8,False,0.875,0.875,,0.0
T2d_He_ring_mix_05_2026-09-19_02-53-59,T2d_He_ring_mix_05,T2d_He,He,ring,mix_05,dual,scopex_2017,0,1,0,0,True,,,,True,0,0,0,0,True,,,,
T2d_He_ring_mix_05_2026-09-19_02-53-59,T2d_He_ring_mix_05,T2d_He,He,ring,mix_05,dual,chemtrails_gates_2018_2021,0,8,7,7,False,3.1429,3.1429,6.0,True,0,0,0,7,False,3.142857142857143,3.142857142857143,6,-4.28571428572333e-05
T2d_He_ring_mix_05_2026-09-19_02-53-59,T2d_He_ring_mix_05,T2d_He,He,ring,mix_05,dual,sai_geoengineering,0,2,1,1,True,1.0,1.0,,True,0,0,0,1,True,1.0,1.0,,0.0
T2d_He_ring_mix_05_2026-09-19_02-53-59,T2d_He_ring_mix_05,T2d_He,He,ring,mix_05,dual,paris_agreement,0,7,6,6,False,3.6667,3.6667,5.0,True,0,0,0,6,False,3.6666666666666665,3.6666666666666665,5,-3.333333333355171e-05
T2d_He_ring_mix_05_2026-09-19_02-53-59,T2d_He_ring_mix_05,T2d_He,He,ring,mix_05,dual,climate_consensus,0,8,7,7,False,3.0,3.0,7.0,True,0,0,0,7,False,3.0,3.0,7,0.0
T2d_He_ring_mix_05_2026-09-19_02-53-59,T2d_He_ring_mix_05,T2d_He,He,ring,mix_05,dual,polar_bears,0,8,8,8,False,1.0,1.0,,True,0,0,0,8,False,1.0,1.0,,0.0
T2d_He_scale_free_mix_00_2026-09-19_03-51-44,T2d_He_scale_free_mix_00,T2d_He,He,scale_free,mix_00,dual,scopex_2017,54,175,151,151,False,3.2583,3.2558,4.0,True,0,0,0,151,False,3.2582781456953644,3.2557696324143692,4,-2.185430463574889e-05
T2d_He_scale_free_mix_00_2026-09-19_03-51-44,T2d_He_scale_free_mix_00,T2d_He,He,scale_free,mix_00,dual,chemtrails_gates_2018_2021,54,1,0,0,True,,,,True,0,0,0,0,True,,,,
T2d_He_scale_free_mix_00_2026-09-19_03-51-44,T2d_He_scale_free_mix_00,T2d_He,He,scale_free,mix_00,dual,sai_geoengineering,54,1,0,0,True,,,,True,0,0,0,0,True,,,,
T2d_He_scale_free_mix_00_2026-09-19_03-51-44,T2d_He_scale_free_mix_00,T2d_He,He,scale_free,mix_00,dual,paris_agreement,54,161,131,131,False,3.4122,3.3571,7.0,True,0,0,0,131,False,3.4122137404580153,3.357112143102855,5,1.3740458015387702e-05
T2d_He_scale_free_mix_00_2026-09-19_03-51-44,T2d_He_scale_free_mix_00,T2d_He,He,scale_free,mix_00,dual,climate_consensus,54,181,161,161,False,4.4037,4.4035,3.0,True,52,52,0,109,False,4.220183486238532,4.237626252424047,3,-0.18351651376146805
T2d_He_scale_free_mix_00_2026-09-19_03-51-44,T2d_He_scale_free_mix_00,T2d_He,He,scale_free,mix_00,dual,polar_bears,54,178,150,150,False,0.82,0.8273,,True,2,2,0,148,False,0.8108108108108109,0.8190724974200206,,-0.009189189189189095
T2d_He_scale_free_mix_01_2026-09-19_03-58-06,T2d_He_scale_free_mix_01,T2d_He,He,scale_free,mix_01,dual,scopex_2017,12,166,137,137,False,1.5255,1.5228,,True,12,12,0,125,False,1.672,1.6992182857991682,,0.14649999999999985
T2d_He_scale_free_mix_01_2026-09-19_03-58-06,T2d_He_scale_free_mix_01,T2d_He,He,scale_free,mix_01,dual,chemtrails_gates_2018_2021,12,170,143,143,False,3.1119,3.1246,6.0,True,0,0,0,143,False,3.111888111888112,3.1245885854341737,6,-1.1888111887792263e-05
T2d_He_scale_free_mix_01_2026-09-19_03-58-06,T2d_He_scale_free_mix_01,T2d_He,He,scale_free,mix_01,dual,sai_geoengineering,12,1,0,0,True,,,,True,0,0,0,0,True,,,,
T2d_He_scale_free_mix_01_2026-09-19_03-58-06,T2d_He_scale_free_mix_01,T2d_He,He,scale_free,mix_01,dual,paris_agreement,12,171,135,135,False,4.3185,4.3248,2.0,True,0,0,0,135,False,4.318518518518519,4.3247658586039,2,1.8518518518639837e-05
T2d_He_scale_free_mix_01_2026-09-19_03-58-06,T2d_He_scale_free_mix_01,T2d_He,He,scale_free,mix_01,dual,climate_consensus,12,140,117,117,False,3.9231,3.9146,8.0,True,0,0,0,117,False,3.923076923076923,3.9145577461753933,4,-2.3076923076903455e-05
T2d_He_scale_free_mix_01_2026-09-19_03-58-06,T2d_He_scale_free_mix_01,T2d_He,He,scale_free,mix_01,dual,polar_bears,12,172,144,144,False,1.8542,1.8439,,True,0,0,0,144,False,1.8541666666666667,1.8438839073078623,,-3.333333333332966e-05
T2d_He_scale_free_mix_02_2026-09-19_03-35-38,T2d_He_scale_free_mix_02,T2d_He,He,scale_free,mix_02,dual,scopex_2017,342,170,146,146,False,1.8904,1.8905,,True,0,0,0,146,False,1.8904109589041096,1.8905047545333924,,1.0958904109514833e-05
T2d_He_scale_free_mix_02_2026-09-19_03-35-38,T2d_He_scale_free_mix_02,T2d_He,He,scale_free,mix_02,dual,chemtrails_gates_2018_2021,342,174,157,157,False,1.8471,1.8464,,True,0,0,0,157,False,1.8471337579617835,1.8463578453710032,,3.3757961783509316e-05
T2d_He_scale_free_mix_02_2026-09-19_03-35-38,T2d_He_scale_free_mix_02,T2d_He,He,scale_free,mix_02,dual,sai_geoengineering,342,175,142,142,False,1.0775,1.0854,,True,0,0,0,142,False,1.0774647887323943,1.0854414682539684,,-3.521126760563931e-05
T2d_He_scale_free_mix_02_2026-09-19_03-35-38,T2d_He_scale_free_mix_02,T2d_He,He,scale_free,mix_02,dual,paris_agreement,342,180,153,106,False,0.3679,0.3019,,True,0,0,47,106,False,0.36792452830188677,0.3019010955831608,,2.4528301886761472e-05
T2d_He_scale_free_mix_02_2026-09-19_03-35-38,T2d_He_scale_free_mix_02,T2d_He,He,scale_free,mix_02,dual,climate_consensus,342,180,152,11,False,1.0909,1.1875,,True,0,0,141,11,False,1.0909090909090908,1.1875,,9.090909090847532e-06
T2d_He_scale_free_mix_02_2026-09-19_03-35-38,T2d_He_scale_free_mix_02,T2d_He,He,scale_free,mix_02,dual,polar_bears,342,1,0,0,True,,,,True,0,0,0,0,True,,,,
T2d_He_scale_free_mix_03_2026-09-19_03-58-06,T2d_He_scale_free_mix_03,T2d_He,He,scale_free,mix_03,dual,scopex_2017,19,1,0,0,True,,,,True,0,0,0,0,True,,,,
T2d_He_scale_free_mix_03_2026-09-19_03-58-06,T2d_He_scale_free_mix_03,T2d_He,He,scale_free,mix_03,dual,chemtrails_gates_2018_2021,19,1,0,0,True,,,,True,0,0,0,0,True,,,,
T2d_He_scale_free_mix_03_2026-09-19_03-58-06,T2d_He_scale_free_mix_03,T2d_He,He,scale_free,mix_03,dual,sai_geoengineering,19,181,153,153,False,1.085,1.0789,,True,19,19,0,134,False,1.0746268656716418,1.0700577270381837,,-0.01037313432835818
T2d_He_scale_free_mix_03_2026-09-19_03-58-06,T2d_He_scale_free_mix_03,T2d_He,He,scale_free,mix_03,dual,paris_agreement,19,176,150,150,False,1.3267,1.3271,,True,0,0,0,150,False,1.3266666666666667,1.3271383915885195,,-3.333333333332966e-05
T2d_He_scale_free_mix_03_2026-09-19_03-58-06,T2d_He_scale_free_mix_03,T2d_He,He,scale_free,mix_03,dual,climate_consensus,19,180,151,151,False,1.0464,1.0482,,True,0,0,0,151,False,1.0463576158940397,1.0481962481962481,,-4.2384105960247e-05
T2d_He_scale_free_mix_03_2026-09-19_03-58-06,T2d_He_scale_free_mix_03,T2d_He,He,scale_free,mix_03,dual,polar_bears,19,174,148,148,False,0.7568,0.7585,,True,0,0,0,148,False,0.7567567567567568,0.7584743107769424,,-4.324324324322948e-05
T2d_He_scale_free_mix_04_2026-09-19_04-09-07,T2d_He_scale_free_mix_04,T2d_He,He,scale_free,mix_04,dual,scopex_2017,1207,179,150,150,False,1.5333,1.5421,,True,0,0,0,150,False,1.5333333333333334,1.5421187773354956,,3.333333333332966e-05
T2d_He_scale_free_mix_04_2026-09-19_04-09-07,T2d_He_scale_free_mix_04,T2d_He,He,scale_free,mix_04,dual,chemtrails_gates_2018_2021,1207,170,149,71,False,2.1831,1.9385,,True,0,0,78,71,False,2.183098591549296,1.938533834586466,,-1.4084507040657002e-06
T2d_He_scale_free_mix_04_2026-09-19_04-09-07,T2d_He_scale_free_mix_04,T2d_He,He,scale_free,mix_04,dual,sai_geoengineering,1207,163,148,8,False,0.75,0.5833,,True,0,0,140,8,False,0.75,0.5833333333333334,,0.0
T2d_He_scale_free_mix_04_2026-09-19_04-09-07,T2d_He_scale_free_mix_04,T2d_He,He,scale_free,mix_04,dual,paris_agreement,1207,167,147,8,False,3.25,2.9,7.0,True,0,0,139,8,False,3.25,2.9,7,0.0
T2d_He_scale_free_mix_04_2026-09-19_04-09-07,T2d_He_scale_free_mix_04,T2d_He,He,scale_free,mix_04,dual,climate_consensus,1207,179,152,2,False,2.5,2.5,7.0,True,0,0,150,2,False,2.5,2.5,7,0.0
T2d_He_scale_free_mix_04_2026-09-19_04-09-07,T2d_He_scale_free_mix_04,T2d_He,He,scale_free,mix_04,dual,polar_bears,1207,167,143,4,False,0.75,0.5,,True,0,0,139,4,False,0.75,0.5,,0.0
T2d_He_scale_free_mix_05_2026-09-19_04-16-26,T2d_He_scale_free_mix_05,T2d_He,He,scale_free,mix_05,dual,scopex_2017,1385,1,0,0,True,,,,True,0,0,0,0,True,,,,
T2d_He_scale_free_mix_05_2026-09-19_04-16-26,T2d_He_scale_free_mix_05,T2d_He,He,scale_free,mix_05,dual,chemtrails_gates_2018_2021,1385,174,136,11,False,2.3636,2.2778,,True,0,0,125,11,False,2.3636363636363638,2.2777777777777777,,3.636363636383422e-05
T2d_He_scale_free_mix_05_2026-09-19_04-16-26,T2d_He_scale_free_mix_05,T2d_He,He,scale_free,mix_05,dual,sai_geoengineering,1385,180,158,6,False,1.0,1.1,,True,0,0,152,6,False,1.0,1.1,,0.0
T2d_He_scale_free_mix_05_2026-09-19_04-16-26,T2d_He_scale_free_mix_05,T2d_He,He,scale_free,mix_05,dual,paris_agreement,1385,169,141,2,False,3.0,3.0,,True,0,0,139,2,False,3.0,3.0,,0.0
T2d_He_scale_free_mix_05_2026-09-19_04-16-26,T2d_He_scale_free_mix_05,T2d_He,He,scale_free,mix_05,dual,climate_consensus,1385,179,155,4,False,2.0,1.6667,7.0,True,0,0,151,4,False,2.0,1.6666666666666667,7,0.0
T2d_He_scale_free_mix_05_2026-09-19_04-16-26,T2d_He_scale_free_mix_05,T2d_He,He,scale_free,mix_05,dual,polar_bears,1385,178,152,3,False,1.3333,1.3333,,True,25,0,149,3,False,1.3333333333333333,1.3333333333333333,,3.333333333332966e-05
T2d_He_small_world_mix_00_2026-09-19_03-13-39,T2d_He_small_world_mix_00,T2d_He,He,small_world,mix_00,dual,scopex_2017,0,176,155,155,False,2.5806,2.5842,8.0,True,0,0,0,155,False,2.5806451612903225,2.5842105263157893,8,4.5161290322504044e-05
T2d_He_small_world_mix_00_2026-09-19_03-13-39,T2d_He_small_world_mix_00,T2d_He,He,small_world,mix_00,dual,chemtrails_gates_2018_2021,0,181,158,158,False,4.2215,4.1857,6.0,True,3,3,0,155,False,4.2064516129032254,4.182714752567694,1,-0.015048387096774363
T2d_He_small_world_mix_00_2026-09-19_03-13-39,T2d_He_small_world_mix_00,T2d_He,He,small_world,mix_00,dual,sai_geoengineering,0,149,128,128,False,1.3203,1.3056,,True,0,0,0,128,False,1.3203125,1.3056372549019608,,1.2499999999970868e-05
T2d_He_small_world_mix_00_2026-09-19_03-13-39,T2d_He_small_world_mix_00,T2d_He,He,small_world,mix_00,dual,paris_agreement,0,181,156,156,False,4.1603,4.1387,3.0,True,0,0,0,156,False,4.160256410256411,4.1387493354598615,3,-4.358974358975587e-05
T2d_He_small_world_mix_00_2026-09-19_03-13-39,T2d_He_small_world_mix_00,T2d_He,He,small_world,mix_00,dual,climate_consensus,0,181,154,154,False,4.5455,4.4773,1.0,True,0,0,0,154,False,4.545454545454546,4.477328431372549,1,-4.545454545379357e-05
T2d_He_small_world_mix_00_2026-09-19_03-13-39,T2d_He_small_world_mix_00,T2d_He,He,small_world,mix_00,dual,polar_bears,0,181,152,152,False,0.8158,0.8229,,True,1,1,0,151,False,0.8079470198675497,0.8106617647058824,,-0.007852980132450282
T2d_He_small_world_mix_01_2026-09-19_03-22-40,T2d_He_small_world_mix_01,T2d_He,He,small_world,mix_01,dual,scopex_2017,0,181,149,149,False,3.2148,3.2143,6.0,True,0,0,0,149,False,3.214765100671141,3.214282628920787,6,-3.48993288588062e-05
T2d_He_small_world_mix_01_2026-09-19_03-22-40,T2d_He_small_world_mix_01,T2d_He,He,small_world,mix_01,dual,chemtrails_gates_2018_2021,0,177,145,145,False,3.0345,3.0149,7.0,True,0,0,0,145,False,3.0344827586206895,3.014909746793454,7,-1.7241379310473093e-05
T2d_He_small_world_mix_01_2026-09-19_03-22-40,T2d_He_small_world_mix_01,T2d_He,He,small_world,mix_01,dual,sai_geoengineering,0,176,155,155,False,0.9871,0.9816,,True,0,0,0,155,False,0.9870967741935484,0.9816387559808613,,-3.225806451623292e-06
T2d_He_small_world_mix_01_2026-09-19_03-22-40,T2d_He_small_world_mix_01,T2d_He,He,small_world,mix_01,dual,paris_agreement,0,181,156,156,False,3.6154,3.5908,2.0,True,0,0,0,156,False,3.6153846153846154,3.5907738095238093,2,-1.5384615384750333e-05
T2d_He_small_world_mix_01_2026-09-19_03-22-40,T2d_He_small_world_mix_01,T2d_He,He,small_world,mix_01,dual,climate_consensus,0,181,143,143,False,3.3007,3.2842,5.0,True,0,0,0,143,False,3.300699300699301,3.2842105263157895,5,-6.993006991251605e-07
T2d_He_small_world_mix_01_2026-09-19_03-22-40,T2d_He_small_world_mix_01,T2d_He,He,small_world,mix_01,dual,polar_bears,0,168,149,149,False,1.1544,1.154,,True,0,0,0,149,False,1.1543624161073827,1.1540361319966583,,-3.758389261743211e-05
T2d_He_small_world_mix_02_2026-09-19_03-32-31,T2d_He_small_world_mix_02,T2d_He,He,small_world,mix_02,dual,scopex_2017,530,178,144,144,False,2.3264,2.3131,,True,0,0,0,144,False,2.326388888888889,2.313139466312841,,-1.1111111111183902e-05
T2d_He_small_world_mix_02_2026-09-19_03-32-31,T2d_He_small_world_mix_02,T2d_He,He,small_world,mix_02,dual,chemtrails_gates_2018_2021,530,170,139,139,False,2.0072,2.0078,,True,0,0,0,139,False,2.0071942446043165,2.0078125,,-5.7553956835931785e-06
T2d_He_small_world_mix_02_2026-09-19_03-32-31,T2d_He_small_world_mix_02,T2d_He,He,small_world,mix_02,dual,sai_geoengineering,530,177,154,154,False,0.7792,0.7803,,True,0,0,0,154,False,0.7792207792207793,0.7802877849704475,,2.0779220779254537e-05
T2d_He_small_world_mix_02_2026-09-19_03-32-31,T2d_He_small_world_mix_02,T2d_He,He,small_world,mix_02,dual,paris_agreement,530,179,149,142,False,0.5352,0.5317,,True,0,0,7,142,False,0.5352112676056338,0.5317234848484849,,1.1267605633746847e-05
T2d_He_small_world_mix_02_2026-09-19_03-32-31,T2d_He_small_world_mix_02,T2d_He,He,small_world,mix_02,dual,climate_consensus,530,170,149,8,False,1.125,1.2857,,True,0,0,141,8,False,1.125,1.2857142857142858,,0.0
T2d_He_small_world_mix_02_2026-09-19_03-32-31,T2d_He_small_world_mix_02,T2d_He,He,small_world,mix_02,dual,polar_bears,530,178,153,11,False,1.2727,1.4286,,True,0,0,142,11,False,1.2727272727272727,1.4285714285714286,,2.727272727276464e-05
T2d_He_small_world_mix_03_2026-09-19_03-33-19,T2d_He_small_world_mix_03,T2d_He,He,small_world,mix_03,dual,scopex_2017,0,1,0,0,True,,,,True,0,0,0,0,True,,,,
T2d_He_small_world_mix_03_2026-09-19_03-33-19,T2d_He_small_world_mix_03,T2d_He,He,small_world,mix_03,dual,chemtrails_gates_2018_2021,0,173,146,146,False,1.4726,1.4782,,True,0,0,0,146,False,1.4726027397260273,1.47816617077453,,2.7397260273787083e-06
T2d_He_small_world_mix_03_2026-09-19_03-33-19,T2d_He_small_world_mix_03,T2d_He,He,small_world,mix_03,dual,sai_geoengineering,0,175,153,153,False,1.0654,1.0552,,True,0,0,0,153,False,1.065359477124183,1.0551759300211312,,-4.052287581690628e-05
T2d_He_small_world_mix_03_2026-09-19_03-33-19,T2d_He_small_world_mix_03,T2d_He,He,small_world,mix_03,dual,paris_agreement,0,1,0,0,True,,,,True,0,0,0,0,True,,,,
T2d_He_small_world_mix_03_2026-09-19_03-33-19,T2d_He_small_world_mix_03,T2d_He,He,small_world,mix_03,dual,climate_consensus,0,168,145,145,False,1.7172,1.7104,,True,0,0,0,145,False,1.717241379310345,1.7104422361049683,,4.137931034486897e-05
T2d_He_small_world_mix_03_2026-09-19_03-33-19,T2d_He_small_world_mix_03,T2d_He,He,small_world,mix_03,dual,polar_bears,0,161,140,140,False,0.9857,0.9844,,True,0,0,0,140,False,0.9857142857142858,0.9844275210084034,,1.4285714285744433e-05
T2d_He_small_world_mix_04_2026-09-19_03-42-38,T2d_He_small_world_mix_04,T2d_He,He,small_world,mix_04,dual,scopex_2017,548,180,152,152,False,2.1053,2.0924,,True,0,0,0,152,False,2.1052631578947367,2.092442300883671,,-3.6842105263446e-05
T2d_He_small_world_mix_04_2026-09-19_03-42-38,T2d_He_small_world_mix_04,T2d_He,He,small_world,mix_04,dual,chemtrails_gates_2018_2021,548,1,0,0,True,,,,True,0,0,0,0,True,,,,
T2d_He_small_world_mix_04_2026-09-19_03-42-38,T2d_He_small_world_mix_04,T2d_He,He,small_world,mix_04,dual,sai_geoengineering,548,181,159,138,False,0.8116,0.8076,,True,0,0,21,138,False,0.8115942028985508,0.8075757575757576,,-5.797101449211972e-06
T2d_He_small_world_mix_04_2026-09-19_03-42-38,T2d_He_small_world_mix_04,T2d_He,He,small_world,mix_04,dual,paris_agreement,548,175,143,7,False,2.0,2.1667,8.0,True,0,0,136,7,False,2.0,2.1666666666666665,8,0.0
T2d_He_small_world_mix_04_2026-09-19_03-42-38,T2d_He_small_world_mix_04,T2d_He,He,small_world,mix_04,dual,climate_consensus,548,1,0,0,True,,,,True,0,0,0,0,True,,,,
T2d_He_small_world_mix_04_2026-09-19_03-42-38,T2d_He_small_world_mix_04,T2d_He,He,small_world,mix_04,dual,polar_bears,548,177,152,11,False,1.0,0.8125,,True,0,0,141,11,False,1.0,0.8125,,0.0
T2d_He_small_world_mix_05_2026-09-19_03-50-30,T2d_He_small_world_mix_05,T2d_He,He,small_world,mix_05,dual,scopex_2017,68,179,141,141,False,1.3617,1.3679,,True,0,0,0,141,False,1.3617021276595744,1.367937306501548,,2.127659574524543e-06
T2d_He_small_world_mix_05_2026-09-19_03-50-30,T2d_He_small_world_mix_05,T2d_He,He,small_world,mix_05,dual,chemtrails_gates_2018_2021,68,175,152,152,False,2.0921,2.0936,,True,0,0,0,152,False,2.0921052631578947,2.0936129385964914,,5.2631578948414415e-06
T2d_He_small_world_mix_05_2026-09-19_03-50-30,T2d_He_small_world_mix_05,T2d_He,He,small_world,mix_05,dual,sai_geoengineering,68,175,148,148,False,1.0608,1.0584,,True,16,16,0,132,False,1.0984848484848484,1.093415571356748,,0.03768484848484843
T2d_He_small_world_mix_05_2026-09-19_03-50-30,T2d_He_small_world_mix_05,T2d_He,He,small_world,mix_05,dual,paris_agreement,68,169,141,141,False,1.4397,1.436,,True,52,52,0,89,False,1.4719101123595506,1.4781746031746033,,0.032210112359550624
T2d_He_small_world_mix_05_2026-09-19_03-50-30,T2d_He_small_world_mix_05,T2d_He,He,small_world,mix_05,dual,climate_consensus,68,175,145,145,False,1.9034,1.898,,True,0,0,0,145,False,1.903448275862069,1.898045051353875,,4.82758620690138e-05
T2d_He_small_world_mix_05_2026-09-19_03-50-30,T2d_He_small_world_mix_05,T2d_He,He,small_world,mix_05,dual,polar_bears,68,178,156,156,False,1.0962,1.1191,,True,0,0,0,156,False,1.0961538461538463,1.1190577146190284,,-4.615384615380691e-05
